track_id,frame_id,x,y,w,h,label
_5x391uxuw,1,373,676,275,363,DNoHelmetP1NoHelmet
_5x391uxuw,2,456,672,258,348,DNoHelmetP1NoHelmet
_5x391uxuw,3,538,667,241,333,DNoHelmetP1NoHelmet
_5x391uxuw,4,621,663,224,317,DNoHelmetP1NoHelmet
_5x391uxuw,5,689,660,213,306,DNoHelmetP1NoHelmet
_5x391uxuw,6,757,657,202,295,DNoHelmetP1NoHelmet
_5x391uxuw,7,821,651,190,284,DNoHelmetP1NoHelmet
_5x391uxuw,8,879,649,179,274,DNoHelmetP1NoHelmet
_5x391uxuw,9,937,647,167,263,DNoHelmetP1NoHelmet
_5x391uxuw,10,987,643,160,257,DNoHelmetP1NoHelmet
_5x391uxuw,11,1037,638,153,252,DNoHelmetP1NoHelmet
_5x391uxuw,12,1083,634,147,245,DNoHelmetP1NoHelmet
_5x391uxuw,13,1129,629,140,240,DNoHelmetP1NoHelmet
_5x391uxuw,14,1171,626,133,234,DNoHelmetP1NoHelmet
_5x391uxuw,15,1211,623,127,228,DNoHelmetP1NoHelmet
_5x391uxuw,16,1252,619,120,223,DNoHelmetP1NoHelmet
_5x391uxuw,17,1284,622,120,210,DNoHelmetP1NoHelmet
_5x391uxuw,18,1315,620,117,206,DNoHelmetP1NoHelmet
_5x391uxuw,19,1347,618,114,201,DNoHelmetP1NoHelmet
_5x391uxuw,20,1379,616,110,196,DNoHelmetP1NoHelmet
_5x391uxuw,21,1408,614,107,191,DNoHelmetP1NoHelmet
_5x391uxuw,22,1437,611,104,187,DNoHelmetP1NoHelmet
_5x391uxuw,23,1462,611,101,182,DNoHelmetP1NoHelmet
_5x391uxuw,24,1487,611,97,177,DNoHelmetP1NoHelmet
_5x391uxuw,25,1514,609,94,173,DNoHelmetP1NoHelmet
_5x391uxuw,26,1536,606,90,170,DNoHelmetP1NoHelmet
_5x391uxuw,27,1559,604,86,166,DNoHelmetP1NoHelmet
_5x391uxuw,28,1580,603,84,163,DNoHelmetP1NoHelmet
_5x391uxuw,29,1601,602,83,160,DNoHelmetP1NoHelmet
_5x391uxuw,30,1621,601,82,157,DNoHelmetP1NoHelmet
_5x391uxuw,31,1639,600,80,155,DNoHelmetP1NoHelmet
_5x391uxuw,32,1656,599,79,152,DNoHelmetP1NoHelmet
_5x391uxuw,33,1673,598,78,149,DNoHelmetP1NoHelmet
_5x391uxuw,34,1690,597,77,146,DNoHelmetP1NoHelmet
_5x391uxuw,35,1705,596,75,144,DNoHelmetP1NoHelmet
_5x391uxuw,36,1719,595,75,142,DNoHelmetP1NoHelmet
_5x391uxuw,37,1734,595,73,139,DNoHelmetP1NoHelmet
_5x391uxuw,38,1749,594,71,137,DNoHelmetP1NoHelmet
_5x391uxuw,39,1763,593,71,135,DNoHelmetP1NoHelmet
_5x391uxuw,40,1775,591,69,134,DNoHelmetP1NoHelmet
_5x391uxuw,41,1786,590,69,132,DNoHelmetP1NoHelmet
_5x391uxuw,42,1798,588,67,131,DNoHelmetP1NoHelmet
_5x391uxuw,43,1810,587,66,129,DNoHelmetP1NoHelmet
_5x391uxuw,44,1822,585,64,128,DNoHelmetP1NoHelmet
_5x391uxuw,45,1830,583,68,128,DNoHelmetP1NoHelmet
_5x391uxuw,46,1839,581,71,128,DNoHelmetP1NoHelmet
_5x391uxuw,47,1850,584,68,121,DNoHelmetP1NoHelmet
_1nl3bmb8d,7,4,707,320,373,DHelmetP1Helmet
_1nl3bmb8d,8,51,702,380,378,DHelmetP1Helmet
_1nl3bmb8d,9,182,691,345,389,DHelmetP1Helmet
_1nl3bmb8d,10,301,687,315,388,DHelmetP1Helmet
_1nl3bmb8d,11,403,679,289,372,DHelmetP1Helmet
_1nl3bmb8d,12,505,670,263,357,DHelmetP1Helmet
_1nl3bmb8d,13,588,668,246,340,DHelmetP1Helmet
_1nl3bmb8d,14,672,665,227,325,DHelmetP1Helmet
_1nl3bmb8d,15,750,662,209,309,DHelmetP1Helmet
_1nl3bmb8d,16,814,657,197,299,DHelmetP1Helmet
_1nl3bmb8d,17,879,651,184,290,DHelmetP1Helmet
_1nl3bmb8d,18,938,646,172,279,DHelmetP1Helmet
_1nl3bmb8d,19,989,642,164,270,DHelmetP1Helmet
_1nl3bmb8d,20,1040,638,156,261,DHelmetP1Helmet
_1nl3bmb8d,21,1086,635,149,253,DHelmetP1Helmet
_1nl3bmb8d,22,1132,633,141,244,DHelmetP1Helmet
_1nl3bmb8d,23,1175,631,132,236,DHelmetP1Helmet
_1nl3bmb8d,24,1209,629,127,230,DHelmetP1Helmet
_1nl3bmb8d,25,1243,626,122,224,DHelmetP1Helmet
_1nl3bmb8d,26,1276,624,118,218,DHelmetP1Helmet
_1nl3bmb8d,27,1310,621,113,213,DHelmetP1Helmet
_1nl3bmb8d,28,1344,619,109,207,DHelmetP1Helmet
_1nl3bmb8d,29,1372,618,104,203,DHelmetP1Helmet
_1nl3bmb8d,30,1398,616,102,199,DHelmetP1Helmet
_1nl3bmb8d,31,1423,614,101,194,DHelmetP1Helmet
_1nl3bmb8d,32,1448,613,100,189,DHelmetP1Helmet
_1nl3bmb8d,33,1473,611,98,185,DHelmetP1Helmet
_1nl3bmb8d,34,1498,609,97,180,DHelmetP1Helmet
_1nl3bmb8d,35,1521,607,95,177,DHelmetP1Helmet
_1nl3bmb8d,36,1543,605,95,175,DHelmetP1Helmet
_1nl3bmb8d,37,1566,603,93,172,DHelmetP1Helmet
_1nl3bmb8d,38,1588,601,91,169,DHelmetP1Helmet
_1nl3bmb8d,39,1609,599,90,166,DHelmetP1Helmet
_1nl3bmb8d,40,1631,597,89,163,DHelmetP1Helmet
_1nl3bmb8d,41,1648,596,87,160,DHelmetP1Helmet
_1nl3bmb8d,42,1666,595,85,158,DHelmetP1Helmet
_1nl3bmb8d,43,1683,594,84,155,DHelmetP1Helmet
_1nl3bmb8d,44,1701,593,82,152,DHelmetP1Helmet
_1nl3bmb8d,45,1718,592,80,150,DHelmetP1Helmet
_1nl3bmb8d,46,1736,591,78,147,DHelmetP1Helmet
_1nl3bmb8d,47,1753,590,76,145,DHelmetP1Helmet
_1nl3bmb8d,48,1769,589,75,142,DHelmetP1Helmet
_1nl3bmb8d,49,1786,588,72,140,DHelmetP1Helmet
_1nl3bmb8d,50,1802,587,71,137,DHelmetP1Helmet
_1nl3bmb8d,51,1815,586,69,136,DHelmetP1Helmet
_1nl3bmb8d,52,1828,586,67,134,DHelmetP1Helmet
_1nl3bmb8d,53,1841,585,66,133,DHelmetP1Helmet
_1nl3bmb8d,54,1853,585,65,131,DHelmetP1Helmet
_6l3oradty,42,38,820,375,260,DHelmet
_6l3oradty,43,337,790,411,290,DHelmet
_6l3oradty,44,575,764,356,316,DHelmet
_6l3oradty,45,688,751,397,329,DHelmet
_6l3oradty,46,874,737,353,343,DHelmet
_6l3oradty,47,1031,716,309,364,DHelmet
_6l3oradty,48,1162,703,274,377,DHelmet
_6l3oradty,49,1282,694,237,386,DHelmet
_6l3oradty,50,1379,686,216,394,DHelmet
_6l3oradty,51,1469,681,190,368,DHelmet
_6l3oradty,52,1543,673,176,349,DHelmet
_6l3oradty,53,1617,665,161,331,DHelmet
_6l3oradty,54,1674,659,154,316,DHelmet
_6l3oradty,55,1729,654,145,299,DHelmet
_6l3oradty,56,1781,649,133,283,DHelmet
_6l3oradty,57,1822,640,98,275,DHelmet
_d0cfx0lr6,58,0,777,514,303,DHelmetP1Helmet
_d0cfx0lr6,59,210,749,515,331,DHelmetP1Helmet
_d0cfx0lr6,60,452,725,444,355,DHelmetP1Helmet
_d0cfx0lr6,61,655,717,399,363,DHelmetP1Helmet
_d0cfx0lr6,62,819,709,360,371,DHelmetP1Helmet
_d0cfx0lr6,63,966,693,318,387,DHelmetP1Helmet
_d0cfx0lr6,64,1095,676,282,404,DHelmetP1Helmet
_d0cfx0lr6,65,1199,667,259,413,DHelmetP1Helmet
_d0cfx0lr6,66,1298,665,236,390,DHelmetP1Helmet
_d0cfx0lr6,67,1384,667,219,359,DHelmetP1Helmet
_d0cfx0lr6,68,1467,654,201,347,DHelmetP1Helmet
_d0cfx0lr6,69,1529,649,192,330,DHelmetP1Helmet
_d0cfx0lr6,70,1591,643,183,314,DHelmetP1Helmet
_d0cfx0lr6,71,1652,643,174,292,DHelmetP1Helmet
_d0cfx0lr6,72,1700,636,166,283,DHelmetP1Helmet
_d0cfx0lr6,73,1748,630,159,273,DHelmetP1Helmet
_d0cfx0lr6,74,1796,623,124,264,DHelmetP1Helmet
_d0cfx0lr6,75,1828,621,92,254,DHelmetP1Helmet
_d0cfx0lr6,76,1865,618,55,238,DHelmetP1Helmet
_kjyocd1jk,53,1780,585,64,104,DHelmet
_kjyocd1jk,54,1767,586,63,105,DHelmet
_kjyocd1jk,55,1753,586,63,107,DHelmet
_kjyocd1jk,56,1740,587,63,108,DHelmet
_kjyocd1jk,57,1727,587,62,111,DHelmet
_kjyocd1jk,58,1713,588,62,112,DHelmet
_kjyocd1jk,59,1687,590,82,115,DHelmet
_kjyocd1jk,60,1672,591,78,118,DHelmet
_kjyocd1jk,61,1656,592,76,120,DHelmet
_kjyocd1jk,62,1641,593,73,122,DHelmet
_kjyocd1jk,63,1625,594,70,125,DHelmet
_kjyocd1jk,64,1601,596,82,126,DHelmet
_kjyocd1jk,65,1578,597,82,129,DHelmet
_kjyocd1jk,66,1556,598,80,131,DHelmet
_kjyocd1jk,67,1534,599,79,134,DHelmet
_kjyocd1jk,68,1511,601,79,135,DHelmet
_kjyocd1jk,69,1489,602,77,138,DHelmet
_kjyocd1jk,70,1467,603,76,140,DHelmet
_kjyocd1jk,71,1443,605,84,142,DHelmet
_kjyocd1jk,72,1419,607,93,145,DHelmet
_kjyocd1jk,73,1389,609,83,149,DHelmet
_kjyocd1jk,74,1359,609,94,152,DHelmet
_kjyocd1jk,75,1327,607,104,165,DHelmet
_kjyocd1jk,76,1294,611,109,166,DHelmet
_kjyocd1jk,77,1261,614,114,167,DHelmet
_kjyocd1jk,78,1224,616,118,170,DHelmet
_kjyocd1jk,79,1187,618,123,173,DHelmet
_kjyocd1jk,80,1150,620,127,175,DHelmet
_kjyocd1jk,81,1106,622,132,181,DHelmet
_kjyocd1jk,82,1061,624,139,187,DHelmet
_kjyocd1jk,83,1013,626,144,193,DHelmet
_kjyocd1jk,84,965,628,149,199,DHelmet
_kjyocd1jk,85,909,632,157,204,DHelmet
_kjyocd1jk,86,852,635,165,210,DHelmet
_kjyocd1jk,87,793,641,172,215,DHelmet
_kjyocd1jk,88,726,644,183,223,DHelmet
_kjyocd1jk,89,658,647,195,231,DHelmet
_kjyocd1jk,90,582,651,206,238,DHelmet
_kjyocd1jk,91,495,655,220,248,DHelmet
_kjyocd1jk,92,408,659,234,259,DHelmet
_kjyocd1jk,93,321,663,248,269,DHelmet
_kjyocd1jk,94,220,667,263,280,DHelmet
_kjyocd1jk,95,110,671,283,294,DHelmet
_kjyocd1jk,96,0,678,300,307,DHelmet
_kjyocd1jk,97,0,680,189,293,DHelmet
_ubnca3a2j,1,1630,598,85,102,DNoHelmet
_ubnca3a2j,2,1630,598,85,102,DNoHelmet
_ubnca3a2j,3,1630,598,85,102,DNoHelmet
_ubnca3a2j,4,1630,598,85,102,DNoHelmet
_ubnca3a2j,5,1630,598,85,102,DNoHelmet
_ubnca3a2j,6,1630,598,85,102,DNoHelmet
_ubnca3a2j,7,1630,598,85,102,DNoHelmet
_ubnca3a2j,8,1630,598,85,102,DNoHelmet
_ubnca3a2j,9,1630,598,85,102,DNoHelmet
_ubnca3a2j,10,1630,598,85,102,DNoHelmet
_ubnca3a2j,11,1630,598,85,102,DNoHelmet
_ubnca3a2j,12,1630,598,85,102,DNoHelmet
_ubnca3a2j,13,1630,598,85,102,DNoHelmet
_ubnca3a2j,14,1630,598,85,102,DNoHelmet
_ubnca3a2j,15,1630,598,85,102,DNoHelmet
_ubnca3a2j,16,1630,598,85,102,DNoHelmet
_ubnca3a2j,17,1630,598,85,102,DNoHelmet
_ubnca3a2j,18,1630,598,85,102,DNoHelmet
_ubnca3a2j,19,1630,598,85,102,DNoHelmet
_ubnca3a2j,20,1630,598,85,102,DNoHelmet
_ubnca3a2j,21,1630,598,85,102,DNoHelmet
_ubnca3a2j,22,1630,598,85,102,DNoHelmet
_ubnca3a2j,23,1630,598,85,102,DNoHelmet
_ubnca3a2j,24,1630,598,85,102,DNoHelmet
_ubnca3a2j,25,1630,598,85,102,DNoHelmet
_ubnca3a2j,26,1630,598,85,102,DNoHelmet
_ubnca3a2j,27,1630,598,85,102,DNoHelmet
_ubnca3a2j,28,1630,598,85,102,DNoHelmet
_ubnca3a2j,29,1630,598,85,102,DNoHelmet
_ubnca3a2j,30,1630,598,85,102,DNoHelmet
_ubnca3a2j,31,1630,598,85,102,DNoHelmet
_ubnca3a2j,32,1630,598,85,102,DNoHelmet
_ubnca3a2j,33,1630,598,85,102,DNoHelmet
_ubnca3a2j,34,1630,598,85,102,DNoHelmet
_ubnca3a2j,35,1630,598,85,102,DNoHelmet
_ubnca3a2j,36,1630,598,85,102,DNoHelmet
_ubnca3a2j,37,1630,598,85,102,DNoHelmet
_ubnca3a2j,38,1630,598,85,102,DNoHelmet
_ubnca3a2j,39,1630,598,85,102,DNoHelmet
_ubnca3a2j,40,1630,598,85,102,DNoHelmet
_ubnca3a2j,41,1630,598,85,102,DNoHelmet
_ubnca3a2j,42,1630,598,85,102,DNoHelmet
_ubnca3a2j,43,1630,598,85,102,DNoHelmet
_ubnca3a2j,44,1630,598,85,102,DNoHelmet
_ubnca3a2j,45,1630,598,85,102,DNoHelmet
_ubnca3a2j,46,1630,598,85,102,DNoHelmet
_ubnca3a2j,47,1630,598,85,102,DNoHelmet
_ubnca3a2j,48,1631,598,84,102,DNoHelmet
_ubnca3a2j,49,1631,598,84,102,DNoHelmet
_ubnca3a2j,50,1631,598,84,102,DNoHelmet
_ubnca3a2j,51,1631,598,84,102,DNoHelmet
_ubnca3a2j,52,1631,598,84,102,DNoHelmet
_ubnca3a2j,53,1631,598,84,102,DNoHelmet
_ubnca3a2j,54,1631,598,84,102,DNoHelmet
_ubnca3a2j,55,1631,598,84,102,DNoHelmet
_ubnca3a2j,56,1631,598,84,102,DNoHelmet
_ubnca3a2j,57,1631,598,84,102,DNoHelmet
_ubnca3a2j,58,1631,598,84,102,DNoHelmet
_ubnca3a2j,59,1631,598,84,102,DNoHelmet
_ubnca3a2j,60,1631,598,84,102,DNoHelmet
_ubnca3a2j,61,1631,598,84,102,DNoHelmet
_ubnca3a2j,62,1631,598,84,102,DNoHelmet
_ubnca3a2j,63,1631,598,84,102,DNoHelmet
_ubnca3a2j,64,1631,598,84,102,DNoHelmet
_ubnca3a2j,65,1631,598,84,102,DNoHelmet
_ubnca3a2j,66,1631,598,84,102,DNoHelmet
_ubnca3a2j,67,1631,598,84,102,DNoHelmet
_ubnca3a2j,68,1631,598,84,102,DNoHelmet
_ubnca3a2j,69,1631,598,84,102,DNoHelmet
_ubnca3a2j,70,1631,598,84,101,DNoHelmet
_ubnca3a2j,71,1631,598,84,101,DNoHelmet
_ubnca3a2j,72,1631,598,84,101,DNoHelmet
_ubnca3a2j,73,1631,598,84,101,DNoHelmet
_ubnca3a2j,74,1631,598,84,101,DNoHelmet
_ubnca3a2j,75,1631,598,84,101,DNoHelmet
_ubnca3a2j,76,1631,598,84,101,DNoHelmet
_ubnca3a2j,77,1631,598,84,101,DNoHelmet
_ubnca3a2j,78,1631,598,84,101,DNoHelmet
_ubnca3a2j,79,1631,598,84,101,DNoHelmet
_ubnca3a2j,80,1631,598,84,101,DNoHelmet
_ubnca3a2j,81,1631,598,84,101,DNoHelmet
_ubnca3a2j,82,1631,598,84,101,DNoHelmet
_ubnca3a2j,83,1631,598,84,101,DNoHelmet
_ubnca3a2j,84,1631,598,84,101,DNoHelmet
_ubnca3a2j,85,1631,598,84,101,DNoHelmet
_ubnca3a2j,86,1631,598,84,101,DNoHelmet
_ubnca3a2j,87,1631,598,84,101,DNoHelmet
_ubnca3a2j,88,1631,598,84,101,DNoHelmet
_ubnca3a2j,89,1631,598,84,101,DNoHelmet
_ubnca3a2j,90,1631,598,84,101,DNoHelmet
_ubnca3a2j,91,1631,598,84,101,DNoHelmet
_ubnca3a2j,92,1631,598,84,101,DNoHelmet
_ubnca3a2j,93,1631,598,84,101,DNoHelmet
_ubnca3a2j,94,1631,598,84,101,DNoHelmet
_ubnca3a2j,95,1631,598,84,101,DNoHelmet
_ubnca3a2j,96,1631,598,84,101,DNoHelmet
_ubnca3a2j,97,1631,598,84,101,DNoHelmet
_ubnca3a2j,98,1631,598,84,101,DNoHelmet
_ubnca3a2j,99,1631,598,84,101,DNoHelmet
_ubnca3a2j,100,1631,598,84,101,DNoHelmet
_ibp9kau9g,77,1459,600,94,109,DNoHelmetP1Helmet
_ibp9kau9g,78,1469,602,95,107,DNoHelmetP1Helmet
_ibp9kau9g,79,1480,603,94,106,DNoHelmetP1Helmet
_ibp9kau9g,80,1491,604,94,105,DNoHelmetP1Helmet
_ibp9kau9g,81,1500,602,95,106,DNoHelmetP1Helmet
_ibp9kau9g,82,1510,600,95,107,DNoHelmetP1Helmet
_ibp9kau9g,83,1518,598,95,108,DNoHelmetP1Helmet
_ibp9kau9g,84,1525,599,92,106,DNoHelmetP1Helmet
_ibp9kau9g,85,1533,599,88,106,DNoHelmetP1Helmet
_ibp9kau9g,86,1540,600,85,105,DNoHelmetP1Helmet
_ibp9kau9g,87,1544,600,79,106,DNoHelmetP1Helmet
_ibp9kau9g,88,1549,600,72,107,DNoHelmetP1Helmet
_ibp9kau9g,89,1553,600,66,107,DNoHelmetP1Helmet
_ibp9kau9g,90,1557,600,60,108,DNoHelmetP1Helmet
_ibp9kau9g,91,1553,599,61,110,DNoHelmetP1Helmet
_ibp9kau9g,92,1550,598,61,112,DNoHelmetP1Helmet
_ibp9kau9g,93,1547,598,62,114,DNoHelmetP1Helmet
_ibp9kau9g,94,1543,597,63,116,DNoHelmetP1Helmet
_ibp9kau9g,95,1540,597,63,117,DNoHelmetP1Helmet
_ibp9kau9g,96,1534,597,65,117,DNoHelmetP1Helmet
_ibp9kau9g,97,1528,598,67,117,DNoHelmetP1Helmet
_ibp9kau9g,98,1522,598,69,117,DNoHelmetP1Helmet
_ibp9kau9g,99,1516,599,71,117,DNoHelmetP1Helmet
_ibp9kau9g,100,1509,599,73,117,DNoHelmetP1Helmet
