track_id,frame_id,x,y,w,h,label
_vqzdvyf75,1,18,524,109,192,DNoHelmetP1NoHelmet
_vqzdvyf75,2,29,526,111,198,DNoHelmetP1NoHelmet
_vqzdvyf75,3,40,529,113,202,DNoHelmetP1NoHelmet
_vqzdvyf75,4,52,530,120,211,DNoHelmetP1NoHelmet
_vqzdvyf75,5,64,532,127,220,DNoHelmetP1NoHelmet
_vqzdvyf75,6,82,533,133,229,DNoHelmetP1NoHelmet
_vqzdvyf75,7,94,541,140,238,DNoHelmetP1NoHelmet
_vqzdvyf75,8,113,546,146,247,DNoHelmetP1NoHelmet
_vqzdvyf75,9,133,549,154,257,DNoHelmetP1NoHelmet
_vqzdvyf75,10,153,552,159,266,DNoHelmetP1NoHelmet
_vqzdvyf75,11,178,554,166,282,DNoHelmetP1NoHelmet
_vqzdvyf75,12,202,557,181,298,DNoHelmetP1NoHelmet
_vqzdvyf75,13,224,563,189,313,DNoHelmetP1NoHelmet
_vqzdvyf75,14,257,566,196,333,DNoHelmetP1NoHelmet
_vqzdvyf75,15,294,575,204,353,DNoHelmetP1NoHelmet
_vqzdvyf75,16,330,584,222,372,DNoHelmetP1NoHelmet
_vqzdvyf75,17,370,596,235,396,DNoHelmetP1NoHelmet
_vqzdvyf75,18,418,606,254,423,DNoHelmetP1NoHelmet
_vqzdvyf75,19,470,611,277,459,DNoHelmetP1NoHelmet
_vqzdvyf75,20,533,619,302,461,DNoHelmetP1NoHelmet
_vqzdvyf75,21,608,639,326,441,DNoHelmetP1NoHelmet
_vqzdvyf75,22,695,653,368,427,DNoHelmetP1NoHelmet
_vqzdvyf75,23,783,667,408,413,DNoHelmetP1NoHelmet
_vqzdvyf75,24,909,689,456,391,DNoHelmetP1NoHelmet
_vqzdvyf75,25,1053,717,536,363,DNoHelmetP1NoHelmet
_uhl171m7w,35,1467,612,453,468,DNoHelmetP1NoHelmet
_uhl171m7w,36,1360,603,434,477,DNoHelmetP1NoHelmet
_uhl171m7w,37,1264,594,391,486,DNoHelmetP1NoHelmet
_uhl171m7w,38,1179,585,355,478,DNoHelmetP1NoHelmet
_uhl171m7w,39,1101,577,333,454,DNoHelmetP1NoHelmet
_uhl171m7w,40,1029,569,299,429,DNoHelmetP1NoHelmet
_uhl171m7w,41,963,562,270,407,DNoHelmetP1NoHelmet
_uhl171m7w,42,904,556,249,390,DNoHelmetP1NoHelmet
_uhl171m7w,43,849,558,231,365,DNoHelmetP1NoHelmet
_uhl171m7w,44,800,554,216,353,DNoHelmetP1NoHelmet
_uhl171m7w,45,752,551,201,337,DNoHelmetP1NoHelmet
_uhl171m7w,46,703,549,195,324,DNoHelmetP1NoHelmet
_uhl171m7w,47,662,546,197,317,DNoHelmetP1NoHelmet
_uhl171m7w,48,623,543,175,304,DNoHelmetP1NoHelmet
_uhl171m7w,49,586,538,171,292,DNoHelmetP1NoHelmet
_uhl171m7w,50,552,534,165,285,DNoHelmetP1NoHelmet
_uhl171m7w,51,518,531,161,273,DNoHelmetP1NoHelmet
_uhl171m7w,52,489,528,154,268,DNoHelmetP1NoHelmet
_uhl171m7w,53,459,527,152,257,DNoHelmetP1NoHelmet
_uhl171m7w,54,430,524,148,252,DNoHelmetP1NoHelmet
_uhl171m7w,55,404,522,145,241,DNoHelmetP1NoHelmet
_uhl171m7w,56,382,519,135,236,DNoHelmetP1NoHelmet
_uhl171m7w,57,358,519,132,233,DNoHelmetP1NoHelmet
_uhl171m7w,58,342,517,126,223,DNoHelmetP1NoHelmet
_uhl171m7w,59,322,513,117,220,DNoHelmetP1NoHelmet
_uhl171m7w,60,304,513,111,217,DNoHelmetP1NoHelmet
_uhl171m7w,61,284,512,112,207,DNoHelmetP1NoHelmet
_uhl171m7w,62,266,513,108,205,DNoHelmetP1NoHelmet
_uhl171m7w,63,251,512,106,196,DNoHelmetP1NoHelmet
_uhl171m7w,64,238,508,103,194,DNoHelmetP1NoHelmet
_uhl171m7w,65,220,506,102,191,DNoHelmetP1NoHelmet
_uhl171m7w,66,207,508,98,181,DNoHelmetP1NoHelmet
_uhl171m7w,67,196,507,96,178,DNoHelmetP1NoHelmet
_uhl171m7w,68,186,505,94,176,DNoHelmetP1NoHelmet
_uhl171m7w,69,175,504,93,173,DNoHelmetP1NoHelmet
_uhl171m7w,70,164,503,92,170,DNoHelmetP1NoHelmet
_uhl171m7w,71,153,502,90,167,DNoHelmetP1NoHelmet
_uhl171m7w,72,142,501,89,164,DNoHelmetP1NoHelmet
_uhl171m7w,73,132,500,87,160,DNoHelmetP1NoHelmet
_uhl171m7w,74,123,500,86,158,DNoHelmetP1NoHelmet
_uhl171m7w,75,114,500,85,155,DNoHelmetP1NoHelmet
_uhl171m7w,76,105,500,85,152,DNoHelmetP1NoHelmet
_uhl171m7w,77,96,500,84,149,DNoHelmetP1NoHelmet
_uhl171m7w,78,88,500,83,146,DNoHelmetP1NoHelmet
_uhl171m7w,79,79,500,82,143,DNoHelmetP1NoHelmet
_uhl171m7w,80,70,500,81,140,DNoHelmetP1NoHelmet
_uhl171m7w,81,61,500,81,137,DNoHelmetP1NoHelmet
_uhl171m7w,82,54,499,78,136,DNoHelmetP1NoHelmet
_uhl171m7w,83,46,499,76,133,DNoHelmetP1NoHelmet
_uhl171m7w,84,39,498,74,131,DNoHelmetP1NoHelmet
_uhl171m7w,85,32,498,71,129,DNoHelmetP1NoHelmet
_uhl171m7w,86,24,497,69,127,DNoHelmetP1NoHelmet
_zarhrrrr3,66,1556,650,364,430,DNoHelmet
_zarhrrrr3,67,1427,635,429,445,DNoHelmet
_zarhrrrr3,68,1316,623,375,457,DNoHelmet
_zarhrrrr3,69,1215,613,336,452,DNoHelmet
_zarhrrrr3,70,1130,602,300,424,DNoHelmet
_zarhrrrr3,71,1047,591,274,398,DNoHelmet
_zarhrrrr3,72,976,584,252,374,DNoHelmet
_zarhrrrr3,73,912,581,228,353,DNoHelmet
_zarhrrrr3,74,853,578,210,332,DNoHelmet
_zarhrrrr3,75,797,570,196,318,DNoHelmet
_zarhrrrr3,76,746,563,189,304,DNoHelmet
_zarhrrrr3,77,696,563,176,290,DNoHelmet
_zarhrrrr3,78,653,556,169,281,DNoHelmet
_zarhrrrr3,79,609,554,161,268,DNoHelmet
_zarhrrrr3,80,572,553,155,254,DNoHelmet
_zarhrrrr3,81,535,547,150,248,DNoHelmet
_zarhrrrr3,82,503,545,140,238,DNoHelmet
_zarhrrrr3,83,471,543,140,230,DNoHelmet
_zarhrrrr3,84,439,537,132,226,DNoHelmet
_zarhrrrr3,85,412,537,126,216,DNoHelmet
_zarhrrrr3,86,387,536,121,210,DNoHelmet
_zarhrrrr3,87,364,530,116,207,DNoHelmet
_zarhrrrr3,88,340,524,108,203,DNoHelmet
_zarhrrrr3,89,318,521,109,201,DNoHelmet
_zarhrrrr3,90,302,523,101,190,DNoHelmet
_zarhrrrr3,91,278,519,99,187,DNoHelmet
_zarhrrrr3,92,261,518,97,183,DNoHelmet
_zarhrrrr3,93,244,516,95,179,DNoHelmet
_zarhrrrr3,94,227,514,93,175,DNoHelmet
_zarhrrrr3,95,212,514,91,170,DNoHelmet
_zarhrrrr3,96,197,515,89,163,DNoHelmet
_zarhrrrr3,97,181,513,86,162,DNoHelmet
_pxfb7rlxg,90,3,511,86,182,DHelmetP1Helmet
_pxfb7rlxg,91,7,512,95,186,DHelmetP1Helmet
_pxfb7rlxg,92,11,512,104,192,DHelmetP1Helmet
_pxfb7rlxg,93,30,516,97,200,DHelmetP1Helmet
_pxfb7rlxg,94,47,518,101,206,DHelmetP1Helmet
_pxfb7rlxg,95,64,520,105,211,DHelmetP1Helmet
_pxfb7rlxg,96,81,521,108,218,DHelmetP1Helmet
_pxfb7rlxg,97,98,523,112,231,DHelmetP1Helmet
_pxfb7rlxg,98,116,526,119,239,DHelmetP1Helmet
_pxfb7rlxg,99,135,529,125,246,DHelmetP1Helmet
_pxfb7rlxg,100,153,532,132,254,DHelmetP1Helmet
_rdqovh45i,4,30,499,60,110,DHelmet
_rdqovh45i,5,24,500,59,109,DHelmet
_rdqovh45i,6,17,497,60,109,DHelmet
_rdqovh45i,7,11,494,59,109,DHelmet
