track_id,frame_id,x,y,w,h,label
_5kh61jtwe,48,3,471,166,370,DNoHelmetP1NoHelmet
_5kh61jtwe,49,14,476,193,388,DNoHelmetP1NoHelmet
_5kh61jtwe,50,41,480,199,407,DNoHelmetP1NoHelmet
_5kh61jtwe,51,69,484,204,425,DNoHelmetP1NoHelmet
_5kh61jtwe,52,106,490,208,445,DNoHelmetP1NoHelmet
_5kh61jtwe,53,137,494,225,471,DNoHelmetP1NoHelmet
_5kh61jtwe,54,174,501,243,489,DNoHelmetP1NoHelmet
_5kh61jtwe,55,214,508,260,519,DNoHelmetP1NoHelmet
_5kh61jtwe,56,262,511,278,550,DNoHelmetP1NoHelmet
_5kh61jtwe,57,317,512,298,568,DNoHelmetP1NoHelmet
_5kh61jtwe,58,378,522,322,558,DNoHelmetP1NoHelmet
_5kh61jtwe,59,449,538,343,542,DNoHelmetP1NoHelmet
_5kh61jtwe,60,521,548,383,532,DNoHelmetP1NoHelmet
_5kh61jtwe,61,604,558,425,522,DNoHelmetP1NoHelmet
_5kh61jtwe,62,712,569,482,511,DNoHelmetP1NoHelmet
_5kh61jtwe,63,830,593,552,487,DNoHelmetP1NoHelmet
_5kh61jtwe,64,966,610,544,470,DNoHelmetP1NoHelmet
_5kh61jtwe,65,1136,627,623,453,DNoHelmetP1NoHelmet
