track_id,frame_id,x,y,w,h,label
_hb93hnlcu,1,366,680,181,201,DNoHelmet
_hb93hnlcu,2,366,680,181,201,DNoHelmet
_hb93hnlcu,3,366,680,181,201,DNoHelmet
_hb93hnlcu,4,366,680,181,201,DNoHelmet
_hb93hnlcu,5,366,680,181,201,DNoHelmet
_hb93hnlcu,6,366,680,181,201,DNoHelmet
_hb93hnlcu,7,366,680,181,201,DNoHelmet
_hb93hnlcu,8,366,680,181,201,DNoHelmet
_hb93hnlcu,9,366,680,181,201,DNoHelmet
_hb93hnlcu,10,366,680,181,201,DNoHelmet
_hb93hnlcu,11,366,680,181,201,DNoHelmet
_hb93hnlcu,12,366,680,181,201,DNoHelmet
_hb93hnlcu,13,366,680,181,201,DNoHelmet
_hb93hnlcu,14,366,680,181,201,DNoHelmet
_hb93hnlcu,15,366,680,181,201,DNoHelmet
_hb93hnlcu,16,366,680,181,201,DNoHelmet
_hb93hnlcu,17,366,680,181,201,DNoHelmet
_hb93hnlcu,18,366,680,181,201,DNoHelmet
_hb93hnlcu,19,366,680,181,201,DNoHelmet
_hb93hnlcu,20,366,680,181,201,DNoHelmet
_hb93hnlcu,21,366,680,181,201,DNoHelmet
_hb93hnlcu,22,366,680,181,201,DNoHelmet
_hb93hnlcu,23,366,680,181,201,DNoHelmet
_hb93hnlcu,24,366,680,181,201,DNoHelmet
_hb93hnlcu,25,366,680,181,201,DNoHelmet
_hb93hnlcu,26,366,680,181,201,DNoHelmet
_hb93hnlcu,27,366,680,181,201,DNoHelmet
_hb93hnlcu,28,366,680,181,201,DNoHelmet
_hb93hnlcu,29,366,680,181,201,DNoHelmet
_hb93hnlcu,30,366,680,181,201,DNoHelmet
_hb93hnlcu,31,366,680,181,201,DNoHelmet
_hb93hnlcu,32,366,680,182,201,DNoHelmet
_hb93hnlcu,33,366,680,182,201,DNoHelmet
_hb93hnlcu,34,366,680,182,201,DNoHelmet
_hb93hnlcu,35,366,680,182,201,DNoHelmet
_hb93hnlcu,36,366,680,182,201,DNoHelmet
_hb93hnlcu,37,366,680,182,201,DNoHelmet
_hb93hnlcu,38,366,680,182,201,DNoHelmet
_hb93hnlcu,39,366,680,182,201,DNoHelmet
_hb93hnlcu,40,366,680,182,201,DNoHelmet
_hb93hnlcu,41,366,680,182,201,DNoHelmet
_hb93hnlcu,42,366,680,182,201,DNoHelmet
_hb93hnlcu,43,366,680,182,201,DNoHelmet
_hb93hnlcu,44,366,680,182,201,DNoHelmet
_hb93hnlcu,45,366,680,182,201,DNoHelmet
_hb93hnlcu,46,366,680,182,201,DNoHelmet
_hb93hnlcu,47,366,680,182,201,DNoHelmet
_hb93hnlcu,48,366,680,182,201,DNoHelmet
_hb93hnlcu,49,366,680,182,201,DNoHelmet
_hb93hnlcu,50,366,680,182,201,DNoHelmet
_hb93hnlcu,51,366,680,182,201,DNoHelmet
_hb93hnlcu,52,366,680,182,201,DNoHelmet
_hb93hnlcu,53,366,680,182,201,DNoHelmet
_hb93hnlcu,54,366,680,182,201,DNoHelmet
_hb93hnlcu,55,366,680,182,201,DNoHelmet
_hb93hnlcu,56,366,680,182,201,DNoHelmet
_hb93hnlcu,57,366,680,182,201,DNoHelmet
_hb93hnlcu,58,366,680,182,201,DNoHelmet
_hb93hnlcu,59,366,680,182,201,DNoHelmet
_hb93hnlcu,60,366,680,182,201,DNoHelmet
_hb93hnlcu,61,366,680,182,201,DNoHelmet
_hb93hnlcu,62,366,680,182,201,DNoHelmet
_hb93hnlcu,63,366,680,182,201,DNoHelmet
_hb93hnlcu,64,366,680,182,201,DNoHelmet
_hb93hnlcu,65,366,680,183,201,DNoHelmet
_hb93hnlcu,66,366,680,183,201,DNoHelmet
_hb93hnlcu,67,366,680,183,201,DNoHelmet
_hb93hnlcu,68,366,680,183,201,DNoHelmet
_hb93hnlcu,69,366,680,183,201,DNoHelmet
_hb93hnlcu,70,366,680,183,201,DNoHelmet
_hb93hnlcu,71,366,680,183,201,DNoHelmet
_hb93hnlcu,72,366,680,183,201,DNoHelmet
_hb93hnlcu,73,366,680,183,201,DNoHelmet
_hb93hnlcu,74,366,680,183,201,DNoHelmet
_hb93hnlcu,75,366,680,183,201,DNoHelmet
_hb93hnlcu,76,366,680,183,201,DNoHelmet
_hb93hnlcu,77,366,680,183,201,DNoHelmet
_hb93hnlcu,78,366,680,183,201,DNoHelmet
_hb93hnlcu,79,366,680,183,201,DNoHelmet
_hb93hnlcu,80,366,680,183,201,DNoHelmet
_hb93hnlcu,81,366,680,183,201,DNoHelmet
_hb93hnlcu,82,366,680,183,201,DNoHelmet
_hb93hnlcu,83,366,680,183,201,DNoHelmet
_hb93hnlcu,84,366,680,183,201,DNoHelmet
_hb93hnlcu,85,366,680,183,201,DNoHelmet
_hb93hnlcu,86,366,680,183,201,DNoHelmet
_hb93hnlcu,87,366,680,183,201,DNoHelmet
_hb93hnlcu,88,366,680,183,201,DNoHelmet
_hb93hnlcu,89,366,680,183,201,DNoHelmet
_hb93hnlcu,90,366,680,183,201,DNoHelmet
_hb93hnlcu,91,366,680,183,201,DNoHelmet
_hb93hnlcu,92,366,680,183,201,DNoHelmet
_hb93hnlcu,93,366,680,183,201,DNoHelmet
_hb93hnlcu,94,366,680,183,201,DNoHelmet
_hb93hnlcu,95,366,680,183,201,DNoHelmet
_hb93hnlcu,96,366,680,183,201,DNoHelmet
_hb93hnlcu,97,366,680,183,201,DNoHelmet
_hb93hnlcu,98,366,680,184,201,DNoHelmet
_hb93hnlcu,99,366,680,184,201,DNoHelmet
_hb93hnlcu,100,366,680,184,201,DNoHelmet
_h6pe4tefd,1,269,685,157,200,DNoHelmet
_h6pe4tefd,2,269,685,157,200,DNoHelmet
_h6pe4tefd,3,269,685,157,200,DNoHelmet
_h6pe4tefd,4,269,685,157,200,DNoHelmet
_h6pe4tefd,5,269,685,157,200,DNoHelmet
_h6pe4tefd,6,269,685,157,200,DNoHelmet
_h6pe4tefd,7,269,685,157,200,DNoHelmet
_h6pe4tefd,8,269,685,157,200,DNoHelmet
_h6pe4tefd,9,269,685,157,200,DNoHelmet
_h6pe4tefd,10,269,685,157,200,DNoHelmet
_h6pe4tefd,11,269,685,157,200,DNoHelmet
_h6pe4tefd,12,269,685,157,200,DNoHelmet
_h6pe4tefd,13,269,685,157,200,DNoHelmet
_h6pe4tefd,14,270,685,156,200,DNoHelmet
_h6pe4tefd,15,270,685,156,200,DNoHelmet
_h6pe4tefd,16,270,685,156,200,DNoHelmet
_h6pe4tefd,17,270,685,156,200,DNoHelmet
_h6pe4tefd,18,270,685,156,200,DNoHelmet
_h6pe4tefd,19,270,685,156,200,DNoHelmet
_h6pe4tefd,20,270,685,156,200,DNoHelmet
_h6pe4tefd,21,270,685,156,200,DNoHelmet
_h6pe4tefd,22,270,685,156,200,DNoHelmet
_h6pe4tefd,23,270,685,156,200,DNoHelmet
_h6pe4tefd,24,270,685,156,200,DNoHelmet
_h6pe4tefd,25,270,685,156,200,DNoHelmet
_h6pe4tefd,26,270,685,156,200,DNoHelmet
_h6pe4tefd,27,270,685,156,200,DNoHelmet
_h6pe4tefd,28,270,685,156,200,DNoHelmet
_h6pe4tefd,29,270,685,156,200,DNoHelmet
_h6pe4tefd,30,270,685,156,200,DNoHelmet
_h6pe4tefd,31,270,685,156,200,DNoHelmet
_h6pe4tefd,32,270,685,156,200,DNoHelmet
_h6pe4tefd,33,270,685,156,200,DNoHelmet
_h6pe4tefd,34,270,685,156,200,DNoHelmet
_h6pe4tefd,35,270,685,156,200,DNoHelmet
_h6pe4tefd,36,270,685,156,200,DNoHelmet
_h6pe4tefd,37,270,685,156,200,DNoHelmet
_h6pe4tefd,38,271,685,155,200,DNoHelmet
_h6pe4tefd,39,271,685,155,200,DNoHelmet
_h6pe4tefd,40,271,685,155,200,DNoHelmet
_h6pe4tefd,41,271,685,155,200,DNoHelmet
_h6pe4tefd,42,271,685,155,200,DNoHelmet
_h6pe4tefd,43,271,685,155,200,DNoHelmet
_h6pe4tefd,44,271,685,155,200,DNoHelmet
_h6pe4tefd,45,271,685,155,200,DNoHelmet
_h6pe4tefd,46,271,685,155,200,DNoHelmet
_h6pe4tefd,47,271,685,155,200,DNoHelmet
_h6pe4tefd,48,271,685,155,200,DNoHelmet
_h6pe4tefd,49,271,685,155,200,DNoHelmet
_h6pe4tefd,50,271,685,155,200,DNoHelmet
_h6pe4tefd,51,271,685,155,200,DNoHelmet
_h6pe4tefd,52,271,685,155,200,DNoHelmet
_h6pe4tefd,53,271,685,155,200,DNoHelmet
_h6pe4tefd,54,271,685,155,200,DNoHelmet
_h6pe4tefd,55,271,685,155,200,DNoHelmet
_h6pe4tefd,56,271,685,155,200,DNoHelmet
_h6pe4tefd,57,271,685,155,200,DNoHelmet
_h6pe4tefd,58,271,685,155,200,DNoHelmet
_h6pe4tefd,59,271,685,155,200,DNoHelmet
_h6pe4tefd,60,271,685,155,200,DNoHelmet
_h6pe4tefd,61,271,685,155,200,DNoHelmet
_h6pe4tefd,62,271,685,155,200,DNoHelmet
_h6pe4tefd,63,272,685,154,200,DNoHelmet
_h6pe4tefd,64,272,685,154,200,DNoHelmet
_h6pe4tefd,65,272,685,154,200,DNoHelmet
_h6pe4tefd,66,272,685,154,200,DNoHelmet
_h6pe4tefd,67,272,685,154,200,DNoHelmet
_h6pe4tefd,68,272,685,154,200,DNoHelmet
_h6pe4tefd,69,272,685,154,200,DNoHelmet
_h6pe4tefd,70,272,685,154,200,DNoHelmet
_h6pe4tefd,71,272,685,154,200,DNoHelmet
_h6pe4tefd,72,272,685,154,200,DNoHelmet
_h6pe4tefd,73,272,685,154,200,DNoHelmet
_h6pe4tefd,74,272,685,154,200,DNoHelmet
_h6pe4tefd,75,272,685,154,200,DNoHelmet
_h6pe4tefd,76,272,685,154,200,DNoHelmet
_h6pe4tefd,77,272,685,154,200,DNoHelmet
_h6pe4tefd,78,272,685,154,200,DNoHelmet
_h6pe4tefd,79,272,685,154,200,DNoHelmet
_h6pe4tefd,80,272,685,154,200,DNoHelmet
_h6pe4tefd,81,272,685,154,200,DNoHelmet
_h6pe4tefd,82,272,685,154,200,DNoHelmet
_h6pe4tefd,83,272,685,154,200,DNoHelmet
_h6pe4tefd,84,272,685,154,200,DNoHelmet
_h6pe4tefd,85,272,685,154,200,DNoHelmet
_h6pe4tefd,86,272,685,154,200,DNoHelmet
_h6pe4tefd,87,273,685,153,200,DNoHelmet
_h6pe4tefd,88,273,685,153,200,DNoHelmet
_h6pe4tefd,89,273,685,153,200,DNoHelmet
_h6pe4tefd,90,273,685,153,200,DNoHelmet
_h6pe4tefd,91,273,685,153,200,DNoHelmet
_h6pe4tefd,92,273,685,153,200,DNoHelmet
_h6pe4tefd,93,273,685,153,200,DNoHelmet
_h6pe4tefd,94,273,685,153,200,DNoHelmet
_h6pe4tefd,95,273,685,153,200,DNoHelmet
_h6pe4tefd,96,273,685,153,200,DNoHelmet
_h6pe4tefd,97,273,685,153,200,DNoHelmet
_h6pe4tefd,98,273,685,153,200,DNoHelmet
_h6pe4tefd,99,273,685,153,200,DNoHelmet
_h6pe4tefd,100,273,685,153,200,DNoHelmet
_4iin5m0a5,64,2,691,221,277,DNoHelmet
_4iin5m0a5,65,17,685,254,271,DNoHelmet
_4iin5m0a5,66,76,684,244,264,DNoHelmet
_4iin5m0a5,67,134,678,236,262,DNoHelmet
_4iin5m0a5,68,181,678,223,254,DNoHelmet
_4iin5m0a5,69,228,678,210,245,DNoHelmet
_4iin5m0a5,70,271,676,202,241,DNoHelmet
_4iin5m0a5,71,314,674,193,236,DNoHelmet
_4iin5m0a5,72,353,673,179,234,DNoHelmet
_4iin5m0a5,73,385,672,170,226,DNoHelmet
_4iin5m0a5,74,413,671,164,223,DNoHelmet
_4iin5m0a5,75,441,670,157,219,DNoHelmet
_4iin5m0a5,76,470,670,149,215,DNoHelmet
_4iin5m0a5,77,498,669,142,212,DNoHelmet
_4iin5m0a5,78,517,667,138,210,DNoHelmet
_4iin5m0a5,79,536,665,134,207,DNoHelmet
_4iin5m0a5,80,555,663,130,205,DNoHelmet
_4iin5m0a5,81,574,661,126,203,DNoHelmet
_4iin5m0a5,82,593,659,121,201,DNoHelmet
_4iin5m0a5,83,608,657,119,199,DNoHelmet
_4iin5m0a5,84,624,656,116,196,DNoHelmet
_4iin5m0a5,85,640,654,113,195,DNoHelmet
_4iin5m0a5,86,652,653,119,193,DNoHelmet
_4iin5m0a5,87,664,652,124,192,DNoHelmet
_4iin5m0a5,88,676,650,130,191,DNoHelmet
_4iin5m0a5,89,689,649,135,190,DNoHelmet
_4iin5m0a5,90,701,647,141,189,DNoHelmet
_4iin5m0a5,91,716,646,142,188,DNoHelmet
_4iin5m0a5,92,732,645,141,186,DNoHelmet
_4iin5m0a5,93,747,644,141,185,DNoHelmet
_4iin5m0a5,94,765,647,151,180,DNoHelmet
_4iin5m0a5,95,782,648,151,177,DNoHelmet
_4iin5m0a5,96,798,648,152,175,DNoHelmet
_4iin5m0a5,97,816,644,152,177,DNoHelmet
_4iin5m0a5,98,832,644,157,175,DNoHelmet
_4iin5m0a5,99,848,644,162,173,DNoHelmet
_4iin5m0a5,100,865,636,163,184,DNoHelmet
_5qwke69bq,81,136,735,464,345,DHelmet
_5qwke69bq,82,307,717,479,363,DHelmet
_5qwke69bq,83,507,693,448,387,DHelmet
_5qwke69bq,84,713,691,362,389,DHelmet
_5qwke69bq,85,872,678,311,402,DHelmet
_5qwke69bq,86,1014,669,271,411,DHelmet
_5qwke69bq,87,1127,660,248,420,DHelmet
_5qwke69bq,88,1231,651,217,407,DHelmet
_5qwke69bq,89,1323,651,198,383,DHelmet
_5qwke69bq,90,1401,642,182,368,DHelmet
_5qwke69bq,91,1472,637,172,344,DHelmet
_5qwke69bq,92,1535,630,164,331,DHelmet
_5qwke69bq,93,1589,630,154,311,DHelmet
_5qwke69bq,94,1642,616,145,305,DHelmet
_5qwke69bq,95,1686,614,138,292,DHelmet
_5qwke69bq,96,1731,611,130,280,DHelmet
_5qwke69bq,97,1776,608,122,269,DHelmet
_5qwke69bq,98,1813,611,107,248,DHelmet
_uppoq3qyc,88,2,733,437,347,DHelmet
_uppoq3qyc,89,83,720,556,360,DHelmet
_uppoq3qyc,90,309,701,505,379,DHelmet
_uppoq3qyc,91,490,687,459,393,DHelmet
_uppoq3qyc,92,660,676,409,404,DHelmet
_uppoq3qyc,93,809,676,360,404,DHelmet
_uppoq3qyc,94,928,667,331,408,DHelmet
_uppoq3qyc,95,1038,658,310,384,DHelmet
_uppoq3qyc,96,1134,649,290,365,DHelmet
_uppoq3qyc,97,1227,643,259,351,DHelmet
_uppoq3qyc,98,1303,637,246,338,DHelmet
_uppoq3qyc,99,1373,632,238,323,DHelmet
_uppoq3qyc,100,1440,626,234,309,DHelmet
_0icukm5p1,39,1747,583,65,106,DNoHelmetP1Helmet
_0icukm5p1,40,1737,584,66,107,DNoHelmetP1Helmet
_0icukm5p1,41,1727,584,67,108,DNoHelmetP1Helmet
_0icukm5p1,42,1717,585,68,108,DNoHelmetP1Helmet
_0icukm5p1,43,1707,585,69,110,DNoHelmetP1Helmet
_0icukm5p1,44,1695,586,70,111,DNoHelmetP1Helmet
_0icukm5p1,45,1683,587,71,112,DNoHelmetP1Helmet
_0icukm5p1,46,1672,589,71,111,DNoHelmetP1Helmet
_0icukm5p1,47,1660,590,73,112,DNoHelmetP1Helmet
_0icukm5p1,48,1646,590,74,114,DNoHelmetP1Helmet
_0icukm5p1,49,1633,591,75,115,DNoHelmetP1Helmet
_0icukm5p1,50,1619,591,77,117,DNoHelmetP1Helmet
_0icukm5p1,51,1605,592,79,119,DNoHelmetP1Helmet
_0icukm5p1,52,1590,592,81,121,DNoHelmetP1Helmet
_0icukm5p1,53,1575,593,84,122,DNoHelmetP1Helmet
_0icukm5p1,54,1560,594,87,124,DNoHelmetP1Helmet
_0icukm5p1,55,1547,595,85,123,DNoHelmetP1Helmet
_0icukm5p1,56,1532,596,85,125,DNoHelmetP1Helmet
_0icukm5p1,57,1517,596,86,127,DNoHelmetP1Helmet
_0icukm5p1,58,1502,597,87,129,DNoHelmetP1Helmet
_0icukm5p1,59,1488,598,87,130,DNoHelmetP1Helmet
_0icukm5p1,60,1471,599,89,133,DNoHelmetP1Helmet
_0icukm5p1,61,1454,600,91,135,DNoHelmetP1Helmet
_0icukm5p1,62,1436,601,94,138,DNoHelmetP1Helmet
_0icukm5p1,63,1419,602,96,140,DNoHelmetP1Helmet
_0icukm5p1,64,1401,602,95,143,DNoHelmetP1Helmet
_0icukm5p1,65,1382,602,96,147,DNoHelmetP1Helmet
_0icukm5p1,66,1364,602,95,150,DNoHelmetP1Helmet
_0icukm5p1,67,1344,604,97,151,DNoHelmetP1Helmet
_0icukm5p1,68,1325,606,98,153,DNoHelmetP1Helmet
_0icukm5p1,69,1306,608,98,155,DNoHelmetP1Helmet
_0icukm5p1,70,1287,609,99,157,DNoHelmetP1Helmet
_0icukm5p1,71,1264,610,102,161,DNoHelmetP1Helmet
_0icukm5p1,72,1241,611,105,164,DNoHelmetP1Helmet
_0icukm5p1,73,1218,612,108,168,DNoHelmetP1Helmet
_0icukm5p1,74,1196,614,107,171,DNoHelmetP1Helmet
_0icukm5p1,75,1169,614,111,175,DNoHelmetP1Helmet
_0icukm5p1,76,1141,614,116,180,DNoHelmetP1Helmet
_0icukm5p1,77,1113,615,121,183,DNoHelmetP1Helmet
_0icukm5p1,78,1088,615,121,187,DNoHelmetP1Helmet
_0icukm5p1,79,1062,615,123,191,DNoHelmetP1Helmet
_0icukm5p1,80,1024,618,130,196,DNoHelmetP1Helmet
_0icukm5p1,81,986,620,138,203,DNoHelmetP1Helmet
_0icukm5p1,82,948,624,142,207,DNoHelmetP1Helmet
_0icukm5p1,83,910,628,147,210,DNoHelmetP1Helmet
_0icukm5p1,84,863,630,153,215,DNoHelmetP1Helmet
_0icukm5p1,85,816,631,160,220,DNoHelmetP1Helmet
_0icukm5p1,86,768,633,167,225,DNoHelmetP1Helmet
_0icukm5p1,87,721,634,174,231,DNoHelmetP1Helmet
_0icukm5p1,88,664,639,185,237,DNoHelmetP1Helmet
_0icukm5p1,89,617,642,177,245,DNoHelmetP1Helmet
_0icukm5p1,90,545,645,195,253,DNoHelmetP1Helmet
_0icukm5p1,91,474,648,211,260,DNoHelmetP1Helmet
_0icukm5p1,92,402,651,228,268,DNoHelmetP1Helmet
_0icukm5p1,93,332,657,226,275,DNoHelmetP1Helmet
_0icukm5p1,94,247,661,239,282,DNoHelmetP1Helmet
_0icukm5p1,95,162,666,252,288,DNoHelmetP1Helmet
_0icukm5p1,96,72,674,259,293,DNoHelmetP1Helmet
_0icukm5p1,97,0,677,255,309,DNoHelmetP1Helmet
_0icukm5p1,98,0,682,171,296,DNoHelmetP1Helmet
_zt55aix1k,1,1445,612,58,108,DHelmet
_zt55aix1k,2,1445,612,58,108,DHelmet
_zt55aix1k,3,1445,612,58,108,DHelmet
_zt55aix1k,4,1445,612,58,108,DHelmet
_zt55aix1k,5,1445,612,58,108,DHelmet
_zt55aix1k,6,1445,612,59,108,DHelmet
_zt55aix1k,7,1445,612,59,108,DHelmet
_zt55aix1k,8,1445,612,59,108,DHelmet
_zt55aix1k,9,1445,612,59,108,DHelmet
_zt55aix1k,10,1445,612,59,108,DHelmet
_zt55aix1k,11,1445,612,59,108,DHelmet
_zt55aix1k,12,1445,612,59,108,DHelmet
_zt55aix1k,13,1445,612,59,108,DHelmet
_zt55aix1k,14,1445,612,59,108,DHelmet
_zt55aix1k,15,1445,612,59,108,DHelmet
_zt55aix1k,16,1445,612,59,108,DHelmet
_zt55aix1k,17,1445,612,59,108,DHelmet
_zt55aix1k,18,1445,612,59,108,DHelmet
_zt55aix1k,19,1445,612,59,108,DHelmet
_zt55aix1k,20,1445,612,59,108,DHelmet
_zt55aix1k,21,1445,612,59,108,DHelmet
_zt55aix1k,22,1445,612,59,108,DHelmet
_zt55aix1k,23,1445,612,59,108,DHelmet
_zt55aix1k,24,1445,612,59,108,DHelmet
_zt55aix1k,25,1445,612,59,108,DHelmet
_zt55aix1k,26,1445,612,59,108,DHelmet
_zt55aix1k,27,1445,612,59,108,DHelmet
_zt55aix1k,28,1445,612,59,108,DHelmet
_zt55aix1k,29,1445,612,59,108,DHelmet
_zt55aix1k,30,1445,612,59,108,DHelmet
_zt55aix1k,31,1445,612,59,108,DHelmet
_zt55aix1k,32,1445,612,59,108,DHelmet
_zt55aix1k,33,1445,612,59,108,DHelmet
_zt55aix1k,34,1445,612,59,108,DHelmet
_zt55aix1k,35,1445,612,59,108,DHelmet
_zt55aix1k,36,1445,612,59,108,DHelmet
_zt55aix1k,37,1445,612,59,107,DHelmet
_zt55aix1k,38,1445,612,59,107,DHelmet
_zt55aix1k,39,1445,612,59,107,DHelmet
_zt55aix1k,40,1445,612,59,107,DHelmet
_zt55aix1k,41,1445,612,59,107,DHelmet
_zt55aix1k,42,1445,612,59,107,DHelmet
_zt55aix1k,43,1445,612,59,107,DHelmet
_zt55aix1k,44,1445,612,59,107,DHelmet
_zt55aix1k,45,1445,612,59,107,DHelmet
_zt55aix1k,46,1445,612,59,107,DHelmet
_zt55aix1k,47,1445,612,59,107,DHelmet
_zt55aix1k,48,1445,612,59,107,DHelmet
_zt55aix1k,49,1445,612,59,107,DHelmet
_zt55aix1k,50,1445,612,59,107,DHelmet
_zt55aix1k,51,1445,612,59,107,DHelmet
_zt55aix1k,52,1445,612,59,107,DHelmet
_zt55aix1k,53,1445,612,59,107,DHelmet
_zt55aix1k,54,1445,612,59,107,DHelmet
_zt55aix1k,55,1445,612,59,107,DHelmet
_zt55aix1k,56,1445,612,59,107,DHelmet
_zt55aix1k,57,1445,612,59,107,DHelmet
_zt55aix1k,58,1445,612,59,107,DHelmet
_zt55aix1k,59,1445,612,59,107,DHelmet
_zt55aix1k,60,1445,612,60,107,DHelmet
_zt55aix1k,61,1445,612,60,107,DHelmet
_zt55aix1k,62,1445,612,60,107,DHelmet
_zt55aix1k,63,1445,612,60,107,DHelmet
_zt55aix1k,64,1445,612,60,107,DHelmet
_zt55aix1k,65,1445,612,60,107,DHelmet
_zt55aix1k,66,1445,612,60,107,DHelmet
_zt55aix1k,67,1445,612,60,107,DHelmet
_zt55aix1k,68,1445,612,60,107,DHelmet
_zt55aix1k,69,1445,612,60,107,DHelmet
_zt55aix1k,70,1445,612,60,107,DHelmet
_zt55aix1k,71,1445,612,60,107,DHelmet
_zt55aix1k,72,1445,612,60,107,DHelmet
_zt55aix1k,73,1445,612,60,107,DHelmet
_zt55aix1k,74,1445,612,60,107,DHelmet
_zt55aix1k,75,1445,612,60,107,DHelmet
_zt55aix1k,76,1445,612,60,107,DHelmet
_zt55aix1k,77,1445,612,60,107,DHelmet
_zt55aix1k,78,1445,612,60,107,DHelmet
_zt55aix1k,79,1445,612,60,107,DHelmet
_zt55aix1k,80,1445,612,60,107,DHelmet
_zt55aix1k,81,1445,612,60,107,DHelmet
_zt55aix1k,82,1445,612,60,107,DHelmet
_zt55aix1k,83,1445,612,60,107,DHelmet
_zt55aix1k,84,1445,612,60,107,DHelmet
_zt55aix1k,85,1445,612,60,107,DHelmet
_zt55aix1k,86,1445,612,60,107,DHelmet
_zt55aix1k,87,1445,612,60,107,DHelmet
_zt55aix1k,88,1445,612,60,107,DHelmet
_zt55aix1k,89,1445,612,60,107,DHelmet
_zt55aix1k,90,1445,612,60,107,DHelmet
_zt55aix1k,91,1445,612,60,106,DHelmet
_zt55aix1k,92,1445,612,60,106,DHelmet
_zt55aix1k,93,1445,612,60,106,DHelmet
_zt55aix1k,94,1445,612,60,106,DHelmet
_zt55aix1k,95,1445,612,60,106,DHelmet
_zt55aix1k,96,1445,612,60,106,DHelmet
_zt55aix1k,97,1445,612,60,106,DHelmet
_jmp7gah06,70,1784,582,77,104,DNoHelmetP1NoHelmetP2NoHelmet
_jmp7gah06,71,1776,584,70,109,DNoHelmetP1NoHelmetP2NoHelmet
_jmp7gah06,72,1758,585,71,111,DNoHelmetP1NoHelmetP2NoHelmet
_jmp7gah06,73,1740,586,73,113,DNoHelmetP1NoHelmetP2NoHelmet
_jmp7gah06,74,1722,586,75,117,DNoHelmetP1NoHelmetP2NoHelmet
_jmp7gah06,75,1704,587,77,119,DNoHelmetP1NoHelmetP2NoHelmet
_jmp7gah06,76,1686,588,79,121,DNoHelmetP1NoHelmetP2NoHelmet
_jmp7gah06,77,1668,589,81,123,DNoHelmetP1NoHelmetP2NoHelmet
_jmp7gah06,78,1650,590,83,125,DNoHelmetP1NoHelmetP2NoHelmet
_jmp7gah06,79,1630,592,85,125,DNoHelmetP1NoHelmetP2NoHelmet
_jmp7gah06,80,1609,593,88,127,DNoHelmetP1NoHelmetP2NoHelmet
_jmp7gah06,81,1586,594,90,130,DNoHelmetP1NoHelmetP2NoHelmet
_jmp7gah06,82,1564,595,91,133,DNoHelmetP1NoHelmetP2NoHelmet
_jmp7gah06,83,1541,596,93,136,DNoHelmetP1NoHelmetP2NoHelmet
_jmp7gah06,84,1517,598,96,137,DNoHelmetP1NoHelmetP2NoHelmet
_jmp7gah06,85,1494,601,99,138,DNoHelmetP1NoHelmetP2NoHelmet
_jmp7gah06,86,1469,601,100,142,DNoHelmetP1NoHelmetP2NoHelmet
_jmp7gah06,87,1444,601,101,146,DNoHelmetP1NoHelmetP2NoHelmet
_jmp7gah06,88,1411,603,105,150,DNoHelmetP1NoHelmetP2NoHelmet
_jmp7gah06,89,1381,605,103,154,DNoHelmetP1NoHelmetP2NoHelmet
_jmp7gah06,90,1352,606,101,159,DNoHelmetP1NoHelmetP2NoHelmet
_jmp7gah06,91,1319,609,111,160,DNoHelmetP1NoHelmetP2NoHelmet
_jmp7gah06,92,1282,611,115,165,DNoHelmetP1NoHelmetP2NoHelmet
_jmp7gah06,93,1245,613,119,170,DNoHelmetP1NoHelmetP2NoHelmet
_jmp7gah06,94,1202,614,123,177,DNoHelmetP1NoHelmetP2NoHelmet
_jmp7gah06,95,1159,616,126,182,DNoHelmetP1NoHelmetP2NoHelmet
_jmp7gah06,96,1116,617,130,189,DNoHelmetP1NoHelmetP2NoHelmet
_jmp7gah06,97,1073,618,134,195,DNoHelmetP1NoHelmetP2NoHelmet
_jmp7gah06,98,1022,624,141,201,DNoHelmetP1NoHelmetP2NoHelmet
_jmp7gah06,99,965,627,146,207,DNoHelmetP1NoHelmetP2NoHelmet
_jmp7gah06,100,908,630,151,213,DNoHelmetP1NoHelmetP2NoHelmet
_met67jkg2,94,1742,613,14,19,DHelmet
