track_id,frame_id,x,y,w,h,label
_x8h0v2bqc,3,493,570,102,148,DHelmetP1Helmet
_x8h0v2bqc,4,478,568,95,154,DHelmetP1Helmet
_x8h0v2bqc,5,460,567,95,153,DHelmetP1Helmet
_x8h0v2bqc,6,442,566,95,152,DHelmetP1Helmet
_x8h0v2bqc,7,424,565,94,150,DHelmetP1Helmet
_x8h0v2bqc,8,406,564,94,148,DHelmetP1Helmet
_x8h0v2bqc,9,388,562,94,147,DHelmetP1Helmet
_x8h0v2bqc,10,370,561,93,145,DHelmetP1Helmet
_x8h0v2bqc,11,352,560,93,143,DHelmetP1Helmet
_x8h0v2bqc,12,334,559,92,142,DHelmetP1Helmet
_x8h0v2bqc,13,316,558,92,140,DHelmetP1Helmet
_x8h0v2bqc,14,299,556,91,139,DHelmetP1Helmet
_x8h0v2bqc,15,282,555,89,137,DHelmetP1Helmet
_x8h0v2bqc,16,265,553,88,136,DHelmetP1Helmet
_x8h0v2bqc,17,248,552,87,134,DHelmetP1Helmet
_x8h0v2bqc,18,231,550,85,134,DHelmetP1Helmet
_x8h0v2bqc,19,214,548,84,133,DHelmetP1Helmet
_x8h0v2bqc,20,197,547,83,131,DHelmetP1Helmet
_x8h0v2bqc,21,180,545,82,130,DHelmetP1Helmet
_x8h0v2bqc,22,163,544,80,128,DHelmetP1Helmet
_x8h0v2bqc,23,149,542,79,128,DHelmetP1Helmet
_x8h0v2bqc,24,135,541,77,126,DHelmetP1Helmet
_x8h0v2bqc,25,118,540,78,124,DHelmetP1Helmet
_x8h0v2bqc,26,100,539,81,123,DHelmetP1Helmet
_x8h0v2bqc,27,83,539,82,120,DHelmetP1Helmet
_x8h0v2bqc,28,70,538,79,118,DHelmetP1Helmet
_x8h0v2bqc,29,56,537,77,116,DHelmetP1Helmet
_x8h0v2bqc,30,41,535,77,116,DHelmetP1Helmet
_x8h0v2bqc,31,27,534,75,114,DHelmetP1Helmet
_x8h0v2bqc,32,13,532,73,113,DHelmetP1Helmet
_079c8hqwd,1,239,616,137,267,DHelmet
_079c8hqwd,2,271,626,148,271,DHelmet
_079c8hqwd,3,309,638,159,276,DHelmet
_079c8hqwd,4,362,642,157,292,DHelmet
_079c8hqwd,5,415,646,156,307,DHelmet
_079c8hqwd,6,451,660,179,312,DHelmet
_079c8hqwd,7,508,665,187,336,DHelmet
_079c8hqwd,8,565,676,203,351,DHelmet
_079c8hqwd,9,624,687,220,367,DHelmet
_079c8hqwd,10,693,699,240,381,DHelmet
_079c8hqwd,11,769,715,259,365,DHelmet
_079c8hqwd,12,851,730,279,350,DHelmet
_079c8hqwd,13,940,745,299,335,DHelmet
_079c8hqwd,14,1038,765,335,315,DHelmet
_079c8hqwd,15,1152,785,376,295,DHelmet
_079c8hqwd,16,1279,806,408,274,DHelmet
_079c8hqwd,17,1432,836,418,244,DHelmet
_2ku7ecm8b,1,786,691,256,389,DHelmet
_2ku7ecm8b,2,883,707,286,373,DHelmet
_2ku7ecm8b,3,993,722,324,358,DHelmet
_2ku7ecm8b,4,1114,740,375,340,DHelmet
_2ku7ecm8b,5,1269,765,377,315,DHelmet
_2ku7ecm8b,6,1443,791,390,289,DHelmet
_j1ho7eiuv,34,0,567,83,170,DHelmet
_j1ho7eiuv,35,15,566,98,181,DHelmet
_j1ho7eiuv,36,34,571,111,189,DHelmet
_j1ho7eiuv,37,66,575,114,196,DHelmet
_j1ho7eiuv,38,98,579,118,203,DHelmet
_j1ho7eiuv,39,131,583,120,209,DHelmet
_j1ho7eiuv,40,167,591,130,216,DHelmet
_j1ho7eiuv,41,209,594,136,229,DHelmet
_j1ho7eiuv,42,251,597,142,241,DHelmet
_j1ho7eiuv,43,309,605,141,253,DHelmet
_j1ho7eiuv,44,367,613,144,261,DHelmet
_j1ho7eiuv,45,419,620,158,276,DHelmet
_j1ho7eiuv,46,483,628,173,290,DHelmet
_j1ho7eiuv,47,552,636,189,309,DHelmet
_j1ho7eiuv,48,636,651,204,327,DHelmet
_j1ho7eiuv,49,722,664,231,350,DHelmet
_j1ho7eiuv,50,826,678,256,377,DHelmet
_j1ho7eiuv,51,944,695,293,385,DHelmet
_j1ho7eiuv,52,1092,714,330,366,DHelmet
_j1ho7eiuv,53,1241,734,365,346,DHelmet
_j1ho7eiuv,54,1429,760,425,320,DHelmet
_j1ho7eiuv,55,1665,789,255,291,DHelmet
_a6ggvih8d,59,1840,581,76,122,DNoHelmetP1Helmet
_a6ggvih8d,60,1823,581,77,126,DNoHelmetP1Helmet
_a6ggvih8d,61,1805,582,80,129,DNoHelmetP1Helmet
_a6ggvih8d,62,1787,583,83,132,DNoHelmetP1Helmet
_a6ggvih8d,63,1769,584,85,135,DNoHelmetP1Helmet
_a6ggvih8d,64,1751,585,86,137,DNoHelmetP1Helmet
_a6ggvih8d,65,1733,586,87,140,DNoHelmetP1Helmet
_a6ggvih8d,66,1715,587,88,142,DNoHelmetP1Helmet
_a6ggvih8d,67,1697,588,89,145,DNoHelmetP1Helmet
_a6ggvih8d,68,1679,590,90,146,DNoHelmetP1Helmet
_a6ggvih8d,69,1661,591,91,149,DNoHelmetP1Helmet
_a6ggvih8d,70,1643,592,92,151,DNoHelmetP1Helmet
_a6ggvih8d,71,1625,593,93,153,DNoHelmetP1Helmet
_a6ggvih8d,72,1608,594,95,156,DNoHelmetP1Helmet
_a6ggvih8d,73,1591,595,97,158,DNoHelmetP1Helmet
_a6ggvih8d,74,1575,597,97,160,DNoHelmetP1Helmet
_a6ggvih8d,75,1559,598,97,162,DNoHelmetP1Helmet
_a6ggvih8d,76,1547,599,99,164,DNoHelmetP1Helmet
_a6ggvih8d,77,1537,600,98,167,DNoHelmetP1Helmet
_a6ggvih8d,78,1527,601,98,169,DNoHelmetP1Helmet
_a6ggvih8d,79,1516,602,98,172,DNoHelmetP1Helmet
_a6ggvih8d,80,1506,604,97,173,DNoHelmetP1Helmet
_a6ggvih8d,81,1498,605,97,178,DNoHelmetP1Helmet
_a6ggvih8d,82,1491,605,97,184,DNoHelmetP1Helmet
_a6ggvih8d,83,1483,606,97,189,DNoHelmetP1Helmet
_a6ggvih8d,84,1478,607,97,194,DNoHelmetP1Helmet
_a6ggvih8d,85,1473,608,97,199,DNoHelmetP1Helmet
_a6ggvih8d,86,1468,609,97,203,DNoHelmetP1Helmet
_a6ggvih8d,87,1463,610,97,208,DNoHelmetP1Helmet
_a6ggvih8d,88,1461,617,101,207,DNoHelmetP1Helmet
_a6ggvih8d,89,1459,623,105,207,DNoHelmetP1Helmet
_a6ggvih8d,90,1457,630,109,205,DNoHelmetP1Helmet
_a6ggvih8d,91,1455,637,113,204,DNoHelmetP1Helmet
_a6ggvih8d,92,1460,637,114,214,DNoHelmetP1Helmet
_a6ggvih8d,93,1466,637,115,219,DNoHelmetP1Helmet
_a6ggvih8d,94,1471,637,125,226,DNoHelmetP1Helmet
_a6ggvih8d,95,1478,642,132,230,DNoHelmetP1Helmet
_a6ggvih8d,96,1485,647,138,234,DNoHelmetP1Helmet
_a6ggvih8d,97,1498,651,141,238,DNoHelmetP1Helmet
_a6ggvih8d,98,1516,654,143,242,DNoHelmetP1Helmet
_a6ggvih8d,99,1532,652,146,254,DNoHelmetP1Helmet
_a6ggvih8d,100,1555,662,149,250,DNoHelmetP1Helmet
_pcvtqtnal,91,250,594,106,196,DHelmet
_pcvtqtnal,92,284,598,116,207,DHelmet
_pcvtqtnal,93,320,603,126,215,DHelmet
_pcvtqtnal,94,357,605,136,224,DHelmet
_pcvtqtnal,95,403,613,140,230,DHelmet
_pcvtqtnal,96,451,620,148,239,DHelmet
_pcvtqtnal,97,501,626,159,252,DHelmet
_pcvtqtnal,98,556,632,168,262,DHelmet
_pcvtqtnal,99,615,641,182,276,DHelmet
_pcvtqtnal,100,680,650,195,290,DHelmet
