track_id,frame_id,x,y,w,h,label
_cmrw4oyqs,1,1606,591,79,155,DHelmet
_cmrw4oyqs,2,1584,592,82,159,DHelmet
_cmrw4oyqs,3,1563,592,84,164,DHelmet
_cmrw4oyqs,4,1541,593,86,167,DHelmet
_cmrw4oyqs,5,1520,593,88,172,DHelmet
_cmrw4oyqs,6,1500,596,91,173,DHelmet
_cmrw4oyqs,7,1480,598,93,175,DHelmet
_cmrw4oyqs,8,1456,599,97,177,DHelmet
_cmrw4oyqs,9,1432,601,101,179,DHelmet
_cmrw4oyqs,10,1408,603,105,181,DHelmet
_cmrw4oyqs,11,1384,604,108,184,DHelmet
_cmrw4oyqs,12,1361,605,109,188,DHelmet
_cmrw4oyqs,13,1338,607,110,190,DHelmet
_cmrw4oyqs,14,1314,608,112,194,DHelmet
_cmrw4oyqs,15,1291,609,113,198,DHelmet
_cmrw4oyqs,16,1268,611,114,200,DHelmet
_cmrw4oyqs,17,1240,612,117,205,DHelmet
_cmrw4oyqs,18,1211,613,121,210,DHelmet
_cmrw4oyqs,19,1183,614,124,215,DHelmet
_cmrw4oyqs,20,1155,615,128,220,DHelmet
_cmrw4oyqs,21,1127,616,131,225,DHelmet
_cmrw4oyqs,22,1099,617,134,229,DHelmet
_cmrw4oyqs,23,1066,619,140,234,DHelmet
_cmrw4oyqs,24,1034,621,144,239,DHelmet
_cmrw4oyqs,25,1002,622,149,245,DHelmet
_cmrw4oyqs,26,969,624,154,249,DHelmet
_cmrw4oyqs,27,931,626,159,254,DHelmet
_cmrw4oyqs,28,893,627,164,260,DHelmet
_cmrw4oyqs,29,854,629,169,265,DHelmet
_cmrw4oyqs,30,816,631,174,269,DHelmet
_cmrw4oyqs,31,778,632,178,275,DHelmet
_cmrw4oyqs,32,734,634,188,282,DHelmet
_cmrw4oyqs,33,690,636,197,290,DHelmet
_cmrw4oyqs,34,646,638,207,297,DHelmet
_cmrw4oyqs,35,593,640,217,304,DHelmet
_cmrw4oyqs,36,541,641,226,312,DHelmet
_cmrw4oyqs,37,489,643,236,320,DHelmet
_cmrw4oyqs,38,432,646,244,327,DHelmet
_cmrw4oyqs,39,374,650,254,334,DHelmet
_cmrw4oyqs,40,308,653,269,344,DHelmet
_cmrw4oyqs,41,242,656,283,353,DHelmet
_cmrw4oyqs,42,176,660,298,362,DHelmet
_1fw1y23ll,1,273,687,135,199,DNoHelmet
_1fw1y23ll,2,273,687,135,199,DNoHelmet
_1fw1y23ll,3,273,687,135,199,DNoHelmet
_1fw1y23ll,4,273,687,135,199,DNoHelmet
_1fw1y23ll,5,273,687,135,199,DNoHelmet
_1fw1y23ll,6,273,687,135,199,DNoHelmet
_1fw1y23ll,7,273,687,135,199,DNoHelmet
_1fw1y23ll,8,273,687,135,199,DNoHelmet
_1fw1y23ll,9,273,687,135,199,DNoHelmet
_1fw1y23ll,10,273,687,135,199,DNoHelmet
_1fw1y23ll,11,273,687,135,199,DNoHelmet
_1fw1y23ll,12,273,687,135,199,DNoHelmet
_1fw1y23ll,13,273,687,135,199,DNoHelmet
_1fw1y23ll,14,273,687,135,199,DNoHelmet
_1fw1y23ll,15,273,687,135,199,DNoHelmet
_1fw1y23ll,16,273,687,135,199,DNoHelmet
_1fw1y23ll,17,273,687,135,199,DNoHelmet
_1fw1y23ll,18,273,687,135,199,DNoHelmet
_1fw1y23ll,19,273,687,135,199,DNoHelmet
_1fw1y23ll,20,273,687,135,199,DNoHelmet
_1fw1y23ll,21,273,687,135,199,DNoHelmet
_1fw1y23ll,22,273,687,134,199,DNoHelmet
_1fw1y23ll,23,273,687,134,199,DNoHelmet
_1fw1y23ll,24,273,687,134,199,DNoHelmet
_1fw1y23ll,25,273,687,134,199,DNoHelmet
_1fw1y23ll,26,273,687,134,199,DNoHelmet
_1fw1y23ll,27,273,687,134,199,DNoHelmet
_1fw1y23ll,28,273,687,134,199,DNoHelmet
_1fw1y23ll,29,273,687,134,199,DNoHelmet
_1fw1y23ll,30,273,687,134,199,DNoHelmet
_1fw1y23ll,31,273,687,134,199,DNoHelmet
_1fw1y23ll,32,273,687,134,199,DNoHelmet
_1fw1y23ll,33,273,687,134,199,DNoHelmet
_1fw1y23ll,34,273,687,134,199,DNoHelmet
_1fw1y23ll,35,273,687,134,199,DNoHelmet
_1fw1y23ll,36,273,687,134,199,DNoHelmet
_1fw1y23ll,37,273,687,134,199,DNoHelmet
_1fw1y23ll,38,273,687,134,199,DNoHelmet
_1fw1y23ll,39,273,687,134,199,DNoHelmet
_1fw1y23ll,40,273,687,134,199,DNoHelmet
_1fw1y23ll,41,273,687,134,199,DNoHelmet
_1fw1y23ll,42,273,687,134,199,DNoHelmet
_1fw1y23ll,43,273,687,134,199,DNoHelmet
_1fw1y23ll,44,273,687,134,199,DNoHelmet
_1fw1y23ll,45,273,687,134,199,DNoHelmet
_1fw1y23ll,46,273,687,133,199,DNoHelmet
_1fw1y23ll,47,273,687,133,199,DNoHelmet
_1fw1y23ll,48,273,687,133,199,DNoHelmet
_1fw1y23ll,49,273,687,133,199,DNoHelmet
_1fw1y23ll,50,273,687,133,199,DNoHelmet
_1fw1y23ll,51,273,687,133,199,DNoHelmet
_1fw1y23ll,52,273,687,133,199,DNoHelmet
_1fw1y23ll,53,273,687,133,199,DNoHelmet
_1fw1y23ll,54,273,687,133,199,DNoHelmet
_1fw1y23ll,55,273,687,133,199,DNoHelmet
_1fw1y23ll,56,273,687,133,199,DNoHelmet
_1fw1y23ll,57,273,687,133,199,DNoHelmet
_1fw1y23ll,58,273,687,133,199,DNoHelmet
_1fw1y23ll,59,273,687,133,199,DNoHelmet
_1fw1y23ll,60,273,687,133,199,DNoHelmet
_1fw1y23ll,61,273,687,133,199,DNoHelmet
_1fw1y23ll,62,273,687,133,199,DNoHelmet
_1fw1y23ll,63,273,687,133,199,DNoHelmet
_1fw1y23ll,64,273,687,133,199,DNoHelmet
_1fw1y23ll,65,273,687,133,199,DNoHelmet
_1fw1y23ll,66,273,687,133,199,DNoHelmet
_1fw1y23ll,67,273,687,133,199,DNoHelmet
_1fw1y23ll,68,273,687,133,199,DNoHelmet
_1fw1y23ll,69,273,687,133,199,DNoHelmet
_1fw1y23ll,70,273,687,133,199,DNoHelmet
_1fw1y23ll,71,273,687,132,199,DNoHelmet
_1fw1y23ll,72,273,687,132,199,DNoHelmet
_1fw1y23ll,73,273,687,132,199,DNoHelmet
_1fw1y23ll,74,273,687,132,199,DNoHelmet
_1fw1y23ll,75,273,687,132,199,DNoHelmet
_1fw1y23ll,76,273,687,132,199,DNoHelmet
_1fw1y23ll,77,273,687,132,199,DNoHelmet
_1fw1y23ll,78,273,687,132,199,DNoHelmet
_1fw1y23ll,79,273,687,132,199,DNoHelmet
_1fw1y23ll,80,273,687,132,199,DNoHelmet
_1fw1y23ll,81,273,687,132,199,DNoHelmet
_1fw1y23ll,82,273,687,132,199,DNoHelmet
_1fw1y23ll,83,273,687,132,199,DNoHelmet
_1fw1y23ll,84,273,687,132,199,DNoHelmet
_1fw1y23ll,85,273,687,132,199,DNoHelmet
_1fw1y23ll,86,273,687,132,199,DNoHelmet
_1fw1y23ll,87,273,687,132,199,DNoHelmet
_1fw1y23ll,88,273,687,132,199,DNoHelmet
_1fw1y23ll,89,273,687,132,199,DNoHelmet
_1fw1y23ll,90,273,687,132,199,DNoHelmet
_1fw1y23ll,91,273,687,132,199,DNoHelmet
_1fw1y23ll,92,273,687,132,199,DNoHelmet
_1fw1y23ll,93,273,687,132,199,DNoHelmet
_1fw1y23ll,94,273,687,132,199,DNoHelmet
_1fw1y23ll,95,273,687,131,199,DNoHelmet
_1fw1y23ll,96,273,687,131,199,DNoHelmet
_1fw1y23ll,97,273,687,131,199,DNoHelmet
_1fw1y23ll,98,273,687,131,199,DNoHelmet
_1fw1y23ll,99,273,687,131,199,DNoHelmet
_1fw1y23ll,100,273,687,131,199,DNoHelmet
_8kauwiyi2,1,355,678,181,205,DNoHelmet
_8kauwiyi2,2,355,678,180,205,DNoHelmet
_8kauwiyi2,3,354,678,181,205,DNoHelmet
_8kauwiyi2,4,354,678,181,205,DNoHelmet
_8kauwiyi2,5,354,678,181,205,DNoHelmet
_8kauwiyi2,6,355,678,180,205,DNoHelmet
_8kauwiyi2,7,355,678,180,205,DNoHelmet
_8kauwiyi2,8,355,678,180,205,DNoHelmet
_8kauwiyi2,9,355,678,180,205,DNoHelmet
_8kauwiyi2,10,355,678,180,205,DNoHelmet
_8kauwiyi2,11,355,678,180,205,DNoHelmet
_8kauwiyi2,12,355,678,180,205,DNoHelmet
_8kauwiyi2,13,355,678,180,205,DNoHelmet
_8kauwiyi2,14,355,678,180,205,DNoHelmet
_8kauwiyi2,15,355,678,180,205,DNoHelmet
_8kauwiyi2,16,355,678,180,205,DNoHelmet
_8kauwiyi2,17,355,678,180,205,DNoHelmet
_8kauwiyi2,18,355,678,180,205,DNoHelmet
_8kauwiyi2,19,355,678,180,205,DNoHelmet
_8kauwiyi2,20,355,678,180,205,DNoHelmet
_8kauwiyi2,21,355,678,180,205,DNoHelmet
_8kauwiyi2,22,355,678,180,205,DNoHelmet
_8kauwiyi2,23,355,678,180,205,DNoHelmet
_8kauwiyi2,24,355,678,180,205,DNoHelmet
_8kauwiyi2,25,355,678,180,205,DNoHelmet
_8kauwiyi2,26,355,678,180,205,DNoHelmet
_8kauwiyi2,27,355,678,180,205,DNoHelmet
_8kauwiyi2,28,355,678,180,205,DNoHelmet
_8kauwiyi2,29,355,678,180,205,DNoHelmet
_8kauwiyi2,30,355,678,180,205,DNoHelmet
_8kauwiyi2,31,355,678,180,205,DNoHelmet
_8kauwiyi2,32,355,678,180,205,DNoHelmet
_8kauwiyi2,33,355,678,180,205,DNoHelmet
_8kauwiyi2,34,355,678,180,205,DNoHelmet
_8kauwiyi2,35,355,678,180,205,DNoHelmet
_8kauwiyi2,36,355,678,180,205,DNoHelmet
_8kauwiyi2,37,355,678,180,205,DNoHelmet
_8kauwiyi2,38,355,678,180,205,DNoHelmet
_8kauwiyi2,39,355,678,180,205,DNoHelmet
_8kauwiyi2,40,355,678,180,205,DNoHelmet
_8kauwiyi2,41,355,678,180,205,DNoHelmet
_8kauwiyi2,42,355,678,180,205,DNoHelmet
_8kauwiyi2,43,355,678,180,205,DNoHelmet
_8kauwiyi2,44,355,678,180,205,DNoHelmet
_8kauwiyi2,45,355,678,180,205,DNoHelmet
_8kauwiyi2,46,356,678,179,205,DNoHelmet
_8kauwiyi2,47,356,678,179,205,DNoHelmet
_8kauwiyi2,48,356,678,179,205,DNoHelmet
_8kauwiyi2,49,356,678,179,205,DNoHelmet
_8kauwiyi2,50,356,678,179,205,DNoHelmet
_8kauwiyi2,51,356,678,179,205,DNoHelmet
_8kauwiyi2,52,356,678,179,205,DNoHelmet
_8kauwiyi2,53,356,678,179,205,DNoHelmet
_8kauwiyi2,54,356,678,179,205,DNoHelmet
_8kauwiyi2,55,356,678,179,205,DNoHelmet
_8kauwiyi2,56,356,678,179,205,DNoHelmet
_8kauwiyi2,57,356,678,179,205,DNoHelmet
_8kauwiyi2,58,356,678,179,205,DNoHelmet
_8kauwiyi2,59,356,678,179,205,DNoHelmet
_8kauwiyi2,60,356,678,179,205,DNoHelmet
_8kauwiyi2,61,356,678,179,205,DNoHelmet
_8kauwiyi2,62,356,678,179,205,DNoHelmet
_8kauwiyi2,63,356,678,179,205,DNoHelmet
_8kauwiyi2,64,356,678,179,205,DNoHelmet
_8kauwiyi2,65,356,678,179,205,DNoHelmet
_8kauwiyi2,66,356,678,179,205,DNoHelmet
_8kauwiyi2,67,356,678,179,205,DNoHelmet
_8kauwiyi2,68,356,678,179,205,DNoHelmet
_8kauwiyi2,69,356,678,179,205,DNoHelmet
_8kauwiyi2,70,356,678,179,205,DNoHelmet
_8kauwiyi2,71,356,678,179,205,DNoHelmet
_8kauwiyi2,72,356,678,179,205,DNoHelmet
_8kauwiyi2,73,356,678,179,205,DNoHelmet
_8kauwiyi2,74,356,678,179,205,DNoHelmet
_8kauwiyi2,75,356,678,179,205,DNoHelmet
_8kauwiyi2,76,356,678,179,205,DNoHelmet
_8kauwiyi2,77,356,678,179,205,DNoHelmet
_8kauwiyi2,78,356,678,179,205,DNoHelmet
_8kauwiyi2,79,356,678,179,205,DNoHelmet
_8kauwiyi2,80,356,678,179,205,DNoHelmet
_8kauwiyi2,81,356,678,179,205,DNoHelmet
_8kauwiyi2,82,356,678,179,205,DNoHelmet
_8kauwiyi2,83,356,678,179,205,DNoHelmet
_8kauwiyi2,84,356,678,179,205,DNoHelmet
_8kauwiyi2,85,356,678,179,205,DNoHelmet
_8kauwiyi2,86,357,678,178,205,DNoHelmet
_8kauwiyi2,87,357,678,178,205,DNoHelmet
_8kauwiyi2,88,357,678,178,205,DNoHelmet
_8kauwiyi2,89,357,678,178,205,DNoHelmet
_8kauwiyi2,90,357,678,178,205,DNoHelmet
_8kauwiyi2,91,357,678,178,205,DNoHelmet
_8kauwiyi2,92,357,678,178,205,DNoHelmet
_8kauwiyi2,93,357,678,178,205,DNoHelmet
_8kauwiyi2,94,357,678,178,205,DNoHelmet
_8kauwiyi2,95,357,678,178,205,DNoHelmet
_8kauwiyi2,96,357,678,178,205,DNoHelmet
_8kauwiyi2,97,357,678,179,205,DNoHelmet
_8kauwiyi2,98,357,678,179,205,DNoHelmet
_8kauwiyi2,99,357,678,179,205,DNoHelmet
_8kauwiyi2,100,357,678,179,205,DNoHelmet
_l9ar8o81r,1,1684,590,76,127,DHelmetP1Helmet
_l9ar8o81r,2,1650,591,80,130,DHelmetP1Helmet
_l9ar8o81r,3,1617,591,83,134,DHelmetP1Helmet
_l9ar8o81r,4,1583,592,87,137,DHelmetP1Helmet
_l9ar8o81r,5,1549,593,91,140,DHelmetP1Helmet
_l9ar8o81r,6,1515,593,95,144,DHelmetP1Helmet
_l9ar8o81r,7,1481,594,99,146,DHelmetP1Helmet
_l9ar8o81r,8,1442,597,99,153,DHelmetP1Helmet
_l9ar8o81r,9,1403,600,98,159,DHelmetP1Helmet
_l9ar8o81r,10,1364,603,98,166,DHelmetP1Helmet
_l9ar8o81r,11,1320,604,97,173,DHelmetP1Helmet
_l9ar8o81r,12,1272,609,102,176,DHelmetP1Helmet
_l9ar8o81r,13,1224,613,108,180,DHelmetP1Helmet
_l9ar8o81r,14,1176,617,114,184,DHelmetP1Helmet
_l9ar8o81r,15,1124,621,120,188,DHelmetP1Helmet
_l9ar8o81r,16,1073,625,125,192,DHelmetP1Helmet
_l9ar8o81r,17,1011,630,136,200,DHelmetP1Helmet
_l9ar8o81r,18,949,635,147,207,DHelmetP1Helmet
_l9ar8o81r,19,889,632,139,219,DHelmetP1Helmet
_l9ar8o81r,20,821,636,150,229,DHelmetP1Helmet
_l9ar8o81r,21,746,640,162,239,DHelmetP1Helmet
_l9ar8o81r,22,671,644,173,249,DHelmetP1Helmet
_l9ar8o81r,23,580,645,182,263,DHelmetP1Helmet
_l9ar8o81r,24,489,647,191,277,DHelmetP1Helmet
_l9ar8o81r,25,364,653,217,293,DHelmetP1Helmet
_l9ar8o81r,26,239,658,243,311,DHelmetP1Helmet
_l9ar8o81r,27,115,664,268,328,DHelmetP1Helmet
_l9ar8o81r,28,0,668,276,352,DHelmetP1Helmet
_vjn0fwcol,1,1682,644,192,267,DNoHelmetP1NoHelmet
_vjn0fwcol,2,1723,632,185,263,DNoHelmetP1NoHelmet
_vjn0fwcol,3,1757,630,163,251,DNoHelmetP1NoHelmet
_vjn0fwcol,4,1788,623,132,252,DNoHelmetP1NoHelmet
_y0sfzodo7,3,36,698,413,382,DHelmetP1Helmet
_y0sfzodo7,4,245,687,358,393,DHelmetP1Helmet
_y0sfzodo7,5,421,677,315,403,DHelmetP1Helmet
_y0sfzodo7,6,581,668,270,375,DHelmetP1Helmet
_y0sfzodo7,7,711,660,241,352,DHelmetP1Helmet
_y0sfzodo7,8,831,652,219,331,DHelmetP1Helmet
_y0sfzodo7,9,936,647,198,309,DHelmetP1Helmet
_y0sfzodo7,10,1027,641,181,296,DHelmetP1Helmet
_y0sfzodo7,11,1104,632,170,283,DHelmetP1Helmet
_y0sfzodo7,12,1171,630,161,268,DHelmetP1Helmet
_y0sfzodo7,13,1238,627,151,254,DHelmetP1Helmet
_y0sfzodo7,14,1305,624,141,241,DHelmetP1Helmet
_y0sfzodo7,15,1354,620,135,230,DHelmetP1Helmet
_y0sfzodo7,16,1402,616,130,220,DHelmetP1Helmet
_y0sfzodo7,17,1451,612,125,210,DHelmetP1Helmet
_y0sfzodo7,18,1497,609,120,204,DHelmetP1Helmet
_y0sfzodo7,19,1533,607,114,197,DHelmetP1Helmet
_y0sfzodo7,20,1568,605,109,190,DHelmetP1Helmet
_y0sfzodo7,21,1604,602,104,184,DHelmetP1Helmet
_y0sfzodo7,22,1637,600,101,177,DHelmetP1Helmet
_y0sfzodo7,23,1670,598,98,170,DHelmetP1Helmet
_y0sfzodo7,24,1696,597,95,165,DHelmetP1Helmet
_y0sfzodo7,25,1721,596,92,160,DHelmetP1Helmet
_y0sfzodo7,26,1746,595,90,155,DHelmetP1Helmet
_y0sfzodo7,27,1772,594,86,150,DHelmetP1Helmet
_y0sfzodo7,28,1792,593,84,145,DHelmetP1Helmet
_y0sfzodo7,29,1813,592,81,140,DHelmetP1Helmet
_y0sfzodo7,30,1834,591,77,135,DHelmetP1Helmet
_y0sfzodo7,31,1854,589,66,134,DHelmetP1Helmet
_6ylcsu5yk,24,55,742,503,338,DHelmetP1Helmet
_6ylcsu5yk,25,265,726,465,354,DHelmetP1Helmet
_6ylcsu5yk,26,474,709,409,371,DHelmetP1Helmet
_6ylcsu5yk,27,641,697,367,383,DHelmetP1Helmet
_6ylcsu5yk,28,783,689,339,391,DHelmetP1Helmet
_6ylcsu5yk,29,926,680,291,400,DHelmetP1Helmet
_6ylcsu5yk,30,1031,672,279,390,DHelmetP1Helmet
_6ylcsu5yk,31,1126,664,263,373,DHelmetP1Helmet
_6ylcsu5yk,32,1227,659,233,351,DHelmetP1Helmet
_6ylcsu5yk,33,1299,652,223,336,DHelmetP1Helmet
_6ylcsu5yk,34,1371,646,213,321,DHelmetP1Helmet
_6ylcsu5yk,35,1437,643,200,305,DHelmetP1Helmet
_6ylcsu5yk,36,1503,640,187,288,DHelmetP1Helmet
_6ylcsu5yk,37,1554,635,181,280,DHelmetP1Helmet
_6ylcsu5yk,38,1606,630,174,272,DHelmetP1Helmet
_6ylcsu5yk,39,1663,626,155,261,DHelmetP1Helmet
_6ylcsu5yk,40,1704,623,150,249,DHelmetP1Helmet
_6ylcsu5yk,41,1748,620,145,239,DHelmetP1Helmet
_6ylcsu5yk,42,1777,619,140,228,DHelmetP1Helmet
_6ylcsu5yk,43,1823,616,97,229,DHelmetP1Helmet
_z8sh9iptw,60,8,752,511,328,DHelmetP1Helmet
_z8sh9iptw,61,210,739,462,341,DHelmetP1Helmet
_z8sh9iptw,62,407,724,396,356,DHelmetP1Helmet
_z8sh9iptw,63,548,714,363,366,DHelmetP1Helmet
_z8sh9iptw,64,676,704,332,376,DHelmetP1Helmet
_z8sh9iptw,65,795,694,304,386,DHelmetP1Helmet
_z8sh9iptw,66,898,690,282,390,DHelmetP1Helmet
_z8sh9iptw,67,995,678,256,381,DHelmetP1Helmet
_z8sh9iptw,68,1071,672,244,361,DHelmetP1Helmet
_z8sh9iptw,69,1147,665,231,342,DHelmetP1Helmet
_z8sh9iptw,70,1210,659,220,330,DHelmetP1Helmet
_z8sh9iptw,71,1273,653,208,319,DHelmetP1Helmet
_z8sh9iptw,72,1336,648,196,306,DHelmetP1Helmet
_z8sh9iptw,73,1384,645,190,295,DHelmetP1Helmet
_z8sh9iptw,74,1432,642,183,284,DHelmetP1Helmet
_z8sh9iptw,75,1480,640,177,272,DHelmetP1Helmet
_z8sh9iptw,76,1529,637,170,261,DHelmetP1Helmet
_z8sh9iptw,77,1564,632,169,255,DHelmetP1Helmet
_z8sh9iptw,78,1600,627,167,249,DHelmetP1Helmet
_z8sh9iptw,79,1633,625,169,243,DHelmetP1Helmet
_z8sh9iptw,80,1667,623,170,237,DHelmetP1Helmet
_z8sh9iptw,81,1701,621,172,231,DHelmetP1Helmet
_z8sh9iptw,82,1735,619,173,226,DHelmetP1Helmet
_z8sh9iptw,83,1769,617,151,220,DHelmetP1Helmet
_z8sh9iptw,84,1802,615,118,214,DHelmetP1Helmet
_z8sh9iptw,85,1822,615,98,205,DHelmetP1Helmet
_p3ejzf8rs,77,119,793,583,287,DHelmetP1Helmet
_p3ejzf8rs,78,326,777,517,303,DHelmetP1Helmet
_p3ejzf8rs,79,491,760,464,320,DHelmetP1Helmet
_p3ejzf8rs,80,656,742,410,338,DHelmetP1Helmet
_p3ejzf8rs,81,776,731,380,349,DHelmetP1Helmet
_p3ejzf8rs,82,896,719,349,361,DHelmetP1Helmet
_p3ejzf8rs,83,995,708,316,372,DHelmetP1Helmet
_p3ejzf8rs,84,1095,697,282,383,DHelmetP1Helmet
_p3ejzf8rs,85,1167,685,276,395,DHelmetP1Helmet
_p3ejzf8rs,86,1240,683,260,397,DHelmetP1Helmet
_p3ejzf8rs,87,1305,675,244,405,DHelmetP1Helmet
_p3ejzf8rs,88,1360,671,234,394,DHelmetP1Helmet
_p3ejzf8rs,89,1414,667,225,380,DHelmetP1Helmet
_p3ejzf8rs,90,1469,663,214,366,DHelmetP1Helmet
_p3ejzf8rs,91,1513,659,206,350,DHelmetP1Helmet
_p3ejzf8rs,92,1556,656,199,333,DHelmetP1Helmet
_p3ejzf8rs,93,1592,651,193,323,DHelmetP1Helmet
_p3ejzf8rs,94,1628,646,187,312,DHelmetP1Helmet
_p3ejzf8rs,95,1664,640,182,303,DHelmetP1Helmet
_p3ejzf8rs,96,1699,638,171,291,DHelmetP1Helmet
_p3ejzf8rs,97,1735,635,159,280,DHelmetP1Helmet
_p3ejzf8rs,98,1771,632,147,269,DHelmetP1Helmet
_p3ejzf8rs,99,1791,628,129,265,DHelmetP1Helmet
_p3ejzf8rs,100,1812,624,108,261,DHelmetP1Helmet
_l28z5pf24,68,1726,582,65,126,DHelmetP1Helmet
_l28z5pf24,69,1697,583,67,130,DHelmetP1Helmet
_l28z5pf24,70,1669,584,68,134,DHelmetP1Helmet
_l28z5pf24,71,1641,586,69,137,DHelmetP1Helmet
_l28z5pf24,72,1613,587,69,141,DHelmetP1Helmet
_l28z5pf24,73,1584,588,71,145,DHelmetP1Helmet
_l28z5pf24,74,1547,591,73,149,DHelmetP1Helmet
_l28z5pf24,75,1510,594,76,153,DHelmetP1Helmet
_l28z5pf24,76,1473,597,78,157,DHelmetP1Helmet
_l28z5pf24,77,1436,600,80,161,DHelmetP1Helmet
_l28z5pf24,78,1389,600,88,172,DHelmetP1Helmet
_l28z5pf24,79,1342,600,95,183,DHelmetP1Helmet
_l28z5pf24,80,1285,604,101,187,DHelmetP1Helmet
_l28z5pf24,81,1227,608,108,191,DHelmetP1Helmet
_l28z5pf24,82,1170,612,115,195,DHelmetP1Helmet
_l28z5pf24,83,1098,616,120,204,DHelmetP1Helmet
_l28z5pf24,84,1026,620,125,213,DHelmetP1Helmet
_l28z5pf24,85,936,623,140,227,DHelmetP1Helmet
_l28z5pf24,86,845,625,155,242,DHelmetP1Helmet
_l28z5pf24,87,732,629,173,258,DHelmetP1Helmet
_l28z5pf24,88,620,634,189,272,DHelmetP1Helmet
_l28z5pf24,89,474,640,217,291,DHelmetP1Helmet
_l28z5pf24,90,328,647,244,308,DHelmetP1Helmet
_l28z5pf24,91,151,653,274,333,DHelmetP1Helmet
_l28z5pf24,92,2,661,263,360,DHelmetP1Helmet
_x5n46f85i,86,1820,581,69,105,DNoHelmetP1NoHelmet
_x5n46f85i,87,1808,582,69,106,DNoHelmetP1NoHelmet
_x5n46f85i,88,1797,582,70,108,DNoHelmetP1NoHelmet
_x5n46f85i,89,1787,583,70,108,DNoHelmetP1NoHelmet
_x5n46f85i,90,1778,584,69,109,DNoHelmetP1NoHelmet
_x5n46f85i,91,1768,585,69,110,DNoHelmetP1NoHelmet
_x5n46f85i,92,1759,587,68,110,DNoHelmetP1NoHelmet
_x5n46f85i,93,1740,586,79,113,DNoHelmetP1NoHelmet
_x5n46f85i,94,1727,587,80,115,DNoHelmetP1NoHelmet
_x5n46f85i,95,1714,587,82,117,DNoHelmetP1NoHelmet
_x5n46f85i,96,1702,588,83,119,DNoHelmetP1NoHelmet
_x5n46f85i,97,1689,589,84,120,DNoHelmetP1NoHelmet
_x5n46f85i,98,1676,589,86,123,DNoHelmetP1NoHelmet
_x5n46f85i,99,1660,591,89,123,DNoHelmetP1NoHelmet
_x5n46f85i,100,1644,593,92,123,DNoHelmetP1NoHelmet
