track_id,frame_id,x,y,w,h,label
_sudatnoni,1,55,544,86,146,DHelmet
_sudatnoni,2,37,542,85,129,DHelmet
_sudatnoni,3,15,539,85,129,DHelmet
_sudatnoni,4,0,539,83,123,DHelmet
_sudatnoni,5,0,539,66,119,DHelmet
_sjehrbooa,1,1200,633,202,261,DHelmet
_sjehrbooa,2,1163,630,196,256,DHelmet
_sjehrbooa,3,1126,627,190,252,DHelmet
_sjehrbooa,4,1089,624,184,248,DHelmet
_sjehrbooa,5,1058,621,178,244,DHelmet
_sjehrbooa,6,1027,618,172,240,DHelmet
_sjehrbooa,7,997,615,165,235,DHelmet
_sjehrbooa,8,966,612,161,232,DHelmet
_sjehrbooa,9,935,609,157,228,DHelmet
_sjehrbooa,10,908,606,152,224,DHelmet
_sjehrbooa,11,880,603,148,219,DHelmet
_sjehrbooa,12,853,599,144,216,DHelmet
_sjehrbooa,13,828,597,139,212,DHelmet
_sjehrbooa,14,803,595,135,208,DHelmet
_sjehrbooa,15,777,593,132,205,DHelmet
_sjehrbooa,16,750,591,131,202,DHelmet
_sjehrbooa,17,724,589,128,199,DHelmet
_sjehrbooa,18,698,587,126,196,DHelmet
_sjehrbooa,19,672,586,124,191,DHelmet
_sjehrbooa,20,647,584,121,188,DHelmet
_sjehrbooa,21,621,582,120,185,DHelmet
_sjehrbooa,22,599,580,118,184,DHelmet
_sjehrbooa,23,576,579,118,182,DHelmet
_sjehrbooa,24,553,577,117,180,DHelmet
_sjehrbooa,25,534,575,113,179,DHelmet
_sjehrbooa,26,514,574,110,177,DHelmet
_sjehrbooa,27,494,572,106,176,DHelmet
_sjehrbooa,28,475,570,104,173,DHelmet
_sjehrbooa,29,456,567,101,172,DHelmet
_sjehrbooa,30,439,566,98,169,DHelmet
_sjehrbooa,31,421,565,96,167,DHelmet
_sjehrbooa,32,404,564,92,164,DHelmet
_sjehrbooa,33,389,563,90,161,DHelmet
_sjehrbooa,34,375,562,87,159,DHelmet
_sjehrbooa,35,361,561,83,156,DHelmet
_sjehrbooa,36,346,560,83,153,DHelmet
_sjehrbooa,37,331,559,82,151,DHelmet
_sjehrbooa,38,317,558,80,148,DHelmet
_sjehrbooa,39,302,557,80,145,DHelmet
_sjehrbooa,40,289,555,79,145,DHelmet
_sjehrbooa,41,275,554,79,143,DHelmet
_sjehrbooa,42,262,553,78,142,DHelmet
_sjehrbooa,43,248,551,79,141,DHelmet
_sjehrbooa,44,235,550,78,140,DHelmet
_sjehrbooa,45,222,549,77,138,DHelmet
_sjehrbooa,46,208,548,77,137,DHelmet
_sjehrbooa,47,195,546,77,136,DHelmet
_sjehrbooa,48,182,545,76,135,DHelmet
_sjehrbooa,49,168,544,76,133,DHelmet
_sjehrbooa,50,155,542,75,133,DHelmet
_sjehrbooa,51,142,541,75,131,DHelmet
_sjehrbooa,52,128,540,76,129,DHelmet
_sjehrbooa,53,115,539,76,127,DHelmet
_k344g7e76,4,1696,693,224,308,DHelmet
_k344g7e76,5,1638,686,282,304,DHelmet
_k344g7e76,6,1582,680,272,299,DHelmet
_k344g7e76,7,1528,670,264,297,DHelmet
_k344g7e76,8,1480,669,252,284,DHelmet
_k344g7e76,9,1431,664,243,280,DHelmet
_k344g7e76,10,1385,660,233,274,DHelmet
_k344g7e76,11,1342,655,224,270,DHelmet
_k344g7e76,12,1301,651,217,264,DHelmet
_k344g7e76,13,1260,648,210,257,DHelmet
_k344g7e76,14,1220,645,202,251,DHelmet
_k344g7e76,15,1179,641,195,245,DHelmet
_k344g7e76,16,1144,638,188,238,DHelmet
_k344g7e76,17,1109,635,181,231,DHelmet
_k344g7e76,18,1079,632,173,228,DHelmet
_k344g7e76,19,1048,629,166,224,DHelmet
_k344g7e76,20,1017,626,160,220,DHelmet
_k344g7e76,21,987,623,152,217,DHelmet
_k344g7e76,22,957,620,149,213,DHelmet
_k344g7e76,23,927,616,146,210,DHelmet
_k344g7e76,24,897,613,143,206,DHelmet
_k344g7e76,25,867,610,140,202,DHelmet
_k344g7e76,26,837,607,139,198,DHelmet
_k344g7e76,27,807,604,137,195,DHelmet
_k344g7e76,28,784,604,130,191,DHelmet
_k344g7e76,29,760,604,124,187,DHelmet
_k344g7e76,30,736,600,121,186,DHelmet
_k344g7e76,31,712,597,118,183,DHelmet
_k344g7e76,32,688,594,114,181,DHelmet
_k344g7e76,33,665,592,111,179,DHelmet
_k344g7e76,34,642,590,108,177,DHelmet
_k344g7e76,35,618,588,107,174,DHelmet
_k344g7e76,36,595,586,105,171,DHelmet
_k344g7e76,37,571,584,104,167,DHelmet
_k344g7e76,38,550,582,102,166,DHelmet
_k344g7e76,39,528,580,101,165,DHelmet
_k344g7e76,40,507,578,99,164,DHelmet
_k344g7e76,41,487,576,98,163,DHelmet
_k344g7e76,42,468,574,97,162,DHelmet
_k344g7e76,43,448,573,96,159,DHelmet
_k344g7e76,44,428,571,95,158,DHelmet
_k344g7e76,45,409,570,94,150,DHelmet
_k344g7e76,46,390,569,93,148,DHelmet
_k344g7e76,47,375,567,91,150,DHelmet
_k344g7e76,48,362,568,90,152,DHelmet
_k344g7e76,49,345,566,86,146,DHelmet
_k344g7e76,50,328,564,81,140,DHelmet
_k344g7e76,51,312,563,81,139,DHelmet
_k344g7e76,52,296,562,82,138,DHelmet
_k344g7e76,53,280,561,82,136,DHelmet
_k344g7e76,54,264,560,82,135,DHelmet
_k344g7e76,55,248,559,82,134,DHelmet
_k344g7e76,56,237,558,80,132,DHelmet
_k344g7e76,57,225,557,80,131,DHelmet
_k344g7e76,58,213,555,79,131,DHelmet
_k344g7e76,59,202,554,77,130,DHelmet
_k344g7e76,60,190,553,76,128,DHelmet
_k344g7e76,61,179,552,75,127,DHelmet
_k344g7e76,62,167,550,74,127,DHelmet
_k344g7e76,63,155,549,73,125,DHelmet
_k344g7e76,64,144,548,71,124,DHelmet
_k344g7e76,65,132,547,71,123,DHelmet
_k344g7e76,66,121,545,69,123,DHelmet
_k344g7e76,67,109,544,68,121,DHelmet
_k344g7e76,68,99,543,67,120,DHelmet
_k344g7e76,69,89,542,66,119,DHelmet
_k344g7e76,70,79,541,64,117,DHelmet
_k344g7e76,71,69,539,63,117,DHelmet
_k344g7e76,72,62,539,63,115,DHelmet
_k344g7e76,73,54,539,63,114,DHelmet
_k344g7e76,74,47,538,62,113,DHelmet
_k344g7e76,75,37,538,62,111,DHelmet
_k344g7e76,76,28,537,62,109,DHelmet
_k344g7e76,77,18,536,62,108,DHelmet
_k6ffa3vvb,10,1610,711,310,354,DHelmet
_k6ffa3vvb,11,1494,685,342,395,DHelmet
_k6ffa3vvb,12,1388,666,308,388,DHelmet
_k6ffa3vvb,13,1292,657,280,366,DHelmet
_k6ffa3vvb,14,1207,654,251,342,DHelmet
_k6ffa3vvb,15,1124,651,234,320,DHelmet
_k6ffa3vvb,16,1051,642,221,309,DHelmet
_k6ffa3vvb,17,971,633,199,296,DHelmet
_k6ffa3vvb,18,899,627,191,282,DHelmet
_k6ffa3vvb,19,830,622,183,267,DHelmet
_k6ffa3vvb,20,763,614,177,258,DHelmet
_k6ffa3vvb,21,706,605,163,251,DHelmet
_k6ffa3vvb,22,650,600,155,243,DHelmet
_k6ffa3vvb,23,597,596,145,234,DHelmet
_k6ffa3vvb,24,549,591,136,226,DHelmet
_k6ffa3vvb,25,507,585,125,219,DHelmet
_k6ffa3vvb,26,464,581,120,212,DHelmet
_k6ffa3vvb,27,428,578,113,204,DHelmet
_k6ffa3vvb,28,389,574,107,197,DHelmet
_k6ffa3vvb,29,355,571,103,190,DHelmet
_k6ffa3vvb,30,317,565,101,187,DHelmet
_k6ffa3vvb,31,292,563,98,183,DHelmet
_k6ffa3vvb,32,262,558,92,179,DHelmet
_k6ffa3vvb,33,232,555,90,175,DHelmet
_k6ffa3vvb,34,204,552,89,171,DHelmet
_k6ffa3vvb,35,176,551,87,166,DHelmet
_k6ffa3vvb,36,153,549,86,162,DHelmet
_k6ffa3vvb,37,129,548,84,157,DHelmet
_k6ffa3vvb,38,106,545,82,155,DHelmet
_k6ffa3vvb,39,85,543,81,152,DHelmet
_k6ffa3vvb,40,66,540,79,150,DHelmet
_k6ffa3vvb,41,45,539,77,147,DHelmet
_k6ffa3vvb,42,31,538,75,144,DHelmet
_k6ffa3vvb,43,18,537,72,142,DHelmet
_k6ffa3vvb,44,6,537,68,138,DHelmet
_k6ffa3vvb,45,0,537,57,135,DHelmet
_z2aa2jzm0,29,1707,724,213,316,DHelmet
_z2aa2jzm0,30,1583,709,320,333,DHelmet
_z2aa2jzm0,31,1469,696,295,317,DHelmet
_z2aa2jzm0,32,1370,686,270,301,DHelmet
_z2aa2jzm0,33,1279,676,245,288,DHelmet
_z2aa2jzm0,34,1197,667,220,274,DHelmet
_z2aa2jzm0,35,1118,658,203,264,DHelmet
_z2aa2jzm0,36,1048,648,187,254,DHelmet
_z2aa2jzm0,37,984,639,170,244,DHelmet
_z2aa2jzm0,38,922,637,159,230,DHelmet
_z2aa2jzm0,39,866,629,149,224,DHelmet
_z2aa2jzm0,40,812,625,142,214,DHelmet
_z2aa2jzm0,41,763,619,134,208,DHelmet
_z2aa2jzm0,42,715,612,124,202,DHelmet
_z2aa2jzm0,43,669,609,120,195,DHelmet
_z2aa2jzm0,44,622,605,117,189,DHelmet
_z2aa2jzm0,45,579,601,113,184,DHelmet
_z2aa2jzm0,46,536,597,109,179,DHelmet
_z2aa2jzm0,47,494,592,110,175,DHelmet
_z2aa2jzm0,48,457,588,105,171,DHelmet
_z2aa2jzm0,49,419,585,102,167,DHelmet
_z2aa2jzm0,50,381,581,99,163,DHelmet
_z2aa2jzm0,51,343,578,96,159,DHelmet
_z2aa2jzm0,52,311,574,92,156,DHelmet
_z2aa2jzm0,53,278,571,90,152,DHelmet
_z2aa2jzm0,54,245,568,80,148,DHelmet
_z2aa2jzm0,55,215,565,80,145,DHelmet
_43zrygxtp,44,1604,708,316,330,DHelmetP1NoHelmet
_43zrygxtp,45,1495,691,314,315,DHelmetP1NoHelmet
_43zrygxtp,46,1397,679,286,301,DHelmetP1NoHelmet
_43zrygxtp,47,1304,671,266,286,DHelmetP1NoHelmet
_43zrygxtp,48,1224,665,244,272,DHelmetP1NoHelmet
_43zrygxtp,49,1144,654,230,263,DHelmetP1NoHelmet
_43zrygxtp,50,1070,647,215,254,DHelmetP1NoHelmet
_43zrygxtp,51,1000,638,203,245,DHelmetP1NoHelmet
_43zrygxtp,52,939,631,191,236,DHelmetP1NoHelmet
_43zrygxtp,53,878,628,180,227,DHelmetP1NoHelmet
_43zrygxtp,54,821,620,173,221,DHelmetP1NoHelmet
_43zrygxtp,55,765,617,165,213,DHelmetP1NoHelmet
_43zrygxtp,56,718,610,158,206,DHelmetP1NoHelmet
_43zrygxtp,57,667,607,150,200,DHelmetP1NoHelmet
_43zrygxtp,58,624,605,143,192,DHelmetP1NoHelmet
_43zrygxtp,59,581,601,135,188,DHelmetP1NoHelmet
_43zrygxtp,60,539,597,128,184,DHelmetP1NoHelmet
_43zrygxtp,61,499,594,121,178,DHelmetP1NoHelmet
_43zrygxtp,62,464,591,113,173,DHelmetP1NoHelmet
_43zrygxtp,63,432,587,110,170,DHelmetP1NoHelmet
_43zrygxtp,64,400,584,107,167,DHelmetP1NoHelmet
_43zrygxtp,65,368,580,104,165,DHelmetP1NoHelmet
_43zrygxtp,66,336,577,102,161,DHelmetP1NoHelmet
_43zrygxtp,67,304,574,99,158,DHelmetP1NoHelmet
_43zrygxtp,68,272,570,96,156,DHelmetP1NoHelmet
_43zrygxtp,69,240,567,93,153,DHelmetP1NoHelmet
_43zrygxtp,70,213,563,91,150,DHelmetP1NoHelmet
_43zrygxtp,71,188,560,87,147,DHelmetP1NoHelmet
_43zrygxtp,72,165,556,85,145,DHelmetP1NoHelmet
_43zrygxtp,73,141,556,82,140,DHelmetP1NoHelmet
_43zrygxtp,74,118,555,79,137,DHelmetP1NoHelmet
_43zrygxtp,75,97,552,77,134,DHelmetP1NoHelmet
_43zrygxtp,76,80,550,72,131,DHelmetP1NoHelmet
_43zrygxtp,77,59,548,73,129,DHelmetP1NoHelmet
_43zrygxtp,78,41,546,71,128,DHelmetP1NoHelmet
_43zrygxtp,79,16,544,73,126,DHelmetP1NoHelmet
_43zrygxtp,80,3,542,67,123,DHelmetP1NoHelmet
_3jmddlt5r,1,1808,582,60,119,DNoHelmet
_3jmddlt5r,2,1798,583,61,120,DNoHelmet
_3jmddlt5r,3,1789,583,61,122,DNoHelmet
_3jmddlt5r,4,1780,584,61,123,DNoHelmet
_3jmddlt5r,5,1770,585,62,124,DNoHelmet
_3jmddlt5r,6,1761,585,63,127,DNoHelmet
_3jmddlt5r,7,1752,586,63,128,DNoHelmet
_3jmddlt5r,8,1743,587,63,129,DNoHelmet
_3jmddlt5r,9,1731,588,66,131,DNoHelmet
_3jmddlt5r,10,1719,589,68,132,DNoHelmet
_3jmddlt5r,11,1707,590,71,134,DNoHelmet
_3jmddlt5r,12,1695,591,74,136,DNoHelmet
_3jmddlt5r,13,1683,592,76,138,DNoHelmet
_3jmddlt5r,14,1671,593,77,138,DNoHelmet
_3jmddlt5r,15,1659,593,79,140,DNoHelmet
_3jmddlt5r,16,1647,593,80,142,DNoHelmet
_3jmddlt5r,17,1634,593,82,144,DNoHelmet
_3jmddlt5r,18,1622,594,83,145,DNoHelmet
_3jmddlt5r,19,1608,594,84,147,DNoHelmet
_3jmddlt5r,20,1594,594,85,149,DNoHelmet
_3jmddlt5r,21,1580,594,86,151,DNoHelmet
_3jmddlt5r,22,1566,595,88,151,DNoHelmet
_3jmddlt5r,23,1552,595,89,153,DNoHelmet
_3jmddlt5r,24,1534,596,94,154,DNoHelmet
_3jmddlt5r,25,1517,597,97,155,DNoHelmet
_3jmddlt5r,26,1498,598,102,156,DNoHelmet
_3jmddlt5r,27,1479,599,106,157,DNoHelmet
_3jmddlt5r,28,1459,600,113,158,DNoHelmet
_3jmddlt5r,29,1438,601,114,159,DNoHelmet
_3jmddlt5r,30,1416,601,121,161,DNoHelmet
_3jmddlt5r,31,1393,602,124,162,DNoHelmet
_3jmddlt5r,32,1370,603,128,163,DNoHelmet
_3jmddlt5r,33,1348,604,130,164,DNoHelmet
_3jmddlt5r,34,1321,605,140,165,DNoHelmet
_3jmddlt5r,35,1294,606,144,166,DNoHelmet
_3jmddlt5r,36,1267,607,148,167,DNoHelmet
_3jmddlt5r,37,1240,608,152,168,DNoHelmet
_3jmddlt5r,38,1213,609,156,169,DNoHelmet
_3jmddlt5r,39,1186,610,160,170,DNoHelmet
_3jmddlt5r,40,1154,610,170,171,DNoHelmet
_3jmddlt5r,41,1122,610,173,171,DNoHelmet
_3jmddlt5r,42,1087,609,179,173,DNoHelmet
_3jmddlt5r,43,1051,611,188,171,DNoHelmet
_3jmddlt5r,44,1015,613,192,169,DNoHelmet
_3jmddlt5r,45,979,615,193,168,DNoHelmet
_3jmddlt5r,46,942,614,197,168,DNoHelmet
_3jmddlt5r,47,905,613,198,169,DNoHelmet
_3jmddlt5r,48,867,611,197,171,DNoHelmet
_3jmddlt5r,49,832,614,196,168,DNoHelmet
_3jmddlt5r,50,798,610,193,167,DNoHelmet
_3jmddlt5r,51,768,605,188,168,DNoHelmet
_3jmddlt5r,52,737,603,184,166,DNoHelmet
_3jmddlt5r,53,706,601,180,165,DNoHelmet
_3jmddlt5r,54,680,599,176,164,DNoHelmet
_3jmddlt5r,55,654,597,172,162,DNoHelmet
_3jmddlt5r,56,628,595,168,161,DNoHelmet
_3jmddlt5r,57,606,593,161,160,DNoHelmet
_3jmddlt5r,58,585,591,154,159,DNoHelmet
_3jmddlt5r,59,568,589,142,157,DNoHelmet
_3jmddlt5r,60,537,587,143,156,DNoHelmet
_3jmddlt5r,61,520,585,132,155,DNoHelmet
_3jmddlt5r,62,497,583,127,153,DNoHelmet
_3jmddlt5r,63,480,581,126,152,DNoHelmet
_3jmddlt5r,64,462,578,127,152,DNoHelmet
_3jmddlt5r,65,444,576,127,151,DNoHelmet
_3jmddlt5r,66,426,573,127,151,DNoHelmet
_3jmddlt5r,67,413,573,123,148,DNoHelmet
_3jmddlt5r,68,399,572,119,146,DNoHelmet
_3jmddlt5r,69,386,571,114,144,DNoHelmet
_3jmddlt5r,70,371,568,111,143,DNoHelmet
_3jmddlt5r,71,357,566,106,141,DNoHelmet
_3jmddlt5r,72,353,565,102,140,DNoHelmet
_3jmddlt5r,73,338,564,86,139,DNoHelmet
_3jmddlt5r,74,323,563,85,138,DNoHelmet
_3jmddlt5r,75,308,562,83,137,DNoHelmet
_3jmddlt5r,76,292,562,83,135,DNoHelmet
_3jmddlt5r,77,277,561,82,133,DNoHelmet
_3jmddlt5r,78,262,559,81,133,DNoHelmet
_3jmddlt5r,79,247,558,80,131,DNoHelmet
_3jmddlt5r,80,232,557,79,130,DNoHelmet
_3jmddlt5r,81,217,555,78,129,DNoHelmet
_3jmddlt5r,82,202,554,77,127,DNoHelmet
_3jmddlt5r,83,188,553,76,126,DNoHelmet
_3jmddlt5r,84,173,551,76,125,DNoHelmet
_3jmddlt5r,85,159,550,74,123,DNoHelmet
_3jmddlt5r,86,144,548,74,123,DNoHelmet
_3jmddlt5r,87,130,547,73,121,DNoHelmet
_3jmddlt5r,88,116,546,72,119,DNoHelmet
_3jmddlt5r,89,101,544,71,119,DNoHelmet
_3jmddlt5r,90,87,543,70,117,DNoHelmet
_3jmddlt5r,91,73,542,69,116,DNoHelmet
_3jmddlt5r,92,55,540,72,115,DNoHelmet
_3jmddlt5r,93,41,539,70,113,DNoHelmet
_3jmddlt5r,94,24,538,67,112,DNoHelmet
_3jmddlt5r,95,5,536,75,111,DNoHelmet
_89qwpcsua,35,4,571,95,177,DHelmet
_89qwpcsua,36,11,573,112,179,DHelmet
_89qwpcsua,37,33,575,115,181,DHelmet
_89qwpcsua,38,57,576,119,185,DHelmet
_89qwpcsua,39,81,578,124,187,DHelmet
_89qwpcsua,40,105,580,128,190,DHelmet
_89qwpcsua,41,133,582,131,193,DHelmet
_89qwpcsua,42,161,584,134,196,DHelmet
_89qwpcsua,43,189,586,139,198,DHelmet
_89qwpcsua,44,217,588,144,201,DHelmet
_89qwpcsua,45,251,591,147,205,DHelmet
_89qwpcsua,46,285,594,151,210,DHelmet
_89qwpcsua,47,319,597,156,214,DHelmet
_89qwpcsua,48,353,600,161,218,DHelmet
_89qwpcsua,49,391,603,167,222,DHelmet
_89qwpcsua,50,430,606,173,226,DHelmet
_89qwpcsua,51,470,609,179,230,DHelmet
_89qwpcsua,52,511,610,186,238,DHelmet
_89qwpcsua,53,555,615,193,241,DHelmet
_89qwpcsua,54,602,618,200,247,DHelmet
_89qwpcsua,55,652,622,207,252,DHelmet
_89qwpcsua,56,704,626,216,258,DHelmet
_89qwpcsua,57,759,631,224,263,DHelmet
_89qwpcsua,58,814,634,232,269,DHelmet
_89qwpcsua,59,872,640,247,275,DHelmet
_89qwpcsua,60,935,645,256,282,DHelmet
_89qwpcsua,61,1001,650,264,289,DHelmet
_89qwpcsua,62,1069,656,277,297,DHelmet
_89qwpcsua,63,1137,663,290,303,DHelmet
_89qwpcsua,64,1212,668,306,312,DHelmet
_89qwpcsua,65,1288,674,320,320,DHelmet
_89qwpcsua,66,1371,681,335,331,DHelmet
_89qwpcsua,67,1454,688,350,342,DHelmet
_89qwpcsua,68,1540,695,376,353,DHelmet
_89qwpcsua,69,1636,705,284,343,DHelmet
_n6coh6ono,63,4,563,98,177,DNoHelmetP1NoHelmetP2NoHelmet
_n6coh6ono,64,43,562,100,185,DNoHelmetP1NoHelmetP2NoHelmet
_n6coh6ono,65,76,565,111,193,DNoHelmetP1NoHelmetP2NoHelmet
_n6coh6ono,66,118,572,108,197,DNoHelmetP1NoHelmetP2NoHelmet
_n6coh6ono,67,155,577,116,203,DNoHelmetP1NoHelmetP2NoHelmet
_n6coh6ono,68,199,583,123,209,DNoHelmetP1NoHelmetP2NoHelmet
_n6coh6ono,69,245,588,131,215,DNoHelmetP1NoHelmetP2NoHelmet
_n6coh6ono,70,299,594,139,221,DNoHelmetP1NoHelmetP2NoHelmet
_n6coh6ono,71,356,599,146,228,DNoHelmetP1NoHelmetP2NoHelmet
_n6coh6ono,72,419,605,153,233,DNoHelmetP1NoHelmetP2NoHelmet
_n6coh6ono,73,485,615,166,249,DNoHelmetP1NoHelmetP2NoHelmet
_n6coh6ono,74,554,625,180,266,DNoHelmetP1NoHelmetP2NoHelmet
_n6coh6ono,75,634,626,192,282,DNoHelmetP1NoHelmetP2NoHelmet
_n6coh6ono,76,728,636,213,299,DNoHelmetP1NoHelmetP2NoHelmet
_n6coh6ono,77,825,648,234,317,DNoHelmetP1NoHelmetP2NoHelmet
_n6coh6ono,78,935,660,254,335,DNoHelmetP1NoHelmetP2NoHelmet
_n6coh6ono,79,1054,670,289,378,DNoHelmetP1NoHelmetP2NoHelmet
_n6coh6ono,80,1192,685,323,395,DNoHelmetP1NoHelmetP2NoHelmet
_n6coh6ono,81,1344,699,372,381,DNoHelmetP1NoHelmetP2NoHelmet
_n6coh6ono,82,1523,713,397,367,DNoHelmetP1NoHelmetP2NoHelmet
_anke9xap5,1,40,651,172,302,DHelmetP1Helmet
_anke9xap5,2,60,651,172,312,DHelmetP1Helmet
_anke9xap5,3,74,659,172,314,DHelmetP1Helmet
_anke9xap5,4,93,662,173,320,DHelmetP1Helmet
_anke9xap5,5,113,666,172,327,DHelmetP1Helmet
_anke9xap5,6,130,670,170,336,DHelmetP1Helmet
_anke9xap5,7,146,674,168,344,DHelmetP1Helmet
_anke9xap5,8,162,678,167,353,DHelmetP1Helmet
_anke9xap5,9,179,682,161,361,DHelmetP1Helmet
_anke9xap5,10,186,686,165,373,DHelmetP1Helmet
_anke9xap5,11,193,692,168,379,DHelmetP1Helmet
_anke9xap5,12,201,694,170,386,DHelmetP1Helmet
_anke9xap5,13,204,699,177,381,DHelmetP1Helmet
_anke9xap5,14,208,703,184,377,DHelmetP1Helmet
_anke9xap5,15,211,708,191,372,DHelmetP1Helmet
_anke9xap5,16,215,712,198,368,DHelmetP1Helmet
_anke9xap5,17,217,718,203,362,DHelmetP1Helmet
_anke9xap5,18,220,724,201,356,DHelmetP1Helmet
_anke9xap5,19,224,729,204,351,DHelmetP1Helmet
_anke9xap5,20,229,734,205,346,DHelmetP1Helmet
_anke9xap5,21,233,739,213,341,DHelmetP1Helmet
_anke9xap5,22,238,743,220,337,DHelmetP1Helmet
_anke9xap5,23,243,748,227,332,DHelmetP1Helmet
_anke9xap5,24,247,758,235,322,DHelmetP1Helmet
_anke9xap5,25,254,761,242,319,DHelmetP1Helmet
_anke9xap5,26,261,764,248,316,DHelmetP1Helmet
_anke9xap5,27,297,765,226,315,DHelmetP1Helmet
_anke9xap5,28,299,767,237,313,DHelmetP1Helmet
_anke9xap5,29,306,768,240,312,DHelmetP1Helmet
_anke9xap5,30,310,769,248,311,DHelmetP1Helmet
_anke9xap5,31,314,769,255,311,DHelmetP1Helmet
_anke9xap5,32,317,770,256,310,DHelmetP1Helmet
_anke9xap5,33,317,771,256,309,DHelmetP1Helmet
_anke9xap5,34,317,771,257,309,DHelmetP1Helmet
_anke9xap5,35,317,772,258,308,DHelmetP1Helmet
_anke9xap5,36,316,773,256,307,DHelmetP1Helmet
_anke9xap5,37,315,773,253,307,DHelmetP1Helmet
_anke9xap5,38,314,774,251,306,DHelmetP1Helmet
_anke9xap5,39,310,774,253,306,DHelmetP1Helmet
_anke9xap5,40,310,774,249,306,DHelmetP1Helmet
_anke9xap5,41,309,774,247,306,DHelmetP1Helmet
_anke9xap5,42,309,775,244,305,DHelmetP1Helmet
_anke9xap5,43,308,775,242,305,DHelmetP1Helmet
_anke9xap5,44,303,775,247,305,DHelmetP1Helmet
_anke9xap5,45,303,775,246,305,DHelmetP1Helmet
_anke9xap5,46,303,775,245,305,DHelmetP1Helmet
_anke9xap5,47,303,775,244,305,DHelmetP1Helmet
_anke9xap5,48,303,775,243,305,DHelmetP1Helmet
_anke9xap5,49,303,775,242,305,DHelmetP1Helmet
_anke9xap5,50,302,775,243,305,DHelmetP1Helmet
_anke9xap5,51,302,775,242,305,DHelmetP1Helmet
_anke9xap5,52,302,776,241,304,DHelmetP1Helmet
_anke9xap5,53,302,776,240,304,DHelmetP1Helmet
_anke9xap5,54,297,776,245,304,DHelmetP1Helmet
_anke9xap5,55,288,776,254,304,DHelmetP1Helmet
_anke9xap5,56,285,776,257,304,DHelmetP1Helmet
_anke9xap5,57,284,776,257,304,DHelmetP1Helmet
_anke9xap5,58,282,776,259,304,DHelmetP1Helmet
_anke9xap5,59,287,776,254,304,DHelmetP1Helmet
_anke9xap5,60,293,776,248,304,DHelmetP1Helmet
_anke9xap5,61,299,776,242,304,DHelmetP1Helmet
_anke9xap5,62,299,777,241,303,DHelmetP1Helmet
_anke9xap5,63,299,777,241,303,DHelmetP1Helmet
_anke9xap5,64,300,777,240,303,DHelmetP1Helmet
_anke9xap5,65,299,777,240,303,DHelmetP1Helmet
_anke9xap5,66,299,777,239,303,DHelmetP1Helmet
_anke9xap5,67,299,777,238,303,DHelmetP1Helmet
_anke9xap5,68,298,777,238,303,DHelmetP1Helmet
_anke9xap5,69,298,777,237,303,DHelmetP1Helmet
_anke9xap5,70,298,777,237,303,DHelmetP1Helmet
_anke9xap5,71,298,777,236,303,DHelmetP1Helmet
_anke9xap5,72,297,777,236,303,DHelmetP1Helmet
_anke9xap5,73,297,777,235,303,DHelmetP1Helmet
_anke9xap5,74,297,777,234,303,DHelmetP1Helmet
_anke9xap5,75,297,777,233,303,DHelmetP1Helmet
_anke9xap5,76,296,777,233,303,DHelmetP1Helmet
_anke9xap5,77,296,777,232,303,DHelmetP1Helmet
_anke9xap5,78,296,777,231,303,DHelmetP1Helmet
_anke9xap5,79,296,777,236,303,DHelmetP1Helmet
_anke9xap5,80,299,776,240,304,DHelmetP1Helmet
_anke9xap5,81,303,776,243,304,DHelmetP1Helmet
_anke9xap5,82,306,776,247,304,DHelmetP1Helmet
_anke9xap5,83,311,776,251,304,DHelmetP1Helmet
_anke9xap5,84,316,776,254,304,DHelmetP1Helmet
_anke9xap5,85,322,778,263,302,DHelmetP1Helmet
_anke9xap5,86,332,780,273,300,DHelmetP1Helmet
_anke9xap5,87,342,782,282,298,DHelmetP1Helmet
_anke9xap5,88,356,785,288,295,DHelmetP1Helmet
_anke9xap5,89,377,787,293,293,DHelmetP1Helmet
_anke9xap5,90,395,789,306,291,DHelmetP1Helmet
_anke9xap5,91,424,792,306,288,DHelmetP1Helmet
_anke9xap5,92,452,796,317,284,DHelmetP1Helmet
_anke9xap5,93,479,800,329,280,DHelmetP1Helmet
_anke9xap5,94,515,804,340,276,DHelmetP1Helmet
_anke9xap5,95,550,807,352,273,DHelmetP1Helmet
_anke9xap5,96,593,807,358,273,DHelmetP1Helmet
_anke9xap5,97,639,810,369,270,DHelmetP1Helmet
_anke9xap5,98,689,817,379,263,DHelmetP1Helmet
_anke9xap5,99,742,825,398,255,DHelmetP1Helmet
_anke9xap5,100,832,824,380,256,DHelmetP1Helmet
_8hk41nnlm,1,513,660,234,335,DHelmet
_8hk41nnlm,2,588,669,258,359,DHelmet
_8hk41nnlm,3,672,684,288,381,DHelmet
_8hk41nnlm,4,769,698,316,382,DHelmet
_8hk41nnlm,5,875,717,355,363,DHelmet
_8hk41nnlm,6,999,734,383,346,DHelmet
_8hk41nnlm,7,1147,751,421,329,DHelmet
_8hk41nnlm,8,1319,774,479,306,DHelmet
_8hk41nnlm,9,1494,803,426,277,DHelmet
