track_id,frame_id,x,y,w,h,label
_6nbi7yfqt,2,1,573,81,199,DHelmetP1Helmet
_6nbi7yfqt,3,0,578,99,204,DHelmetP1Helmet
_6nbi7yfqt,4,0,581,120,210,DHelmetP1Helmet
_6nbi7yfqt,5,28,584,114,217,DHelmetP1Helmet
_6nbi7yfqt,6,46,588,118,223,DHelmetP1Helmet
_6nbi7yfqt,7,66,591,120,229,DHelmetP1Helmet
_6nbi7yfqt,8,87,595,122,234,DHelmetP1Helmet
_6nbi7yfqt,9,107,599,125,239,DHelmetP1Helmet
_6nbi7yfqt,10,131,602,130,249,DHelmetP1Helmet
_6nbi7yfqt,11,155,606,135,257,DHelmetP1Helmet
_6nbi7yfqt,12,181,609,141,267,DHelmetP1Helmet
_6nbi7yfqt,13,210,615,148,275,DHelmetP1Helmet
_6nbi7yfqt,14,242,621,155,282,DHelmetP1Helmet
_6nbi7yfqt,15,277,627,163,290,DHelmetP1Helmet
_6nbi7yfqt,16,316,634,173,303,DHelmetP1Helmet
_6nbi7yfqt,17,354,640,183,316,DHelmetP1Helmet
_6nbi7yfqt,18,395,646,192,330,DHelmetP1Helmet
_6nbi7yfqt,19,443,652,202,343,DHelmetP1Helmet
_6nbi7yfqt,20,491,662,213,360,DHelmetP1Helmet
_6nbi7yfqt,21,548,671,223,377,DHelmetP1Helmet
_6nbi7yfqt,22,605,680,240,393,DHelmetP1Helmet
_6nbi7yfqt,23,668,693,258,387,DHelmetP1Helmet
_6nbi7yfqt,24,737,705,280,375,DHelmetP1Helmet
_6nbi7yfqt,25,815,717,303,363,DHelmetP1Helmet
_6nbi7yfqt,26,902,734,333,346,DHelmetP1Helmet
_6nbi7yfqt,27,998,749,375,331,DHelmetP1Helmet
_6nbi7yfqt,28,1110,767,415,313,DHelmetP1Helmet
_6nbi7yfqt,29,1236,786,368,294,DHelmetP1Helmet
_qqie3hvjp,1,1852,570,68,143,DHelmet
_qqie3hvjp,2,1832,571,88,144,DHelmet
_qqie3hvjp,3,1813,571,97,145,DHelmet
_qqie3hvjp,4,1794,572,97,146,DHelmet
_qqie3hvjp,5,1774,573,98,147,DHelmet
_qqie3hvjp,6,1756,573,95,149,DHelmet
_qqie3hvjp,7,1737,574,93,150,DHelmet
_qqie3hvjp,8,1719,575,91,151,DHelmet
_qqie3hvjp,9,1699,575,94,152,DHelmet
_qqie3hvjp,10,1680,576,96,153,DHelmet
_qqie3hvjp,11,1661,577,95,154,DHelmet
_qqie3hvjp,12,1642,578,94,155,DHelmet
_qqie3hvjp,13,1620,579,106,156,DHelmet
_qqie3hvjp,14,1598,580,109,157,DHelmet
_qqie3hvjp,15,1576,581,112,159,DHelmet
_qqie3hvjp,16,1553,582,117,160,DHelmet
_qqie3hvjp,17,1531,583,120,161,DHelmet
_qqie3hvjp,18,1509,584,124,163,DHelmet
_qqie3hvjp,19,1487,586,127,163,DHelmet
_qqie3hvjp,20,1465,587,125,164,DHelmet
_qqie3hvjp,21,1443,588,130,165,DHelmet
_qqie3hvjp,22,1418,589,140,167,DHelmet
_qqie3hvjp,23,1392,590,144,168,DHelmet
_qqie3hvjp,24,1367,591,147,169,DHelmet
_qqie3hvjp,25,1337,592,154,169,DHelmet
_qqie3hvjp,26,1308,592,160,170,DHelmet
_qqie3hvjp,27,1279,592,167,170,DHelmet
_qqie3hvjp,28,1250,592,172,171,DHelmet
_qqie3hvjp,29,1220,593,175,171,DHelmet
_qqie3hvjp,30,1191,593,183,171,DHelmet
_qqie3hvjp,31,1158,593,188,172,DHelmet
_qqie3hvjp,32,1124,593,194,172,DHelmet
_qqie3hvjp,33,1091,594,197,172,DHelmet
_qqie3hvjp,34,1058,594,199,173,DHelmet
_qqie3hvjp,35,1025,594,201,173,DHelmet
_qqie3hvjp,36,991,594,197,174,DHelmet
_qqie3hvjp,37,963,593,197,173,DHelmet
_qqie3hvjp,38,934,591,193,173,DHelmet
_qqie3hvjp,39,905,590,187,172,DHelmet
_qqie3hvjp,40,879,588,183,172,DHelmet
_qqie3hvjp,41,853,586,180,172,DHelmet
_qqie3hvjp,42,831,584,172,170,DHelmet
_qqie3hvjp,43,810,581,165,169,DHelmet
_qqie3hvjp,44,790,578,157,169,DHelmet
_qqie3hvjp,45,767,576,150,170,DHelmet
_qqie3hvjp,46,748,573,144,168,DHelmet
_qqie3hvjp,47,730,570,136,166,DHelmet
_qqie3hvjp,48,714,569,129,165,DHelmet
_qqie3hvjp,49,698,568,122,164,DHelmet
_qqie3hvjp,50,682,567,116,163,DHelmet
_qqie3hvjp,51,664,566,113,162,DHelmet
_qqie3hvjp,52,646,565,110,160,DHelmet
_qqie3hvjp,53,628,564,108,159,DHelmet
_qqie3hvjp,54,610,563,105,157,DHelmet
_qqie3hvjp,55,592,562,102,156,DHelmet
_qqie3hvjp,56,574,561,100,154,DHelmet
_qqie3hvjp,57,556,560,97,153,DHelmet
_qqie3hvjp,58,541,558,94,152,DHelmet
_qqie3hvjp,59,525,557,92,150,DHelmet
_qqie3hvjp,60,510,555,90,149,DHelmet
_qqie3hvjp,61,495,554,87,147,DHelmet
_qqie3hvjp,62,480,552,84,147,DHelmet
_qqie3hvjp,63,465,551,81,145,DHelmet
_qqie3hvjp,64,450,549,79,144,DHelmet
_qqie3hvjp,65,435,548,76,142,DHelmet
_qqie3hvjp,66,422,547,76,141,DHelmet
_qqie3hvjp,67,409,546,75,140,DHelmet
_qqie3hvjp,68,396,546,75,137,DHelmet
_qqie3hvjp,69,383,545,75,136,DHelmet
_qqie3hvjp,70,370,544,75,135,DHelmet
_qqie3hvjp,71,358,544,74,133,DHelmet
_qqie3hvjp,72,347,542,72,133,DHelmet
_qqie3hvjp,73,336,541,71,131,DHelmet
_qqie3hvjp,74,325,540,70,130,DHelmet
_qqie3hvjp,75,314,539,68,128,DHelmet
_qqie3hvjp,76,303,538,67,127,DHelmet
_qqie3hvjp,77,294,538,68,125,DHelmet
_qqie3hvjp,78,285,537,68,124,DHelmet
_qqie3hvjp,79,276,537,68,122,DHelmet
_qqie3hvjp,80,267,536,69,121,DHelmet
_qqie3hvjp,81,258,536,69,119,DHelmet
_qqie3hvjp,82,249,535,70,118,DHelmet
_qqie3hvjp,83,241,535,69,117,DHelmet
_qqie3hvjp,84,232,534,68,117,DHelmet
_qqie3hvjp,85,223,533,68,117,DHelmet
_qqie3hvjp,86,214,533,67,116,DHelmet
_qqie3hvjp,87,205,532,66,116,DHelmet
_qqie3hvjp,88,196,532,66,115,DHelmet
_qqie3hvjp,89,187,531,65,115,DHelmet
_qqie3hvjp,90,178,530,64,115,DHelmet
_qqie3hvjp,91,169,530,64,114,DHelmet
_qqie3hvjp,92,160,529,63,114,DHelmet
_qqie3hvjp,93,151,528,63,115,DHelmet
_qqie3hvjp,94,142,528,62,114,DHelmet
_qqie3hvjp,95,133,527,61,114,DHelmet
_qqie3hvjp,96,124,526,61,114,DHelmet
_qqie3hvjp,97,113,526,62,113,DHelmet
_qqie3hvjp,98,102,525,63,113,DHelmet
_qqie3hvjp,99,91,525,65,112,DHelmet
_gmz7vdl3r,4,89,529,67,119,DHelmet
_gmz7vdl3r,5,77,528,67,117,DHelmet
_gmz7vdl3r,6,65,526,67,117,DHelmet
_gmz7vdl3r,7,54,525,66,115,DHelmet
_gmz7vdl3r,8,42,524,67,113,DHelmet
_gmz7vdl3r,9,31,522,66,113,DHelmet
_gmz7vdl3r,10,17,522,60,113,DHelmet
_gmz7vdl3r,11,6,522,60,113,DHelmet
_gmz7vdl3r,12,2,522,54,107,DHelmet
_gmz7vdl3r,13,4,522,41,102,DHelmet
_gmz7vdl3r,14,3,522,28,99,DHelmet
_y5hcr3dmg,18,0,531,62,127,DHelmet
_y5hcr3dmg,19,0,533,72,127,DHelmet
_y5hcr3dmg,20,8,534,74,128,DHelmet
_y5hcr3dmg,21,19,535,74,128,DHelmet
_y5hcr3dmg,22,29,536,74,129,DHelmet
_y5hcr3dmg,23,40,538,72,129,DHelmet
_y5hcr3dmg,24,50,539,74,130,DHelmet
_y5hcr3dmg,25,59,540,78,131,DHelmet
_y5hcr3dmg,26,69,541,80,133,DHelmet
_y5hcr3dmg,27,79,543,82,133,DHelmet
_y5hcr3dmg,28,88,544,85,134,DHelmet
_y5hcr3dmg,29,98,545,87,135,DHelmet
_y5hcr3dmg,30,108,546,89,137,DHelmet
_y5hcr3dmg,31,117,548,92,137,DHelmet
_y5hcr3dmg,32,127,549,95,138,DHelmet
_y5hcr3dmg,33,136,550,98,139,DHelmet
_y5hcr3dmg,34,151,550,100,141,DHelmet
_y5hcr3dmg,35,165,550,104,143,DHelmet
_y5hcr3dmg,36,179,550,108,145,DHelmet
_y5hcr3dmg,37,191,550,109,147,DHelmet
_y5hcr3dmg,38,206,552,111,147,DHelmet
_y5hcr3dmg,39,221,554,112,147,DHelmet
_y5hcr3dmg,40,235,556,115,146,DHelmet
_y5hcr3dmg,41,250,557,122,147,DHelmet
_y5hcr3dmg,42,270,557,127,147,DHelmet
_y5hcr3dmg,43,289,558,128,149,DHelmet
_y5hcr3dmg,44,308,558,130,151,DHelmet
_y5hcr3dmg,45,329,559,130,151,DHelmet
_y5hcr3dmg,46,349,559,131,153,DHelmet
_y5hcr3dmg,47,370,559,131,154,DHelmet
_y5hcr3dmg,48,394,561,132,155,DHelmet
_y5hcr3dmg,49,418,563,132,156,DHelmet
_y5hcr3dmg,50,442,565,133,157,DHelmet
_y5hcr3dmg,51,467,567,133,158,DHelmet
_y5hcr3dmg,52,487,568,135,159,DHelmet
_y5hcr3dmg,53,512,569,139,160,DHelmet
_y5hcr3dmg,54,537,570,144,161,DHelmet
_y5hcr3dmg,55,566,572,148,162,DHelmet
_y5hcr3dmg,56,594,574,153,163,DHelmet
_y5hcr3dmg,57,623,576,157,164,DHelmet
_y5hcr3dmg,58,652,578,161,165,DHelmet
_y5hcr3dmg,59,680,580,166,165,DHelmet
_y5hcr3dmg,60,710,582,168,166,DHelmet
_y5hcr3dmg,61,740,584,171,167,DHelmet
_y5hcr3dmg,62,774,586,176,170,DHelmet
_y5hcr3dmg,63,808,589,181,171,DHelmet
_y5hcr3dmg,64,842,591,187,173,DHelmet
_y5hcr3dmg,65,876,593,192,175,DHelmet
_y5hcr3dmg,66,914,596,194,172,DHelmet
_y5hcr3dmg,67,951,599,196,169,DHelmet
_y5hcr3dmg,68,994,600,196,168,DHelmet
_y5hcr3dmg,69,1037,602,196,166,DHelmet
_y5hcr3dmg,70,1080,604,195,164,DHelmet
_y5hcr3dmg,71,1123,605,195,163,DHelmet
_y5hcr3dmg,72,1166,607,195,161,DHelmet
_y5hcr3dmg,73,1209,606,194,161,DHelmet
_y5hcr3dmg,74,1252,604,193,162,DHelmet
_y5hcr3dmg,75,1295,603,193,163,DHelmet
_y5hcr3dmg,76,1341,602,186,163,DHelmet
_y5hcr3dmg,77,1386,601,179,163,DHelmet
_y5hcr3dmg,78,1425,600,177,163,DHelmet
_y5hcr3dmg,79,1471,602,170,161,DHelmet
_y5hcr3dmg,80,1513,599,162,163,DHelmet
_y5hcr3dmg,81,1554,596,155,165,DHelmet
_y5hcr3dmg,82,1589,596,155,163,DHelmet
_y5hcr3dmg,83,1624,595,150,163,DHelmet
_y5hcr3dmg,84,1659,594,144,162,DHelmet
_y5hcr3dmg,85,1695,594,137,160,DHelmet
_y5hcr3dmg,86,1730,593,132,160,DHelmet
_y5hcr3dmg,87,1760,592,123,157,DHelmet
_y5hcr3dmg,88,1791,591,114,154,DHelmet
_y5hcr3dmg,89,1821,591,99,152,DHelmet
_y5hcr3dmg,90,1849,591,71,149,DHelmet
_2aukwnwv3,29,0,560,79,178,DNoHelmetP1NoHelmet
_2aukwnwv3,30,5,562,98,181,DNoHelmetP1NoHelmet
_2aukwnwv3,31,28,565,99,182,DNoHelmetP1NoHelmet
_2aukwnwv3,32,51,568,100,183,DNoHelmetP1NoHelmet
_2aukwnwv3,33,70,568,105,187,DNoHelmetP1NoHelmet
_2aukwnwv3,34,99,571,111,193,DNoHelmetP1NoHelmet
_2aukwnwv3,35,127,575,118,197,DNoHelmetP1NoHelmet
_2aukwnwv3,36,160,578,120,202,DNoHelmetP1NoHelmet
_2aukwnwv3,37,195,581,124,209,DNoHelmetP1NoHelmet
_2aukwnwv3,38,233,585,129,216,DNoHelmetP1NoHelmet
_2aukwnwv3,39,271,588,135,223,DNoHelmetP1NoHelmet
_2aukwnwv3,40,309,591,141,230,DNoHelmetP1NoHelmet
_2aukwnwv3,41,355,594,142,237,DNoHelmetP1NoHelmet
_2aukwnwv3,42,398,601,152,245,DNoHelmetP1NoHelmet
_2aukwnwv3,43,444,605,160,256,DNoHelmetP1NoHelmet
_2aukwnwv3,44,494,610,166,266,DNoHelmetP1NoHelmet
_2aukwnwv3,45,548,614,174,277,DNoHelmetP1NoHelmet
_2aukwnwv3,46,603,621,183,289,DNoHelmetP1NoHelmet
_2aukwnwv3,47,661,628,192,302,DNoHelmetP1NoHelmet
_2aukwnwv3,48,725,637,205,318,DNoHelmetP1NoHelmet
_2aukwnwv3,49,795,646,217,335,DNoHelmetP1NoHelmet
_2aukwnwv3,50,868,654,237,357,DNoHelmetP1NoHelmet
_2aukwnwv3,51,950,665,258,379,DNoHelmetP1NoHelmet
_2aukwnwv3,52,1038,677,286,403,DNoHelmetP1NoHelmet
_2aukwnwv3,53,1139,693,318,387,DNoHelmetP1NoHelmet
_2aukwnwv3,54,1251,707,357,373,DNoHelmetP1NoHelmet
_2aukwnwv3,55,1384,724,377,356,DNoHelmetP1NoHelmet
_2aukwnwv3,56,1536,746,375,334,DNoHelmetP1NoHelmet
_rwcw43q8a,34,0,592,127,251,DHelmetP1NoHelmetP2NoHelmet
_rwcw43q8a,35,0,594,147,253,DHelmetP1NoHelmetP2NoHelmet
_rwcw43q8a,36,11,596,155,257,DHelmetP1NoHelmetP2NoHelmet
_rwcw43q8a,37,27,598,157,261,DHelmetP1NoHelmetP2NoHelmet
_rwcw43q8a,38,42,600,161,265,DHelmetP1NoHelmetP2NoHelmet
_rwcw43q8a,39,64,602,162,269,DHelmetP1NoHelmetP2NoHelmet
_rwcw43q8a,40,86,604,162,275,DHelmetP1NoHelmetP2NoHelmet
_rwcw43q8a,41,107,607,164,280,DHelmetP1NoHelmetP2NoHelmet
_rwcw43q8a,42,130,610,168,286,DHelmetP1NoHelmetP2NoHelmet
_rwcw43q8a,43,153,613,172,292,DHelmetP1NoHelmetP2NoHelmet
_rwcw43q8a,44,176,616,176,299,DHelmetP1NoHelmetP2NoHelmet
_rwcw43q8a,45,198,620,181,304,DHelmetP1NoHelmetP2NoHelmet
_rwcw43q8a,46,224,623,185,310,DHelmetP1NoHelmetP2NoHelmet
_rwcw43q8a,47,249,626,189,316,DHelmetP1NoHelmetP2NoHelmet
_rwcw43q8a,48,274,630,197,325,DHelmetP1NoHelmetP2NoHelmet
_rwcw43q8a,49,300,634,204,334,DHelmetP1NoHelmetP2NoHelmet
_rwcw43q8a,50,331,638,211,342,DHelmetP1NoHelmetP2NoHelmet
_rwcw43q8a,51,361,642,219,351,DHelmetP1NoHelmetP2NoHelmet
_rwcw43q8a,52,391,644,231,360,DHelmetP1NoHelmetP2NoHelmet
_rwcw43q8a,53,424,650,243,368,DHelmetP1NoHelmetP2NoHelmet
_rwcw43q8a,54,463,655,252,380,DHelmetP1NoHelmetP2NoHelmet
_rwcw43q8a,55,501,660,261,392,DHelmetP1NoHelmetP2NoHelmet
_rwcw43q8a,56,541,667,274,404,DHelmetP1NoHelmetP2NoHelmet
_rwcw43q8a,57,584,672,286,408,DHelmetP1NoHelmetP2NoHelmet
_rwcw43q8a,58,631,680,298,400,DHelmetP1NoHelmetP2NoHelmet
_rwcw43q8a,59,680,688,309,392,DHelmetP1NoHelmetP2NoHelmet
_rwcw43q8a,60,735,695,321,385,DHelmetP1NoHelmetP2NoHelmet
_rwcw43q8a,61,794,703,331,377,DHelmetP1NoHelmetP2NoHelmet
_rwcw43q8a,62,853,713,350,367,DHelmetP1NoHelmetP2NoHelmet
_rwcw43q8a,63,919,722,368,358,DHelmetP1NoHelmetP2NoHelmet
_rwcw43q8a,64,991,734,395,346,DHelmetP1NoHelmetP2NoHelmet
_rwcw43q8a,65,1066,744,430,336,DHelmetP1NoHelmetP2NoHelmet
_rwcw43q8a,66,1153,760,466,320,DHelmetP1NoHelmetP2NoHelmet
_rwcw43q8a,67,1247,774,463,306,DHelmetP1NoHelmetP2NoHelmet
_rwcw43q8a,68,1356,787,438,293,DHelmetP1NoHelmetP2NoHelmet
_nj7g3d35t,43,1588,676,326,339,DNoHelmetP1Helmet
_nj7g3d35t,44,1474,667,298,321,DNoHelmetP1Helmet
_nj7g3d35t,45,1369,656,271,306,DNoHelmetP1Helmet
_nj7g3d35t,46,1276,645,244,295,DNoHelmetP1Helmet
_nj7g3d35t,47,1188,638,228,281,DNoHelmetP1Helmet
_nj7g3d35t,48,1107,631,210,268,DNoHelmetP1Helmet
_nj7g3d35t,49,1033,627,194,253,DNoHelmetP1Helmet
_nj7g3d35t,50,968,619,182,246,DNoHelmetP1Helmet
_nj7g3d35t,51,904,613,170,238,DNoHelmetP1Helmet
_nj7g3d35t,52,845,608,159,229,DNoHelmetP1Helmet
_nj7g3d35t,53,792,602,148,221,DNoHelmetP1Helmet
_nj7g3d35t,54,731,597,152,215,DNoHelmetP1Helmet
_nj7g3d35t,55,686,592,144,209,DNoHelmetP1Helmet
_nj7g3d35t,56,640,588,137,202,DNoHelmetP1Helmet
_nj7g3d35t,57,596,585,137,197,DNoHelmetP1Helmet
_nj7g3d35t,58,555,583,135,190,DNoHelmetP1Helmet
_nj7g3d35t,59,530,581,116,184,DNoHelmetP1Helmet
_nj7g3d35t,60,488,578,120,178,DNoHelmetP1Helmet
_nj7g3d35t,61,449,576,122,171,DNoHelmetP1Helmet
_nj7g3d35t,62,417,573,116,165,DNoHelmetP1Helmet
_nj7g3d35t,63,384,566,117,164,DNoHelmetP1Helmet
_nj7g3d35t,64,358,563,113,163,DNoHelmetP1Helmet
_nj7g3d35t,65,333,561,107,161,DNoHelmetP1Helmet
_nj7g3d35t,66,308,558,102,160,DNoHelmetP1Helmet
_nj7g3d35t,67,282,555,98,155,DNoHelmetP1Helmet
_nj7g3d35t,68,256,552,95,151,DNoHelmetP1Helmet
_nj7g3d35t,69,236,551,92,146,DNoHelmetP1Helmet
_nj7g3d35t,70,216,551,88,142,DNoHelmetP1Helmet
_nj7g3d35t,71,196,552,85,136,DNoHelmetP1Helmet
_nj7g3d35t,72,179,549,83,135,DNoHelmetP1Helmet
_nj7g3d35t,73,161,547,81,133,DNoHelmetP1Helmet
_nj7g3d35t,74,144,545,79,131,DNoHelmetP1Helmet
_nj7g3d35t,75,129,543,77,130,DNoHelmetP1Helmet
_nj7g3d35t,76,114,542,76,128,DNoHelmetP1Helmet
_nj7g3d35t,77,99,541,74,126,DNoHelmetP1Helmet
_nj7g3d35t,78,84,539,73,125,DNoHelmetP1Helmet
_nj7g3d35t,79,70,538,72,123,DNoHelmetP1Helmet
_nj7g3d35t,80,58,537,73,121,DNoHelmetP1Helmet
_nj7g3d35t,81,45,535,73,120,DNoHelmetP1Helmet
_nj7g3d35t,82,33,534,72,118,DNoHelmetP1Helmet
_nj7g3d35t,83,22,533,70,117,DNoHelmetP1Helmet
_nj7g3d35t,84,12,531,67,116,DNoHelmetP1Helmet
_nj7g3d35t,85,2,530,64,114,DNoHelmetP1Helmet
_t65kim5af,51,0,559,79,155,DHelmet
_t65kim5af,52,10,561,85,158,DHelmet
_t65kim5af,53,27,562,84,162,DHelmet
_t65kim5af,54,43,564,85,166,DHelmet
_t65kim5af,55,60,566,87,171,DHelmet
_t65kim5af,56,77,569,90,175,DHelmet
_t65kim5af,57,99,572,92,180,DHelmet
_t65kim5af,58,122,575,94,184,DHelmet
_t65kim5af,59,144,577,96,189,DHelmet
_t65kim5af,60,169,581,102,193,DHelmet
_t65kim5af,61,194,584,107,198,DHelmet
_t65kim5af,62,220,588,111,202,DHelmet
_t65kim5af,63,247,591,114,207,DHelmet
_t65kim5af,64,279,594,117,214,DHelmet
_t65kim5af,65,311,597,120,221,DHelmet
_t65kim5af,66,346,600,125,228,DHelmet
_t65kim5af,67,381,603,130,235,DHelmet
_t65kim5af,68,420,608,138,244,DHelmet
_t65kim5af,69,459,613,145,254,DHelmet
_t65kim5af,70,504,618,152,263,DHelmet
_t65kim5af,71,549,623,160,273,DHelmet
_t65kim5af,72,600,630,174,282,DHelmet
_t65kim5af,73,651,637,189,292,DHelmet
_t65kim5af,74,712,646,198,306,DHelmet
_t65kim5af,75,778,654,210,321,DHelmet
_t65kim5af,76,844,662,229,336,DHelmet
_t65kim5af,77,919,672,246,354,DHelmet
_t65kim5af,78,1003,684,264,369,DHelmet
_t65kim5af,79,1091,697,291,383,DHelmet
_t65kim5af,80,1186,708,327,372,DHelmet
_t65kim5af,81,1298,720,355,360,DHelmet
_t65kim5af,82,1416,737,388,343,DHelmet
_t65kim5af,83,1555,755,365,325,DHelmet
_atlqkirl6,99,1854,569,66,135,DHelmet
_atlqkirl6,100,1843,568,69,140,DHelmet
_tdilamoxj,98,0,558,86,167,DNoHelmetP1NoHelmet
_tdilamoxj,99,12,559,89,171,DNoHelmetP1NoHelmet
_tdilamoxj,100,28,559,87,175,DNoHelmetP1NoHelmet
