track_id,frame_id,x,y,w,h,label
_qpblv2nqb,1,1494,669,135,220,DNoHelmetP1NoHelmet
_qpblv2nqb,2,1479,666,140,213,DNoHelmetP1NoHelmet
_qpblv2nqb,3,1470,663,139,207,DNoHelmetP1NoHelmet
_qpblv2nqb,4,1465,660,135,200,DNoHelmetP1NoHelmet
_qpblv2nqb,5,1460,657,130,200,DNoHelmetP1NoHelmet
_qpblv2nqb,6,1459,654,121,200,DNoHelmetP1NoHelmet
_qpblv2nqb,7,1463,650,123,202,DNoHelmetP1NoHelmet
_qpblv2nqb,8,1464,646,127,193,DNoHelmetP1NoHelmet
_qpblv2nqb,9,1470,643,127,188,DNoHelmetP1NoHelmet
_qpblv2nqb,10,1483,639,119,184,DNoHelmetP1NoHelmet
_qpblv2nqb,11,1494,635,123,181,DNoHelmetP1NoHelmet
_qpblv2nqb,12,1504,632,121,176,DNoHelmetP1NoHelmet
_qpblv2nqb,13,1519,630,126,174,DNoHelmetP1NoHelmet
_qpblv2nqb,14,1535,629,120,170,DNoHelmetP1NoHelmet
_qpblv2nqb,15,1551,627,114,168,DNoHelmetP1NoHelmet
_qpblv2nqb,16,1568,625,115,165,DNoHelmetP1NoHelmet
_qpblv2nqb,17,1584,624,114,162,DNoHelmetP1NoHelmet
_qpblv2nqb,18,1601,622,114,160,DNoHelmetP1NoHelmet
_qpblv2nqb,19,1619,621,112,158,DNoHelmetP1NoHelmet
_qpblv2nqb,20,1636,619,110,157,DNoHelmetP1NoHelmet
_qpblv2nqb,21,1654,618,108,154,DNoHelmetP1NoHelmet
_qpblv2nqb,22,1671,616,106,153,DNoHelmetP1NoHelmet
_qpblv2nqb,23,1689,614,104,151,DNoHelmetP1NoHelmet
_qpblv2nqb,24,1707,613,101,149,DNoHelmetP1NoHelmet
_qpblv2nqb,25,1721,609,101,150,DNoHelmetP1NoHelmet
_qpblv2nqb,26,1735,606,100,151,DNoHelmetP1NoHelmet
_qpblv2nqb,27,1749,604,100,150,DNoHelmetP1NoHelmet
_qpblv2nqb,28,1763,602,101,149,DNoHelmetP1NoHelmet
_qpblv2nqb,29,1777,606,99,143,DNoHelmetP1NoHelmet
_qpblv2nqb,30,1789,603,103,143,DNoHelmetP1NoHelmet
_qpblv2nqb,31,1802,604,98,140,DNoHelmetP1NoHelmet
_qpblv2nqb,32,1814,605,94,136,DNoHelmetP1NoHelmet
_qpblv2nqb,33,1826,602,92,136,DNoHelmetP1NoHelmet
_qpblv2nqb,34,1838,600,82,136,DNoHelmetP1NoHelmet
_rp9qf3v5x,1,46,545,77,126,DNoHelmet
_rp9qf3v5x,2,21,542,79,127,DNoHelmet
_rp9qf3v5x,3,0,542,70,125,DNoHelmet
_a4u0ans77,42,1681,697,239,335,DHelmet
_a4u0ans77,43,1567,685,329,322,DHelmet
_a4u0ans77,44,1466,675,299,308,DHelmet
_a4u0ans77,45,1374,665,270,293,DHelmet
_a4u0ans77,46,1290,657,250,280,DHelmet
_a4u0ans77,47,1206,649,231,267,DHelmet
_a4u0ans77,48,1134,641,213,259,DHelmet
_a4u0ans77,49,1065,631,196,250,DHelmet
_a4u0ans77,50,1003,625,180,241,DHelmet
_a4u0ans77,51,947,619,169,232,DHelmet
_a4u0ans77,52,890,613,160,224,DHelmet
_a4u0ans77,53,836,605,149,217,DHelmet
_a4u0ans77,54,792,601,140,210,DHelmet
_a4u0ans77,55,743,597,134,205,DHelmet
_a4u0ans77,56,700,593,128,200,DHelmet
_a4u0ans77,57,654,590,125,193,DHelmet
_a4u0ans77,58,612,586,121,188,DHelmet
_a4u0ans77,59,570,583,118,182,DHelmet
_a4u0ans77,60,533,579,114,177,DHelmet
_a4u0ans77,61,501,576,109,174,DHelmet
_a4u0ans77,62,468,574,106,169,DHelmet
_a4u0ans77,63,435,571,103,166,DHelmet
_a4u0ans77,64,403,568,98,162,DHelmet
_a4u0ans77,65,374,566,96,158,DHelmet
_a4u0ans77,66,345,563,94,154,DHelmet
_a4u0ans77,67,317,560,91,151,DHelmet
_a4u0ans77,68,288,558,89,146,DHelmet
_a4u0ans77,69,266,556,86,144,DHelmet
_a4u0ans77,70,243,554,83,142,DHelmet
_a4u0ans77,71,221,552,80,140,DHelmet
_a4u0ans77,72,199,551,80,137,DHelmet
_a4u0ans77,73,176,549,80,135,DHelmet
_a4u0ans77,74,154,547,80,133,DHelmet
_a4u0ans77,75,136,545,78,131,DHelmet
_a4u0ans77,76,118,544,76,128,DHelmet
_a4u0ans77,77,100,542,74,125,DHelmet
_a4u0ans77,78,82,540,71,123,DHelmet
_a4u0ans77,79,64,538,72,121,DHelmet
_a4u0ans77,80,47,537,71,118,DHelmet
_a4u0ans77,81,29,535,72,116,DHelmet
_a4u0ans77,82,11,533,72,114,DHelmet
_a4u0ans77,83,0,533,67,112,DHelmet
_91jyhjarw,91,0,573,109,192,DNoHelmetP1NoHelmet
_91jyhjarw,92,35,576,111,198,DNoHelmetP1NoHelmet
_91jyhjarw,93,70,581,116,205,DNoHelmetP1NoHelmet
_91jyhjarw,94,103,588,123,212,DNoHelmetP1NoHelmet
_91jyhjarw,95,143,596,128,218,DNoHelmetP1NoHelmet
_91jyhjarw,96,185,602,134,225,DNoHelmetP1NoHelmet
_91jyhjarw,97,228,607,141,235,DNoHelmetP1NoHelmet
_91jyhjarw,98,275,614,150,246,DNoHelmetP1NoHelmet
_91jyhjarw,99,327,617,158,256,DNoHelmetP1NoHelmet
_91jyhjarw,100,385,628,165,267,DNoHelmetP1NoHelmet
