track_id,frame_id,x,y,w,h,label
_uyfla2eig,11,0,513,87,173,DHelmet
_uyfla2eig,12,12,513,92,180,DHelmet
_uyfla2eig,13,25,515,94,184,DHelmet
_uyfla2eig,14,38,516,96,189,DHelmet
_uyfla2eig,15,51,517,98,195,DHelmet
_uyfla2eig,16,65,519,100,200,DHelmet
_uyfla2eig,17,79,521,102,205,DHelmet
_uyfla2eig,18,94,523,104,210,DHelmet
_uyfla2eig,19,114,525,112,220,DHelmet
_uyfla2eig,20,134,527,121,230,DHelmet
_uyfla2eig,21,154,529,129,240,DHelmet
_uyfla2eig,22,174,531,138,250,DHelmet
_uyfla2eig,23,200,534,144,260,DHelmet
_uyfla2eig,24,227,538,149,270,DHelmet
_uyfla2eig,25,253,541,155,280,DHelmet
_uyfla2eig,26,280,545,160,290,DHelmet
_uyfla2eig,27,315,548,173,309,DHelmet
_uyfla2eig,28,351,551,185,329,DHelmet
_uyfla2eig,29,386,554,198,348,DHelmet
_uyfla2eig,30,430,557,210,368,DHelmet
_uyfla2eig,31,477,564,223,387,DHelmet
_uyfla2eig,32,536,572,236,405,DHelmet
_uyfla2eig,33,589,580,258,438,DHelmet
_uyfla2eig,34,666,585,274,462,DHelmet
_uyfla2eig,35,741,598,313,482,DHelmet
_uyfla2eig,36,833,603,351,476,DHelmet
_uyfla2eig,37,938,615,402,465,DHelmet
_uyfla2eig,38,1062,634,456,446,DHelmet
_uyfla2eig,39,1210,649,510,431,DHelmet
_uyfla2eig,40,1407,672,513,408,DHelmet
_ue3vrdatv,46,0,519,96,204,DHelmetP1Helmet
_ue3vrdatv,47,6,520,107,210,DHelmetP1Helmet
_ue3vrdatv,48,13,521,118,216,DHelmetP1Helmet
_ue3vrdatv,49,26,523,122,224,DHelmetP1Helmet
_ue3vrdatv,50,40,525,125,231,DHelmetP1Helmet
_ue3vrdatv,51,55,526,129,245,DHelmetP1Helmet
_ue3vrdatv,52,70,528,134,257,DHelmetP1Helmet
_ue3vrdatv,53,88,532,139,265,DHelmetP1Helmet
_ue3vrdatv,54,107,537,144,271,DHelmetP1Helmet
_ue3vrdatv,55,127,537,150,288,DHelmetP1Helmet
_ue3vrdatv,56,148,538,156,305,DHelmetP1Helmet
_ue3vrdatv,57,173,542,165,322,DHelmetP1Helmet
_ue3vrdatv,58,198,547,175,338,DHelmetP1Helmet
_ue3vrdatv,59,225,550,193,360,DHelmetP1Helmet
_ue3vrdatv,60,264,555,206,378,DHelmetP1Helmet
_ue3vrdatv,61,301,559,227,402,DHelmetP1Helmet
_ue3vrdatv,62,350,569,249,427,DHelmetP1Helmet
_ue3vrdatv,63,400,579,270,451,DHelmetP1Helmet
_ue3vrdatv,64,464,587,292,476,DHelmetP1Helmet
_ue3vrdatv,65,544,598,326,482,DHelmetP1Helmet
_ue3vrdatv,66,624,609,361,471,DHelmetP1Helmet
_ue3vrdatv,67,722,609,396,471,DHelmetP1Helmet
_ue3vrdatv,68,847,624,411,456,DHelmetP1Helmet
_ue3vrdatv,69,986,647,424,433,DHelmetP1Helmet
_ue3vrdatv,70,1160,666,481,414,DHelmetP1Helmet
_ue3vrdatv,71,1378,683,542,397,DHelmetP1Helmet
