track_id,frame_id,x,y,w,h,label
_icyy0wwx7,1,100,588,133,218,DHelmetP1Helmet
_icyy0wwx7,2,124,592,132,220,DHelmetP1Helmet
_icyy0wwx7,3,149,596,129,223,DHelmetP1Helmet
_icyy0wwx7,4,179,600,126,225,DHelmetP1Helmet
_icyy0wwx7,5,209,604,124,227,DHelmetP1Helmet
_icyy0wwx7,6,239,608,121,229,DHelmetP1Helmet
_icyy0wwx7,7,269,610,134,242,DHelmetP1Helmet
_icyy0wwx7,8,308,615,147,254,DHelmetP1Helmet
_icyy0wwx7,9,344,617,159,267,DHelmetP1Helmet
_icyy0wwx7,10,384,622,172,279,DHelmetP1Helmet
_icyy0wwx7,11,427,627,176,291,DHelmetP1Helmet
_icyy0wwx7,12,487,632,197,303,DHelmetP1Helmet
_icyy0wwx7,13,533,635,192,312,DHelmetP1Helmet
_icyy0wwx7,14,604,647,190,320,DHelmetP1Helmet
_icyy0wwx7,15,673,658,189,330,DHelmetP1Helmet
_icyy0wwx7,16,719,659,219,350,DHelmetP1Helmet
_icyy0wwx7,17,800,672,225,364,DHelmetP1Helmet
_icyy0wwx7,18,877,679,239,382,DHelmetP1Helmet
_icyy0wwx7,19,938,691,279,389,DHelmetP1Helmet
_icyy0wwx7,20,998,701,333,379,DHelmetP1Helmet
_icyy0wwx7,21,1108,713,342,367,DHelmetP1Helmet
_icyy0wwx7,22,1217,734,359,346,DHelmetP1Helmet
_icyy0wwx7,23,1332,747,375,333,DHelmetP1Helmet
_icyy0wwx7,24,1454,760,371,320,DHelmetP1Helmet
_icyy0wwx7,25,1602,780,318,300,DHelmetP1Helmet
_zqcopvgl1,1,216,630,134,250,DNoHelmet
_zqcopvgl1,2,234,635,139,257,DNoHelmet
_zqcopvgl1,3,252,640,144,264,DNoHelmet
_zqcopvgl1,4,272,643,148,271,DNoHelmet
_zqcopvgl1,5,292,647,153,278,DNoHelmet
_zqcopvgl1,6,317,651,158,287,DNoHelmet
_zqcopvgl1,7,341,655,162,297,DNoHelmet
_zqcopvgl1,8,369,660,166,306,DNoHelmet
_zqcopvgl1,9,394,669,172,314,DNoHelmet
_zqcopvgl1,10,428,677,177,325,DNoHelmet
_zqcopvgl1,11,461,684,183,337,DNoHelmet
_zqcopvgl1,12,494,692,189,348,DNoHelmet
_zqcopvgl1,13,530,701,196,354,DNoHelmet
_zqcopvgl1,14,566,710,202,360,DNoHelmet
_zqcopvgl1,15,602,718,208,362,DNoHelmet
_zqcopvgl1,16,645,729,213,351,DNoHelmet
_zqcopvgl1,17,687,740,220,340,DNoHelmet
_zqcopvgl1,18,729,751,226,329,DNoHelmet
_zqcopvgl1,19,781,765,239,315,DNoHelmet
_zqcopvgl1,20,832,778,252,302,DNoHelmet
_zqcopvgl1,21,888,798,265,282,DNoHelmet
_zqcopvgl1,22,949,814,278,266,DNoHelmet
_zqcopvgl1,23,1023,833,298,247,DNoHelmet
_zqcopvgl1,24,1100,854,342,226,DNoHelmet
_cz2x8q86z,50,0,548,77,152,DHelmet
_cz2x8q86z,51,15,549,84,155,DHelmet
_cz2x8q86z,52,31,552,88,159,DHelmet
_cz2x8q86z,53,53,555,87,162,DHelmet
_cz2x8q86z,54,74,557,86,167,DHelmet
_cz2x8q86z,55,94,559,89,171,DHelmet
_cz2x8q86z,56,115,561,91,175,DHelmet
_cz2x8q86z,57,139,564,94,178,DHelmet
_cz2x8q86z,58,163,566,97,182,DHelmet
_cz2x8q86z,59,187,568,100,186,DHelmet
_cz2x8q86z,60,215,572,103,192,DHelmet
_cz2x8q86z,61,243,575,106,198,DHelmet
_cz2x8q86z,62,271,578,110,204,DHelmet
_cz2x8q86z,63,303,583,113,210,DHelmet
_cz2x8q86z,64,335,587,116,217,DHelmet
_cz2x8q86z,65,368,592,122,224,DHelmet
_cz2x8q86z,66,405,595,128,233,DHelmet
_cz2x8q86z,67,442,599,135,241,DHelmet
_cz2x8q86z,68,484,605,142,250,DHelmet
_cz2x8q86z,69,528,610,150,261,DHelmet
_cz2x8q86z,70,576,617,155,273,DHelmet
_cz2x8q86z,71,624,624,169,284,DHelmet
_cz2x8q86z,72,676,630,183,298,DHelmet
_cz2x8q86z,73,740,641,195,311,DHelmet
_cz2x8q86z,74,804,651,212,325,DHelmet
_cz2x8q86z,75,874,661,234,345,DHelmet
_cz2x8q86z,76,952,673,256,366,DHelmet
_cz2x8q86z,77,1042,685,277,386,DHelmet
_cz2x8q86z,78,1138,696,312,384,DHelmet
_cz2x8q86z,79,1247,711,345,369,DHelmet
_cz2x8q86z,80,1374,727,381,353,DHelmet
_cz2x8q86z,81,1513,744,407,336,DHelmet
_75pqoieiv,64,0,567,118,197,DHelmetP1Helmet
_75pqoieiv,65,9,572,130,197,DHelmetP1Helmet
_75pqoieiv,66,30,576,130,197,DHelmetP1Helmet
_75pqoieiv,67,51,579,130,203,DHelmetP1Helmet
_75pqoieiv,68,72,581,130,209,DHelmetP1Helmet
_75pqoieiv,69,93,584,130,214,DHelmetP1Helmet
_75pqoieiv,70,113,587,131,219,DHelmetP1Helmet
_75pqoieiv,71,135,590,132,224,DHelmetP1Helmet
_75pqoieiv,72,157,593,133,229,DHelmetP1Helmet
_75pqoieiv,73,178,596,135,236,DHelmetP1Helmet
_75pqoieiv,74,200,599,136,244,DHelmetP1Helmet
_75pqoieiv,75,221,603,143,252,DHelmetP1Helmet
_75pqoieiv,76,243,607,149,261,DHelmetP1Helmet
_75pqoieiv,77,265,610,155,269,DHelmetP1Helmet
_75pqoieiv,78,292,615,161,278,DHelmetP1Helmet
_75pqoieiv,79,319,620,167,286,DHelmetP1Helmet
_75pqoieiv,80,347,629,171,294,DHelmetP1Helmet
_75pqoieiv,81,375,637,185,303,DHelmetP1Helmet
_75pqoieiv,82,412,637,194,322,DHelmetP1Helmet
_75pqoieiv,83,449,642,203,335,DHelmetP1Helmet
_75pqoieiv,84,489,648,212,346,DHelmetP1Helmet
_75pqoieiv,85,530,658,225,358,DHelmetP1Helmet
_75pqoieiv,86,580,665,234,378,DHelmetP1Helmet
_75pqoieiv,87,628,673,250,397,DHelmetP1Helmet
_75pqoieiv,88,677,684,271,396,DHelmetP1Helmet
_75pqoieiv,89,741,696,283,384,DHelmetP1Helmet
_75pqoieiv,90,804,708,306,372,DHelmetP1Helmet
_75pqoieiv,91,875,720,331,360,DHelmetP1Helmet
_75pqoieiv,92,958,732,355,348,DHelmetP1Helmet
_75pqoieiv,93,1049,748,381,332,DHelmetP1Helmet
_75pqoieiv,94,1144,768,427,312,DHelmetP1Helmet
_75pqoieiv,95,1259,785,457,295,DHelmetP1Helmet
_75pqoieiv,96,1384,805,397,275,DHelmetP1Helmet
_5j3rhvz5s,71,2,555,89,176,DHelmetP1NoHelmet
_5j3rhvz5s,72,9,558,101,176,DHelmetP1NoHelmet
_5j3rhvz5s,73,28,563,95,179,DHelmetP1NoHelmet
_5j3rhvz5s,74,48,565,98,183,DHelmetP1NoHelmet
_5j3rhvz5s,75,68,567,101,187,DHelmetP1NoHelmet
_5j3rhvz5s,76,87,570,105,190,DHelmetP1NoHelmet
_5j3rhvz5s,77,106,573,106,194,DHelmetP1NoHelmet
_5j3rhvz5s,78,128,575,107,200,DHelmetP1NoHelmet
_5j3rhvz5s,79,152,578,114,204,DHelmetP1NoHelmet
_5j3rhvz5s,80,176,583,117,208,DHelmetP1NoHelmet
_5j3rhvz5s,81,201,585,116,215,DHelmetP1NoHelmet
_5j3rhvz5s,82,229,587,121,223,DHelmetP1NoHelmet
_5j3rhvz5s,83,257,588,126,231,DHelmetP1NoHelmet
_5j3rhvz5s,84,284,592,132,238,DHelmetP1NoHelmet
_5j3rhvz5s,85,313,595,137,246,DHelmetP1NoHelmet
_5j3rhvz5s,86,348,599,143,253,DHelmetP1NoHelmet
_5j3rhvz5s,87,382,604,143,263,DHelmetP1NoHelmet
_5j3rhvz5s,88,419,609,150,273,DHelmetP1NoHelmet
_5j3rhvz5s,89,457,613,159,283,DHelmetP1NoHelmet
_5j3rhvz5s,90,499,620,164,287,DHelmetP1NoHelmet
_5j3rhvz5s,91,541,626,179,301,DHelmetP1NoHelmet
_5j3rhvz5s,92,590,635,191,310,DHelmetP1NoHelmet
_5j3rhvz5s,93,643,637,200,327,DHelmetP1NoHelmet
_5j3rhvz5s,94,696,646,219,338,DHelmetP1NoHelmet
_5j3rhvz5s,95,757,659,235,348,DHelmetP1NoHelmet
_5j3rhvz5s,96,821,666,253,368,DHelmetP1NoHelmet
_5j3rhvz5s,97,895,672,270,388,DHelmetP1NoHelmet
_5j3rhvz5s,98,975,684,290,396,DHelmetP1NoHelmet
_5j3rhvz5s,99,1059,702,319,378,DHelmetP1NoHelmet
_5j3rhvz5s,100,1155,717,347,363,DHelmetP1NoHelmet
_ggoslvzly,79,4,561,89,172,DHelmetP1Helmet
_ggoslvzly,80,15,567,93,173,DHelmetP1Helmet
_ggoslvzly,81,31,567,100,179,DHelmetP1Helmet
_ggoslvzly,82,52,570,105,183,DHelmetP1Helmet
_ggoslvzly,83,72,572,111,188,DHelmetP1Helmet
_ggoslvzly,84,97,575,113,192,DHelmetP1Helmet
_ggoslvzly,85,122,578,116,196,DHelmetP1Helmet
_ggoslvzly,86,151,580,119,200,DHelmetP1Helmet
_ggoslvzly,87,180,583,122,204,DHelmetP1Helmet
_ggoslvzly,88,211,585,125,209,DHelmetP1Helmet
_ggoslvzly,89,243,590,127,215,DHelmetP1Helmet
_ggoslvzly,90,275,594,130,223,DHelmetP1Helmet
_ggoslvzly,91,309,599,136,229,DHelmetP1Helmet
_ggoslvzly,92,344,603,142,236,DHelmetP1Helmet
_ggoslvzly,93,382,608,145,243,DHelmetP1Helmet
_ggoslvzly,94,422,612,153,250,DHelmetP1Helmet
_ggoslvzly,95,465,617,158,261,DHelmetP1Helmet
_ggoslvzly,96,510,622,165,272,DHelmetP1Helmet
_ggoslvzly,97,556,627,175,283,DHelmetP1Helmet
_ggoslvzly,98,608,634,184,295,DHelmetP1Helmet
_ggoslvzly,99,662,641,193,307,DHelmetP1Helmet
_ggoslvzly,100,725,648,202,319,DHelmetP1Helmet
_gv9e90gnp,97,1656,689,264,322,DHelmet
_gv9e90gnp,98,1562,684,276,294,DHelmet
_gv9e90gnp,99,1472,676,261,291,DHelmet
_gv9e90gnp,100,1388,668,243,279,DHelmet
