track_id,frame_id,x,y,w,h,label
_fv229t34w,1,1140,654,216,256,DNoHelmetP1NoHelmet
_fv229t34w,2,1066,646,204,249,DNoHelmetP1NoHelmet
_fv229t34w,3,1001,638,192,242,DNoHelmetP1NoHelmet
_fv229t34w,4,940,631,181,234,DNoHelmetP1NoHelmet
_fv229t34w,5,881,626,172,227,DNoHelmetP1NoHelmet
_fv229t34w,6,828,617,162,221,DNoHelmetP1NoHelmet
_fv229t34w,7,778,613,154,213,DNoHelmetP1NoHelmet
_fv229t34w,8,729,610,146,206,DNoHelmetP1NoHelmet
_fv229t34w,9,687,608,137,198,DNoHelmetP1NoHelmet
_fv229t34w,10,644,607,133,191,DNoHelmetP1NoHelmet
_fv229t34w,11,607,604,126,186,DNoHelmetP1NoHelmet
_fv229t34w,12,570,600,120,181,DNoHelmetP1NoHelmet
_fv229t34w,13,536,597,114,176,DNoHelmetP1NoHelmet
_fv229t34w,14,502,594,108,170,DNoHelmetP1NoHelmet
_fv229t34w,15,470,591,104,167,DNoHelmetP1NoHelmet
_fv229t34w,16,440,586,101,164,DNoHelmetP1NoHelmet
_fv229t34w,17,411,581,97,160,DNoHelmetP1NoHelmet
_fv229t34w,18,385,577,94,158,DNoHelmetP1NoHelmet
_fv229t34w,19,358,573,91,155,DNoHelmetP1NoHelmet
_fv229t34w,20,332,571,87,153,DNoHelmetP1NoHelmet
_fv229t34w,21,307,569,84,150,DNoHelmetP1NoHelmet
_fv229t34w,22,284,566,81,148,DNoHelmetP1NoHelmet
_fv229t34w,23,262,564,78,146,DNoHelmetP1NoHelmet
_fv229t34w,24,241,561,76,144,DNoHelmetP1NoHelmet
_fv229t34w,25,221,559,73,141,DNoHelmetP1NoHelmet
_fv229t34w,26,200,557,72,138,DNoHelmetP1NoHelmet
_fv229t34w,27,180,554,69,136,DNoHelmetP1NoHelmet
_fv229t34w,28,161,552,68,134,DNoHelmetP1NoHelmet
_fv229t34w,29,143,549,66,132,DNoHelmetP1NoHelmet
_fv229t34w,30,124,547,65,129,DNoHelmetP1NoHelmet
_fv229t34w,31,107,545,65,127,DNoHelmetP1NoHelmet
_fv229t34w,32,91,543,65,126,DNoHelmetP1NoHelmet
_fv229t34w,33,74,542,65,123,DNoHelmetP1NoHelmet
_fv229t34w,34,58,540,64,121,DNoHelmetP1NoHelmet
_fv229t34w,35,41,538,65,119,DNoHelmetP1NoHelmet
_fv229t34w,36,24,536,65,118,DNoHelmetP1NoHelmet
_fv229t34w,37,8,535,64,115,DNoHelmetP1NoHelmet
_fv229t34w,38,0,535,57,112,DNoHelmetP1NoHelmet
_0jvhzckzm,1,225,559,76,131,DNoHelmetP1Helmet
_0jvhzckzm,2,210,558,74,129,DNoHelmetP1Helmet
_0jvhzckzm,3,194,556,73,128,DNoHelmetP1Helmet
_0jvhzckzm,4,178,555,72,126,DNoHelmetP1Helmet
_0jvhzckzm,5,164,553,69,125,DNoHelmetP1Helmet
_0jvhzckzm,6,149,552,67,124,DNoHelmetP1Helmet
_0jvhzckzm,7,134,551,65,122,DNoHelmetP1Helmet
_0jvhzckzm,8,116,549,68,121,DNoHelmetP1Helmet
_0jvhzckzm,9,103,548,66,119,DNoHelmetP1Helmet
_0jvhzckzm,10,89,546,65,118,DNoHelmetP1Helmet
_0jvhzckzm,11,76,545,63,116,DNoHelmetP1Helmet
_0jvhzckzm,12,63,543,60,115,DNoHelmetP1Helmet
_0jvhzckzm,13,49,541,58,113,DNoHelmetP1Helmet
_0jvhzckzm,14,38,540,56,112,DNoHelmetP1Helmet
_0jvhzckzm,15,20,539,62,111,DNoHelmetP1Helmet
_0jvhzckzm,16,12,538,59,112,DNoHelmetP1Helmet
_g6mnrzumw,1,58,541,56,111,DNoHelmet
_g6mnrzumw,2,46,539,56,111,DNoHelmet
_g6mnrzumw,3,33,538,58,110,DNoHelmet
_g6mnrzumw,4,21,536,58,110,DNoHelmet
_g6mnrzumw,5,6,533,59,110,DNoHelmet
_svj1cwy3s,18,3,598,110,207,DHelmetP1NoHelmet
_svj1cwy3s,19,29,604,112,211,DHelmetP1NoHelmet
_svj1cwy3s,20,54,608,121,217,DHelmetP1NoHelmet
_svj1cwy3s,21,78,612,130,223,DHelmetP1NoHelmet
_svj1cwy3s,22,103,616,138,229,DHelmetP1NoHelmet
_svj1cwy3s,23,136,621,142,238,DHelmetP1NoHelmet
_svj1cwy3s,24,170,625,145,248,DHelmetP1NoHelmet
_svj1cwy3s,25,203,630,150,257,DHelmetP1NoHelmet
_svj1cwy3s,26,246,635,155,268,DHelmetP1NoHelmet
_svj1cwy3s,27,288,640,162,278,DHelmetP1NoHelmet
_svj1cwy3s,28,332,649,176,288,DHelmetP1NoHelmet
_svj1cwy3s,29,376,658,190,297,DHelmetP1NoHelmet
_svj1cwy3s,30,427,663,204,313,DHelmetP1NoHelmet
_svj1cwy3s,31,484,671,219,328,DHelmetP1NoHelmet
_svj1cwy3s,32,547,679,235,343,DHelmetP1NoHelmet
_svj1cwy3s,33,617,691,252,358,DHelmetP1NoHelmet
_svj1cwy3s,34,694,703,268,374,DHelmetP1NoHelmet
_svj1cwy3s,35,775,719,295,361,DHelmetP1NoHelmet
_svj1cwy3s,36,866,734,322,346,DHelmetP1NoHelmet
_svj1cwy3s,37,967,751,346,329,DHelmetP1NoHelmet
_svj1cwy3s,38,1086,764,351,316,DHelmetP1NoHelmet
_svj1cwy3s,39,1209,783,340,297,DHelmetP1NoHelmet
_svj1cwy3s,40,1345,801,359,279,DHelmetP1NoHelmet
_svj1cwy3s,41,1506,821,393,259,DHelmetP1NoHelmet
_wz4vghbxs,36,0,604,126,232,DHelmetP1Helmet
_wz4vghbxs,37,21,607,132,242,DHelmetP1Helmet
_wz4vghbxs,38,50,611,135,251,DHelmetP1Helmet
_wz4vghbxs,39,78,614,138,261,DHelmetP1Helmet
_wz4vghbxs,40,109,620,142,268,DHelmetP1Helmet
_wz4vghbxs,41,141,627,144,274,DHelmetP1Helmet
_wz4vghbxs,42,176,633,149,287,DHelmetP1Helmet
_wz4vghbxs,43,212,639,154,300,DHelmetP1Helmet
_wz4vghbxs,44,251,647,165,315,DHelmetP1Helmet
_wz4vghbxs,45,290,656,177,330,DHelmetP1Helmet
_wz4vghbxs,46,330,660,193,345,DHelmetP1Helmet
_wz4vghbxs,47,386,669,200,361,DHelmetP1Helmet
_wz4vghbxs,48,437,676,217,384,DHelmetP1Helmet
_wz4vghbxs,49,501,688,233,392,DHelmetP1Helmet
_wz4vghbxs,50,568,702,250,378,DHelmetP1Helmet
_wz4vghbxs,51,638,715,278,365,DHelmetP1Helmet
_wz4vghbxs,52,718,730,306,350,DHelmetP1Helmet
_wz4vghbxs,53,820,745,325,335,DHelmetP1Helmet
_wz4vghbxs,54,922,759,362,321,DHelmetP1Helmet
_wz4vghbxs,55,1049,779,316,301,DHelmetP1Helmet
_wz4vghbxs,56,1186,801,347,279,DHelmetP1Helmet
_hbua17dj6,55,0,605,117,230,DNoHelmet
_hbua17dj6,56,3,609,144,235,DNoHelmet
_hbua17dj6,57,45,614,131,242,DNoHelmet
_hbua17dj6,58,68,618,141,250,DNoHelmet
_hbua17dj6,59,92,622,151,258,DNoHelmet
_hbua17dj6,60,121,629,155,264,DNoHelmet
_hbua17dj6,61,155,635,161,272,DNoHelmet
_hbua17dj6,62,192,642,165,278,DNoHelmet
_hbua17dj6,63,224,648,175,293,DNoHelmet
_hbua17dj6,64,263,655,184,306,DNoHelmet
_hbua17dj6,65,305,661,193,321,DNoHelmet
_hbua17dj6,66,349,668,203,334,DNoHelmet
_hbua17dj6,67,401,678,214,351,DNoHelmet
_hbua17dj6,68,455,689,227,367,DNoHelmet
_hbua17dj6,69,512,699,247,381,DNoHelmet
_hbua17dj6,70,579,711,262,369,DNoHelmet
_hbua17dj6,71,652,724,280,356,DNoHelmet
_hbua17dj6,72,731,740,307,340,DNoHelmet
_hbua17dj6,73,817,758,342,322,DNoHelmet
_hbua17dj6,74,933,776,361,304,DNoHelmet
_hbua17dj6,75,1046,794,406,286,DNoHelmet
_hbua17dj6,76,1195,815,356,265,DNoHelmet
_hbua17dj6,77,1344,841,395,239,DNoHelmet
_9t0vaqsr2,87,1618,703,297,305,DHelmet
_9t0vaqsr2,88,1503,688,278,294,DHelmet
_9t0vaqsr2,89,1400,680,258,281,DHelmet
_9t0vaqsr2,90,1305,668,239,269,DHelmet
_9t0vaqsr2,91,1220,658,218,258,DHelmet
_9t0vaqsr2,92,1135,650,208,243,DHelmet
_9t0vaqsr2,93,1057,642,196,238,DHelmet
_9t0vaqsr2,94,987,635,182,230,DHelmet
_9t0vaqsr2,95,917,627,173,222,DHelmet
_9t0vaqsr2,96,856,619,162,215,DHelmet
_9t0vaqsr2,97,794,615,156,203,DHelmet
_9t0vaqsr2,98,743,609,146,200,DHelmet
_9t0vaqsr2,99,688,604,138,192,DHelmet
_9t0vaqsr2,100,642,602,131,184,DHelmet
