track_id,frame_id,x,y,w,h,label
_16fmclx0t,1,90,542,71,125,DHelmet
_16fmclx0t,2,74,541,69,122,DHelmet
_16fmclx0t,3,58,540,68,119,DHelmet
_16fmclx0t,4,41,539,67,116,DHelmet
_16fmclx0t,5,28,538,65,114,DHelmet
_16fmclx0t,6,15,537,63,113,DHelmet
_16fmclx0t,7,2,536,61,112,DHelmet
_yfv8u9bd1,1,1169,608,157,169,DHelmet
_yfv8u9bd1,2,1144,609,161,169,DHelmet
_yfv8u9bd1,3,1119,610,165,168,DHelmet
_yfv8u9bd1,4,1095,611,169,168,DHelmet
_yfv8u9bd1,5,1070,612,173,167,DHelmet
_yfv8u9bd1,6,1045,613,177,167,DHelmet
_yfv8u9bd1,7,1020,614,182,166,DHelmet
_yfv8u9bd1,8,990,614,185,166,DHelmet
_yfv8u9bd1,9,959,614,189,165,DHelmet
_yfv8u9bd1,10,927,616,193,165,DHelmet
_yfv8u9bd1,11,895,617,198,165,DHelmet
_yfv8u9bd1,12,869,608,185,169,DHelmet
_yfv8u9bd1,13,838,608,188,169,DHelmet
_yfv8u9bd1,14,807,608,191,169,DHelmet
_yfv8u9bd1,15,778,606,186,168,DHelmet
_yfv8u9bd1,16,748,603,182,167,DHelmet
_yfv8u9bd1,17,718,601,178,166,DHelmet
_yfv8u9bd1,18,690,598,172,165,DHelmet
_yfv8u9bd1,19,662,596,166,164,DHelmet
_yfv8u9bd1,20,635,593,160,163,DHelmet
_yfv8u9bd1,21,607,591,155,162,DHelmet
_yfv8u9bd1,22,580,589,150,160,DHelmet
_yfv8u9bd1,23,552,586,145,159,DHelmet
_yfv8u9bd1,24,527,584,140,158,DHelmet
_yfv8u9bd1,25,502,582,136,156,DHelmet
_yfv8u9bd1,26,477,580,131,154,DHelmet
_yfv8u9bd1,27,452,577,123,153,DHelmet
_yfv8u9bd1,28,427,575,115,152,DHelmet
_yfv8u9bd1,29,402,573,107,150,DHelmet
_yfv8u9bd1,30,377,571,104,148,DHelmet
_yfv8u9bd1,31,352,569,100,146,DHelmet
_yfv8u9bd1,32,329,567,96,144,DHelmet
_yfv8u9bd1,33,305,565,93,142,DHelmet
_yfv8u9bd1,34,283,563,88,141,DHelmet
_yfv8u9bd1,35,261,561,84,139,DHelmet
_yfv8u9bd1,36,239,559,82,137,DHelmet
_yfv8u9bd1,37,217,557,80,135,DHelmet
_yfv8u9bd1,38,195,555,74,133,DHelmet
_yfv8u9bd1,39,173,554,73,131,DHelmet
_yfv8u9bd1,40,151,553,72,129,DHelmet
_yfv8u9bd1,41,131,550,71,127,DHelmet
_yfv8u9bd1,42,110,548,71,124,DHelmet
_yfv8u9bd1,43,90,546,69,122,DHelmet
_yfv8u9bd1,44,70,544,68,120,DHelmet
_yfv8u9bd1,45,53,544,67,118,DHelmet
_yfv8u9bd1,46,35,544,67,115,DHelmet
_yfv8u9bd1,47,17,542,67,116,DHelmet
_yfv8u9bd1,48,0,538,69,119,DHelmet
_3avw6zi0s,1,1242,648,205,249,DHelmet
_3avw6zi0s,2,1221,646,199,246,DHelmet
_3avw6zi0s,3,1200,645,194,242,DHelmet
_3avw6zi0s,4,1181,643,189,240,DHelmet
_3avw6zi0s,5,1161,641,184,237,DHelmet
_3avw6zi0s,6,1143,638,179,235,DHelmet
_3avw6zi0s,7,1124,635,176,233,DHelmet
_3avw6zi0s,8,1110,635,172,229,DHelmet
_3avw6zi0s,9,1096,634,169,226,DHelmet
_3avw6zi0s,10,1080,633,166,224,DHelmet
_3avw6zi0s,11,1065,631,163,222,DHelmet
_3avw6zi0s,12,1052,629,160,221,DHelmet
_3avw6zi0s,13,1039,627,158,220,DHelmet
_3avw6zi0s,14,1026,626,155,218,DHelmet
_3avw6zi0s,15,1014,624,154,216,DHelmet
_3avw6zi0s,16,1002,622,153,215,DHelmet
_3avw6zi0s,17,990,621,152,213,DHelmet
_3avw6zi0s,18,980,619,147,212,DHelmet
_3avw6zi0s,19,971,617,142,211,DHelmet
_3avw6zi0s,20,962,616,140,209,DHelmet
_3avw6zi0s,21,953,616,138,207,DHelmet
_3avw6zi0s,22,944,615,136,205,DHelmet
_3avw6zi0s,23,935,614,134,204,DHelmet
_3avw6zi0s,24,929,613,132,202,DHelmet
_3avw6zi0s,25,923,613,131,200,DHelmet
_3avw6zi0s,26,917,612,129,198,DHelmet
_3avw6zi0s,27,911,611,127,197,DHelmet
_3avw6zi0s,28,906,610,126,197,DHelmet
_3avw6zi0s,29,901,609,124,197,DHelmet
_3avw6zi0s,30,897,608,122,197,DHelmet
_3avw6zi0s,31,895,608,120,195,DHelmet
_3avw6zi0s,32,893,608,117,194,DHelmet
_3avw6zi0s,33,891,608,115,193,DHelmet
_3avw6zi0s,34,890,608,111,192,DHelmet
_3avw6zi0s,35,888,607,111,192,DHelmet
_3avw6zi0s,36,886,607,110,191,DHelmet
_3avw6zi0s,37,884,607,109,190,DHelmet
_3avw6zi0s,38,882,607,108,189,DHelmet
_3avw6zi0s,39,882,607,107,189,DHelmet
_3avw6zi0s,40,882,607,105,189,DHelmet
_3avw6zi0s,41,882,607,104,189,DHelmet
_3avw6zi0s,42,882,607,103,189,DHelmet
_3avw6zi0s,43,881,607,102,189,DHelmet
_3avw6zi0s,44,881,607,104,189,DHelmet
_3avw6zi0s,45,881,607,106,189,DHelmet
_3avw6zi0s,46,881,607,106,189,DHelmet
_3avw6zi0s,47,881,607,106,189,DHelmet
_3avw6zi0s,48,881,607,106,189,DHelmet
_3avw6zi0s,49,881,607,106,189,DHelmet
_3avw6zi0s,50,881,607,106,189,DHelmet
_3avw6zi0s,51,881,607,106,189,DHelmet
_3avw6zi0s,52,881,607,105,189,DHelmet
_3avw6zi0s,53,881,607,105,189,DHelmet
_3avw6zi0s,54,881,607,105,189,DHelmet
_3avw6zi0s,55,881,607,105,189,DHelmet
_3avw6zi0s,56,881,607,105,189,DHelmet
_3avw6zi0s,57,881,607,105,189,DHelmet
_3avw6zi0s,58,881,607,105,189,DHelmet
_3avw6zi0s,59,881,607,105,189,DHelmet
_3avw6zi0s,60,881,607,105,189,DHelmet
_3avw6zi0s,61,881,607,105,189,DHelmet
_3avw6zi0s,62,881,607,105,189,DHelmet
_3avw6zi0s,63,881,607,104,189,DHelmet
_3avw6zi0s,64,881,607,104,189,DHelmet
_3avw6zi0s,65,881,607,104,189,DHelmet
_3avw6zi0s,66,881,607,104,189,DHelmet
_3avw6zi0s,67,881,607,104,189,DHelmet
_3avw6zi0s,68,881,607,104,189,DHelmet
_3avw6zi0s,69,881,607,104,189,DHelmet
_3avw6zi0s,70,881,607,104,189,DHelmet
_3avw6zi0s,71,881,607,104,189,DHelmet
_3avw6zi0s,72,881,607,104,189,DHelmet
_3avw6zi0s,73,881,607,104,189,DHelmet
_3avw6zi0s,74,881,607,104,189,DHelmet
_3avw6zi0s,75,881,607,103,189,DHelmet
_3avw6zi0s,76,881,607,103,189,DHelmet
_3avw6zi0s,77,881,607,103,189,DHelmet
_3avw6zi0s,78,881,607,103,189,DHelmet
_3avw6zi0s,79,881,607,103,189,DHelmet
_3avw6zi0s,80,881,607,103,189,DHelmet
_3avw6zi0s,81,881,607,103,189,DHelmet
_3avw6zi0s,82,881,607,103,189,DHelmet
_3avw6zi0s,83,881,607,103,189,DHelmet
_3avw6zi0s,84,881,607,103,189,DHelmet
_3avw6zi0s,85,881,607,103,189,DHelmet
_3avw6zi0s,86,881,607,102,189,DHelmet
_3avw6zi0s,87,881,607,102,189,DHelmet
_3avw6zi0s,88,881,607,102,189,DHelmet
_3avw6zi0s,89,881,607,102,189,DHelmet
_3avw6zi0s,90,881,607,102,189,DHelmet
_3avw6zi0s,91,881,607,102,189,DHelmet
_3avw6zi0s,92,881,607,102,189,DHelmet
_3avw6zi0s,93,881,607,102,189,DHelmet
_3avw6zi0s,94,881,607,102,189,DHelmet
_3avw6zi0s,95,881,607,100,189,DHelmet
_3avw6zi0s,96,881,607,98,189,DHelmet
_3avw6zi0s,97,878,607,98,188,DHelmet
_3avw6zi0s,98,875,607,98,187,DHelmet
_3avw6zi0s,99,872,607,98,186,DHelmet
_3avw6zi0s,100,869,607,98,186,DHelmet
