track_id,frame_id,x,y,w,h,label
_oh3pfjs6a,1,1011,766,415,314,DNoHelmetP0NoHelmetP1NoHelmet
_oh3pfjs6a,2,962,771,426,309,DNoHelmetP0NoHelmetP1NoHelmet
_oh3pfjs6a,3,909,777,444,303,DNoHelmetP0NoHelmetP1NoHelmet
_oh3pfjs6a,4,854,787,458,293,DNoHelmetP0NoHelmetP1NoHelmet
_l6zm3z30c,1,1622,656,191,283,DHelmetP1NoHelmet
_l6zm3z30c,2,1657,649,185,277,DHelmetP1NoHelmet
_l6zm3z30c,3,1692,643,178,270,DHelmetP1NoHelmet
_l6zm3z30c,4,1726,641,168,264,DHelmetP1NoHelmet
_l6zm3z30c,5,1759,636,159,258,DHelmetP1NoHelmet
_l6zm3z30c,6,1785,634,135,252,DHelmetP1NoHelmet
_hgbvi0mj8,5,1508,605,96,129,DHelmetP1NoHelmetP2NoHelmet
_hgbvi0mj8,6,1477,607,101,132,DHelmetP1NoHelmetP2NoHelmet
_hgbvi0mj8,7,1447,608,102,135,DHelmetP1NoHelmetP2NoHelmet
_hgbvi0mj8,8,1422,607,99,140,DHelmetP1NoHelmetP2NoHelmet
_hgbvi0mj8,9,1381,610,96,144,DHelmetP1NoHelmetP2NoHelmet
_hgbvi0mj8,10,1341,613,92,148,DHelmetP1NoHelmetP2NoHelmet
_hgbvi0mj8,11,1300,615,89,154,DHelmetP1NoHelmetP2NoHelmet
_hgbvi0mj8,12,1259,618,86,158,DHelmetP1NoHelmetP2NoHelmet
_hgbvi0mj8,13,1208,620,137,165,DHelmetP1NoHelmetP2NoHelmet
_hgbvi0mj8,14,1162,624,140,168,DHelmetP1NoHelmetP2NoHelmet
_hgbvi0mj8,15,1116,628,144,172,DHelmetP1NoHelmetP2NoHelmet
_hgbvi0mj8,16,1057,630,151,180,DHelmetP1NoHelmetP2NoHelmet
_hgbvi0mj8,17,998,632,158,188,DHelmetP1NoHelmetP2NoHelmet
_hgbvi0mj8,18,939,634,165,196,DHelmetP1NoHelmetP2NoHelmet
_hgbvi0mj8,19,869,639,174,204,DHelmetP1NoHelmetP2NoHelmet
_hgbvi0mj8,20,799,644,184,212,DHelmetP1NoHelmetP2NoHelmet
_hgbvi0mj8,21,713,649,196,220,DHelmetP1NoHelmetP2NoHelmet
_hgbvi0mj8,22,626,655,209,227,DHelmetP1NoHelmetP2NoHelmet
_hgbvi0mj8,23,540,661,222,235,DHelmetP1NoHelmetP2NoHelmet
_hgbvi0mj8,24,424,661,244,254,DHelmetP1NoHelmetP2NoHelmet
_hgbvi0mj8,25,309,662,265,272,DHelmetP1NoHelmetP2NoHelmet
_hgbvi0mj8,26,194,662,287,291,DHelmetP1NoHelmetP2NoHelmet
_hgbvi0mj8,27,53,671,307,305,DHelmetP1NoHelmetP2NoHelmet
_hgbvi0mj8,28,0,688,230,284,DHelmetP1NoHelmetP2NoHelmet
_bcq7pru8v,23,112,711,476,369,DHelmetP1Helmet
_bcq7pru8v,24,345,698,405,382,DHelmetP1Helmet
_bcq7pru8v,25,522,687,363,393,DHelmetP1Helmet
_bcq7pru8v,26,700,676,307,404,DHelmetP1Helmet
_bcq7pru8v,27,840,666,272,396,DHelmetP1Helmet
_bcq7pru8v,28,959,659,246,372,DHelmetP1Helmet
_bcq7pru8v,29,1068,653,220,348,DHelmetP1Helmet
_bcq7pru8v,30,1160,645,204,329,DHelmetP1Helmet
_bcq7pru8v,31,1243,639,190,313,DHelmetP1Helmet
_bcq7pru8v,32,1318,634,175,297,DHelmetP1Helmet
_bcq7pru8v,33,1391,631,160,281,DHelmetP1Helmet
_bcq7pru8v,34,1448,626,155,270,DHelmetP1Helmet
_bcq7pru8v,35,1505,620,149,260,DHelmetP1Helmet
_bcq7pru8v,36,1560,617,137,250,DHelmetP1Helmet
_bcq7pru8v,37,1607,614,130,239,DHelmetP1Helmet
_bcq7pru8v,38,1649,612,126,227,DHelmetP1Helmet
_bcq7pru8v,39,1687,609,121,219,DHelmetP1Helmet
_bcq7pru8v,40,1725,606,116,212,DHelmetP1Helmet
_bcq7pru8v,41,1756,604,111,203,DHelmetP1Helmet
_bcq7pru8v,42,1789,602,106,196,DHelmetP1Helmet
_bcq7pru8v,43,1815,600,104,189,DHelmetP1Helmet
_bcq7pru8v,44,1844,599,76,184,DHelmetP1Helmet
_jhizn58y7,51,546,781,387,299,DNoHelmet
_jhizn58y7,52,681,765,354,315,DNoHelmet
_jhizn58y7,53,816,750,320,330,DNoHelmet
_jhizn58y7,54,867,737,354,343,DNoHelmet
_jhizn58y7,55,976,725,331,355,DNoHelmet
_jhizn58y7,56,1072,717,316,363,DNoHelmet
_jhizn58y7,57,1167,708,289,372,DNoHelmet
_jhizn58y7,58,1247,700,270,380,DNoHelmet
_jhizn58y7,59,1326,691,251,389,DNoHelmet
_jhizn58y7,60,1397,686,242,394,DNoHelmet
_jhizn58y7,61,1462,681,228,399,DNoHelmet
_jhizn58y7,62,1525,673,213,407,DNoHelmet
_jhizn58y7,63,1585,673,196,392,DNoHelmet
_jhizn58y7,64,1636,666,185,379,DNoHelmet
_jhizn58y7,65,1686,659,175,365,DNoHelmet
_jhizn58y7,66,1731,657,163,352,DNoHelmet
_jhizn58y7,67,1768,654,152,335,DNoHelmet
_pedj4uecc,63,0,699,351,381,DHelmet
_pedj4uecc,64,141,687,404,393,DHelmet
_pedj4uecc,65,362,677,346,403,DHelmet
_pedj4uecc,66,550,665,296,390,DHelmet
_pedj4uecc,67,712,657,258,361,DHelmet
_pedj4uecc,68,849,647,229,338,DHelmet
_pedj4uecc,69,971,643,199,315,DHelmet
_pedj4uecc,70,1075,636,182,299,DHelmet
_pedj4uecc,71,1168,629,163,282,DHelmet
_pedj4uecc,72,1253,626,147,268,DHelmet
_pedj4uecc,73,1324,620,137,256,DHelmet
_pedj4uecc,74,1394,617,128,243,DHelmet
_pedj4uecc,75,1454,613,118,233,DHelmet
_pedj4uecc,76,1512,610,109,221,DHelmet
_pedj4uecc,77,1563,608,105,212,DHelmet
_pedj4uecc,78,1607,605,101,203,DHelmet
_pedj4uecc,79,1648,603,97,193,DHelmet
_pedj4uecc,80,1690,600,93,185,DHelmet
_pedj4uecc,81,1725,598,91,180,DHelmet
_pedj4uecc,82,1760,596,88,174,DHelmet
_pedj4uecc,83,1794,594,85,169,DHelmet
_pedj4uecc,84,1823,591,82,164,DHelmet
_pedj4uecc,85,1852,591,68,155,DHelmet
_tk5203325,67,0,782,624,298,DHelmetP1NoHelmet
_tk5203325,68,237,765,522,315,DHelmetP1NoHelmet
_tk5203325,69,417,741,456,339,DHelmetP1NoHelmet
_tk5203325,70,566,724,411,356,DHelmetP1NoHelmet
_tk5203325,71,694,722,379,358,DHelmetP1NoHelmet
_tk5203325,72,806,709,351,371,DHelmetP1NoHelmet
_tk5203325,73,908,696,326,384,DHelmetP1NoHelmet
_tk5203325,74,1002,682,298,398,DHelmetP1NoHelmet
_tk5203325,75,1079,674,285,406,DHelmetP1NoHelmet
_tk5203325,76,1159,667,269,413,DHelmetP1NoHelmet
_tk5203325,77,1232,664,248,398,DHelmetP1NoHelmet
_tk5203325,78,1292,662,240,381,DHelmetP1NoHelmet
_tk5203325,79,1347,656,231,367,DHelmetP1NoHelmet
_tk5203325,80,1403,650,222,353,DHelmetP1NoHelmet
_tk5203325,81,1456,645,212,338,DHelmetP1NoHelmet
_tk5203325,82,1501,641,205,326,DHelmetP1NoHelmet
_tk5203325,83,1547,637,197,314,DHelmetP1NoHelmet
_tk5203325,84,1587,633,191,303,DHelmetP1NoHelmet
_tk5203325,85,1631,630,184,291,DHelmetP1NoHelmet
_tk5203325,86,1667,628,178,282,DHelmetP1NoHelmet
_tk5203325,87,1704,625,171,273,DHelmetP1NoHelmet
_tk5203325,88,1741,623,162,264,DHelmetP1NoHelmet
_tk5203325,89,1771,621,149,256,DHelmetP1NoHelmet
_tk5203325,90,1797,618,123,252,DHelmetP1NoHelmet
_8kfyf5p9w,3,1448,622,61,95,DHelmet
_8kfyf5p9w,4,1448,622,61,95,DHelmet
_8kfyf5p9w,5,1448,622,61,95,DHelmet
_8kfyf5p9w,6,1448,622,60,95,DHelmet
_8kfyf5p9w,7,1448,622,60,95,DHelmet
_8kfyf5p9w,8,1448,622,60,95,DHelmet
_8kfyf5p9w,9,1447,622,61,95,DHelmet
_8kfyf5p9w,10,1447,622,61,95,DHelmet
_8kfyf5p9w,11,1447,622,61,95,DHelmet
_8kfyf5p9w,12,1447,622,61,95,DHelmet
_8kfyf5p9w,13,1447,622,61,95,DHelmet
_8kfyf5p9w,14,1447,622,61,95,DHelmet
_8kfyf5p9w,15,1447,622,61,96,DHelmet
_8kfyf5p9w,16,1447,621,61,97,DHelmet
_8kfyf5p9w,17,1446,621,62,97,DHelmet
_8kfyf5p9w,18,1446,621,62,97,DHelmet
_8kfyf5p9w,19,1446,621,62,97,DHelmet
_8kfyf5p9w,20,1446,621,62,97,DHelmet
_8kfyf5p9w,21,1446,621,62,97,DHelmet
_8kfyf5p9w,22,1446,621,62,97,DHelmet
_8kfyf5p9w,23,1446,621,62,97,DHelmet
_8kfyf5p9w,24,1446,621,62,97,DHelmet
_8kfyf5p9w,25,1446,621,62,97,DHelmet
_8kfyf5p9w,26,1445,621,63,97,DHelmet
_8kfyf5p9w,27,1445,621,63,97,DHelmet
_8kfyf5p9w,28,1445,621,62,97,DHelmet
_8kfyf5p9w,29,1445,621,62,97,DHelmet
_8kfyf5p9w,30,1445,620,62,98,DHelmet
_8kfyf5p9w,31,1445,620,62,98,DHelmet
_8kfyf5p9w,32,1445,620,62,98,DHelmet
_8kfyf5p9w,33,1445,620,62,98,DHelmet
_8kfyf5p9w,34,1444,620,63,98,DHelmet
_8kfyf5p9w,35,1444,620,63,98,DHelmet
_8kfyf5p9w,36,1444,620,63,98,DHelmet
_8kfyf5p9w,37,1444,620,63,98,DHelmet
_8kfyf5p9w,38,1444,620,63,98,DHelmet
_8kfyf5p9w,39,1444,620,63,98,DHelmet
_8kfyf5p9w,40,1444,620,63,98,DHelmet
_8kfyf5p9w,41,1444,620,63,98,DHelmet
_8kfyf5p9w,42,1444,620,63,98,DHelmet
_8kfyf5p9w,43,1443,620,64,98,DHelmet
_8kfyf5p9w,44,1443,619,64,99,DHelmet
_8kfyf5p9w,45,1443,619,64,99,DHelmet
_8kfyf5p9w,46,1443,619,64,99,DHelmet
_8kfyf5p9w,47,1443,619,64,99,DHelmet
_8kfyf5p9w,48,1443,619,64,99,DHelmet
_8kfyf5p9w,49,1443,619,64,99,DHelmet
_8kfyf5p9w,50,1443,619,64,99,DHelmet
_8kfyf5p9w,51,1443,619,64,99,DHelmet
_8kfyf5p9w,52,1443,619,64,99,DHelmet
_8kfyf5p9w,53,1443,619,64,99,DHelmet
_8kfyf5p9w,54,1443,619,64,99,DHelmet
_8kfyf5p9w,55,1443,619,64,99,DHelmet
_8kfyf5p9w,56,1443,619,64,99,DHelmet
_8kfyf5p9w,57,1443,619,64,99,DHelmet
_8kfyf5p9w,58,1443,619,64,99,DHelmet
_8kfyf5p9w,59,1443,619,64,99,DHelmet
_8kfyf5p9w,60,1443,619,64,99,DHelmet
_8kfyf5p9w,61,1443,619,64,99,DHelmet
_8kfyf5p9w,62,1443,619,64,99,DHelmet
_8kfyf5p9w,63,1443,619,64,99,DHelmet
_8kfyf5p9w,64,1443,619,64,99,DHelmet
_8kfyf5p9w,65,1443,619,64,99,DHelmet
_8kfyf5p9w,66,1443,619,64,99,DHelmet
_8kfyf5p9w,67,1443,619,64,99,DHelmet
_8kfyf5p9w,68,1443,619,64,99,DHelmet
_8kfyf5p9w,69,1443,619,64,99,DHelmet
_8kfyf5p9w,70,1443,619,64,99,DHelmet
_8kfyf5p9w,71,1444,619,63,99,DHelmet
_8kfyf5p9w,72,1444,619,63,99,DHelmet
_8kfyf5p9w,73,1444,619,63,99,DHelmet
_8kfyf5p9w,74,1444,619,63,99,DHelmet
_8kfyf5p9w,75,1444,619,63,99,DHelmet
_8kfyf5p9w,76,1444,619,63,99,DHelmet
_8kfyf5p9w,77,1444,619,63,99,DHelmet
_8kfyf5p9w,78,1444,619,63,99,DHelmet
_8kfyf5p9w,79,1444,619,63,99,DHelmet
_8kfyf5p9w,80,1444,619,63,99,DHelmet
_8kfyf5p9w,81,1444,619,63,99,DHelmet
_8kfyf5p9w,82,1444,619,63,99,DHelmet
_8kfyf5p9w,83,1444,619,63,99,DHelmet
_8kfyf5p9w,84,1444,619,63,99,DHelmet
_8kfyf5p9w,85,1444,619,63,99,DHelmet
_8kfyf5p9w,86,1444,619,63,99,DHelmet
_8kfyf5p9w,87,1444,619,63,99,DHelmet
_8kfyf5p9w,88,1444,619,63,99,DHelmet
_8kfyf5p9w,89,1444,619,63,99,DHelmet
_8kfyf5p9w,90,1444,619,63,99,DHelmet
_8kfyf5p9w,91,1444,619,63,99,DHelmet
_8kfyf5p9w,92,1444,619,63,99,DHelmet
_8kfyf5p9w,93,1444,619,63,99,DHelmet
_8kfyf5p9w,94,1444,619,64,99,DHelmet
_8kfyf5p9w,95,1444,619,64,99,DHelmet
_8kfyf5p9w,96,1444,619,64,99,DHelmet
_8kfyf5p9w,97,1444,619,64,99,DHelmet
_8kfyf5p9w,98,1444,619,64,99,DHelmet
_8kfyf5p9w,99,1444,619,64,99,DHelmet
_8kfyf5p9w,100,1444,619,64,99,DHelmet
