track_id,frame_id,x,y,w,h,label
_jwgwgv2bc,1,102,533,141,290,DHelmetP1Helmet
_jwgwgv2bc,2,115,535,146,302,DHelmetP1Helmet
_jwgwgv2bc,3,129,537,150,315,DHelmetP1Helmet
_jwgwgv2bc,4,142,541,156,327,DHelmetP1Helmet
_jwgwgv2bc,5,155,544,162,341,DHelmetP1Helmet
_jwgwgv2bc,6,172,547,170,355,DHelmetP1Helmet
_jwgwgv2bc,7,190,550,176,370,DHelmetP1Helmet
_jwgwgv2bc,8,212,559,183,385,DHelmetP1Helmet
_jwgwgv2bc,9,233,568,192,399,DHelmetP1Helmet
_jwgwgv2bc,10,260,570,205,421,DHelmetP1Helmet
_jwgwgv2bc,11,288,572,217,444,DHelmetP1Helmet
_jwgwgv2bc,12,322,581,231,467,DHelmetP1Helmet
_jwgwgv2bc,13,357,591,243,488,DHelmetP1Helmet
_jwgwgv2bc,14,397,595,260,484,DHelmetP1Helmet
_jwgwgv2bc,15,442,600,276,480,DHelmetP1Helmet
_jwgwgv2bc,16,493,610,299,470,DHelmetP1Helmet
_jwgwgv2bc,17,550,622,321,458,DHelmetP1Helmet
_jwgwgv2bc,18,629,637,355,443,DHelmetP1Helmet
_jwgwgv2bc,19,707,648,400,432,DHelmetP1Helmet
_jwgwgv2bc,20,801,664,418,416,DHelmetP1Helmet
_jwgwgv2bc,21,914,687,469,393,DHelmetP1Helmet
_5ebhr5e0e,39,3,520,87,186,DHelmetP1Helmet
_5ebhr5e0e,40,9,521,97,193,DHelmetP1Helmet
_5ebhr5e0e,41,18,521,102,201,DHelmetP1Helmet
_5ebhr5e0e,42,32,524,105,207,DHelmetP1Helmet
_5ebhr5e0e,43,47,527,107,213,DHelmetP1Helmet
_5ebhr5e0e,44,62,530,112,221,DHelmetP1Helmet
_5ebhr5e0e,45,77,533,116,228,DHelmetP1Helmet
_5ebhr5e0e,46,95,535,121,238,DHelmetP1Helmet
_5ebhr5e0e,47,112,538,127,246,DHelmetP1Helmet
_5ebhr5e0e,48,132,541,133,258,DHelmetP1Helmet
_5ebhr5e0e,49,153,545,137,270,DHelmetP1Helmet
_5ebhr5e0e,50,176,546,144,285,DHelmetP1Helmet
_5ebhr5e0e,51,198,547,152,300,DHelmetP1Helmet
_5ebhr5e0e,52,227,553,156,316,DHelmetP1Helmet
_5ebhr5e0e,53,256,559,159,332,DHelmetP1Helmet
_5ebhr5e0e,54,289,563,169,353,DHelmetP1Helmet
_5ebhr5e0e,55,322,568,180,374,DHelmetP1Helmet
_5ebhr5e0e,56,366,575,194,402,DHelmetP1Helmet
_5ebhr5e0e,57,411,583,207,430,DHelmetP1Helmet
_5ebhr5e0e,58,464,597,222,457,DHelmetP1Helmet
_5ebhr5e0e,59,522,607,247,473,DHelmetP1Helmet
_5ebhr5e0e,60,594,612,278,468,DHelmetP1Helmet
_5ebhr5e0e,61,674,624,315,456,DHelmetP1Helmet
_5ebhr5e0e,62,776,643,365,437,DHelmetP1Helmet
_5ebhr5e0e,63,894,664,435,416,DHelmetP1Helmet
_5ebhr5e0e,64,1047,688,476,392,DHelmetP1Helmet
_5ebhr5e0e,65,1225,714,517,365,DHelmetP1Helmet
