track_id,frame_id,x,y,w,h,label
_i4490cxw0,1,263,685,146,204,DNoHelmet
_i4490cxw0,2,263,685,146,204,DNoHelmet
_i4490cxw0,3,263,684,146,205,DNoHelmet
_i4490cxw0,4,263,684,147,205,DNoHelmet
_i4490cxw0,5,262,684,148,205,DNoHelmet
_i4490cxw0,6,262,684,149,205,DNoHelmet
_i4490cxw0,7,262,683,149,206,DNoHelmet
_i4490cxw0,8,262,683,150,206,DNoHelmet
_i4490cxw0,9,262,683,150,206,DNoHelmet
_i4490cxw0,10,262,682,151,207,DNoHelmet
_i4490cxw0,11,262,682,151,207,DNoHelmet
_i4490cxw0,12,262,682,151,207,DNoHelmet
_i4490cxw0,13,262,682,152,207,DNoHelmet
_i4490cxw0,14,262,681,152,208,DNoHelmet
_i4490cxw0,15,261,681,154,209,DNoHelmet
_i4490cxw0,16,261,681,154,209,DNoHelmet
_i4490cxw0,17,261,680,155,210,DNoHelmet
_i4490cxw0,18,261,680,155,210,DNoHelmet
_i4490cxw0,19,261,680,155,210,DNoHelmet
_i4490cxw0,20,261,680,155,210,DNoHelmet
_i4490cxw0,21,261,680,155,210,DNoHelmet
_i4490cxw0,22,262,680,154,210,DNoHelmet
_i4490cxw0,23,262,680,154,210,DNoHelmet
_i4490cxw0,24,262,680,154,209,DNoHelmet
_i4490cxw0,25,262,680,154,209,DNoHelmet
_i4490cxw0,26,262,680,154,209,DNoHelmet
_i4490cxw0,27,262,680,154,209,DNoHelmet
_i4490cxw0,28,262,680,154,209,DNoHelmet
_i4490cxw0,29,262,680,154,209,DNoHelmet
_i4490cxw0,30,262,680,154,209,DNoHelmet
_i4490cxw0,31,263,680,153,209,DNoHelmet
_i4490cxw0,32,263,680,153,209,DNoHelmet
_i4490cxw0,33,263,680,153,209,DNoHelmet
_i4490cxw0,34,263,680,153,209,DNoHelmet
_i4490cxw0,35,263,680,153,209,DNoHelmet
_i4490cxw0,36,263,680,153,209,DNoHelmet
_i4490cxw0,37,263,680,153,209,DNoHelmet
_i4490cxw0,38,263,680,153,209,DNoHelmet
_i4490cxw0,39,263,680,153,209,DNoHelmet
_i4490cxw0,40,264,680,152,209,DNoHelmet
_i4490cxw0,41,264,680,151,209,DNoHelmet
_i4490cxw0,42,264,679,151,210,DNoHelmet
_i4490cxw0,43,264,679,150,210,DNoHelmet
_i4490cxw0,44,265,679,149,209,DNoHelmet
_i4490cxw0,45,265,679,148,209,DNoHelmet
_i4490cxw0,46,265,679,148,209,DNoHelmet
_i4490cxw0,47,265,679,147,209,DNoHelmet
_i4490cxw0,48,266,679,146,209,DNoHelmet
_i4490cxw0,49,266,679,145,208,DNoHelmet
_i4490cxw0,50,266,679,145,208,DNoHelmet
_i4490cxw0,51,266,679,144,208,DNoHelmet
_i4490cxw0,52,267,679,143,208,DNoHelmet
_i4490cxw0,53,267,679,142,208,DNoHelmet
_i4490cxw0,54,267,679,142,207,DNoHelmet
_i4490cxw0,55,268,679,140,207,DNoHelmet
_i4490cxw0,56,268,679,140,207,DNoHelmet
_i4490cxw0,57,268,679,140,207,DNoHelmet
_i4490cxw0,58,267,680,141,207,DNoHelmet
_i4490cxw0,59,267,680,142,207,DNoHelmet
_i4490cxw0,60,267,681,142,206,DNoHelmet
_i4490cxw0,61,267,681,143,206,DNoHelmet
_i4490cxw0,62,267,681,143,206,DNoHelmet
_i4490cxw0,63,267,682,143,206,DNoHelmet
_i4490cxw0,64,267,682,144,206,DNoHelmet
_i4490cxw0,65,266,683,145,205,DNoHelmet
_i4490cxw0,66,266,683,146,205,DNoHelmet
_i4490cxw0,67,266,683,146,206,DNoHelmet
_i4490cxw0,68,266,684,146,205,DNoHelmet
_i4490cxw0,69,266,684,147,205,DNoHelmet
_i4490cxw0,70,266,685,147,204,DNoHelmet
_i4490cxw0,71,265,685,149,205,DNoHelmet
_i4490cxw0,72,265,685,149,205,DNoHelmet
_i4490cxw0,73,265,686,149,204,DNoHelmet
_i4490cxw0,74,265,686,150,204,DNoHelmet
_i4490cxw0,75,265,687,150,206,DNoHelmet
_i4490cxw0,76,265,687,151,208,DNoHelmet
_i4490cxw0,77,265,687,151,210,DNoHelmet
_i4490cxw0,78,262,685,150,212,DNoHelmet
_i4490cxw0,79,260,683,148,213,DNoHelmet
_i4490cxw0,80,258,681,145,215,DNoHelmet
_i4490cxw0,81,256,679,143,216,DNoHelmet
_i4490cxw0,82,254,677,141,218,DNoHelmet
_i4490cxw0,83,252,675,139,220,DNoHelmet
_i4490cxw0,84,251,676,138,219,DNoHelmet
_i4490cxw0,85,251,676,137,219,DNoHelmet
_i4490cxw0,86,251,677,135,218,DNoHelmet
_i4490cxw0,87,250,678,135,217,DNoHelmet
_i4490cxw0,88,250,679,133,216,DNoHelmet
_i4490cxw0,89,250,680,131,215,DNoHelmet
_i4490cxw0,90,249,681,131,214,DNoHelmet
_i4490cxw0,91,249,682,129,213,DNoHelmet
_i4490cxw0,92,249,683,128,212,DNoHelmet
_i4490cxw0,93,248,683,127,212,DNoHelmet
_i4490cxw0,94,248,684,126,211,DNoHelmet
_i4490cxw0,95,248,685,124,210,DNoHelmet
_i4490cxw0,96,248,685,122,210,DNoHelmet
_i4490cxw0,97,248,685,120,209,DNoHelmet
_i4490cxw0,98,248,685,118,209,DNoHelmet
_ttb4evkq7,1,351,673,200,212,DNoHelmet
_ttb4evkq7,2,351,673,200,212,DNoHelmet
_ttb4evkq7,3,352,673,199,212,DNoHelmet
_ttb4evkq7,4,352,673,198,212,DNoHelmet
_ttb4evkq7,5,352,673,198,211,DNoHelmet
_ttb4evkq7,6,352,673,198,211,DNoHelmet
_ttb4evkq7,7,352,673,198,211,DNoHelmet
_ttb4evkq7,8,352,673,197,211,DNoHelmet
_ttb4evkq7,9,353,673,196,211,DNoHelmet
_ttb4evkq7,10,353,673,196,211,DNoHelmet
_ttb4evkq7,11,353,673,196,211,DNoHelmet
_ttb4evkq7,12,353,673,195,211,DNoHelmet
_ttb4evkq7,13,353,673,195,211,DNoHelmet
_ttb4evkq7,14,353,673,195,211,DNoHelmet
_ttb4evkq7,15,353,674,195,210,DNoHelmet
_ttb4evkq7,16,354,674,193,210,DNoHelmet
_ttb4evkq7,17,354,674,193,210,DNoHelmet
_ttb4evkq7,18,354,674,193,210,DNoHelmet
_ttb4evkq7,19,354,674,193,210,DNoHelmet
_ttb4evkq7,20,354,674,193,210,DNoHelmet
_ttb4evkq7,21,354,674,192,209,DNoHelmet
_ttb4evkq7,22,355,674,191,209,DNoHelmet
_ttb4evkq7,23,355,674,191,209,DNoHelmet
_ttb4evkq7,24,355,674,190,209,DNoHelmet
_ttb4evkq7,25,355,674,190,209,DNoHelmet
_ttb4evkq7,26,355,674,189,209,DNoHelmet
_ttb4evkq7,27,355,674,189,209,DNoHelmet
_ttb4evkq7,28,355,674,189,209,DNoHelmet
_ttb4evkq7,29,356,674,187,209,DNoHelmet
_ttb4evkq7,30,356,674,187,209,DNoHelmet
_ttb4evkq7,31,356,674,186,209,DNoHelmet
_ttb4evkq7,32,356,674,186,209,DNoHelmet
_ttb4evkq7,33,356,675,185,208,DNoHelmet
_ttb4evkq7,34,356,675,185,208,DNoHelmet
_ttb4evkq7,35,357,675,184,208,DNoHelmet
_ttb4evkq7,36,357,675,183,208,DNoHelmet
_ttb4evkq7,37,357,675,183,208,DNoHelmet
_ttb4evkq7,38,357,675,182,207,DNoHelmet
_ttb4evkq7,39,357,675,182,207,DNoHelmet
_ttb4evkq7,40,357,675,181,207,DNoHelmet
_ttb4evkq7,41,357,675,182,207,DNoHelmet
_ttb4evkq7,42,357,674,182,208,DNoHelmet
_ttb4evkq7,43,357,674,182,208,DNoHelmet
_ttb4evkq7,44,357,674,182,208,DNoHelmet
_ttb4evkq7,45,356,674,183,208,DNoHelmet
_ttb4evkq7,46,356,673,184,209,DNoHelmet
_ttb4evkq7,47,356,673,184,209,DNoHelmet
_ttb4evkq7,48,357,673,183,210,DNoHelmet
_ttb4evkq7,49,357,673,183,210,DNoHelmet
_ttb4evkq7,50,357,672,183,211,DNoHelmet
_ttb4evkq7,51,357,672,184,211,DNoHelmet
_ttb4evkq7,52,357,672,184,211,DNoHelmet
_ttb4evkq7,53,357,672,184,211,DNoHelmet
_ttb4evkq7,54,358,671,183,212,DNoHelmet
_ttb4evkq7,55,358,671,183,212,DNoHelmet
_ttb4evkq7,56,358,671,184,212,DNoHelmet
_ttb4evkq7,57,358,671,183,212,DNoHelmet
_ttb4evkq7,58,358,671,183,212,DNoHelmet
_ttb4evkq7,59,358,671,183,212,DNoHelmet
_ttb4evkq7,60,358,672,183,212,DNoHelmet
_ttb4evkq7,61,359,672,181,212,DNoHelmet
_ttb4evkq7,62,359,672,181,212,DNoHelmet
_ttb4evkq7,63,359,672,181,212,DNoHelmet
_ttb4evkq7,64,359,673,181,211,DNoHelmet
_ttb4evkq7,65,359,673,181,212,DNoHelmet
_ttb4evkq7,66,358,674,181,211,DNoHelmet
_ttb4evkq7,67,357,675,181,210,DNoHelmet
_ttb4evkq7,68,356,675,181,210,DNoHelmet
_ttb4evkq7,69,354,676,182,209,DNoHelmet
_ttb4evkq7,70,353,677,182,208,DNoHelmet
_ttb4evkq7,71,352,678,183,208,DNoHelmet
_ttb4evkq7,72,351,679,183,207,DNoHelmet
_ttb4evkq7,73,350,680,183,206,DNoHelmet
_ttb4evkq7,74,348,681,184,205,DNoHelmet
_ttb4evkq7,75,347,682,184,204,DNoHelmet
_ttb4evkq7,76,346,683,184,203,DNoHelmet
_ttb4evkq7,77,345,683,185,203,DNoHelmet
_ttb4evkq7,78,330,679,198,208,DNoHelmet
_ttb4evkq7,79,315,675,210,212,DNoHelmet
_ttb4evkq7,80,331,675,189,212,DNoHelmet
_ttb4evkq7,81,346,676,169,212,DNoHelmet
_ttb4evkq7,82,346,676,164,212,DNoHelmet
_ttb4evkq7,83,346,677,159,212,DNoHelmet
_ttb4evkq7,84,345,677,157,213,DNoHelmet
_ttb4evkq7,85,344,677,155,214,DNoHelmet
_ttb4evkq7,86,343,677,153,215,DNoHelmet
_ttb4evkq7,87,343,677,150,216,DNoHelmet
_ttb4evkq7,88,342,677,148,217,DNoHelmet
_ttb4evkq7,89,341,677,146,218,DNoHelmet
_ttb4evkq7,90,340,677,144,219,DNoHelmet
_ttb4evkq7,91,340,677,141,220,DNoHelmet
_ttb4evkq7,92,339,677,139,222,DNoHelmet
_ttb4evkq7,93,338,677,137,223,DNoHelmet
_ttb4evkq7,94,337,677,134,224,DNoHelmet
_ttb4evkq7,95,336,677,137,225,DNoHelmet
_ttb4evkq7,96,336,677,139,226,DNoHelmet
_ttb4evkq7,97,336,677,142,226,DNoHelmet
_ttb4evkq7,98,336,677,133,217,DNoHelmet
_ghqsbe5lb,6,4,720,394,360,DHelmetP1Helmet
_ghqsbe5lb,7,137,697,508,383,DHelmetP1Helmet
_ghqsbe5lb,8,427,684,417,396,DHelmetP1Helmet
_ghqsbe5lb,9,662,669,340,411,DHelmetP1Helmet
_ghqsbe5lb,10,847,659,294,378,DHelmetP1Helmet
_ghqsbe5lb,11,1005,647,253,350,DHelmetP1Helmet
_ghqsbe5lb,12,1119,640,239,322,DHelmetP1Helmet
_ghqsbe5lb,13,1246,633,201,300,DHelmetP1Helmet
_ghqsbe5lb,14,1342,627,185,283,DHelmetP1Helmet
_ghqsbe5lb,15,1430,621,167,266,DHelmetP1Helmet
_ghqsbe5lb,16,1507,616,152,251,DHelmetP1Helmet
_ghqsbe5lb,17,1570,612,147,239,DHelmetP1Helmet
_ghqsbe5lb,18,1626,607,138,226,DHelmetP1Helmet
_ghqsbe5lb,19,1681,603,131,213,DHelmetP1Helmet
_ghqsbe5lb,20,1728,601,122,205,DHelmetP1Helmet
_ghqsbe5lb,21,1768,598,117,194,DHelmetP1Helmet
_ghqsbe5lb,22,1809,595,111,187,DHelmetP1Helmet
_ghqsbe5lb,23,1847,592,73,176,DHelmetP1Helmet
_853u7xtdi,15,5,722,469,358,DHelmet
_853u7xtdi,16,290,692,430,388,DHelmet
_853u7xtdi,17,555,685,338,395,DHelmet
_853u7xtdi,18,767,676,283,386,DHelmet
_853u7xtdi,19,935,664,245,354,DHelmet
_853u7xtdi,20,1081,655,209,323,DHelmet
_853u7xtdi,21,1199,644,184,305,DHelmet
_853u7xtdi,22,1303,636,162,287,DHelmet
_853u7xtdi,23,1394,632,148,264,DHelmet
_853u7xtdi,24,1470,623,140,249,DHelmet
_853u7xtdi,25,1541,619,129,236,DHelmet
_853u7xtdi,26,1597,615,123,225,DHelmet
_853u7xtdi,27,1653,611,117,214,DHelmet
_853u7xtdi,28,1704,610,110,200,DHelmet
_853u7xtdi,29,1746,605,107,194,DHelmet
_853u7xtdi,30,1788,600,105,187,DHelmet
_853u7xtdi,31,1823,598,97,176,DHelmet
_853u7xtdi,32,1862,596,58,174,DHelmet
_cwtgchkfq,27,582,778,420,302,DHelmet
_cwtgchkfq,28,760,766,345,314,DHelmet
_cwtgchkfq,29,888,748,320,332,DHelmet
_cwtgchkfq,30,976,735,326,345,DHelmet
_cwtgchkfq,31,1086,723,295,357,DHelmet
_cwtgchkfq,32,1170,709,277,371,DHelmet
_cwtgchkfq,33,1254,695,258,385,DHelmet
_cwtgchkfq,34,1327,685,250,395,DHelmet
_cwtgchkfq,35,1396,678,223,402,DHelmet
_cwtgchkfq,36,1452,673,207,407,DHelmet
_cwtgchkfq,37,1501,669,196,402,DHelmet
_cwtgchkfq,38,1546,663,185,379,DHelmet
_cwtgchkfq,39,1591,656,175,358,DHelmet
_cwtgchkfq,40,1628,650,167,344,DHelmet
_cwtgchkfq,41,1665,644,159,330,DHelmet
_cwtgchkfq,42,1696,641,155,314,DHelmet
_cwtgchkfq,43,1728,637,149,299,DHelmet
_cwtgchkfq,44,1756,631,144,292,DHelmet
_cwtgchkfq,45,1785,624,135,285,DHelmet
_cwtgchkfq,46,1808,622,112,274,DHelmet
_cwtgchkfq,47,1831,619,89,264,DHelmet
_3lo5uc5ub,43,56,797,525,283,DHelmetP1NoHelmet
_3lo5uc5ub,44,258,776,498,304,DHelmetP1NoHelmet
_3lo5uc5ub,45,442,750,449,330,DHelmetP1NoHelmet
_3lo5uc5ub,46,599,739,427,341,DHelmetP1NoHelmet
_3lo5uc5ub,47,731,729,389,351,DHelmetP1NoHelmet
_3lo5uc5ub,48,853,716,361,364,DHelmetP1NoHelmet
_3lo5uc5ub,49,960,708,322,372,DHelmetP1NoHelmet
_3lo5uc5ub,50,1055,695,300,385,DHelmetP1NoHelmet
_3lo5uc5ub,51,1138,687,282,393,DHelmetP1NoHelmet
_3lo5uc5ub,52,1222,679,263,401,DHelmetP1NoHelmet
_3lo5uc5ub,53,1293,673,246,401,DHelmetP1NoHelmet
_3lo5uc5ub,54,1364,667,230,400,DHelmetP1NoHelmet
_3lo5uc5ub,55,1416,671,234,383,DHelmetP1NoHelmet
_3lo5uc5ub,56,1480,668,210,355,DHelmetP1NoHelmet
_3lo5uc5ub,57,1530,659,196,345,DHelmetP1NoHelmet
_3lo5uc5ub,58,1580,650,182,335,DHelmetP1NoHelmet
_3lo5uc5ub,59,1613,642,188,334,DHelmetP1NoHelmet
_3lo5uc5ub,60,1662,646,166,307,DHelmetP1NoHelmet
_3lo5uc5ub,61,1697,640,161,298,DHelmetP1NoHelmet
_3lo5uc5ub,62,1731,635,157,287,DHelmetP1NoHelmet
_3lo5uc5ub,63,1758,632,154,275,DHelmetP1NoHelmet
_3lo5uc5ub,64,1792,629,128,269,DHelmetP1NoHelmet
_3lo5uc5ub,65,1818,627,102,261,DHelmetP1NoHelmet
_b7vjwtwuj,58,3,779,529,301,DHelmetP1NoHelmet
_b7vjwtwuj,59,204,762,494,318,DHelmetP1NoHelmet
_b7vjwtwuj,60,385,740,456,340,DHelmetP1NoHelmet
_b7vjwtwuj,61,543,725,414,355,DHelmetP1NoHelmet
_b7vjwtwuj,62,701,711,371,369,DHelmetP1NoHelmet
_b7vjwtwuj,63,823,703,339,377,DHelmetP1NoHelmet
_b7vjwtwuj,64,945,694,307,386,DHelmetP1NoHelmet
_b7vjwtwuj,65,1038,684,284,396,DHelmetP1NoHelmet
_b7vjwtwuj,66,1130,673,263,407,DHelmetP1NoHelmet
_b7vjwtwuj,67,1208,673,243,402,DHelmetP1NoHelmet
_b7vjwtwuj,68,1273,667,232,385,DHelmetP1NoHelmet
_b7vjwtwuj,69,1339,661,220,367,DHelmetP1NoHelmet
_b7vjwtwuj,70,1396,654,210,353,DHelmetP1NoHelmet
_b7vjwtwuj,71,1453,646,201,340,DHelmetP1NoHelmet
_b7vjwtwuj,72,1498,644,196,325,DHelmetP1NoHelmet
_b7vjwtwuj,73,1542,642,188,309,DHelmetP1NoHelmet
_b7vjwtwuj,74,1587,641,179,293,DHelmetP1NoHelmet
_b7vjwtwuj,75,1625,635,172,285,DHelmetP1NoHelmet
_b7vjwtwuj,76,1662,629,165,278,DHelmetP1NoHelmet
_b7vjwtwuj,77,1700,623,158,271,DHelmetP1NoHelmet
_b7vjwtwuj,78,1730,621,153,261,DHelmetP1NoHelmet
_b7vjwtwuj,79,1761,620,148,251,DHelmetP1NoHelmet
_b7vjwtwuj,80,1791,618,129,242,DHelmetP1NoHelmet
_b7vjwtwuj,81,1817,615,103,238,DHelmetP1NoHelmet
_v9yhk6ugl,72,6,709,489,371,DHelmetP1Helmet
_v9yhk6ugl,73,200,692,457,388,DHelmetP1Helmet
_v9yhk6ugl,74,394,676,424,404,DHelmetP1Helmet
_v9yhk6ugl,75,542,669,386,411,DHelmetP1Helmet
_v9yhk6ugl,76,689,663,349,417,DHelmetP1Helmet
_v9yhk6ugl,77,815,664,330,402,DHelmetP1Helmet
_v9yhk6ugl,78,913,656,304,380,DHelmetP1Helmet
_v9yhk6ugl,79,1011,647,277,360,DHelmetP1Helmet
_v9yhk6ugl,80,1089,639,266,347,DHelmetP1Helmet
_v9yhk6ugl,81,1167,630,255,335,DHelmetP1Helmet
_v9yhk6ugl,82,1236,622,245,325,DHelmetP1Helmet
_v9yhk6ugl,83,1304,615,236,313,DHelmetP1Helmet
_v9yhk6ugl,84,1371,625,204,283,DHelmetP1Helmet
_v9yhk6ugl,85,1423,622,197,272,DHelmetP1Helmet
_v9yhk6ugl,86,1476,619,190,262,DHelmetP1Helmet
_v9yhk6ugl,87,1518,617,181,252,DHelmetP1Helmet
_v9yhk6ugl,88,1560,615,173,242,DHelmetP1Helmet
_v9yhk6ugl,89,1602,613,164,232,DHelmetP1Helmet
_v9yhk6ugl,90,1644,610,156,223,DHelmetP1Helmet
_v9yhk6ugl,91,1686,608,147,213,DHelmetP1Helmet
_v9yhk6ugl,92,1718,604,147,212,DHelmetP1Helmet
_v9yhk6ugl,93,1747,604,149,204,DHelmetP1Helmet
_v9yhk6ugl,94,1776,603,144,198,DHelmetP1Helmet
_v9yhk6ugl,95,1793,592,127,208,DHelmetP1Helmet
_v9yhk6ugl,96,1832,595,88,192,DHelmetP1Helmet
_wdnp0hx2a,47,34,693,473,387,DNoHelmetP1NoHelmet
_wdnp0hx2a,48,285,679,404,401,DNoHelmetP1NoHelmet
_wdnp0hx2a,49,487,669,364,411,DNoHelmetP1NoHelmet
_wdnp0hx2a,50,667,657,324,423,DNoHelmetP1NoHelmet
_wdnp0hx2a,51,817,647,289,390,DNoHelmetP1NoHelmet
_wdnp0hx2a,52,948,642,262,361,DNoHelmetP1NoHelmet
_wdnp0hx2a,53,1055,634,240,341,DNoHelmetP1NoHelmet
_wdnp0hx2a,54,1163,625,216,322,DNoHelmetP1NoHelmet
_wdnp0hx2a,55,1247,624,208,296,DNoHelmetP1NoHelmet
_wdnp0hx2a,56,1331,616,177,283,DNoHelmetP1NoHelmet
_wdnp0hx2a,57,1397,611,175,270,DNoHelmetP1NoHelmet
_wdnp0hx2a,58,1463,606,172,257,DNoHelmetP1NoHelmet
_wdnp0hx2a,59,1517,604,153,245,DNoHelmetP1NoHelmet
_wdnp0hx2a,60,1572,602,133,232,DNoHelmetP1NoHelmet
_wdnp0hx2a,61,1620,599,123,223,DNoHelmetP1NoHelmet
_wdnp0hx2a,62,1669,595,112,215,DNoHelmetP1NoHelmet
_wdnp0hx2a,63,1705,593,107,203,DNoHelmetP1NoHelmet
_wdnp0hx2a,64,1742,590,101,193,DNoHelmetP1NoHelmet
_wdnp0hx2a,65,1777,586,92,191,DNoHelmetP1NoHelmet
_wdnp0hx2a,66,1809,586,87,176,DNoHelmetP1NoHelmet
_1feg3rcoz,1,1487,599,69,119,DHelmet
_1feg3rcoz,2,1495,599,67,118,DHelmet
_1feg3rcoz,3,1503,598,66,118,DHelmet
_1feg3rcoz,4,1511,597,65,118,DHelmet
_1feg3rcoz,5,1519,597,64,117,DHelmet
_1feg3rcoz,6,1527,596,62,117,DHelmet
_1feg3rcoz,7,1535,595,61,116,DHelmet
_1feg3rcoz,8,1543,595,60,115,DHelmet
_1feg3rcoz,9,1551,594,59,115,DHelmet
_1feg3rcoz,10,1560,594,60,114,DHelmet
_1feg3rcoz,11,1569,594,60,113,DHelmet
_1feg3rcoz,12,1578,593,61,114,DHelmet
_1feg3rcoz,13,1586,593,63,113,DHelmet
_1feg3rcoz,14,1595,593,64,112,DHelmet
_1feg3rcoz,15,1604,593,65,111,DHelmet
_1feg3rcoz,16,1612,592,64,111,DHelmet
_1feg3rcoz,17,1619,592,64,109,DHelmet
_1feg3rcoz,18,1627,591,63,109,DHelmet
_1feg3rcoz,19,1635,591,62,107,DHelmet
_1feg3rcoz,20,1642,590,63,107,DHelmet
_1feg3rcoz,21,1650,589,62,106,DHelmet
_1feg3rcoz,22,1658,589,61,105,DHelmet
_1feg3rcoz,23,1666,588,60,104,DHelmet
_1feg3rcoz,24,1673,587,60,104,DHelmet
_1feg3rcoz,25,1679,588,60,102,DHelmet
_1feg3rcoz,26,1684,588,61,102,DHelmet
_1feg3rcoz,27,1689,588,61,101,DHelmet
_1feg3rcoz,28,1694,588,62,100,DHelmet
_1feg3rcoz,29,1699,588,63,100,DHelmet
_1feg3rcoz,30,1705,589,62,98,DHelmet
_1feg3rcoz,31,1710,589,63,98,DHelmet
_1feg3rcoz,32,1715,588,62,98,DHelmet
_1feg3rcoz,33,1721,588,61,97,DHelmet
_1feg3rcoz,34,1727,588,59,97,DHelmet
_1feg3rcoz,35,1733,587,58,97,DHelmet
_1feg3rcoz,36,1738,587,57,96,DHelmet
_1feg3rcoz,37,1744,587,55,96,DHelmet
_1feg3rcoz,38,1750,586,54,96,DHelmet
_1feg3rcoz,39,1754,586,53,96,DHelmet
_1feg3rcoz,40,1758,586,53,95,DHelmet
_1feg3rcoz,41,1763,586,52,94,DHelmet
_1feg3rcoz,42,1767,585,51,94,DHelmet
_1feg3rcoz,43,1771,585,51,94,DHelmet
_1feg3rcoz,44,1776,585,50,93,DHelmet
_1feg3rcoz,45,1780,584,49,93,DHelmet
_1feg3rcoz,46,1784,584,49,93,DHelmet
_1feg3rcoz,47,1789,584,47,92,DHelmet
_1feg3rcoz,48,1793,583,47,92,DHelmet
_1feg3rcoz,49,1797,583,47,91,DHelmet
_1feg3rcoz,50,1802,583,45,91,DHelmet
_1feg3rcoz,51,1806,583,45,90,DHelmet
_1feg3rcoz,52,1810,582,45,90,DHelmet
_1feg3rcoz,53,1816,580,43,89,DHelmet
_xcxxufse8,2,1732,583,59,106,DHelmet
_xcxxufse8,3,1712,586,60,108,DHelmet
_xcxxufse8,4,1692,588,61,111,DHelmet
_xcxxufse8,5,1670,589,62,114,DHelmet
_xcxxufse8,6,1646,590,63,117,DHelmet
_xcxxufse8,7,1622,592,65,119,DHelmet
_xcxxufse8,8,1598,593,66,122,DHelmet
_xcxxufse8,9,1574,595,67,125,DHelmet
_xcxxufse8,10,1550,596,68,128,DHelmet
_xcxxufse8,11,1525,598,70,130,DHelmet
_xcxxufse8,12,1488,599,77,134,DHelmet
_xcxxufse8,13,1452,601,79,138,DHelmet
_xcxxufse8,14,1416,603,82,143,DHelmet
_xcxxufse8,15,1380,605,85,147,DHelmet
_xcxxufse8,16,1344,607,87,151,DHelmet
_xcxxufse8,17,1308,609,90,155,DHelmet
_xcxxufse8,18,1265,611,91,161,DHelmet
_xcxxufse8,19,1221,612,94,167,DHelmet
_xcxxufse8,20,1165,616,101,173,DHelmet
_xcxxufse8,21,1108,619,108,180,DHelmet
_xcxxufse8,22,1051,622,116,187,DHelmet
_xcxxufse8,23,982,626,125,193,DHelmet
_xcxxufse8,24,913,630,134,199,DHelmet
_xcxxufse8,25,832,636,146,206,DHelmet
_xcxxufse8,26,739,639,162,219,DHelmet
_xcxxufse8,27,646,642,178,232,DHelmet
_xcxxufse8,28,537,650,192,244,DHelmet
_xcxxufse8,29,416,652,211,260,DHelmet
_xcxxufse8,30,266,661,237,275,DHelmet
_xcxxufse8,31,116,669,262,290,DHelmet
_xcxxufse8,32,0,676,238,311,DHelmet
_i0q1yf095,9,1818,584,64,97,DHelmet
_i0q1yf095,10,1802,585,63,100,DHelmet
_i0q1yf095,11,1785,586,62,102,DHelmet
_i0q1yf095,12,1768,588,62,103,DHelmet
_i0q1yf095,13,1749,589,63,106,DHelmet
_i0q1yf095,14,1730,589,65,110,DHelmet
_i0q1yf095,15,1706,591,66,112,DHelmet
_i0q1yf095,16,1681,593,68,114,DHelmet
_i0q1yf095,17,1656,595,70,117,DHelmet
_i0q1yf095,18,1632,596,71,120,DHelmet
_i0q1yf095,19,1607,598,73,122,DHelmet
_i0q1yf095,20,1582,600,75,124,DHelmet
_i0q1yf095,21,1558,601,76,127,DHelmet
_i0q1yf095,22,1533,603,78,129,DHelmet
_i0q1yf095,23,1508,605,80,132,DHelmet
_i0q1yf095,24,1477,605,81,137,DHelmet
_i0q1yf095,25,1447,606,82,141,DHelmet
_i0q1yf095,26,1416,607,83,145,DHelmet
_i0q1yf095,27,1377,611,86,147,DHelmet
_i0q1yf095,28,1338,615,89,149,DHelmet
_i0q1yf095,29,1296,619,90,153,DHelmet
_i0q1yf095,30,1253,622,92,157,DHelmet
_i0q1yf095,31,1202,625,97,162,DHelmet
_i0q1yf095,32,1152,628,101,167,DHelmet
_i0q1yf095,33,1102,631,106,172,DHelmet
_i0q1yf095,34,1043,630,117,184,DHelmet
_i0q1yf095,35,976,637,127,188,DHelmet
_i0q1yf095,36,910,643,136,193,DHelmet
_i0q1yf095,37,830,647,147,203,DHelmet
_i0q1yf095,38,751,650,156,214,DHelmet
_i0q1yf095,39,656,657,173,222,DHelmet
_i0q1yf095,40,560,665,191,229,DHelmet
_i0q1yf095,41,444,670,212,243,DHelmet
_i0q1yf095,42,328,675,233,256,DHelmet
_i0q1yf095,43,184,682,254,273,DHelmet
_i0q1yf095,44,40,690,276,289,DHelmet
_i0q1yf095,45,0,699,182,285,DHelmet
_17rjy055r,24,1817,579,74,112,DHelmetP1NoHelmet
_17rjy055r,25,1797,579,78,117,DHelmetP1NoHelmet
_17rjy055r,26,1775,581,79,118,DHelmetP1NoHelmet
_17rjy055r,27,1752,584,81,119,DHelmetP1NoHelmet
_17rjy055r,28,1727,586,83,121,DHelmetP1NoHelmet
_17rjy055r,29,1702,588,85,123,DHelmetP1NoHelmet
_17rjy055r,30,1676,590,88,125,DHelmetP1NoHelmet
_17rjy055r,31,1648,589,91,130,DHelmetP1NoHelmet
_17rjy055r,32,1619,587,95,136,DHelmetP1NoHelmet
_17rjy055r,33,1591,590,93,140,DHelmetP1NoHelmet
_17rjy055r,34,1563,593,91,144,DHelmetP1NoHelmet
_17rjy055r,35,1522,595,97,149,DHelmetP1NoHelmet
_17rjy055r,36,1481,597,104,153,DHelmetP1NoHelmet
_17rjy055r,37,1440,599,110,157,DHelmetP1NoHelmet
_17rjy055r,38,1399,601,116,162,DHelmetP1NoHelmet
_17rjy055r,39,1358,603,123,166,DHelmetP1NoHelmet
_17rjy055r,40,1310,605,123,172,DHelmetP1NoHelmet
_17rjy055r,41,1261,607,123,178,DHelmetP1NoHelmet
_17rjy055r,42,1204,610,137,186,DHelmetP1NoHelmet
_17rjy055r,43,1140,613,144,193,DHelmetP1NoHelmet
_17rjy055r,44,1077,616,150,200,DHelmetP1NoHelmet
_17rjy055r,45,1002,621,164,208,DHelmetP1NoHelmet
_17rjy055r,46,927,627,177,216,DHelmetP1NoHelmet
_17rjy055r,47,844,629,187,223,DHelmetP1NoHelmet
_17rjy055r,48,750,635,204,237,DHelmetP1NoHelmet
_17rjy055r,49,640,641,208,249,DHelmetP1NoHelmet
_17rjy055r,50,531,648,212,259,DHelmetP1NoHelmet
_17rjy055r,51,400,652,265,277,DHelmetP1NoHelmet
_17rjy055r,52,254,657,278,296,DHelmetP1NoHelmet
_17rjy055r,53,90,664,311,318,DHelmetP1NoHelmet
_17rjy055r,54,0,672,270,311,DHelmetP1NoHelmet
_gjg27ryba,44,1851,582,69,100,DNoHelmetP1NoHelmet
_gjg27ryba,45,1834,584,70,101,DNoHelmetP1NoHelmet
_gjg27ryba,46,1818,585,71,103,DNoHelmetP1NoHelmet
_gjg27ryba,47,1801,586,72,104,DNoHelmetP1NoHelmet
_gjg27ryba,48,1784,588,74,105,DNoHelmetP1NoHelmet
_gjg27ryba,49,1765,588,77,108,DNoHelmetP1NoHelmet
_gjg27ryba,50,1745,588,81,112,DNoHelmetP1NoHelmet
_gjg27ryba,51,1726,588,84,115,DNoHelmetP1NoHelmet
_gjg27ryba,52,1704,589,85,118,DNoHelmetP1NoHelmet
_gjg27ryba,53,1683,590,86,120,DNoHelmetP1NoHelmet
_gjg27ryba,54,1662,591,86,123,DNoHelmetP1NoHelmet
_gjg27ryba,55,1636,592,89,126,DNoHelmetP1NoHelmet
_gjg27ryba,56,1610,593,92,129,DNoHelmetP1NoHelmet
_gjg27ryba,57,1584,595,96,131,DNoHelmetP1NoHelmet
_gjg27ryba,58,1555,597,92,134,DNoHelmetP1NoHelmet
_gjg27ryba,59,1527,599,88,137,DNoHelmetP1NoHelmet
_gjg27ryba,60,1499,601,84,140,DNoHelmetP1NoHelmet
_gjg27ryba,61,1470,603,81,143,DNoHelmetP1NoHelmet
_gjg27ryba,62,1433,605,93,147,DNoHelmetP1NoHelmet
_gjg27ryba,63,1395,606,107,153,DNoHelmetP1NoHelmet
_gjg27ryba,64,1357,609,110,156,DNoHelmetP1NoHelmet
_gjg27ryba,65,1319,611,113,161,DNoHelmetP1NoHelmet
_gjg27ryba,66,1272,614,118,166,DNoHelmetP1NoHelmet
_gjg27ryba,67,1225,618,124,169,DNoHelmetP1NoHelmet
_gjg27ryba,68,1179,621,129,173,DNoHelmetP1NoHelmet
_gjg27ryba,69,1122,624,134,180,DNoHelmetP1NoHelmet
_gjg27ryba,70,1065,627,139,187,DNoHelmetP1NoHelmet
_gjg27ryba,71,1008,629,143,194,DNoHelmetP1NoHelmet
_gjg27ryba,72,939,634,153,201,DNoHelmetP1NoHelmet
_gjg27ryba,73,870,639,163,208,DNoHelmetP1NoHelmet
_gjg27ryba,74,796,643,170,216,DNoHelmetP1NoHelmet
_gjg27ryba,75,707,647,181,228,DNoHelmetP1NoHelmet
_gjg27ryba,76,617,652,192,239,DNoHelmetP1NoHelmet
_gjg27ryba,77,522,656,203,250,DNoHelmetP1NoHelmet
_gjg27ryba,78,409,660,223,263,DNoHelmetP1NoHelmet
_gjg27ryba,79,280,665,244,278,DNoHelmetP1NoHelmet
_gjg27ryba,80,152,670,264,294,DNoHelmetP1NoHelmet
_gjg27ryba,81,5,678,291,311,DNoHelmetP1NoHelmet
_gjg27ryba,82,0,684,161,296,DNoHelmetP1NoHelmet
_gd9r7qchr,1,1353,589,48,101,DHelmet
_gd9r7qchr,2,1352,590,48,100,DHelmet
_gd9r7qchr,3,1352,590,47,101,DHelmet
_gd9r7qchr,4,1352,590,47,101,DHelmet
_gd9r7qchr,5,1351,590,47,101,DHelmet
_gd9r7qchr,6,1351,591,47,101,DHelmet
_gd9r7qchr,7,1350,591,47,101,DHelmet
_gd9r7qchr,8,1350,591,47,102,DHelmet
_gd9r7qchr,9,1349,591,47,102,DHelmet
_gd9r7qchr,10,1351,591,50,102,DHelmet
_gd9r7qchr,11,1353,591,52,102,DHelmet
_gd9r7qchr,12,1354,591,55,102,DHelmet
_gd9r7qchr,13,1356,592,57,101,DHelmet
_gd9r7qchr,14,1358,592,59,102,DHelmet
_gd9r7qchr,15,1359,592,62,102,DHelmet
_gd9r7qchr,16,1361,592,64,102,DHelmet
_gd9r7qchr,17,1362,592,67,102,DHelmet
_gd9r7qchr,18,1364,592,69,102,DHelmet
_gd9r7qchr,19,1366,592,71,102,DHelmet
_gd9r7qchr,20,1367,592,74,102,DHelmet
_gd9r7qchr,21,1371,591,75,103,DHelmet
_gd9r7qchr,22,1374,591,77,103,DHelmet
_gd9r7qchr,23,1378,591,78,103,DHelmet
_gd9r7qchr,24,1381,590,80,104,DHelmet
_gd9r7qchr,25,1385,590,81,104,DHelmet
_gd9r7qchr,26,1388,590,83,103,DHelmet
_gd9r7qchr,27,1392,589,83,104,DHelmet
_gd9r7qchr,28,1395,589,85,104,DHelmet
_gd9r7qchr,29,1399,589,86,104,DHelmet
_gd9r7qchr,30,1402,588,88,105,DHelmet
_gd9r7qchr,31,1409,588,88,107,DHelmet
_gd9r7qchr,32,1416,588,88,109,DHelmet
_gd9r7qchr,33,1423,588,87,111,DHelmet
_gd9r7qchr,34,1430,588,87,113,DHelmet
_gd9r7qchr,35,1437,588,87,115,DHelmet
_gd9r7qchr,36,1444,588,86,116,DHelmet
_gd9r7qchr,37,1451,587,86,119,DHelmet
_gd9r7qchr,38,1458,587,86,121,DHelmet
_gd9r7qchr,39,1460,599,88,110,DHelmet
_gd9r7qchr,40,1469,594,82,116,DHelmet
_gd9r7qchr,41,1478,590,77,121,DHelmet
_gd9r7qchr,42,1486,592,76,118,DHelmet
_gd9r7qchr,43,1494,594,75,116,DHelmet
_gd9r7qchr,44,1502,595,73,114,DHelmet
_gd9r7qchr,45,1510,597,72,112,DHelmet
_gd9r7qchr,46,1512,598,70,112,DHelmet
_gd9r7qchr,47,1514,599,68,112,DHelmet
_gd9r7qchr,48,1515,600,66,113,DHelmet
_gd9r7qchr,49,1514,599,63,114,DHelmet
_gd9r7qchr,50,1512,599,62,114,DHelmet
_gd9r7qchr,51,1511,599,59,114,DHelmet
_gd9r7qchr,52,1509,599,58,114,DHelmet
_gd9r7qchr,53,1508,599,55,113,DHelmet
_gd9r7qchr,54,1506,599,53,113,DHelmet
_gd9r7qchr,55,1505,598,51,114,DHelmet
_gd9r7qchr,56,1503,598,49,114,DHelmet
_gd9r7qchr,57,1498,598,52,116,DHelmet
_gd9r7qchr,58,1492,598,56,118,DHelmet
_gd9r7qchr,59,1486,597,60,121,DHelmet
_gd9r7qchr,60,1478,598,62,121,DHelmet
_gd9r7qchr,61,1470,598,63,121,DHelmet
_gd9r7qchr,62,1461,599,65,121,DHelmet
_gd9r7qchr,63,1453,600,66,121,DHelmet
_gd9r7qchr,64,1444,600,69,122,DHelmet
_gd9r7qchr,65,1440,602,69,122,DHelmet
_gd9r7qchr,66,1435,603,71,123,DHelmet
_gd9r7qchr,67,1427,603,69,124,DHelmet
_gd9r7qchr,68,1419,602,67,126,DHelmet
_gd9r7qchr,69,1411,601,65,129,DHelmet
_gd9r7qchr,70,1403,601,63,130,DHelmet
_gd9r7qchr,71,1395,600,61,132,DHelmet
_gd9r7qchr,72,1381,601,62,133,DHelmet
_gd9r7qchr,73,1368,602,63,134,DHelmet
_gd9r7qchr,74,1354,602,64,136,DHelmet
_gd9r7qchr,75,1340,603,66,137,DHelmet
_gd9r7qchr,76,1326,604,67,138,DHelmet
_gd9r7qchr,77,1313,605,68,139,DHelmet
_gd9r7qchr,78,1299,606,69,140,DHelmet
_gd9r7qchr,79,1285,606,71,142,DHelmet
_gd9r7qchr,80,1271,607,72,143,DHelmet
_gd9r7qchr,81,1258,608,73,144,DHelmet
_gd9r7qchr,82,1244,609,74,145,DHelmet
_gd9r7qchr,83,1230,609,76,147,DHelmet
_gd9r7qchr,84,1209,611,79,149,DHelmet
_gd9r7qchr,85,1187,613,84,151,DHelmet
_gd9r7qchr,86,1172,614,83,153,DHelmet
_gd9r7qchr,87,1156,615,83,155,DHelmet
_gd9r7qchr,88,1141,615,82,158,DHelmet
_gd9r7qchr,89,1126,616,81,160,DHelmet
_gd9r7qchr,90,1110,616,81,162,DHelmet
_gd9r7qchr,91,1091,617,82,164,DHelmet
_gd9r7qchr,92,1074,617,85,168,DHelmet
_gd9r7qchr,93,1057,618,87,171,DHelmet
_gd9r7qchr,94,1037,620,91,172,DHelmet
_gd9r7qchr,95,1016,622,94,174,DHelmet
_gd9r7qchr,96,996,624,95,177,DHelmet
_gd9r7qchr,97,976,626,97,179,DHelmet
_gd9r7qchr,98,955,626,101,183,DHelmet
_gd9r7qchr,99,934,626,104,187,DHelmet
_gd9r7qchr,100,914,626,107,191,DHelmet
_knrv3ikkv,77,1490,598,69,138,DNoHelmetP1NoHelmet
_knrv3ikkv,78,1460,606,75,136,DNoHelmetP1NoHelmet
_knrv3ikkv,79,1430,608,78,140,DNoHelmetP1NoHelmet
_knrv3ikkv,80,1397,610,84,143,DNoHelmetP1NoHelmet
_knrv3ikkv,81,1365,611,89,146,DNoHelmetP1NoHelmet
_knrv3ikkv,82,1332,614,92,150,DNoHelmetP1NoHelmet
_knrv3ikkv,83,1300,617,94,153,DNoHelmetP1NoHelmet
_knrv3ikkv,84,1267,620,97,156,DNoHelmetP1NoHelmet
_knrv3ikkv,85,1232,618,129,170,DNoHelmetP1NoHelmet
_knrv3ikkv,86,1190,621,126,172,DNoHelmetP1NoHelmet
_knrv3ikkv,87,1149,623,122,175,DNoHelmetP1NoHelmet
_knrv3ikkv,88,1108,625,118,179,DNoHelmetP1NoHelmet
_knrv3ikkv,89,1066,628,115,181,DNoHelmetP1NoHelmet
_knrv3ikkv,90,1013,631,122,187,DNoHelmetP1NoHelmet
_knrv3ikkv,91,959,634,130,193,DNoHelmetP1NoHelmet
_knrv3ikkv,92,905,637,138,200,DNoHelmetP1NoHelmet
_knrv3ikkv,93,842,639,146,210,DNoHelmetP1NoHelmet
_knrv3ikkv,94,781,647,152,212,DNoHelmetP1NoHelmet
_knrv3ikkv,95,711,649,161,224,DNoHelmetP1NoHelmet
_knrv3ikkv,96,631,655,172,231,DNoHelmetP1NoHelmet
_knrv3ikkv,97,550,661,183,237,DNoHelmetP1NoHelmet
_knrv3ikkv,98,462,661,197,250,DNoHelmetP1NoHelmet
_knrv3ikkv,99,375,667,211,210,DNoHelmetP1NoHelmet
_z2n3i9ejp,70,1722,587,58,105,DHelmet
_z2n3i9ejp,71,1712,588,58,105,DHelmet
_z2n3i9ejp,72,1701,588,60,107,DHelmet
_z2n3i9ejp,73,1690,589,62,108,DHelmet
_z2n3i9ejp,74,1680,589,62,109,DHelmet
_z2n3i9ejp,75,1669,590,64,110,DHelmet
_z2n3i9ejp,76,1658,590,66,112,DHelmet
_z2n3i9ejp,77,1648,591,66,113,DHelmet
_z2n3i9ejp,78,1638,592,66,113,DHelmet
_z2n3i9ejp,79,1629,592,65,114,DHelmet
_z2n3i9ejp,80,1620,593,64,114,DHelmet
_z2n3i9ejp,81,1610,594,63,114,DHelmet
_z2n3i9ejp,82,1601,595,62,114,DHelmet
_z2n3i9ejp,83,1588,595,63,116,DHelmet
_z2n3i9ejp,84,1576,596,64,116,DHelmet
_z2n3i9ejp,85,1564,597,64,117,DHelmet
_z2n3i9ejp,86,1552,598,64,118,DHelmet
_z2n3i9ejp,87,1539,598,65,119,DHelmet
_z2n3i9ejp,88,1527,599,65,120,DHelmet
_z2n3i9ejp,89,1512,599,69,123,DHelmet
_z2n3i9ejp,90,1498,599,72,127,DHelmet
_z2n3i9ejp,91,1483,599,75,130,DHelmet
_z2n3i9ejp,92,1468,600,76,133,DHelmet
_z2n3i9ejp,93,1454,600,76,136,DHelmet
_z2n3i9ejp,94,1439,600,77,139,DHelmet
_z2n3i9ejp,95,1423,603,79,137,DHelmet
_z2n3i9ejp,96,1408,605,80,135,DHelmet
_z2n3i9ejp,97,1390,606,81,139,DHelmet
_z2n3i9ejp,98,1373,606,81,143,DHelmet
_z2n3i9ejp,99,1354,608,85,143,DHelmet
_z2n3i9ejp,100,1335,609,89,144,DHelmet
_pzfiowrq7,88,1863,577,55,100,DNoHelmet
_pzfiowrq7,89,1852,577,56,102,DNoHelmet
_pzfiowrq7,90,1840,577,57,104,DNoHelmet
_pzfiowrq7,91,1829,578,58,105,DNoHelmet
_pzfiowrq7,92,1815,579,59,107,DNoHelmet
_pzfiowrq7,93,1801,580,61,108,DNoHelmet
_pzfiowrq7,94,1788,581,61,110,DNoHelmet
_pzfiowrq7,95,1774,582,63,111,DNoHelmet
_pzfiowrq7,96,1760,583,65,112,DNoHelmet
_pzfiowrq7,97,1746,584,66,114,DNoHelmet
_pzfiowrq7,98,1733,585,67,115,DNoHelmet
_pzfiowrq7,99,1719,586,68,117,DNoHelmet
_pzfiowrq7,100,1705,588,70,117,DNoHelmet
_gcnpzu3vf,1,1443,613,62,106,DHelmet
_gcnpzu3vf,2,1443,613,62,106,DHelmet
_gcnpzu3vf,3,1443,613,62,106,DHelmet
_gcnpzu3vf,4,1443,613,62,106,DHelmet
_gcnpzu3vf,5,1443,613,62,106,DHelmet
_gcnpzu3vf,6,1443,613,62,106,DHelmet
_gcnpzu3vf,7,1443,613,62,106,DHelmet
_gcnpzu3vf,8,1443,613,62,106,DHelmet
_gcnpzu3vf,9,1443,613,62,106,DHelmet
_gcnpzu3vf,10,1443,613,62,106,DHelmet
_gcnpzu3vf,11,1443,613,62,106,DHelmet
_gcnpzu3vf,12,1442,613,63,106,DHelmet
_gcnpzu3vf,13,1442,613,63,106,DHelmet
_gcnpzu3vf,14,1442,613,63,106,DHelmet
_gcnpzu3vf,15,1442,613,63,106,DHelmet
_gcnpzu3vf,16,1442,613,63,106,DHelmet
_gcnpzu3vf,17,1442,613,63,106,DHelmet
_gcnpzu3vf,18,1442,613,63,106,DHelmet
_gcnpzu3vf,19,1442,613,63,106,DHelmet
_gcnpzu3vf,20,1442,613,63,106,DHelmet
_gcnpzu3vf,21,1442,613,63,106,DHelmet
_gcnpzu3vf,22,1442,613,63,106,DHelmet
_gcnpzu3vf,23,1442,613,63,106,DHelmet
_gcnpzu3vf,24,1442,613,63,106,DHelmet
_gcnpzu3vf,25,1442,613,63,106,DHelmet
_gcnpzu3vf,26,1442,613,63,106,DHelmet
_gcnpzu3vf,27,1442,613,63,106,DHelmet
_gcnpzu3vf,28,1442,613,63,106,DHelmet
_gcnpzu3vf,29,1442,613,63,106,DHelmet
_gcnpzu3vf,30,1442,613,63,106,DHelmet
_gcnpzu3vf,31,1442,613,63,106,DHelmet
_gcnpzu3vf,32,1442,613,63,106,DHelmet
_gcnpzu3vf,33,1442,613,63,106,DHelmet
_gcnpzu3vf,34,1442,613,63,106,DHelmet
_gcnpzu3vf,35,1442,613,63,106,DHelmet
_gcnpzu3vf,36,1442,613,63,106,DHelmet
_gcnpzu3vf,37,1442,613,63,106,DHelmet
_gcnpzu3vf,38,1442,613,63,106,DHelmet
_gcnpzu3vf,39,1442,613,63,106,DHelmet
_gcnpzu3vf,40,1442,613,63,106,DHelmet
_gcnpzu3vf,41,1442,613,63,106,DHelmet
_gcnpzu3vf,42,1442,613,63,106,DHelmet
_gcnpzu3vf,43,1442,613,63,106,DHelmet
_gcnpzu3vf,44,1442,613,63,106,DHelmet
_gcnpzu3vf,45,1442,613,63,106,DHelmet
_gcnpzu3vf,46,1442,613,63,106,DHelmet
_gcnpzu3vf,47,1442,613,63,106,DHelmet
_gcnpzu3vf,48,1442,613,63,106,DHelmet
_gcnpzu3vf,49,1442,613,63,106,DHelmet
_gcnpzu3vf,50,1442,613,63,106,DHelmet
_gcnpzu3vf,51,1442,613,63,106,DHelmet
_gcnpzu3vf,52,1442,613,63,106,DHelmet
_gcnpzu3vf,53,1442,613,63,106,DHelmet
_gcnpzu3vf,54,1442,613,63,106,DHelmet
_gcnpzu3vf,55,1442,613,63,106,DHelmet
_gcnpzu3vf,56,1442,613,63,106,DHelmet
_gcnpzu3vf,57,1442,613,63,106,DHelmet
_gcnpzu3vf,58,1442,613,63,106,DHelmet
_gcnpzu3vf,59,1442,613,63,106,DHelmet
_gcnpzu3vf,60,1442,613,63,106,DHelmet
_gcnpzu3vf,61,1442,613,63,106,DHelmet
_gcnpzu3vf,62,1442,613,63,106,DHelmet
_gcnpzu3vf,63,1442,613,63,106,DHelmet
_gcnpzu3vf,64,1442,613,63,106,DHelmet
_gcnpzu3vf,65,1442,613,63,106,DHelmet
_gcnpzu3vf,66,1442,613,63,106,DHelmet
_gcnpzu3vf,67,1441,613,64,106,DHelmet
_gcnpzu3vf,68,1441,613,64,106,DHelmet
_gcnpzu3vf,69,1441,613,64,106,DHelmet
_gcnpzu3vf,70,1441,613,64,106,DHelmet
_gcnpzu3vf,71,1441,613,64,106,DHelmet
_gcnpzu3vf,72,1441,613,64,106,DHelmet
_gcnpzu3vf,73,1441,613,64,106,DHelmet
_gcnpzu3vf,74,1441,613,64,106,DHelmet
_gcnpzu3vf,75,1441,613,64,106,DHelmet
_gcnpzu3vf,76,1441,613,64,106,DHelmet
_gcnpzu3vf,77,1441,613,64,106,DHelmet
_gcnpzu3vf,78,1441,613,64,106,DHelmet
_gcnpzu3vf,79,1441,613,64,106,DHelmet
_gcnpzu3vf,80,1441,613,64,106,DHelmet
_gcnpzu3vf,81,1441,613,64,106,DHelmet
_gcnpzu3vf,82,1441,613,64,106,DHelmet
_gcnpzu3vf,83,1441,613,64,106,DHelmet
_gcnpzu3vf,84,1441,613,64,106,DHelmet
_gcnpzu3vf,85,1441,613,64,106,DHelmet
_gcnpzu3vf,86,1441,613,64,106,DHelmet
_gcnpzu3vf,87,1441,613,64,106,DHelmet
_gcnpzu3vf,88,1441,613,64,106,DHelmet
_gcnpzu3vf,89,1441,613,64,106,DHelmet
_gcnpzu3vf,90,1441,613,64,106,DHelmet
_gcnpzu3vf,91,1441,613,64,106,DHelmet
_gcnpzu3vf,92,1441,613,64,106,DHelmet
_gcnpzu3vf,93,1441,613,64,106,DHelmet
_gcnpzu3vf,94,1441,613,64,106,DHelmet
_gcnpzu3vf,95,1441,613,64,106,DHelmet
_gcnpzu3vf,96,1441,613,64,106,DHelmet
_gcnpzu3vf,97,1441,613,64,106,DHelmet
_gcnpzu3vf,98,1441,613,64,106,DHelmet
_gcnpzu3vf,99,1441,613,64,106,DHelmet
_gcnpzu3vf,100,1441,613,64,106,DHelmet
_nmryb0ral,72,1867,578,52,96,DHelmetP1NoHelmet
_nmryb0ral,73,1857,579,56,97,DHelmetP1NoHelmet
_nmryb0ral,74,1848,581,58,97,DHelmetP1NoHelmet
_nmryb0ral,75,1839,582,60,97,DHelmetP1NoHelmet
_nmryb0ral,76,1829,584,64,97,DHelmetP1NoHelmet
_nmryb0ral,77,1819,583,64,100,DHelmetP1NoHelmet
_nmryb0ral,78,1809,583,64,103,DHelmetP1NoHelmet
_nmryb0ral,79,1798,583,65,105,DHelmetP1NoHelmet
_nmryb0ral,80,1788,583,65,107,DHelmetP1NoHelmet
_nmryb0ral,81,1777,583,66,109,DHelmetP1NoHelmet
_nmryb0ral,82,1767,583,66,111,DHelmetP1NoHelmet
_nmryb0ral,83,1757,583,67,114,DHelmetP1NoHelmet
_nmryb0ral,84,1744,583,68,116,DHelmetP1NoHelmet
_nmryb0ral,85,1731,584,70,118,DHelmetP1NoHelmet
_nmryb0ral,86,1718,584,71,120,DHelmetP1NoHelmet
_nmryb0ral,87,1706,585,72,122,DHelmetP1NoHelmet
_nmryb0ral,88,1693,585,73,124,DHelmetP1NoHelmet
_nmryb0ral,89,1680,585,75,127,DHelmetP1NoHelmet
_nmryb0ral,90,1667,586,77,128,DHelmetP1NoHelmet
_nmryb0ral,91,1654,586,78,131,DHelmetP1NoHelmet
_nmryb0ral,92,1642,586,79,133,DHelmetP1NoHelmet
_nmryb0ral,93,1629,587,80,135,DHelmetP1NoHelmet
_nmryb0ral,94,1611,588,82,137,DHelmetP1NoHelmet
_nmryb0ral,95,1593,589,84,140,DHelmetP1NoHelmet
_nmryb0ral,96,1575,591,87,141,DHelmetP1NoHelmet
_nmryb0ral,97,1556,592,90,143,DHelmetP1NoHelmet
_nmryb0ral,98,1538,593,92,145,DHelmetP1NoHelmet
_nmryb0ral,99,1520,595,94,147,DHelmetP1NoHelmet
_nmryb0ral,100,1502,596,96,149,DHelmetP1NoHelmet
