track_id,frame_id,x,y,w,h,label
_kcenelf20,23,3,523,97,191,DNoHelmetP1NoHelmet
_kcenelf20,24,11,524,100,196,DNoHelmetP1NoHelmet
_kcenelf20,25,18,526,104,201,DNoHelmetP1NoHelmet
_kcenelf20,26,29,527,106,208,DNoHelmetP1NoHelmet
_kcenelf20,27,40,528,108,215,DNoHelmetP1NoHelmet
_kcenelf20,28,51,529,110,222,DNoHelmetP1NoHelmet
_kcenelf20,29,62,531,112,228,DNoHelmetP1NoHelmet
_kcenelf20,30,76,533,117,234,DNoHelmetP1NoHelmet
_kcenelf20,31,90,535,122,241,DNoHelmetP1NoHelmet
_kcenelf20,32,104,537,127,247,DNoHelmetP1NoHelmet
_kcenelf20,33,118,540,133,253,DNoHelmetP1NoHelmet
_kcenelf20,34,132,542,138,259,DNoHelmetP1NoHelmet
_kcenelf20,35,146,544,143,278,DNoHelmetP1NoHelmet
_kcenelf20,36,169,546,149,286,DNoHelmetP1NoHelmet
_kcenelf20,37,192,549,153,294,DNoHelmetP1NoHelmet
_kcenelf20,38,210,553,159,303,DNoHelmetP1NoHelmet
_kcenelf20,39,229,558,164,311,DNoHelmetP1NoHelmet
_kcenelf20,40,259,561,167,334,DNoHelmetP1NoHelmet
_kcenelf20,41,284,564,172,344,DNoHelmetP1NoHelmet
_kcenelf20,42,315,571,177,353,DNoHelmetP1NoHelmet
_kcenelf20,43,346,581,188,363,DNoHelmetP1NoHelmet
_kcenelf20,44,385,591,194,379,DNoHelmetP1NoHelmet
_kcenelf20,45,420,595,208,400,DNoHelmetP1NoHelmet
_kcenelf20,46,463,607,218,416,DNoHelmetP1NoHelmet
_kcenelf20,47,507,619,227,433,DNoHelmetP1NoHelmet
_kcenelf20,48,550,632,249,448,DNoHelmetP1NoHelmet
_kcenelf20,49,599,641,276,439,DNoHelmetP1NoHelmet
_kcenelf20,50,651,650,293,430,DNoHelmetP1NoHelmet
_kcenelf20,51,707,662,329,418,DNoHelmetP1NoHelmet
_kcenelf20,52,791,678,348,402,DNoHelmetP1NoHelmet
_kcenelf20,53,892,683,362,397,DNoHelmetP1NoHelmet
_kcenelf20,54,989,699,396,381,DNoHelmetP1NoHelmet
_kcenelf20,55,1102,717,453,363,DNoHelmetP1NoHelmet
_kcenelf20,56,1245,739,514,341,DNoHelmetP1NoHelmet
_7fmjvnbs5,51,1497,651,423,429,DHelmetP1NoHelmet
_7fmjvnbs5,52,1346,633,448,447,DHelmetP1NoHelmet
_7fmjvnbs5,53,1209,621,378,459,DHelmetP1NoHelmet
_7fmjvnbs5,54,1101,610,323,436,DHelmetP1NoHelmet
_7fmjvnbs5,55,978,599,319,408,DHelmetP1NoHelmet
_7fmjvnbs5,56,885,588,275,393,DHelmetP1NoHelmet
_7fmjvnbs5,57,808,577,232,378,DHelmetP1NoHelmet
_7fmjvnbs5,58,732,571,215,359,DHelmetP1NoHelmet
_7fmjvnbs5,59,660,566,199,339,DHelmetP1NoHelmet
_7fmjvnbs5,60,604,561,183,319,DHelmetP1NoHelmet
_7fmjvnbs5,61,547,556,175,302,DHelmetP1NoHelmet
_7fmjvnbs5,62,499,548,161,291,DHelmetP1NoHelmet
_7fmjvnbs5,63,456,547,147,274,DHelmetP1NoHelmet
_7fmjvnbs5,64,412,542,142,270,DHelmetP1NoHelmet
_7fmjvnbs5,65,374,537,136,255,DHelmetP1NoHelmet
_7fmjvnbs5,66,338,533,124,248,DHelmetP1NoHelmet
_7fmjvnbs5,67,307,531,120,237,DHelmetP1NoHelmet
_7fmjvnbs5,68,276,529,116,226,DHelmetP1NoHelmet
_7fmjvnbs5,69,251,527,108,217,DHelmetP1NoHelmet
_7fmjvnbs5,70,226,525,101,209,DHelmetP1NoHelmet
_7fmjvnbs5,71,204,523,97,203,DHelmetP1NoHelmet
_7fmjvnbs5,72,181,520,95,198,DHelmetP1NoHelmet
_7fmjvnbs5,73,159,518,92,193,DHelmetP1NoHelmet
_7fmjvnbs5,74,141,516,92,188,DHelmetP1NoHelmet
_7fmjvnbs5,75,124,514,91,183,DHelmetP1NoHelmet
_7fmjvnbs5,76,107,512,89,179,DHelmetP1NoHelmet
_7fmjvnbs5,77,90,510,88,174,DHelmetP1NoHelmet
_7fmjvnbs5,78,77,509,86,169,DHelmetP1NoHelmet
_7fmjvnbs5,79,64,507,85,165,DHelmetP1NoHelmet
_7fmjvnbs5,80,51,506,83,161,DHelmetP1NoHelmet
_7fmjvnbs5,81,38,505,82,156,DHelmetP1NoHelmet
_7fmjvnbs5,82,29,505,78,151,DHelmetP1NoHelmet
_7fmjvnbs5,83,21,506,74,146,DHelmetP1NoHelmet
_7fmjvnbs5,84,12,506,70,142,DHelmetP1NoHelmet
