track_id,frame_id,x,y,w,h,label
_le1sj2g63,1,40,503,59,127,DHelmet
_le1sj2g63,2,35,501,59,128,DHelmet
_le1sj2g63,3,30,500,58,127,DHelmet
_le1sj2g63,4,25,499,58,127,DHelmet
_le1sj2g63,5,20,497,58,128,DHelmet
_le1sj2g63,6,15,496,58,128,DHelmet
_le1sj2g63,7,10,495,58,127,DHelmet
_le1sj2g63,8,5,493,58,128,DHelmet
_mayhdcpt0,33,1440,654,480,426,DNoHelmetP1NoHelmet
_mayhdcpt0,34,1272,647,418,433,DNoHelmetP1NoHelmet
_mayhdcpt0,35,1141,633,352,443,DNoHelmetP1NoHelmet
_mayhdcpt0,36,1024,618,302,445,DNoHelmetP1NoHelmet
_mayhdcpt0,37,925,603,261,409,DNoHelmetP1NoHelmet
_mayhdcpt0,38,839,588,228,383,DNoHelmetP1NoHelmet
_mayhdcpt0,39,759,580,210,361,DNoHelmetP1NoHelmet
_mayhdcpt0,40,688,580,195,330,DNoHelmetP1NoHelmet
_mayhdcpt0,41,622,568,181,313,DNoHelmetP1NoHelmet
_mayhdcpt0,42,568,562,156,296,DNoHelmetP1NoHelmet
_mayhdcpt0,43,524,557,147,283,DNoHelmetP1NoHelmet
_mayhdcpt0,44,479,552,139,270,DNoHelmetP1NoHelmet
_mayhdcpt0,45,434,546,132,259,DNoHelmetP1NoHelmet
_mayhdcpt0,46,403,543,123,246,DNoHelmetP1NoHelmet
_mayhdcpt0,47,371,541,116,233,DNoHelmetP1NoHelmet
_mayhdcpt0,48,340,538,108,221,DNoHelmetP1NoHelmet
_mayhdcpt0,49,309,535,100,208,DNoHelmetP1NoHelmet
_mayhdcpt0,50,280,532,97,202,DNoHelmetP1NoHelmet
_mayhdcpt0,51,252,529,92,195,DNoHelmetP1NoHelmet
_mayhdcpt0,52,224,526,88,188,DNoHelmetP1NoHelmet
_mayhdcpt0,53,205,524,85,181,DNoHelmetP1NoHelmet
_mayhdcpt0,54,187,522,80,174,DNoHelmetP1NoHelmet
_mayhdcpt0,55,169,520,76,167,DNoHelmetP1NoHelmet
_mayhdcpt0,56,150,518,73,160,DNoHelmetP1NoHelmet
_mayhdcpt0,57,136,517,74,156,DNoHelmetP1NoHelmet
_mayhdcpt0,58,123,516,75,153,DNoHelmetP1NoHelmet
_mayhdcpt0,59,109,514,76,151,DNoHelmetP1NoHelmet
_mayhdcpt0,60,99,513,74,147,DNoHelmetP1NoHelmet
_mayhdcpt0,61,90,512,71,144,DNoHelmetP1NoHelmet
_mayhdcpt0,62,80,511,68,141,DNoHelmetP1NoHelmet
_mayhdcpt0,63,70,510,66,137,DNoHelmetP1NoHelmet
_mayhdcpt0,64,61,509,62,134,DNoHelmetP1NoHelmet
_mayhdcpt0,65,51,508,60,131,DNoHelmetP1NoHelmet
_mayhdcpt0,66,42,507,57,127,DNoHelmetP1NoHelmet
_mayhdcpt0,67,32,506,54,124,DNoHelmetP1NoHelmet
_18noe7y1f,86,0,531,84,218,DHelmet
_18noe7y1f,87,4,533,98,230,DHelmet
_18noe7y1f,88,13,538,109,232,DHelmet
_18noe7y1f,89,29,542,114,242,DHelmet
_18noe7y1f,90,41,544,122,251,DHelmet
_18noe7y1f,91,62,547,131,268,DHelmet
_18noe7y1f,92,86,543,134,288,DHelmet
_18noe7y1f,93,109,551,135,291,DHelmet
_18noe7y1f,94,136,559,144,298,DHelmet
_18noe7y1f,95,162,559,155,320,DHelmet
_18noe7y1f,96,194,567,164,342,DHelmet
_18noe7y1f,97,224,572,173,366,DHelmet
_18noe7y1f,98,269,580,183,389,DHelmet
_18noe7y1f,99,315,588,193,411,DHelmet
_18noe7y1f,100,360,596,203,434,DHelmet
