track_id,frame_id,x,y,w,h,label
_y8losc3qz,1,1801,610,119,240,DHelmet
_sqaswusiq,1,1656,598,74,129,DNoHelmet
_sqaswusiq,2,1628,598,79,131,DNoHelmet
_sqaswusiq,3,1601,601,81,135,DNoHelmet
_sqaswusiq,4,1574,604,83,138,DNoHelmet
_sqaswusiq,5,1544,605,84,142,DNoHelmet
_sqaswusiq,6,1514,605,85,146,DNoHelmet
_sqaswusiq,7,1478,606,92,152,DNoHelmet
_sqaswusiq,8,1441,608,100,157,DNoHelmet
_sqaswusiq,9,1406,610,98,161,DNoHelmet
_sqaswusiq,10,1370,613,98,164,DNoHelmet
_sqaswusiq,11,1329,615,100,170,DNoHelmet
_sqaswusiq,12,1288,617,103,175,DNoHelmet
_sqaswusiq,13,1238,620,109,181,DNoHelmet
_sqaswusiq,14,1189,622,115,188,DNoHelmet
_sqaswusiq,15,1134,625,121,197,DNoHelmet
_sqaswusiq,16,1073,630,129,202,DNoHelmet
_sqaswusiq,17,1011,632,135,214,DNoHelmet
_sqaswusiq,18,940,638,145,221,DNoHelmet
_sqaswusiq,19,863,643,156,229,DNoHelmet
_sqaswusiq,20,777,647,174,240,DNoHelmet
_sqaswusiq,21,682,645,187,261,DNoHelmet
_sqaswusiq,22,577,654,209,269,DNoHelmet
_sqaswusiq,23,455,661,232,284,DNoHelmet
_sqaswusiq,24,334,667,254,299,DNoHelmet
_sqaswusiq,25,179,673,288,327,DNoHelmet
_sqaswusiq,26,20,679,318,355,DNoHelmet
_sqaswusiq,27,3,694,189,322,DNoHelmet
_iwmq6oua2,22,138,702,482,378,DHelmet
_iwmq6oua2,23,425,678,417,402,DHelmet
_iwmq6oua2,24,668,668,342,412,DHelmet
_iwmq6oua2,25,854,654,306,409,DHelmet
_iwmq6oua2,26,1009,639,268,379,DHelmet
_iwmq6oua2,27,1131,634,242,349,DHelmet
_iwmq6oua2,28,1252,628,218,319,DHelmet
_iwmq6oua2,29,1352,618,200,303,DHelmet
_iwmq6oua2,30,1429,613,187,286,DHelmet
_iwmq6oua2,31,1506,608,173,268,DHelmet
_iwmq6oua2,32,1565,602,164,260,DHelmet
_iwmq6oua2,33,1623,597,156,251,DHelmet
_iwmq6oua2,34,1682,592,147,242,DHelmet
_iwmq6oua2,35,1742,593,125,225,DHelmet
_iwmq6oua2,36,1801,594,103,207,DHelmet
_iwmq6oua2,37,1816,594,104,194,DHelmet
_k1si8rpu4,25,1829,582,62,110,DHelmet
_k1si8rpu4,26,1804,582,64,115,DHelmet
_k1si8rpu4,27,1779,582,66,121,DHelmet
_k1si8rpu4,28,1753,585,68,123,DHelmet
_k1si8rpu4,29,1726,587,70,126,DHelmet
_k1si8rpu4,30,1700,589,71,129,DHelmet
_k1si8rpu4,31,1673,591,74,132,DHelmet
_k1si8rpu4,32,1639,593,80,136,DHelmet
_k1si8rpu4,33,1605,595,86,141,DHelmet
_k1si8rpu4,34,1571,597,92,145,DHelmet
_k1si8rpu4,35,1531,598,94,150,DHelmet
_k1si8rpu4,36,1492,600,94,155,DHelmet
_k1si8rpu4,37,1452,602,96,159,DHelmet
_k1si8rpu4,38,1404,606,97,166,DHelmet
_k1si8rpu4,39,1356,610,97,173,DHelmet
_k1si8rpu4,40,1298,613,104,180,DHelmet
_k1si8rpu4,41,1240,617,111,186,DHelmet
_k1si8rpu4,42,1164,620,123,196,DHelmet
_k1si8rpu4,43,1089,624,134,205,DHelmet
_k1si8rpu4,44,1014,628,144,213,DHelmet
_k1si8rpu4,45,924,632,158,229,DHelmet
_k1si8rpu4,46,824,637,172,241,DHelmet
_k1si8rpu4,47,712,640,187,260,DHelmet
_k1si8rpu4,48,586,648,207,273,DHelmet
_k1si8rpu4,49,441,655,239,293,DHelmet
_k1si8rpu4,50,276,661,267,313,DHelmet
_k1si8rpu4,51,88,667,306,344,DHelmet
_k1si8rpu4,52,0,677,237,333,DHelmet
_svwlw803y,31,1828,582,58,97,DHelmet
_svwlw803y,32,1812,582,61,101,DHelmet
_svwlw803y,33,1798,582,62,105,DHelmet
_svwlw803y,34,1783,583,61,107,DHelmet
_svwlw803y,35,1767,585,62,108,DHelmet
_svwlw803y,36,1751,586,62,109,DHelmet
_svwlw803y,37,1735,587,63,111,DHelmet
_svwlw803y,38,1720,588,62,113,DHelmet
_svwlw803y,39,1699,589,64,115,DHelmet
_svwlw803y,40,1679,590,64,118,DHelmet
_svwlw803y,41,1658,591,66,120,DHelmet
_svwlw803y,42,1638,591,66,123,DHelmet
_svwlw803y,43,1617,592,67,126,DHelmet
_svwlw803y,44,1597,593,68,128,DHelmet
_svwlw803y,45,1570,595,70,130,DHelmet
_svwlw803y,46,1543,596,73,133,DHelmet
_svwlw803y,47,1516,598,75,136,DHelmet
_svwlw803y,48,1489,600,77,138,DHelmet
_svwlw803y,49,1462,602,80,140,DHelmet
_svwlw803y,50,1429,603,81,145,DHelmet
_svwlw803y,51,1395,604,83,150,DHelmet
_svwlw803y,52,1362,605,84,155,DHelmet
_svwlw803y,53,1321,608,93,159,DHelmet
_svwlw803y,54,1280,610,102,165,DHelmet
_svwlw803y,55,1239,613,112,169,DHelmet
_svwlw803y,56,1194,617,111,171,DHelmet
_svwlw803y,57,1148,621,110,174,DHelmet
_svwlw803y,58,1095,622,116,181,DHelmet
_svwlw803y,59,1042,623,121,188,DHelmet
_svwlw803y,60,986,628,128,195,DHelmet
_svwlw803y,61,922,631,136,203,DHelmet
_svwlw803y,62,858,634,144,211,DHelmet
_svwlw803y,63,780,637,158,222,DHelmet
_svwlw803y,64,703,642,171,227,DHelmet
_svwlw803y,65,615,648,179,236,DHelmet
_svwlw803y,66,526,653,188,246,DHelmet
_svwlw803y,67,420,658,203,258,DHelmet
_svwlw803y,68,314,663,219,270,DHelmet
_svwlw803y,69,195,666,218,283,DHelmet
_svwlw803y,70,60,674,224,299,DHelmet
_gpfhb7iyg,38,1830,586,56,102,DNoHelmet
_gpfhb7iyg,39,1809,586,61,106,DNoHelmet
_gpfhb7iyg,40,1787,587,67,110,DNoHelmet
_gpfhb7iyg,41,1769,589,69,113,DNoHelmet
_gpfhb7iyg,42,1751,590,71,117,DNoHelmet
_gpfhb7iyg,43,1730,592,71,118,DNoHelmet
_gpfhb7iyg,44,1709,593,72,121,DNoHelmet
_gpfhb7iyg,45,1688,595,72,123,DNoHelmet
_gpfhb7iyg,46,1662,596,75,126,DNoHelmet
_gpfhb7iyg,47,1636,597,78,129,DNoHelmet
_gpfhb7iyg,48,1610,598,82,132,DNoHelmet
_gpfhb7iyg,49,1580,600,85,135,DNoHelmet
_gpfhb7iyg,50,1551,602,87,139,DNoHelmet
_gpfhb7iyg,51,1521,604,90,142,DNoHelmet
_gpfhb7iyg,52,1485,606,93,146,DNoHelmet
_gpfhb7iyg,53,1450,609,96,149,DNoHelmet
_gpfhb7iyg,54,1414,611,99,153,DNoHelmet
_gpfhb7iyg,55,1378,614,103,156,DNoHelmet
_gpfhb7iyg,56,1336,615,105,163,DNoHelmet
_gpfhb7iyg,57,1294,617,108,168,DNoHelmet
_gpfhb7iyg,58,1243,620,113,174,DNoHelmet
_gpfhb7iyg,59,1192,624,119,179,DNoHelmet
_gpfhb7iyg,60,1134,627,125,188,DNoHelmet
_gpfhb7iyg,61,1077,631,130,195,DNoHelmet
_gpfhb7iyg,62,1020,635,135,202,DNoHelmet
_gpfhb7iyg,63,946,639,143,210,DNoHelmet
_gpfhb7iyg,64,871,642,152,220,DNoHelmet
_gpfhb7iyg,65,788,648,172,228,DNoHelmet
_gpfhb7iyg,66,691,653,187,240,DNoHelmet
_gpfhb7iyg,67,593,657,202,253,DNoHelmet
_gpfhb7iyg,68,468,664,225,266,DNoHelmet
_gpfhb7iyg,69,343,672,247,278,DNoHelmet
_gpfhb7iyg,70,218,679,270,291,DNoHelmet
_gpfhb7iyg,71,60,687,303,313,DNoHelmet
_gpfhb7iyg,72,0,694,225,313,DNoHelmet
_tdc20id2g,40,1841,576,51,104,DHelmetP1NoHelmet
_tdc20id2g,41,1821,579,55,105,DHelmetP1NoHelmet
_tdc20id2g,42,1801,583,60,105,DHelmetP1NoHelmet
_tdc20id2g,43,1784,581,63,111,DHelmetP1NoHelmet
_tdc20id2g,44,1766,583,64,112,DHelmetP1NoHelmet
_tdc20id2g,45,1747,585,66,113,DHelmetP1NoHelmet
_tdc20id2g,46,1729,587,67,114,DHelmetP1NoHelmet
_tdc20id2g,47,1709,587,68,119,DHelmetP1NoHelmet
_tdc20id2g,48,1688,588,70,123,DHelmetP1NoHelmet
_tdc20id2g,49,1665,590,71,124,DHelmetP1NoHelmet
_tdc20id2g,50,1641,593,73,125,DHelmetP1NoHelmet
_tdc20id2g,51,1617,595,75,127,DHelmetP1NoHelmet
_tdc20id2g,52,1594,598,76,127,DHelmetP1NoHelmet
_tdc20id2g,53,1564,599,80,131,DHelmetP1NoHelmet
_tdc20id2g,54,1535,599,82,137,DHelmetP1NoHelmet
_tdc20id2g,55,1506,600,85,141,DHelmetP1NoHelmet
_tdc20id2g,56,1476,601,88,145,DHelmetP1NoHelmet
_tdc20id2g,57,1447,602,91,149,DHelmetP1NoHelmet
_tdc20id2g,58,1414,605,90,152,DHelmetP1NoHelmet
_tdc20id2g,59,1375,603,98,160,DHelmetP1NoHelmet
_tdc20id2g,60,1329,607,104,164,DHelmetP1NoHelmet
_tdc20id2g,61,1283,610,110,169,DHelmetP1NoHelmet
_tdc20id2g,62,1237,614,116,173,DHelmetP1NoHelmet
_tdc20id2g,63,1191,617,122,178,DHelmetP1NoHelmet
_tdc20id2g,64,1140,621,125,183,DHelmetP1NoHelmet
_tdc20id2g,65,1088,624,129,190,DHelmetP1NoHelmet
_tdc20id2g,66,1024,627,138,198,DHelmetP1NoHelmet
_tdc20id2g,67,960,630,147,205,DHelmetP1NoHelmet
_tdc20id2g,68,887,634,155,214,DHelmetP1NoHelmet
_tdc20id2g,69,813,638,164,222,DHelmetP1NoHelmet
_tdc20id2g,70,724,643,177,232,DHelmetP1NoHelmet
_tdc20id2g,71,636,648,189,243,DHelmetP1NoHelmet
_tdc20id2g,72,528,653,206,254,DHelmetP1NoHelmet
_tdc20id2g,73,420,658,222,266,DHelmetP1NoHelmet
_tdc20id2g,74,295,661,246,285,DHelmetP1NoHelmet
_tdc20id2g,75,150,669,269,301,DHelmetP1NoHelmet
_tdc20id2g,76,5,677,291,317,DHelmetP1NoHelmet
_tdc20id2g,77,0,685,147,303,DHelmetP1NoHelmet
