track_id,frame_id,x,y,w,h,label
_40qiimhb5,1,692,543,192,308,DNoHelmetP1NoHelmet
_40qiimhb5,2,652,540,181,295,DNoHelmetP1NoHelmet
_40qiimhb5,3,612,537,169,282,DNoHelmetP1NoHelmet
_40qiimhb5,4,572,534,158,269,DNoHelmetP1NoHelmet
_40qiimhb5,5,532,531,158,256,DNoHelmetP1NoHelmet
_40qiimhb5,6,501,528,152,249,DNoHelmetP1NoHelmet
_40qiimhb5,7,470,525,147,243,DNoHelmetP1NoHelmet
_40qiimhb5,8,439,522,141,236,DNoHelmetP1NoHelmet
_40qiimhb5,9,408,519,136,230,DNoHelmetP1NoHelmet
_40qiimhb5,10,383,517,129,222,DNoHelmetP1NoHelmet
_40qiimhb5,11,358,515,123,214,DNoHelmetP1NoHelmet
_40qiimhb5,12,334,513,116,206,DNoHelmetP1NoHelmet
_40qiimhb5,13,311,512,113,201,DNoHelmetP1NoHelmet
_40qiimhb5,14,288,511,111,196,DNoHelmetP1NoHelmet
_40qiimhb5,15,266,511,108,190,DNoHelmetP1NoHelmet
_40qiimhb5,16,248,510,105,185,DNoHelmetP1NoHelmet
_40qiimhb5,17,230,509,103,181,DNoHelmetP1NoHelmet
_40qiimhb5,18,212,508,100,176,DNoHelmetP1NoHelmet
_40qiimhb5,19,194,507,98,172,DNoHelmetP1NoHelmet
_40qiimhb5,20,177,506,96,167,DNoHelmetP1NoHelmet
_40qiimhb5,21,161,505,94,162,DNoHelmetP1NoHelmet
_40qiimhb5,22,145,505,92,156,DNoHelmetP1NoHelmet
_40qiimhb5,23,128,504,91,151,DNoHelmetP1NoHelmet
_40qiimhb5,24,116,503,89,148,DNoHelmetP1NoHelmet
_40qiimhb5,25,104,503,88,145,DNoHelmetP1NoHelmet
_40qiimhb5,26,93,502,85,142,DNoHelmetP1NoHelmet
_40qiimhb5,27,81,501,83,139,DNoHelmetP1NoHelmet
_40qiimhb5,28,69,501,82,136,DNoHelmetP1NoHelmet
_40qiimhb5,29,57,500,80,133,DNoHelmetP1NoHelmet
_40qiimhb5,30,45,501,79,129,DNoHelmetP1NoHelmet
_40qiimhb5,31,38,499,79,130,DNoHelmetP1NoHelmet
_40qiimhb5,32,42,500,65,129,DNoHelmetP1NoHelmet
_vlowfijfh,15,2,512,79,183,DHelmetP1Helmet
_vlowfijfh,16,3,513,86,186,DHelmetP1Helmet
_vlowfijfh,17,3,514,94,189,DHelmetP1Helmet
_vlowfijfh,18,9,514,100,195,DHelmetP1Helmet
_vlowfijfh,19,14,514,107,200,DHelmetP1Helmet
_vlowfijfh,20,20,514,113,205,DHelmetP1Helmet
_vlowfijfh,21,26,515,120,210,DHelmetP1Helmet
_vlowfijfh,22,38,517,120,215,DHelmetP1Helmet
_vlowfijfh,23,50,520,120,220,DHelmetP1Helmet
_vlowfijfh,24,62,522,120,225,DHelmetP1Helmet
_vlowfijfh,25,74,525,120,230,DHelmetP1Helmet
_vlowfijfh,26,86,526,123,236,DHelmetP1Helmet
_vlowfijfh,27,99,527,126,243,DHelmetP1Helmet
_vlowfijfh,28,111,528,129,249,DHelmetP1Helmet
_vlowfijfh,29,124,529,132,256,DHelmetP1Helmet
_vlowfijfh,30,139,531,134,263,DHelmetP1Helmet
_vlowfijfh,31,154,534,137,270,DHelmetP1Helmet
_vlowfijfh,32,169,536,139,277,DHelmetP1Helmet
_vlowfijfh,33,184,539,142,284,DHelmetP1Helmet
_vlowfijfh,34,201,541,149,295,DHelmetP1Helmet
_vlowfijfh,35,218,544,157,306,DHelmetP1Helmet
_vlowfijfh,36,235,546,164,317,DHelmetP1Helmet
_vlowfijfh,37,252,549,172,328,DHelmetP1Helmet
_vlowfijfh,38,276,553,180,342,DHelmetP1Helmet
_vlowfijfh,39,301,557,187,357,DHelmetP1Helmet
_vlowfijfh,40,325,561,195,371,DHelmetP1Helmet
_vlowfijfh,41,350,565,202,386,DHelmetP1Helmet
_vlowfijfh,42,384,570,215,406,DHelmetP1Helmet
_vlowfijfh,43,418,575,228,426,DHelmetP1Helmet
_vlowfijfh,44,452,580,241,446,DHelmetP1Helmet
_vlowfijfh,45,486,585,254,466,DHelmetP1Helmet
_vlowfijfh,46,529,595,272,483,DHelmetP1Helmet
_vlowfijfh,47,583,599,290,481,DHelmetP1Helmet
_vlowfijfh,48,637,604,308,476,DHelmetP1Helmet
_vlowfijfh,49,692,609,326,471,DHelmetP1Helmet
_vlowfijfh,50,753,619,355,461,DHelmetP1Helmet
_vlowfijfh,51,831,632,390,448,DHelmetP1Helmet
_vlowfijfh,52,942,639,417,441,DHelmetP1Helmet
_vlowfijfh,53,1054,647,444,433,DHelmetP1Helmet
_vlowfijfh,54,1180,671,477,409,DHelmetP1Helmet
_vlowfijfh,55,1320,691,550,389,DHelmetP1Helmet
_nffxopkrb,25,1517,626,403,454,DNoHelmetP1NoHelmet
_nffxopkrb,26,1376,619,446,461,DNoHelmetP1NoHelmet
_nffxopkrb,27,1261,599,395,481,DNoHelmetP1NoHelmet
_nffxopkrb,28,1154,595,345,466,DNoHelmetP1NoHelmet
_nffxopkrb,29,1064,583,304,434,DNoHelmetP1NoHelmet
_nffxopkrb,30,983,570,278,411,DNoHelmetP1NoHelmet
_nffxopkrb,31,911,566,251,387,DNoHelmetP1NoHelmet
_nffxopkrb,32,834,557,243,364,DNoHelmetP1NoHelmet
_nffxopkrb,33,774,557,222,340,DNoHelmetP1NoHelmet
_nffxopkrb,34,720,551,209,326,DNoHelmetP1NoHelmet
_nffxopkrb,35,666,546,197,312,DNoHelmetP1NoHelmet
_nffxopkrb,36,612,540,185,298,DNoHelmetP1NoHelmet
_nffxopkrb,37,572,535,172,284,DNoHelmetP1NoHelmet
_nffxopkrb,38,534,533,165,271,DNoHelmetP1NoHelmet
_nffxopkrb,39,496,531,158,258,DNoHelmetP1NoHelmet
_nffxopkrb,40,458,529,152,246,DNoHelmetP1NoHelmet
_nffxopkrb,41,425,527,147,238,DNoHelmetP1NoHelmet
_nffxopkrb,42,393,525,142,230,DNoHelmetP1NoHelmet
_nffxopkrb,43,360,523,137,222,DNoHelmetP1NoHelmet
_nffxopkrb,44,328,521,132,214,DNoHelmetP1NoHelmet
_nffxopkrb,45,303,516,127,210,DNoHelmetP1NoHelmet
_nffxopkrb,46,279,512,122,206,DNoHelmetP1NoHelmet
_nffxopkrb,47,259,511,118,201,DNoHelmetP1NoHelmet
_nffxopkrb,48,239,510,114,196,DNoHelmetP1NoHelmet
_nffxopkrb,49,218,509,112,190,DNoHelmetP1NoHelmet
_nffxopkrb,50,198,509,108,184,DNoHelmetP1NoHelmet
_nffxopkrb,51,178,508,105,178,DNoHelmetP1NoHelmet
_nffxopkrb,52,162,507,102,174,DNoHelmetP1NoHelmet
_nffxopkrb,53,146,506,99,170,DNoHelmetP1NoHelmet
_nffxopkrb,54,131,504,96,167,DNoHelmetP1NoHelmet
_nffxopkrb,55,118,504,93,162,DNoHelmetP1NoHelmet
_nffxopkrb,56,106,503,89,159,DNoHelmetP1NoHelmet
_nffxopkrb,57,93,502,87,155,DNoHelmetP1NoHelmet
_nffxopkrb,58,82,501,85,152,DNoHelmetP1NoHelmet
_nffxopkrb,59,72,501,82,147,DNoHelmetP1NoHelmet
_nffxopkrb,60,61,501,81,143,DNoHelmetP1NoHelmet
_nffxopkrb,61,52,500,78,141,DNoHelmetP1NoHelmet
_nffxopkrb,62,43,500,75,139,DNoHelmetP1NoHelmet
_nffxopkrb,63,35,499,73,136,DNoHelmetP1NoHelmet
_nffxopkrb,64,28,499,69,132,DNoHelmetP1NoHelmet
_nffxopkrb,65,20,498,69,130,DNoHelmetP1NoHelmet
_nffxopkrb,66,12,497,69,129,DNoHelmetP1NoHelmet
_nffxopkrb,67,4,496,69,127,DNoHelmetP1NoHelmet
_zvxeevfcq,38,1560,635,360,445,DNoHelmetP1NoHelmet
_zvxeevfcq,39,1472,619,410,461,DNoHelmetP1NoHelmet
_zvxeevfcq,40,1386,615,378,458,DNoHelmetP1NoHelmet
_zvxeevfcq,41,1308,605,354,442,DNoHelmetP1NoHelmet
_zvxeevfcq,42,1242,599,328,420,DNoHelmetP1NoHelmet
_zvxeevfcq,43,1177,593,301,398,DNoHelmetP1NoHelmet
_zvxeevfcq,44,1112,587,274,376,DNoHelmetP1NoHelmet
_zvxeevfcq,45,1056,582,260,363,DNoHelmetP1NoHelmet
_zvxeevfcq,46,1001,577,245,351,DNoHelmetP1NoHelmet
_zvxeevfcq,47,946,573,230,338,DNoHelmetP1NoHelmet
_zvxeevfcq,48,903,570,230,338,DNoHelmetP1NoHelmet
_zvxeevfcq,49,860,567,230,338,DNoHelmetP1NoHelmet
_zvxeevfcq,50,818,565,230,338,DNoHelmetP1NoHelmet
_zvxeevfcq,51,775,561,213,314,DNoHelmetP1NoHelmet
_zvxeevfcq,52,732,557,197,291,DNoHelmetP1NoHelmet
_zvxeevfcq,53,690,553,180,268,DNoHelmetP1NoHelmet
_zvxeevfcq,54,660,550,170,262,DNoHelmetP1NoHelmet
_zvxeevfcq,55,630,547,160,257,DNoHelmetP1NoHelmet
_zvxeevfcq,56,601,544,150,251,DNoHelmetP1NoHelmet
_zvxeevfcq,57,571,541,147,246,DNoHelmetP1NoHelmet
_zvxeevfcq,58,542,538,143,240,DNoHelmetP1NoHelmet
_zvxeevfcq,59,512,535,139,235,DNoHelmetP1NoHelmet
_zvxeevfcq,60,483,533,135,228,DNoHelmetP1NoHelmet
_zvxeevfcq,61,453,530,132,223,DNoHelmetP1NoHelmet
_zvxeevfcq,62,430,529,126,218,DNoHelmetP1NoHelmet
_zvxeevfcq,63,409,528,126,212,DNoHelmetP1NoHelmet
_zvxeevfcq,64,388,527,126,206,DNoHelmetP1NoHelmet
_zvxeevfcq,65,369,525,122,202,DNoHelmetP1NoHelmet
_zvxeevfcq,66,351,524,118,197,DNoHelmetP1NoHelmet
_zvxeevfcq,67,333,523,114,192,DNoHelmetP1NoHelmet
_zvxeevfcq,68,315,521,110,189,DNoHelmetP1NoHelmet
_zvxeevfcq,69,299,521,106,184,DNoHelmetP1NoHelmet
_zvxeevfcq,70,283,520,103,180,DNoHelmetP1NoHelmet
_zvxeevfcq,71,267,519,99,176,DNoHelmetP1NoHelmet
_zvxeevfcq,72,253,518,97,172,DNoHelmetP1NoHelmet
_zvxeevfcq,73,240,518,95,167,DNoHelmetP1NoHelmet
_zvxeevfcq,74,226,517,93,164,DNoHelmetP1NoHelmet
_zvxeevfcq,75,213,516,90,160,DNoHelmetP1NoHelmet
_zvxeevfcq,76,200,514,89,158,DNoHelmetP1NoHelmet
_zvxeevfcq,77,188,513,87,155,DNoHelmetP1NoHelmet
_zvxeevfcq,78,175,512,86,153,DNoHelmetP1NoHelmet
_zvxeevfcq,79,162,511,86,150,DNoHelmetP1NoHelmet
_zvxeevfcq,80,153,511,83,147,DNoHelmetP1NoHelmet
_zvxeevfcq,81,143,511,82,144,DNoHelmetP1NoHelmet
_zvxeevfcq,82,134,510,79,142,DNoHelmetP1NoHelmet
_zvxeevfcq,83,124,510,78,139,DNoHelmetP1NoHelmet
_zvxeevfcq,84,115,510,77,136,DNoHelmetP1NoHelmet
_zvxeevfcq,85,107,509,74,135,DNoHelmetP1NoHelmet
_zvxeevfcq,86,98,508,73,133,DNoHelmetP1NoHelmet
_zvxeevfcq,87,89,508,71,131,DNoHelmetP1NoHelmet
_zvxeevfcq,88,82,507,69,129,DNoHelmetP1NoHelmet
_zvxeevfcq,89,75,507,67,127,DNoHelmetP1NoHelmet
_zvxeevfcq,90,67,507,66,125,DNoHelmetP1NoHelmet
_zvxeevfcq,91,60,506,64,123,DNoHelmetP1NoHelmet
_zvxeevfcq,92,56,506,63,121,DNoHelmetP1NoHelmet
_zvxeevfcq,93,50,505,62,120,DNoHelmetP1NoHelmet
_zvxeevfcq,94,43,503,62,120,DNoHelmetP1NoHelmet
_zvxeevfcq,95,37,502,61,119,DNoHelmetP1NoHelmet
_8isdjkm3s,32,0,507,82,187,DHelmet
_8isdjkm3s,33,4,510,89,188,DHelmet
_8isdjkm3s,34,9,512,95,190,DHelmet
_8isdjkm3s,35,18,513,98,194,DHelmet
_8isdjkm3s,36,28,513,101,200,DHelmet
_8isdjkm3s,37,38,513,102,207,DHelmet
_8isdjkm3s,38,48,513,104,214,DHelmet
_8isdjkm3s,39,61,515,109,216,DHelmet
_8isdjkm3s,40,70,517,113,222,DHelmet
_8isdjkm3s,41,80,519,116,228,DHelmet
_8isdjkm3s,42,99,519,115,235,DHelmet
_8isdjkm3s,43,114,520,116,242,DHelmet
_8isdjkm3s,44,130,521,116,250,DHelmet
_8isdjkm3s,45,142,523,123,257,DHelmet
_8isdjkm3s,46,156,524,129,264,DHelmet
_8isdjkm3s,47,171,526,134,270,DHelmet
_8isdjkm3s,48,188,528,137,281,DHelmet
_8isdjkm3s,49,208,529,138,292,DHelmet
_8isdjkm3s,50,228,531,140,302,DHelmet
_8isdjkm3s,51,245,533,151,312,DHelmet
_8isdjkm3s,52,270,538,153,321,DHelmet
_8isdjkm3s,53,296,543,154,330,DHelmet
_8isdjkm3s,54,313,545,178,348,DHelmet
_8isdjkm3s,55,341,548,186,365,DHelmet
_8isdjkm3s,56,370,551,194,382,DHelmet
_8isdjkm3s,57,406,556,202,400,DHelmet
_8isdjkm3s,58,442,561,210,418,DHelmet
_8isdjkm3s,59,488,567,228,435,DHelmet
_8isdjkm3s,60,534,573,246,453,DHelmet
_8isdjkm3s,61,586,577,269,481,DHelmet
_8isdjkm3s,62,639,582,290,498,DHelmet
_8isdjkm3s,63,722,585,325,495,DHelmet
_8isdjkm3s,64,794,589,338,491,DHelmet
_8isdjkm3s,65,861,603,379,477,DHelmet
_8isdjkm3s,66,979,615,421,465,DHelmet
_8isdjkm3s,67,1072,629,462,451,DHelmet
_8isdjkm3s,68,1183,641,530,439,DHelmet
_8isdjkm3s,69,1334,653,490,427,DHelmet
_15xnikb1d,93,1541,636,379,444,DHelmet
_15xnikb1d,94,1408,625,418,455,DHelmet
_15xnikb1d,95,1304,613,374,467,DHelmet
_15xnikb1d,96,1200,601,330,446,DHelmet
_15xnikb1d,97,1105,593,310,414,DHelmet
_15xnikb1d,98,1028,585,274,396,DHelmet
_15xnikb1d,99,958,577,253,380,DHelmet
_15xnikb1d,100,888,569,232,364,DHelmet
_ncbbth472,45,1502,627,418,453,DNoHelmet
_ncbbth472,46,1352,623,440,457,DNoHelmet
_ncbbth472,47,1211,602,386,478,DNoHelmet
_ncbbth472,48,1111,598,332,482,DNoHelmet
_ncbbth472,49,1030,571,278,468,DNoHelmet
_ncbbth472,50,946,568,238,430,DNoHelmet
_ncbbth472,51,842,564,263,392,DNoHelmet
_ncbbth472,52,765,559,216,377,DNoHelmet
_ncbbth472,53,688,555,220,356,DNoHelmet
_ncbbth472,54,634,552,194,338,DNoHelmet
_ncbbth472,55,576,550,183,320,DNoHelmet
_ncbbth472,56,526,547,172,302,DNoHelmet
_ncbbth472,57,481,543,159,291,DNoHelmet
_ncbbth472,58,436,539,146,280,DNoHelmet
_ncbbth472,59,392,535,132,270,DNoHelmet
_ncbbth472,60,353,531,128,260,DNoHelmet
_ncbbth472,61,315,527,124,250,DNoHelmet
_ncbbth472,62,288,523,116,244,DNoHelmet
_ncbbth472,63,262,519,108,238,DNoHelmet
_ncbbth472,64,235,518,105,227,DNoHelmet
_ncbbth472,65,209,518,101,215,DNoHelmet
_ncbbth472,66,192,517,96,208,DNoHelmet
_ncbbth472,67,174,516,92,201,DNoHelmet
_ncbbth472,68,156,515,89,194,DNoHelmet
_ncbbth472,69,146,513,85,189,DNoHelmet
_ncbbth472,70,135,511,81,184,DNoHelmet
_ncbbth472,71,124,509,78,179,DNoHelmet
_ncbbth472,72,117,508,76,174,DNoHelmet
_ncbbth472,73,111,508,72,169,DNoHelmet
_ncbbth472,74,104,507,69,164,DNoHelmet
_ncbbth472,75,96,506,70,160,DNoHelmet
_ncbbth472,76,88,506,71,155,DNoHelmet
_ncbbth472,77,80,505,72,151,DNoHelmet
_ncbbth472,78,74,505,70,146,DNoHelmet
_ncbbth472,79,68,504,67,143,DNoHelmet
_ncbbth472,80,61,503,66,140,DNoHelmet
_ncbbth472,81,54,503,65,137,DNoHelmet
_ncbbth472,82,47,502,63,135,DNoHelmet
_ncbbth472,83,39,502,63,132,DNoHelmet
_ncbbth472,84,32,502,61,129,DNoHelmet
