track_id,frame_id,x,y,w,h,label
_z0zp155l7,16,1445,671,475,409,DNoHelmet
_z0zp155l7,17,1226,639,452,440,DNoHelmet
_z0zp155l7,18,1062,620,371,460,DNoHelmet
_z0zp155l7,19,919,601,301,460,DNoHelmet
_z0zp155l7,20,801,592,263,410,DNoHelmet
_z0zp155l7,21,700,587,226,376,DNoHelmet
_z0zp155l7,22,603,573,207,356,DNoHelmet
_z0zp155l7,23,535,559,187,337,DNoHelmet
_z0zp155l7,24,468,548,167,318,DNoHelmet
_z0zp155l7,25,412,541,148,298,DNoHelmet
_z0zp155l7,26,359,546,137,270,DNoHelmet
_z0zp155l7,27,314,540,134,254,DNoHelmet
_z0zp155l7,28,273,537,127,240,DNoHelmet
_z0zp155l7,29,232,535,120,226,DNoHelmet
_z0zp155l7,30,199,533,115,214,DNoHelmet
_z0zp155l7,31,172,532,108,202,DNoHelmet
_z0zp155l7,32,144,530,103,192,DNoHelmet
_z0zp155l7,33,123,526,97,185,DNoHelmet
_z0zp155l7,34,102,521,91,180,DNoHelmet
_z0zp155l7,35,83,518,90,174,DNoHelmet
_z0zp155l7,36,64,514,88,169,DNoHelmet
_z0zp155l7,37,44,510,87,165,DNoHelmet
_z0zp155l7,38,33,509,83,159,DNoHelmet
_z0zp155l7,39,22,508,79,153,DNoHelmet
_z0zp155l7,40,11,507,75,147,DNoHelmet
_z0zp155l7,41,6,507,65,145,DNoHelmet
_xbglnf6l2,1,1304,743,582,337,DHelmetP1Helmet
