track_id,frame_id,x,y,w,h,label
_f8rn20yyb,40,260,815,386,265,DNoHelmetP0NoHelmet
_f8rn20yyb,41,282,805,378,275,DNoHelmetP0NoHelmet
_f8rn20yyb,42,303,794,371,286,DNoHelmetP0NoHelmet
_f8rn20yyb,43,324,784,364,296,DNoHelmetP0NoHelmet
_f8rn20yyb,44,346,774,356,306,DNoHelmetP0NoHelmet
_f8rn20yyb,45,359,764,347,316,DNoHelmetP0NoHelmet
_f8rn20yyb,46,372,755,339,325,DNoHelmetP0NoHelmet
_f8rn20yyb,47,385,745,330,335,DNoHelmetP0NoHelmet
_f8rn20yyb,48,399,736,321,344,DNoHelmetP0NoHelmet
_f8rn20yyb,49,412,727,312,353,DNoHelmetP0NoHelmet
_f8rn20yyb,50,425,717,304,363,DNoHelmetP0NoHelmet
_f8rn20yyb,51,439,708,294,372,DNoHelmetP0NoHelmet
_f8rn20yyb,52,441,701,295,379,DNoHelmetP0NoHelmet
_f8rn20yyb,53,444,693,295,387,DNoHelmetP0NoHelmet
_f8rn20yyb,54,447,686,295,394,DNoHelmetP0NoHelmet
_f8rn20yyb,55,450,679,294,401,DNoHelmetP0NoHelmet
_f8rn20yyb,56,453,672,294,408,DNoHelmetP0NoHelmet
_f8rn20yyb,57,456,665,294,415,DNoHelmetP0NoHelmet
_f8rn20yyb,58,459,658,293,422,DNoHelmetP0NoHelmet
_f8rn20yyb,59,452,651,293,429,DNoHelmetP0NoHelmet
_f8rn20yyb,60,454,644,281,436,DNoHelmetP0NoHelmet
_f8rn20yyb,61,454,640,287,440,DNoHelmetP0NoHelmet
_f8rn20yyb,62,456,637,282,443,DNoHelmetP0NoHelmet
_f8rn20yyb,63,459,633,277,447,DNoHelmetP0NoHelmet
_f8rn20yyb,64,463,632,276,448,DNoHelmetP0NoHelmet
_f8rn20yyb,65,465,626,254,454,DNoHelmetP0NoHelmet
_f8rn20yyb,66,463,630,251,450,DNoHelmetP0NoHelmet
_f8rn20yyb,67,465,625,237,455,DNoHelmetP0NoHelmet
_f8rn20yyb,68,462,620,225,460,DNoHelmetP0NoHelmet
_f8rn20yyb,69,460,614,221,466,DNoHelmetP0NoHelmet
_f8rn20yyb,70,461,616,217,430,DNoHelmetP0NoHelmet
_f8rn20yyb,71,462,611,213,428,DNoHelmetP0NoHelmet
_f8rn20yyb,72,463,606,209,423,DNoHelmetP0NoHelmet
_f8rn20yyb,73,462,601,194,416,DNoHelmetP0NoHelmet
_f8rn20yyb,74,458,601,194,394,DNoHelmetP0NoHelmet
_f8rn20yyb,75,458,596,191,384,DNoHelmetP0NoHelmet
_f8rn20yyb,76,454,596,186,373,DNoHelmetP0NoHelmet
_f8rn20yyb,77,453,589,182,364,DNoHelmetP0NoHelmet
_f8rn20yyb,78,449,589,177,351,DNoHelmetP0NoHelmet
_f8rn20yyb,79,443,580,173,356,DNoHelmetP0NoHelmet
_f8rn20yyb,80,439,576,172,345,DNoHelmetP0NoHelmet
_f8rn20yyb,81,439,571,168,338,DNoHelmetP0NoHelmet
_f8rn20yyb,82,434,569,169,335,DNoHelmetP0NoHelmet
_f8rn20yyb,83,433,573,166,319,DNoHelmetP0NoHelmet
_f8rn20yyb,84,429,572,165,308,DNoHelmetP0NoHelmet
_f8rn20yyb,85,425,571,161,302,DNoHelmetP0NoHelmet
_f8rn20yyb,86,421,563,157,303,DNoHelmetP0NoHelmet
_f8rn20yyb,87,417,560,153,292,DNoHelmetP0NoHelmet
_f8rn20yyb,88,411,557,149,285,DNoHelmetP0NoHelmet
_f8rn20yyb,89,402,553,151,282,DNoHelmetP0NoHelmet
_f8rn20yyb,90,396,548,147,279,DNoHelmetP0NoHelmet
_f8rn20yyb,91,385,544,151,276,DNoHelmetP0NoHelmet
_f8rn20yyb,92,377,545,147,267,DNoHelmetP0NoHelmet
_f8rn20yyb,93,368,547,143,258,DNoHelmetP0NoHelmet
_f8rn20yyb,94,361,544,140,254,DNoHelmetP0NoHelmet
_f8rn20yyb,95,353,539,136,251,DNoHelmetP0NoHelmet
_f8rn20yyb,96,343,539,133,244,DNoHelmetP0NoHelmet
_f8rn20yyb,97,333,541,133,239,DNoHelmetP0NoHelmet
_f8rn20yyb,98,324,536,134,236,DNoHelmetP0NoHelmet
_f8rn20yyb,99,314,533,130,232,DNoHelmetP0NoHelmet
_f8rn20yyb,100,305,529,127,230,DNoHelmetP0NoHelmet
_2dergxhda,1,1307,700,558,380,DHelmetP1Helmet
