track_id,frame_id,x,y,w,h,label
_4dyjevgxn,39,1,516,82,204,DHelmet
_4dyjevgxn,40,2,517,93,211,DHelmet
_4dyjevgxn,41,8,519,105,219,DHelmet
_4dyjevgxn,42,21,521,111,224,DHelmet
_4dyjevgxn,43,36,522,118,233,DHelmet
_4dyjevgxn,44,53,525,115,243,DHelmet
_4dyjevgxn,45,72,531,120,246,DHelmet
_4dyjevgxn,46,94,530,124,262,DHelmet
_4dyjevgxn,47,115,534,129,271,DHelmet
_4dyjevgxn,48,135,537,136,281,DHelmet
_4dyjevgxn,49,161,537,142,301,DHelmet
_4dyjevgxn,50,188,540,150,309,DHelmet
_4dyjevgxn,51,221,543,154,323,DHelmet
_4dyjevgxn,52,254,553,168,334,DHelmet
_4dyjevgxn,53,285,552,174,354,DHelmet
_4dyjevgxn,54,331,560,181,374,DHelmet
_4dyjevgxn,55,379,566,188,395,DHelmet
_4dyjevgxn,56,426,574,204,422,DHelmet
_4dyjevgxn,57,483,579,222,448,DHelmet
_4dyjevgxn,58,546,587,245,480,DHelmet
_4dyjevgxn,59,617,600,278,480,DHelmet
_4dyjevgxn,60,695,601,320,479,DHelmet
_4dyjevgxn,61,789,617,354,463,DHelmet
_4dyjevgxn,62,904,635,414,445,DHelmet
_4dyjevgxn,63,1036,651,486,429,DHelmet
_bniou91nb,59,1543,624,377,456,DNoHelmet
_bniou91nb,60,1390,613,480,467,DNoHelmet
_bniou91nb,61,1255,601,438,479,DNoHelmet
_bniou91nb,62,1157,589,364,490,DNoHelmet
_bniou91nb,63,1041,578,348,453,DNoHelmet
_bniou91nb,64,946,566,304,447,DNoHelmet
_bniou91nb,65,860,560,280,417,DNoHelmet
_bniou91nb,66,783,557,262,397,DNoHelmet
_bniou91nb,67,720,554,239,368,DNoHelmet
_bniou91nb,68,658,553,216,353,DNoHelmet
_bniou91nb,69,603,541,201,338,DNoHelmet
_bniou91nb,70,551,542,188,323,DNoHelmet
_bniou91nb,71,500,537,183,309,DNoHelmet
_bniou91nb,72,457,534,171,294,DNoHelmet
_bniou91nb,73,413,529,166,286,DNoHelmet
_bniou91nb,74,388,530,146,277,DNoHelmet
_bniou91nb,75,357,528,135,260,DNoHelmet
_bniou91nb,76,323,527,132,253,DNoHelmet
_bniou91nb,77,296,520,130,246,DNoHelmet
_bniou91nb,78,259,516,134,239,DNoHelmet
_bniou91nb,79,236,515,125,232,DNoHelmet
_bniou91nb,80,213,513,122,225,DNoHelmet
_bniou91nb,81,189,512,120,218,DNoHelmet
_bniou91nb,82,166,510,117,211,DNoHelmet
_bniou91nb,83,147,509,114,204,DNoHelmet
_bniou91nb,84,132,509,108,198,DNoHelmet
_bniou91nb,85,116,509,103,192,DNoHelmet
_bniou91nb,86,101,509,98,186,DNoHelmet
_bniou91nb,87,88,507,95,183,DNoHelmet
_bniou91nb,88,75,506,93,178,DNoHelmet
_bniou91nb,89,64,506,91,173,DNoHelmet
_bniou91nb,90,53,505,89,169,DNoHelmet
_bniou91nb,91,44,503,86,166,DNoHelmet
_bniou91nb,92,35,501,84,163,DNoHelmet
_bniou91nb,93,26,500,81,159,DNoHelmet
_bniou91nb,94,18,498,78,156,DNoHelmet
_bniou91nb,95,14,498,73,153,DNoHelmet
_bniou91nb,96,9,497,70,151,DNoHelmet
_bniou91nb,97,5,497,65,148,DNoHelmet
_bniou91nb,98,0,495,65,145,DNoHelmet
