track_id,frame_id,x,y,w,h,label
_nrv7gk3mm,1,887,619,163,232,DHelmetP1Helmet
_nrv7gk3mm,2,836,613,154,225,DHelmetP1Helmet
_nrv7gk3mm,3,795,606,144,219,DHelmetP1Helmet
_nrv7gk3mm,4,753,603,136,212,DHelmetP1Helmet
_nrv7gk3mm,5,718,600,128,205,DHelmetP1Helmet
_nrv7gk3mm,6,679,597,120,199,DHelmetP1Helmet
_nrv7gk3mm,7,646,593,113,195,DHelmetP1Helmet
_nrv7gk3mm,8,612,590,108,190,DHelmetP1Helmet
_nrv7gk3mm,9,579,587,107,186,DHelmetP1Helmet
_nrv7gk3mm,10,548,582,102,181,DHelmetP1Helmet
_nrv7gk3mm,11,513,581,102,173,DHelmetP1Helmet
_nrv7gk3mm,12,480,576,101,174,DHelmetP1Helmet
_qxjq8yglj,1,1080,633,158,225,DHelmet
_qxjq8yglj,2,1045,629,150,220,DHelmet
_qxjq8yglj,3,1009,625,143,215,DHelmet
_qxjq8yglj,4,979,621,135,210,DHelmet
_qxjq8yglj,5,948,617,127,205,DHelmet
_qxjq8yglj,6,917,615,122,199,DHelmet
_qxjq8yglj,7,886,612,117,194,DHelmet
_qxjq8yglj,8,853,608,116,192,DHelmet
_qxjq8yglj,9,820,605,115,189,DHelmet
_qxjq8yglj,10,788,603,114,183,DHelmet
_qxjq8yglj,11,760,601,112,178,DHelmet
_qxjq8yglj,12,730,599,111,174,DHelmet
_qxjq8yglj,13,700,597,110,170,DHelmet
_qxjq8yglj,14,671,595,107,166,DHelmet
_qxjq8yglj,15,641,594,106,161,DHelmet
_qxjq8yglj,16,612,592,105,157,DHelmet
_qxjq8yglj,17,583,590,104,153,DHelmet
_qxjq8yglj,18,555,588,101,149,DHelmet
_qxjq8yglj,19,527,585,102,149,DHelmet
_xaa9bcbfe,12,1703,697,217,329,DNoHelmet
_xaa9bcbfe,13,1599,685,296,334,DNoHelmet
_xaa9bcbfe,14,1504,674,274,321,DNoHelmet
_xaa9bcbfe,15,1416,669,248,303,DNoHelmet
_xaa9bcbfe,16,1335,661,230,287,DNoHelmet
_xaa9bcbfe,17,1261,649,212,280,DNoHelmet
_xaa9bcbfe,18,1192,641,196,272,DNoHelmet
_xaa9bcbfe,19,1130,640,183,251,DNoHelmet
_xaa9bcbfe,20,1071,633,174,245,DNoHelmet
_xaa9bcbfe,21,1012,627,165,239,DNoHelmet
_xaa9bcbfe,22,963,619,155,232,DNoHelmet
_xaa9bcbfe,23,913,611,146,226,DNoHelmet
_xaa9bcbfe,24,863,608,140,218,DNoHelmet
_xaa9bcbfe,25,818,605,135,210,DNoHelmet
_xaa9bcbfe,26,778,601,129,203,DNoHelmet
_xaa9bcbfe,27,735,598,125,198,DNoHelmet
_xaa9bcbfe,28,696,594,119,194,DNoHelmet
_xaa9bcbfe,29,660,591,115,190,DNoHelmet
_xaa9bcbfe,30,624,588,111,185,DNoHelmet
_xaa9bcbfe,31,593,582,106,181,DNoHelmet
_5ykaodtyx,47,1607,724,313,356,DHelmetP1Helmet
_5ykaodtyx,48,1539,715,380,365,DHelmetP1Helmet
_5ykaodtyx,49,1488,709,352,371,DHelmetP1Helmet
_5ykaodtyx,50,1414,703,351,365,DHelmetP1Helmet
_5ykaodtyx,51,1357,700,318,363,DHelmetP1Helmet
_5ykaodtyx,52,1316,696,318,356,DHelmetP1Helmet
_5ykaodtyx,53,1275,689,311,350,DHelmetP1Helmet
_5ykaodtyx,54,1218,682,303,344,DHelmetP1Helmet
_5ykaodtyx,55,1166,679,296,338,DHelmetP1Helmet
_5ykaodtyx,56,1125,676,292,324,DHelmetP1Helmet
_5ykaodtyx,57,1090,673,284,319,DHelmetP1Helmet
_5ykaodtyx,58,1056,668,275,316,DHelmetP1Helmet
_5ykaodtyx,59,1021,663,268,312,DHelmetP1Helmet
_5ykaodtyx,60,991,663,260,307,DHelmetP1Helmet
_5ykaodtyx,61,964,661,255,303,DHelmetP1Helmet
_5ykaodtyx,62,937,658,251,300,DHelmetP1Helmet
_5ykaodtyx,63,912,655,246,298,DHelmetP1Helmet
_5ykaodtyx,64,887,653,242,294,DHelmetP1Helmet
_5ykaodtyx,65,867,650,237,291,DHelmetP1Helmet
_5ykaodtyx,66,848,649,233,287,DHelmetP1Helmet
_5ykaodtyx,67,830,648,228,284,DHelmetP1Helmet
_5ykaodtyx,68,815,646,224,281,DHelmetP1Helmet
_5ykaodtyx,69,801,645,220,278,DHelmetP1Helmet
_5ykaodtyx,70,787,643,216,277,DHelmetP1Helmet
_5ykaodtyx,71,773,642,212,274,DHelmetP1Helmet
_5ykaodtyx,72,759,640,208,273,DHelmetP1Helmet
_5ykaodtyx,73,747,639,204,271,DHelmetP1Helmet
_5ykaodtyx,74,734,637,200,270,DHelmetP1Helmet
_5ykaodtyx,75,722,635,197,269,DHelmetP1Helmet
_5ykaodtyx,76,711,634,192,267,DHelmetP1Helmet
_5ykaodtyx,77,700,632,188,266,DHelmetP1Helmet
_5ykaodtyx,78,688,630,185,264,DHelmetP1Helmet
_5ykaodtyx,79,678,629,182,263,DHelmetP1Helmet
_5ykaodtyx,80,667,628,180,261,DHelmetP1Helmet
_5ykaodtyx,81,658,627,178,259,DHelmetP1Helmet
_5ykaodtyx,82,649,625,175,258,DHelmetP1Helmet
_5ykaodtyx,83,641,624,172,257,DHelmetP1Helmet
_5ykaodtyx,84,634,623,167,255,DHelmetP1Helmet
_5ykaodtyx,85,631,622,161,253,DHelmetP1Helmet
_5ykaodtyx,86,628,620,154,252,DHelmetP1Helmet
_5ykaodtyx,87,621,620,152,250,DHelmetP1Helmet
_5ykaodtyx,88,614,619,149,249,DHelmetP1Helmet
_5ykaodtyx,89,607,618,147,247,DHelmetP1Helmet
_5ykaodtyx,90,602,617,148,248,DHelmetP1Helmet
_5ykaodtyx,91,596,617,151,248,DHelmetP1Helmet
_5ykaodtyx,92,591,616,152,249,DHelmetP1Helmet
_5ykaodtyx,93,586,615,153,250,DHelmetP1Helmet
_5ykaodtyx,94,581,614,154,251,DHelmetP1Helmet
_5ykaodtyx,95,576,614,155,251,DHelmetP1Helmet
_5ykaodtyx,96,570,613,154,252,DHelmetP1Helmet
_5ykaodtyx,97,564,612,153,252,DHelmetP1Helmet
_5ykaodtyx,98,558,611,152,252,DHelmetP1Helmet
_5ykaodtyx,99,551,611,152,251,DHelmetP1Helmet
_5ykaodtyx,100,545,610,151,251,DHelmetP1Helmet
_wzyyx1n28,56,1615,712,305,359,DHelmetP1Helmet
_wzyyx1n28,57,1547,707,373,359,DHelmetP1Helmet
_wzyyx1n28,58,1490,702,356,374,DHelmetP1Helmet
_wzyyx1n28,59,1441,696,352,367,DHelmetP1Helmet
_wzyyx1n28,60,1391,691,348,359,DHelmetP1Helmet
_wzyyx1n28,61,1350,686,335,353,DHelmetP1Helmet
_wzyyx1n28,62,1309,680,321,349,DHelmetP1Helmet
_wzyyx1n28,63,1275,676,307,344,DHelmetP1Helmet
_wzyyx1n28,64,1241,672,293,338,DHelmetP1Helmet
_wzyyx1n28,65,1213,668,280,333,DHelmetP1Helmet
_wzyyx1n28,66,1190,666,265,327,DHelmetP1Helmet
_wzyyx1n28,67,1166,664,251,322,DHelmetP1Helmet
_wzyyx1n28,68,1142,661,243,317,DHelmetP1Helmet
_wzyyx1n28,69,1118,659,235,311,DHelmetP1Helmet
_wzyyx1n28,70,1091,656,235,308,DHelmetP1Helmet
_wzyyx1n28,71,1063,653,235,304,DHelmetP1Helmet
_wzyyx1n28,72,1042,651,235,300,DHelmetP1Helmet
_wzyyx1n28,73,1020,648,235,296,DHelmetP1Helmet
_wzyyx1n28,74,1004,647,234,296,DHelmetP1Helmet
_wzyyx1n28,75,987,646,235,296,DHelmetP1Helmet
_wzyyx1n28,76,970,645,235,296,DHelmetP1Helmet
_wzyyx1n28,77,954,644,234,296,DHelmetP1Helmet
_wzyyx1n28,78,937,642,235,297,DHelmetP1Helmet
_wzyyx1n28,79,920,641,235,297,DHelmetP1Helmet
_wzyyx1n28,80,905,638,235,296,DHelmetP1Helmet
_wzyyx1n28,81,896,638,235,297,DHelmetP1Helmet
_wzyyx1n28,82,893,645,235,296,DHelmetP1Helmet
_wzyyx1n28,83,881,635,231,294,DHelmetP1Helmet
_wzyyx1n28,84,873,634,219,292,DHelmetP1Helmet
_wzyyx1n28,85,864,633,208,289,DHelmetP1Helmet
_wzyyx1n28,86,856,632,207,287,DHelmetP1Helmet
_wzyyx1n28,87,847,631,208,285,DHelmetP1Helmet
_wzyyx1n28,88,839,631,207,281,DHelmetP1Helmet
_wzyyx1n28,89,831,630,207,279,DHelmetP1Helmet
_wzyyx1n28,90,825,629,203,277,DHelmetP1Helmet
_wzyyx1n28,91,820,628,199,275,DHelmetP1Helmet
_wzyyx1n28,92,815,627,195,273,DHelmetP1Helmet
_wzyyx1n28,93,807,626,193,270,DHelmetP1Helmet
_wzyyx1n28,94,799,625,190,268,DHelmetP1Helmet
_wzyyx1n28,95,791,624,188,265,DHelmetP1Helmet
_wzyyx1n28,96,783,623,186,263,DHelmetP1Helmet
_wzyyx1n28,97,775,622,184,261,DHelmetP1Helmet
_wzyyx1n28,98,767,621,182,258,DHelmetP1Helmet
_wzyyx1n28,99,759,620,180,256,DHelmetP1Helmet
_wzyyx1n28,100,758,619,171,253,DHelmetP1Helmet
_xfdw2q3fb,64,1624,753,296,327,DNoHelmet
_xfdw2q3fb,65,1561,751,359,329,DNoHelmet
_xfdw2q3fb,66,1499,742,421,338,DNoHelmet
_xfdw2q3fb,67,1441,734,410,346,DNoHelmet
_xfdw2q3fb,68,1393,729,392,351,DNoHelmet
_xfdw2q3fb,69,1344,725,380,355,DNoHelmet
_xfdw2q3fb,70,1296,722,367,358,DNoHelmet
_xfdw2q3fb,71,1255,717,354,363,DNoHelmet
_xfdw2q3fb,72,1214,712,341,361,DNoHelmet
_xfdw2q3fb,73,1181,709,328,354,DNoHelmet
_xfdw2q3fb,74,1147,706,316,347,DNoHelmet
_xfdw2q3fb,75,1113,703,309,342,DNoHelmet
_xfdw2q3fb,76,1078,700,302,337,DNoHelmet
_xfdw2q3fb,77,1050,696,295,331,DNoHelmet
_xfdw2q3fb,78,1022,693,288,324,DNoHelmet
_xfdw2q3fb,79,995,690,280,321,DNoHelmet
_xfdw2q3fb,80,967,686,273,319,DNoHelmet
_xfdw2q3fb,81,937,682,270,316,DNoHelmet
_xfdw2q3fb,82,907,678,271,313,DNoHelmet
_xfdw2q3fb,83,877,674,272,309,DNoHelmet
_xfdw2q3fb,84,854,672,265,306,DNoHelmet
_xfdw2q3fb,85,830,671,259,303,DNoHelmet
_xfdw2q3fb,86,805,669,253,300,DNoHelmet
_xfdw2q3fb,87,787,667,247,296,DNoHelmet
_xfdw2q3fb,88,769,665,241,293,DNoHelmet
_xfdw2q3fb,89,752,663,234,290,DNoHelmet
_xfdw2q3fb,90,734,661,229,287,DNoHelmet
_xfdw2q3fb,91,715,658,230,285,DNoHelmet
_xfdw2q3fb,92,697,655,231,282,DNoHelmet
_xfdw2q3fb,93,678,652,228,280,DNoHelmet
_xfdw2q3fb,94,659,649,224,278,DNoHelmet
_xfdw2q3fb,95,643,647,219,276,DNoHelmet
_xfdw2q3fb,96,627,646,214,273,DNoHelmet
_xfdw2q3fb,97,611,644,209,271,DNoHelmet
_xfdw2q3fb,98,599,642,203,269,DNoHelmet
_xfdw2q3fb,99,587,641,196,266,DNoHelmet
_xfdw2q3fb,100,575,639,190,264,DNoHelmet
_569uqgz3y,1,21,608,171,240,DHelmet
_569uqgz3y,2,46,617,175,242,DHelmet
_569uqgz3y,3,77,619,179,252,DHelmet
_569uqgz3y,4,108,624,188,261,DHelmet
_569uqgz3y,5,142,629,197,269,DHelmet
_569uqgz3y,6,179,635,203,280,DHelmet
_569uqgz3y,7,217,641,207,291,DHelmet
_569uqgz3y,8,259,647,220,302,DHelmet
_569uqgz3y,9,308,656,235,315,DHelmet
_569uqgz3y,10,357,665,250,327,DHelmet
_569uqgz3y,11,417,672,265,343,DHelmet
_569uqgz3y,12,483,682,280,359,DHelmet
_569uqgz3y,13,558,694,302,384,DHelmet
_569uqgz3y,14,632,707,326,373,DHelmet
_569uqgz3y,15,722,722,352,358,DHelmet
_569uqgz3y,16,821,737,379,343,DHelmet
_569uqgz3y,17,936,755,396,325,DHelmet
_569uqgz3y,18,1067,775,398,305,DHelmet
_569uqgz3y,19,1216,800,417,280,DHelmet
_569uqgz3y,20,1392,826,463,254,DHelmet
_r684g8chc,33,2,609,126,244,DHelmetP1Helmet
_r684g8chc,34,14,616,147,246,DHelmetP1Helmet
_r684g8chc,35,28,620,162,251,DHelmetP1Helmet
_r684g8chc,36,55,625,169,259,DHelmetP1Helmet
_r684g8chc,37,99,629,165,267,DHelmetP1Helmet
_r684g8chc,38,143,633,161,275,DHelmetP1Helmet
_r684g8chc,39,180,639,164,283,DHelmetP1Helmet
_r684g8chc,40,222,646,168,291,DHelmetP1Helmet
_r684g8chc,41,264,654,173,298,DHelmetP1Helmet
_r684g8chc,42,309,659,180,307,DHelmetP1Helmet
_r684g8chc,43,357,664,192,321,DHelmetP1Helmet
_r684g8chc,44,404,669,205,334,DHelmetP1Helmet
_r684g8chc,45,458,674,218,348,DHelmetP1Helmet
_r684g8chc,46,512,685,230,362,DHelmetP1Helmet
_r684g8chc,47,579,695,248,375,DHelmetP1Helmet
_r684g8chc,48,645,705,266,375,DHelmetP1Helmet
_r684g8chc,49,712,715,284,365,DHelmetP1Helmet
_r684g8chc,50,796,726,302,354,DHelmetP1Helmet
_r684g8chc,51,879,737,320,343,DHelmetP1Helmet
_r684g8chc,52,972,747,372,333,DHelmetP1Helmet
_r684g8chc,53,1075,760,423,320,DHelmetP1Helmet
_r684g8chc,54,1191,784,386,296,DHelmetP1Helmet
_r684g8chc,55,1325,801,350,279,DHelmetP1Helmet
_r684g8chc,56,1470,822,450,258,DHelmetP1Helmet
_k2e9xubx2,58,0,628,118,244,DHelmet
_k2e9xubx2,59,13,631,130,242,DHelmet
_k2e9xubx2,60,41,634,134,264,DHelmet
_k2e9xubx2,61,70,639,141,272,DHelmet
_k2e9xubx2,62,98,645,148,279,DHelmet
_k2e9xubx2,63,138,652,151,287,DHelmet
_k2e9xubx2,64,172,659,160,298,DHelmet
_k2e9xubx2,65,212,666,165,309,DHelmet
_k2e9xubx2,66,255,673,172,322,DHelmet
_k2e9xubx2,67,298,681,180,333,DHelmet
_k2e9xubx2,68,342,689,193,349,DHelmet
_k2e9xubx2,69,392,697,207,365,DHelmet
_k2e9xubx2,70,448,709,219,371,DHelmet
_k2e9xubx2,71,507,720,231,360,DHelmet
_k2e9xubx2,72,569,732,253,348,DHelmet
_k2e9xubx2,73,640,740,274,340,DHelmet
_k2e9xubx2,74,723,757,294,323,DHelmet
_k2e9xubx2,75,804,777,328,303,DHelmet
_k2e9xubx2,76,904,789,361,291,DHelmet
_k2e9xubx2,77,1017,809,397,271,DHelmet
_k2e9xubx2,78,1145,831,357,249,DHelmet
_k2e9xubx2,79,1289,859,385,221,DHelmet
_ye7kder3u,77,0,619,127,237,DHelmet
_ye7kder3u,78,11,624,147,244,DHelmet
_ye7kder3u,79,33,628,155,253,DHelmet
_ye7kder3u,80,64,633,155,262,DHelmet
_ye7kder3u,81,95,637,155,263,DHelmet
_ye7kder3u,82,128,643,166,275,DHelmet
_ye7kder3u,83,162,649,175,288,DHelmet
_ye7kder3u,84,195,655,186,300,DHelmet
_ye7kder3u,85,237,662,194,312,DHelmet
_ye7kder3u,86,282,669,201,324,DHelmet
_ye7kder3u,87,329,678,209,336,DHelmet
_ye7kder3u,88,381,686,217,350,DHelmet
_ye7kder3u,89,434,697,228,366,DHelmet
_ye7kder3u,90,499,710,239,370,DHelmet
_ye7kder3u,91,562,721,261,359,DHelmet
_ye7kder3u,92,631,734,284,346,DHelmet
_ye7kder3u,93,709,750,300,330,DHelmet
_ye7kder3u,94,799,764,310,316,DHelmet
_ye7kder3u,95,898,781,321,299,DHelmet
_ye7kder3u,96,1004,795,350,285,DHelmet
_ye7kder3u,97,1141,815,366,265,DHelmet
_ye7kder3u,98,1279,840,397,240,DHelmet
_wf97jelv8,45,480,641,217,314,DHelmet
_wf97jelv8,46,554,649,230,325,DHelmet
_wf97jelv8,47,627,658,256,341,DHelmet
_wf97jelv8,48,717,668,276,362,DHelmet
_wf97jelv8,49,823,679,295,384,DHelmet
_wf97jelv8,50,944,692,314,388,DHelmet
_wf97jelv8,51,1020,708,398,372,DHelmet
_wf97jelv8,52,1190,723,398,357,DHelmet
_wf97jelv8,53,1382,741,397,339,DHelmet
_wf97jelv8,54,1571,764,349,316,DHelmet
_01mpjeoef,50,1858,591,62,142,DNoHelmet
_01mpjeoef,51,1837,598,69,136,DNoHelmet
_01mpjeoef,52,1819,599,81,138,DNoHelmet
_01mpjeoef,53,1802,600,80,140,DNoHelmet
_01mpjeoef,54,1779,601,80,142,DNoHelmet
_01mpjeoef,55,1758,600,86,143,DNoHelmet
_01mpjeoef,56,1738,599,85,143,DNoHelmet
_01mpjeoef,57,1713,600,87,143,DNoHelmet
_01mpjeoef,58,1682,601,104,145,DNoHelmet
_01mpjeoef,59,1661,597,96,156,DNoHelmet
_01mpjeoef,60,1627,600,105,150,DNoHelmet
_01mpjeoef,61,1617,602,95,146,DNoHelmet
_01mpjeoef,62,1591,600,98,147,DNoHelmet
_01mpjeoef,63,1557,601,102,149,DNoHelmet
_01mpjeoef,64,1523,601,111,151,DNoHelmet
_01mpjeoef,65,1488,602,113,153,DNoHelmet
_01mpjeoef,66,1453,603,116,155,DNoHelmet
_01mpjeoef,67,1418,604,118,158,DNoHelmet
_01mpjeoef,68,1383,604,121,161,DNoHelmet
_01mpjeoef,69,1348,605,124,163,DNoHelmet
_01mpjeoef,70,1312,606,127,162,DNoHelmet
_01mpjeoef,71,1277,607,129,161,DNoHelmet
_01mpjeoef,72,1245,607,138,162,DNoHelmet
_01mpjeoef,73,1214,607,147,162,DNoHelmet
_01mpjeoef,74,1182,608,156,162,DNoHelmet
_478peoayr,91,57,564,76,163,DHelmetP1Helmet
_478peoayr,92,57,565,78,164,DHelmetP1Helmet
_478peoayr,93,56,565,79,163,DHelmetP1Helmet
_478peoayr,94,56,565,79,171,DHelmetP1Helmet
_478peoayr,95,57,565,79,171,DHelmetP1Helmet
_478peoayr,96,58,565,79,171,DHelmetP1Helmet
_478peoayr,97,61,565,78,173,DHelmetP1Helmet
_478peoayr,98,63,565,78,175,DHelmetP1Helmet
_478peoayr,99,65,565,79,177,DHelmetP1Helmet
_478peoayr,100,67,565,79,178,DHelmetP1Helmet
