track_id,frame_id,x,y,w,h,label
_9trxh2lh8,1,1127,679,262,401,DHelmetP1NoHelmet
_9trxh2lh8,2,1227,671,242,409,DHelmetP1NoHelmet
_9trxh2lh8,3,1322,667,222,386,DHelmetP1NoHelmet
_9trxh2lh8,4,1402,663,208,362,DHelmetP1NoHelmet
_9trxh2lh8,5,1473,659,195,338,DHelmetP1NoHelmet
_9trxh2lh8,6,1538,651,187,323,DHelmetP1NoHelmet
_9trxh2lh8,7,1593,643,178,308,DHelmetP1NoHelmet
_9trxh2lh8,8,1642,638,170,295,DHelmetP1NoHelmet
_9trxh2lh8,9,1693,634,161,281,DHelmetP1NoHelmet
_9trxh2lh8,10,1739,629,151,268,DHelmetP1NoHelmet
_9trxh2lh8,11,1779,626,141,258,DHelmetP1NoHelmet
_9trxh2lh8,12,1817,612,103,256,DHelmetP1NoHelmet
_895x77zqy,1,505,649,208,260,DNoHelmet
_895x77zqy,2,301,651,244,289,DNoHelmet
_895x77zqy,3,62,660,286,320,DNoHelmet
_0t4lq2d04,1,270,686,129,201,DNoHelmet
_0t4lq2d04,2,270,686,129,201,DNoHelmet
_0t4lq2d04,3,270,686,129,201,DNoHelmet
_0t4lq2d04,4,270,686,129,201,DNoHelmet
_0t4lq2d04,5,270,686,129,201,DNoHelmet
_0t4lq2d04,6,270,686,129,201,DNoHelmet
_0t4lq2d04,7,270,686,129,201,DNoHelmet
_0t4lq2d04,8,270,686,129,201,DNoHelmet
_0t4lq2d04,9,270,686,129,201,DNoHelmet
_0t4lq2d04,10,271,686,128,201,DNoHelmet
_0t4lq2d04,11,271,686,128,201,DNoHelmet
_0t4lq2d04,12,271,686,128,201,DNoHelmet
_0t4lq2d04,13,271,686,128,201,DNoHelmet
_0t4lq2d04,14,271,686,128,201,DNoHelmet
_0t4lq2d04,15,271,686,128,201,DNoHelmet
_0t4lq2d04,16,271,686,128,201,DNoHelmet
_0t4lq2d04,17,271,686,128,201,DNoHelmet
_0t4lq2d04,18,271,686,128,201,DNoHelmet
_0t4lq2d04,19,271,686,128,201,DNoHelmet
_0t4lq2d04,20,271,686,128,201,DNoHelmet
_0t4lq2d04,21,271,686,128,201,DNoHelmet
_0t4lq2d04,22,271,686,128,201,DNoHelmet
_0t4lq2d04,23,271,686,128,201,DNoHelmet
_0t4lq2d04,24,271,686,128,201,DNoHelmet
_0t4lq2d04,25,271,686,128,201,DNoHelmet
_0t4lq2d04,26,271,686,128,201,DNoHelmet
_0t4lq2d04,27,271,686,128,201,DNoHelmet
_0t4lq2d04,28,271,686,128,201,DNoHelmet
_0t4lq2d04,29,271,687,128,200,DNoHelmet
_0t4lq2d04,30,272,687,127,200,DNoHelmet
_0t4lq2d04,31,272,687,127,200,DNoHelmet
_0t4lq2d04,32,272,687,127,200,DNoHelmet
_0t4lq2d04,33,272,687,127,200,DNoHelmet
_0t4lq2d04,34,272,687,127,200,DNoHelmet
_0t4lq2d04,35,272,687,127,200,DNoHelmet
_0t4lq2d04,36,272,687,127,200,DNoHelmet
_0t4lq2d04,37,272,687,127,200,DNoHelmet
_0t4lq2d04,38,272,687,127,200,DNoHelmet
_0t4lq2d04,39,272,687,127,200,DNoHelmet
_0t4lq2d04,40,272,687,127,200,DNoHelmet
_0t4lq2d04,41,272,687,127,200,DNoHelmet
_0t4lq2d04,42,272,687,127,200,DNoHelmet
_0t4lq2d04,43,272,687,127,200,DNoHelmet
_0t4lq2d04,44,272,687,127,200,DNoHelmet
_0t4lq2d04,45,272,687,127,200,DNoHelmet
_0t4lq2d04,46,272,687,127,200,DNoHelmet
_0t4lq2d04,47,272,687,127,200,DNoHelmet
_0t4lq2d04,48,272,687,127,200,DNoHelmet
_0t4lq2d04,49,272,687,127,200,DNoHelmet
_0t4lq2d04,50,273,687,126,200,DNoHelmet
_0t4lq2d04,51,273,687,126,200,DNoHelmet
_0t4lq2d04,52,273,687,126,200,DNoHelmet
_0t4lq2d04,53,273,687,126,200,DNoHelmet
_0t4lq2d04,54,273,687,126,200,DNoHelmet
_0t4lq2d04,55,273,687,126,200,DNoHelmet
_0t4lq2d04,56,273,687,126,200,DNoHelmet
_0t4lq2d04,57,273,687,126,200,DNoHelmet
_0t4lq2d04,58,273,687,126,200,DNoHelmet
_0t4lq2d04,59,273,687,126,200,DNoHelmet
_0t4lq2d04,60,273,687,126,200,DNoHelmet
_0t4lq2d04,61,273,687,126,200,DNoHelmet
_0t4lq2d04,62,273,687,126,200,DNoHelmet
_0t4lq2d04,63,273,687,126,200,DNoHelmet
_0t4lq2d04,64,273,687,126,200,DNoHelmet
_0t4lq2d04,65,273,687,126,200,DNoHelmet
_0t4lq2d04,66,273,687,126,200,DNoHelmet
_0t4lq2d04,67,273,687,126,200,DNoHelmet
_0t4lq2d04,68,273,687,126,200,DNoHelmet
_0t4lq2d04,69,274,687,125,200,DNoHelmet
_0t4lq2d04,70,274,687,125,200,DNoHelmet
_0t4lq2d04,71,274,687,125,200,DNoHelmet
_0t4lq2d04,72,274,687,125,200,DNoHelmet
_0t4lq2d04,73,274,687,125,200,DNoHelmet
_0t4lq2d04,74,274,687,124,200,DNoHelmet
_0t4lq2d04,75,274,687,124,200,DNoHelmet
_0t4lq2d04,76,274,687,124,200,DNoHelmet
_0t4lq2d04,77,274,687,124,200,DNoHelmet
_0t4lq2d04,78,274,688,124,199,DNoHelmet
_0t4lq2d04,79,274,688,124,199,DNoHelmet
_0t4lq2d04,80,274,688,124,199,DNoHelmet
_0t4lq2d04,81,274,688,124,199,DNoHelmet
_0t4lq2d04,82,274,688,124,199,DNoHelmet
_0t4lq2d04,83,274,688,124,199,DNoHelmet
_0t4lq2d04,84,274,688,124,199,DNoHelmet
_0t4lq2d04,85,274,688,124,199,DNoHelmet
_0t4lq2d04,86,274,688,124,199,DNoHelmet
_0t4lq2d04,87,274,688,124,199,DNoHelmet
_0t4lq2d04,88,274,688,124,199,DNoHelmet
_0t4lq2d04,89,275,688,123,199,DNoHelmet
_0t4lq2d04,90,275,688,123,199,DNoHelmet
_0t4lq2d04,91,275,688,123,199,DNoHelmet
_0t4lq2d04,92,275,688,123,199,DNoHelmet
_0t4lq2d04,93,275,688,123,199,DNoHelmet
_0t4lq2d04,94,275,688,123,199,DNoHelmet
_0t4lq2d04,95,275,688,123,199,DNoHelmet
_0t4lq2d04,96,275,688,123,199,DNoHelmet
_0t4lq2d04,97,275,688,123,199,DNoHelmet
_0t4lq2d04,98,275,688,123,199,DNoHelmet
_0t4lq2d04,99,275,688,123,199,DNoHelmet
_0t4lq2d04,100,275,688,123,199,DNoHelmet
_fu3395u0z,1,368,679,168,204,DNoHelmet
_fu3395u0z,2,368,679,168,204,DNoHelmet
_fu3395u0z,3,368,679,168,204,DNoHelmet
_fu3395u0z,4,368,679,168,204,DNoHelmet
_fu3395u0z,5,368,679,168,204,DNoHelmet
_fu3395u0z,6,368,679,168,204,DNoHelmet
_fu3395u0z,7,368,679,168,204,DNoHelmet
_fu3395u0z,8,368,679,168,204,DNoHelmet
_fu3395u0z,9,368,679,168,204,DNoHelmet
_fu3395u0z,10,368,679,168,204,DNoHelmet
_fu3395u0z,11,368,679,168,204,DNoHelmet
_fu3395u0z,12,368,679,168,204,DNoHelmet
_fu3395u0z,13,368,679,168,204,DNoHelmet
_fu3395u0z,14,368,679,168,204,DNoHelmet
_fu3395u0z,15,368,679,168,204,DNoHelmet
_fu3395u0z,16,368,679,168,204,DNoHelmet
_fu3395u0z,17,368,679,168,204,DNoHelmet
_fu3395u0z,18,368,679,168,204,DNoHelmet
_fu3395u0z,19,368,679,168,204,DNoHelmet
_fu3395u0z,20,368,679,168,204,DNoHelmet
_fu3395u0z,21,368,679,168,204,DNoHelmet
_fu3395u0z,22,368,679,168,204,DNoHelmet
_fu3395u0z,23,368,679,168,204,DNoHelmet
_fu3395u0z,24,368,679,168,204,DNoHelmet
_fu3395u0z,25,368,679,168,204,DNoHelmet
_fu3395u0z,26,368,679,169,204,DNoHelmet
_fu3395u0z,27,368,679,169,204,DNoHelmet
_fu3395u0z,28,368,679,169,204,DNoHelmet
_fu3395u0z,29,368,679,169,204,DNoHelmet
_fu3395u0z,30,368,679,169,204,DNoHelmet
_fu3395u0z,31,368,679,169,204,DNoHelmet
_fu3395u0z,32,368,679,169,204,DNoHelmet
_fu3395u0z,33,368,679,169,204,DNoHelmet
_fu3395u0z,34,368,679,169,204,DNoHelmet
_fu3395u0z,35,368,679,169,204,DNoHelmet
_fu3395u0z,36,368,679,169,204,DNoHelmet
_fu3395u0z,37,368,679,169,204,DNoHelmet
_fu3395u0z,38,368,679,169,204,DNoHelmet
_fu3395u0z,39,368,679,169,204,DNoHelmet
_fu3395u0z,40,368,679,169,204,DNoHelmet
_fu3395u0z,41,368,679,169,204,DNoHelmet
_fu3395u0z,42,368,679,169,204,DNoHelmet
_fu3395u0z,43,368,679,169,204,DNoHelmet
_fu3395u0z,44,368,679,169,204,DNoHelmet
_fu3395u0z,45,368,679,169,204,DNoHelmet
_fu3395u0z,46,368,679,169,204,DNoHelmet
_fu3395u0z,47,367,679,170,204,DNoHelmet
_fu3395u0z,48,367,679,170,204,DNoHelmet
_fu3395u0z,49,367,679,170,204,DNoHelmet
_fu3395u0z,50,367,679,171,204,DNoHelmet
_fu3395u0z,51,367,679,171,204,DNoHelmet
_fu3395u0z,52,367,679,171,204,DNoHelmet
_fu3395u0z,53,367,679,171,204,DNoHelmet
_fu3395u0z,54,367,679,171,204,DNoHelmet
_fu3395u0z,55,367,679,171,204,DNoHelmet
_fu3395u0z,56,367,679,171,204,DNoHelmet
_fu3395u0z,57,367,679,171,204,DNoHelmet
_fu3395u0z,58,367,679,171,204,DNoHelmet
_fu3395u0z,59,367,679,171,204,DNoHelmet
_fu3395u0z,60,367,679,171,204,DNoHelmet
_fu3395u0z,61,367,679,171,204,DNoHelmet
_fu3395u0z,62,367,679,171,204,DNoHelmet
_fu3395u0z,63,367,679,171,204,DNoHelmet
_fu3395u0z,64,367,679,171,204,DNoHelmet
_fu3395u0z,65,367,679,171,204,DNoHelmet
_fu3395u0z,66,367,679,171,204,DNoHelmet
_fu3395u0z,67,367,679,171,204,DNoHelmet
_fu3395u0z,68,367,679,171,204,DNoHelmet
_fu3395u0z,69,367,679,171,204,DNoHelmet
_fu3395u0z,70,367,679,171,204,DNoHelmet
_fu3395u0z,71,367,679,171,204,DNoHelmet
_fu3395u0z,72,367,679,171,204,DNoHelmet
_fu3395u0z,73,367,679,171,204,DNoHelmet
_fu3395u0z,74,367,679,171,204,DNoHelmet
_fu3395u0z,75,367,679,172,204,DNoHelmet
_fu3395u0z,76,367,679,172,204,DNoHelmet
_fu3395u0z,77,367,679,172,204,DNoHelmet
_fu3395u0z,78,367,679,172,204,DNoHelmet
_fu3395u0z,79,367,679,172,204,DNoHelmet
_fu3395u0z,80,367,679,172,204,DNoHelmet
_fu3395u0z,81,367,679,172,204,DNoHelmet
_fu3395u0z,82,367,679,172,204,DNoHelmet
_fu3395u0z,83,367,679,172,204,DNoHelmet
_fu3395u0z,84,367,679,172,204,DNoHelmet
_fu3395u0z,85,367,679,172,204,DNoHelmet
_fu3395u0z,86,367,679,172,204,DNoHelmet
_fu3395u0z,87,367,679,172,204,DNoHelmet
_fu3395u0z,88,367,679,172,204,DNoHelmet
_fu3395u0z,89,367,679,172,204,DNoHelmet
_fu3395u0z,90,367,679,172,204,DNoHelmet
_fu3395u0z,91,367,679,172,204,DNoHelmet
_fu3395u0z,92,367,679,172,204,DNoHelmet
_fu3395u0z,93,367,679,172,204,DNoHelmet
_fu3395u0z,94,367,679,172,204,DNoHelmet
_fu3395u0z,95,367,679,172,204,DNoHelmet
_fu3395u0z,96,367,679,172,204,DNoHelmet
_fu3395u0z,97,367,679,172,204,DNoHelmet
_fu3395u0z,98,367,679,172,204,DNoHelmet
_fu3395u0z,99,367,679,173,204,DNoHelmet
_fu3395u0z,100,367,679,173,204,DNoHelmet
_ztdpyeahb,1,1039,638,88,145,DNoHelmet
_ztdpyeahb,2,1038,637,89,146,DNoHelmet
_ztdpyeahb,3,1038,637,88,146,DNoHelmet
_ztdpyeahb,4,1037,637,88,146,DNoHelmet
_ztdpyeahb,5,1036,636,89,147,DNoHelmet
_ztdpyeahb,6,1036,636,88,148,DNoHelmet
_ztdpyeahb,7,1031,636,89,148,DNoHelmet
_ztdpyeahb,8,1027,636,89,149,DNoHelmet
_ztdpyeahb,9,1022,636,90,150,DNoHelmet
_ztdpyeahb,10,1018,636,90,150,DNoHelmet
_ztdpyeahb,11,1013,636,91,151,DNoHelmet
_ztdpyeahb,12,1009,635,91,153,DNoHelmet
_ztdpyeahb,13,1002,636,90,153,DNoHelmet
_ztdpyeahb,14,994,636,90,155,DNoHelmet
_ztdpyeahb,15,987,637,88,155,DNoHelmet
_ztdpyeahb,16,980,637,87,157,DNoHelmet
_ztdpyeahb,17,973,637,86,159,DNoHelmet
_ztdpyeahb,18,959,638,90,160,DNoHelmet
_ztdpyeahb,19,945,638,93,163,DNoHelmet
_ztdpyeahb,20,931,638,97,166,DNoHelmet
_ztdpyeahb,21,917,639,101,168,DNoHelmet
_ztdpyeahb,22,897,640,103,171,DNoHelmet
_ztdpyeahb,23,877,641,105,174,DNoHelmet
_ztdpyeahb,24,857,642,107,177,DNoHelmet
_ztdpyeahb,25,837,643,108,179,DNoHelmet
_ztdpyeahb,26,816,644,109,182,DNoHelmet
_ztdpyeahb,27,794,646,110,183,DNoHelmet
_ztdpyeahb,28,773,649,110,184,DNoHelmet
_ztdpyeahb,29,749,650,115,188,DNoHelmet
_ztdpyeahb,30,723,650,120,193,DNoHelmet
_ztdpyeahb,31,697,651,126,197,DNoHelmet
_ztdpyeahb,32,667,652,131,201,DNoHelmet
_ztdpyeahb,33,637,653,136,204,DNoHelmet
_ztdpyeahb,34,605,654,141,208,DNoHelmet
_ztdpyeahb,35,571,657,146,213,DNoHelmet
_ztdpyeahb,36,534,658,151,218,DNoHelmet
_ztdpyeahb,37,497,660,156,223,DNoHelmet
_ztdpyeahb,38,453,662,162,229,DNoHelmet
_ztdpyeahb,39,410,665,167,234,DNoHelmet
_ztdpyeahb,40,360,668,173,240,DNoHelmet
_ztdpyeahb,41,308,671,180,245,DNoHelmet
_ztdpyeahb,42,252,673,186,251,DNoHelmet
_ztdpyeahb,43,184,678,203,257,DNoHelmet
_ztdpyeahb,44,115,683,221,262,DNoHelmet
_ztdpyeahb,45,43,683,230,274,DNoHelmet
_ztdpyeahb,46,0,687,209,278,DNoHelmet
_g76xrpvas,6,1817,576,68,114,DHelmetP1Helmet
_g76xrpvas,7,1800,577,69,116,DHelmetP1Helmet
_g76xrpvas,8,1783,578,70,117,DHelmetP1Helmet
_g76xrpvas,9,1763,579,71,119,DHelmetP1Helmet
_g76xrpvas,10,1744,580,72,120,DHelmetP1Helmet
_g76xrpvas,11,1724,581,73,121,DHelmetP1Helmet
_g76xrpvas,12,1708,582,74,123,DHelmetP1Helmet
_g76xrpvas,13,1691,583,76,125,DHelmetP1Helmet
_g76xrpvas,14,1675,584,77,127,DHelmetP1Helmet
_g76xrpvas,15,1658,585,79,129,DHelmetP1Helmet
_g76xrpvas,16,1639,587,80,129,DHelmetP1Helmet
_g76xrpvas,17,1620,589,82,129,DHelmetP1Helmet
_g76xrpvas,18,1601,591,83,129,DHelmetP1Helmet
_g76xrpvas,19,1582,593,84,129,DHelmetP1Helmet
_g76xrpvas,20,1562,594,84,132,DHelmetP1Helmet
_g76xrpvas,21,1542,595,85,134,DHelmetP1Helmet
_g76xrpvas,22,1522,596,86,137,DHelmetP1Helmet
_g76xrpvas,23,1502,597,86,139,DHelmetP1Helmet
_g76xrpvas,24,1481,598,89,143,DHelmetP1Helmet
_g76xrpvas,25,1461,600,91,145,DHelmetP1Helmet
_g76xrpvas,26,1440,601,93,149,DHelmetP1Helmet
_g76xrpvas,27,1417,601,95,152,DHelmetP1Helmet
_g76xrpvas,28,1394,601,96,155,DHelmetP1Helmet
_g76xrpvas,29,1371,604,97,157,DHelmetP1Helmet
_g76xrpvas,30,1347,605,99,160,DHelmetP1Helmet
_g76xrpvas,31,1324,606,99,163,DHelmetP1Helmet
_g76xrpvas,32,1300,607,101,165,DHelmetP1Helmet
_g76xrpvas,33,1270,608,104,170,DHelmetP1Helmet
_g76xrpvas,34,1241,610,106,173,DHelmetP1Helmet
_g76xrpvas,35,1211,611,109,177,DHelmetP1Helmet
_g76xrpvas,36,1178,613,115,182,DHelmetP1Helmet
_g76xrpvas,37,1146,615,120,187,DHelmetP1Helmet
_g76xrpvas,38,1113,617,123,190,DHelmetP1Helmet
_g76xrpvas,39,1079,618,127,194,DHelmetP1Helmet
_g76xrpvas,40,1037,620,133,200,DHelmetP1Helmet
_g76xrpvas,41,995,622,140,206,DHelmetP1Helmet
_g76xrpvas,42,946,624,145,212,DHelmetP1Helmet
_g76xrpvas,43,896,626,151,219,DHelmetP1Helmet
_g76xrpvas,44,847,628,156,226,DHelmetP1Helmet
_g76xrpvas,45,798,630,161,233,DHelmetP1Helmet
_g76xrpvas,46,737,635,172,237,DHelmetP1Helmet
_g76xrpvas,47,675,639,177,245,DHelmetP1Helmet
_g76xrpvas,48,605,642,191,253,DHelmetP1Helmet
_g76xrpvas,49,535,645,204,262,DHelmetP1Helmet
_g76xrpvas,50,456,648,214,271,DHelmetP1Helmet
_g76xrpvas,51,375,651,225,280,DHelmetP1Helmet
_g76xrpvas,52,282,655,240,293,DHelmetP1Helmet
_g76xrpvas,53,188,660,256,305,DHelmetP1Helmet
_g76xrpvas,54,83,663,271,317,DHelmetP1Helmet
_g76xrpvas,55,0,667,262,329,DHelmetP1Helmet
_g76xrpvas,56,0,667,170,318,DHelmetP1Helmet
_d5lzelm8b,23,1868,578,52,103,DNoHelmet
_d5lzelm8b,24,1857,578,57,107,DNoHelmet
_d5lzelm8b,25,1841,579,58,110,DNoHelmet
_d5lzelm8b,26,1824,581,60,111,DNoHelmet
_d5lzelm8b,27,1808,582,61,114,DNoHelmet
_d5lzelm8b,28,1791,584,63,115,DNoHelmet
_d5lzelm8b,29,1775,585,64,118,DNoHelmet
_d5lzelm8b,30,1754,587,65,120,DNoHelmet
_d5lzelm8b,31,1732,588,67,122,DNoHelmet
_d5lzelm8b,32,1709,590,69,125,DNoHelmet
_d5lzelm8b,33,1685,591,72,128,DNoHelmet
_d5lzelm8b,34,1662,593,74,131,DNoHelmet
_d5lzelm8b,35,1639,594,76,134,DNoHelmet
_d5lzelm8b,36,1615,596,79,137,DNoHelmet
_d5lzelm8b,37,1583,597,81,140,DNoHelmet
_d5lzelm8b,38,1557,597,82,146,DNoHelmet
_d5lzelm8b,39,1526,598,85,151,DNoHelmet
_d5lzelm8b,40,1493,601,86,156,DNoHelmet
_d5lzelm8b,41,1459,605,88,161,DNoHelmet
_d5lzelm8b,42,1426,606,90,167,DNoHelmet
_d5lzelm8b,43,1384,608,92,172,DNoHelmet
_d5lzelm8b,44,1343,610,93,177,DNoHelmet
_d5lzelm8b,45,1294,612,99,184,DNoHelmet
_d5lzelm8b,46,1245,613,105,192,DNoHelmet
_d5lzelm8b,47,1193,615,111,199,DNoHelmet
_d5lzelm8b,48,1133,622,118,206,DNoHelmet
_d5lzelm8b,49,1070,624,123,214,DNoHelmet
_d5lzelm8b,50,998,628,136,225,DNoHelmet
_d5lzelm8b,51,917,631,148,236,DNoHelmet
_d5lzelm8b,52,830,636,160,247,DNoHelmet
_d5lzelm8b,53,726,639,175,264,DNoHelmet
_d5lzelm8b,54,622,642,190,281,DNoHelmet
_d5lzelm8b,55,497,649,220,298,DNoHelmet
_d5lzelm8b,56,349,657,250,315,DNoHelmet
_d5lzelm8b,57,182,663,282,341,DNoHelmet
_d5lzelm8b,58,3,670,314,367,DNoHelmet
_w3o1xxrvi,32,1848,575,61,107,DHelmet
_w3o1xxrvi,33,1840,580,56,104,DHelmet
_w3o1xxrvi,34,1823,580,58,107,DHelmet
_w3o1xxrvi,35,1806,581,59,109,DHelmet
_w3o1xxrvi,36,1789,582,61,110,DHelmet
_w3o1xxrvi,37,1772,583,63,112,DHelmet
_w3o1xxrvi,38,1752,584,64,115,DHelmet
_w3o1xxrvi,39,1733,586,64,117,DHelmet
_w3o1xxrvi,40,1714,588,64,119,DHelmet
_w3o1xxrvi,41,1694,589,65,122,DHelmet
_w3o1xxrvi,42,1671,590,66,124,DHelmet
_w3o1xxrvi,43,1647,590,68,127,DHelmet
_w3o1xxrvi,44,1624,591,69,130,DHelmet
_w3o1xxrvi,45,1600,594,70,132,DHelmet
_w3o1xxrvi,46,1576,597,71,134,DHelmet
_w3o1xxrvi,47,1548,599,75,137,DHelmet
_w3o1xxrvi,48,1521,600,78,141,DHelmet
_w3o1xxrvi,49,1490,601,81,145,DHelmet
_w3o1xxrvi,50,1458,603,85,149,DHelmet
_w3o1xxrvi,51,1423,604,88,153,DHelmet
_w3o1xxrvi,52,1394,604,89,158,DHelmet
_w3o1xxrvi,53,1358,606,90,162,DHelmet
_w3o1xxrvi,54,1322,607,91,168,DHelmet
_w3o1xxrvi,55,1280,612,93,173,DHelmet
_w3o1xxrvi,56,1237,614,95,178,DHelmet
_w3o1xxrvi,57,1194,616,96,183,DHelmet
_w3o1xxrvi,58,1144,619,104,189,DHelmet
_w3o1xxrvi,59,1093,622,113,194,DHelmet
_w3o1xxrvi,60,1042,624,121,200,DHelmet
_w3o1xxrvi,61,982,628,128,207,DHelmet
_w3o1xxrvi,62,921,632,135,213,DHelmet
_w3o1xxrvi,63,860,635,143,221,DHelmet
_w3o1xxrvi,64,782,639,155,230,DHelmet
_w3o1xxrvi,65,704,643,166,239,DHelmet
_w3o1xxrvi,66,626,646,178,248,DHelmet
_w3o1xxrvi,67,547,650,190,257,DHelmet
_w3o1xxrvi,68,450,654,214,273,DHelmet
_w3o1xxrvi,69,348,659,228,283,DHelmet
_w3o1xxrvi,70,232,664,249,299,DHelmet
_w3o1xxrvi,71,106,668,269,313,DHelmet
_w3o1xxrvi,72,39,671,240,295,DHelmet
_kv9qx2dvc,51,0,698,393,382,DNoHelmet
_kv9qx2dvc,52,269,680,392,400,DNoHelmet
_kv9qx2dvc,53,556,664,317,392,DNoHelmet
_kv9qx2dvc,54,785,654,265,355,DNoHelmet
_kv9qx2dvc,55,967,643,226,326,DNoHelmet
_kv9qx2dvc,56,1120,634,198,305,DNoHelmet
_kv9qx2dvc,57,1250,624,171,285,DNoHelmet
_kv9qx2dvc,58,1359,620,158,265,DNoHelmet
_kv9qx2dvc,59,1452,616,146,246,DNoHelmet
_kv9qx2dvc,60,1535,612,133,233,DNoHelmet
_kv9qx2dvc,61,1606,607,126,222,DNoHelmet
_kv9qx2dvc,62,1668,602,119,210,DNoHelmet
_kv9qx2dvc,63,1723,600,115,199,DNoHelmet
_kv9qx2dvc,64,1772,598,108,192,DNoHelmet
_kv9qx2dvc,65,1817,594,102,187,DNoHelmet
_qwnfwca2n,73,47,688,392,392,DHelmetP0NoHelmetP1NoHelmetP2Helmet
_qwnfwca2n,74,231,675,364,405,DHelmetP0NoHelmetP1NoHelmetP2Helmet
_qwnfwca2n,75,406,669,322,362,DHelmetP0NoHelmetP1NoHelmetP2Helmet
_qwnfwca2n,76,551,661,293,340,DHelmetP0NoHelmetP1NoHelmetP2Helmet
_qwnfwca2n,77,680,651,269,320,DHelmetP0NoHelmetP1NoHelmetP2Helmet
_qwnfwca2n,78,795,650,244,299,DHelmetP0NoHelmetP1NoHelmetP2Helmet
_qwnfwca2n,79,894,644,228,285,DHelmetP0NoHelmetP1NoHelmetP2Helmet
_qwnfwca2n,80,985,637,212,271,DHelmetP0NoHelmetP1NoHelmetP2Helmet
_qwnfwca2n,81,1058,633,202,260,DHelmetP0NoHelmetP1NoHelmetP2Helmet
_qwnfwca2n,82,1132,629,191,249,DHelmetP0NoHelmetP1NoHelmetP2Helmet
_qwnfwca2n,83,1197,624,180,239,DHelmetP0NoHelmetP1NoHelmetP2Helmet
_qwnfwca2n,84,1255,622,174,230,DHelmetP0NoHelmetP1NoHelmetP2Helmet
_qwnfwca2n,85,1307,619,167,223,DHelmetP0NoHelmetP1NoHelmetP2Helmet
_qwnfwca2n,86,1359,616,160,216,DHelmetP0NoHelmetP1NoHelmetP2Helmet
_qwnfwca2n,87,1400,614,153,207,DHelmetP0NoHelmetP1NoHelmetP2Helmet
_qwnfwca2n,88,1446,611,145,200,DHelmetP0NoHelmetP1NoHelmetP2Helmet
_qwnfwca2n,89,1481,608,142,195,DHelmetP0NoHelmetP1NoHelmetP2Helmet
_qwnfwca2n,90,1518,607,138,191,DHelmetP0NoHelmetP1NoHelmetP2Helmet
_qwnfwca2n,91,1549,604,135,187,DHelmetP0NoHelmetP1NoHelmetP2Helmet
_qwnfwca2n,92,1581,602,131,182,DHelmetP0NoHelmetP1NoHelmetP2Helmet
_qwnfwca2n,93,1605,600,128,177,DHelmetP0NoHelmetP1NoHelmetP2Helmet
_qwnfwca2n,94,1634,596,125,173,DHelmetP0NoHelmetP1NoHelmetP2Helmet
_qwnfwca2n,95,1658,595,121,169,DHelmetP0NoHelmetP1NoHelmetP2Helmet
_qwnfwca2n,96,1682,594,116,165,DHelmetP0NoHelmetP1NoHelmetP2Helmet
_qwnfwca2n,97,1706,593,111,162,DHelmetP0NoHelmetP1NoHelmetP2Helmet
_qwnfwca2n,98,1727,592,107,159,DHelmetP0NoHelmetP1NoHelmetP2Helmet
_qwnfwca2n,99,1749,591,102,155,DHelmetP0NoHelmetP1NoHelmetP2Helmet
_qwnfwca2n,100,1768,588,97,153,DHelmetP0NoHelmetP1NoHelmetP2Helmet
