track_id,frame_id,x,y,w,h,label
_ba2016fbn,44,1614,685,277,304,DNoHelmetP1NoHelmetP2NoHelmet
_ba2016fbn,45,1536,678,262,292,DNoHelmetP1NoHelmetP2NoHelmet
_ba2016fbn,46,1463,671,246,281,DNoHelmetP1NoHelmetP2NoHelmet
_ba2016fbn,47,1391,664,232,272,DNoHelmetP1NoHelmetP2NoHelmet
_ba2016fbn,48,1324,657,220,263,DNoHelmetP1NoHelmetP2NoHelmet
_ba2016fbn,49,1263,651,206,255,DNoHelmetP1NoHelmetP2NoHelmet
_ba2016fbn,50,1207,645,193,247,DNoHelmetP1NoHelmetP2NoHelmet
_ba2016fbn,51,1151,639,187,241,DNoHelmetP1NoHelmetP2NoHelmet
_ba2016fbn,52,1096,634,179,233,DNoHelmetP1NoHelmetP2NoHelmet
_ba2016fbn,53,1048,630,172,226,DNoHelmetP1NoHelmetP2NoHelmet
_ba2016fbn,54,1000,625,166,220,DNoHelmetP1NoHelmetP2NoHelmet
_ba2016fbn,55,954,622,161,213,DNoHelmetP1NoHelmetP2NoHelmet
_ba2016fbn,56,909,618,156,208,DNoHelmetP1NoHelmetP2NoHelmet
_ba2016fbn,57,865,614,152,203,DNoHelmetP1NoHelmetP2NoHelmet
_ba2016fbn,58,824,610,149,197,DNoHelmetP1NoHelmetP2NoHelmet
_ba2016fbn,59,786,606,143,192,DNoHelmetP1NoHelmetP2NoHelmet
_ba2016fbn,60,749,604,138,186,DNoHelmetP1NoHelmetP2NoHelmet
_ba2016fbn,61,713,602,133,180,DNoHelmetP1NoHelmetP2NoHelmet
_ba2016fbn,62,677,600,129,176,DNoHelmetP1NoHelmetP2NoHelmet
_ba2016fbn,63,642,599,124,171,DNoHelmetP1NoHelmetP2NoHelmet
_ba2016fbn,64,613,596,121,168,DNoHelmetP1NoHelmetP2NoHelmet
_ba2016fbn,65,584,593,117,166,DNoHelmetP1NoHelmetP2NoHelmet
_ba2016fbn,66,552,588,114,164,DNoHelmetP1NoHelmetP2NoHelmet
_ba2016fbn,67,523,586,110,162,DNoHelmetP1NoHelmetP2NoHelmet
_ba2016fbn,68,493,583,107,159,DNoHelmetP1NoHelmetP2NoHelmet
_ba2016fbn,69,466,580,104,157,DNoHelmetP1NoHelmetP2NoHelmet
_ba2016fbn,70,443,576,100,155,DNoHelmetP1NoHelmetP2NoHelmet
_ba2016fbn,71,416,573,98,154,DNoHelmetP1NoHelmetP2NoHelmet
_ba2016fbn,72,393,569,96,154,DNoHelmetP1NoHelmetP2NoHelmet
_ba2016fbn,73,370,566,94,152,DNoHelmetP1NoHelmetP2NoHelmet
_ba2016fbn,74,347,565,92,149,DNoHelmetP1NoHelmetP2NoHelmet
_ba2016fbn,75,325,564,89,146,DNoHelmetP1NoHelmetP2NoHelmet
_ba2016fbn,76,302,564,87,142,DNoHelmetP1NoHelmetP2NoHelmet
_ba2016fbn,77,284,563,84,138,DNoHelmetP1NoHelmetP2NoHelmet
_ba2016fbn,78,265,562,82,135,DNoHelmetP1NoHelmetP2NoHelmet
_ba2016fbn,79,246,560,82,133,DNoHelmetP1NoHelmetP2NoHelmet
_ba2016fbn,80,228,557,80,133,DNoHelmetP1NoHelmetP2NoHelmet
_ba2016fbn,81,209,555,80,131,DNoHelmetP1NoHelmetP2NoHelmet
_ba2016fbn,82,190,553,80,130,DNoHelmetP1NoHelmetP2NoHelmet
_ba2016fbn,83,172,551,78,128,DNoHelmetP1NoHelmetP2NoHelmet
_ba2016fbn,84,157,550,78,126,DNoHelmetP1NoHelmetP2NoHelmet
_ba2016fbn,85,143,549,77,125,DNoHelmetP1NoHelmetP2NoHelmet
_ba2016fbn,86,128,547,77,124,DNoHelmetP1NoHelmetP2NoHelmet
_ba2016fbn,87,114,546,75,122,DNoHelmetP1NoHelmetP2NoHelmet
_ba2016fbn,88,99,545,75,120,DNoHelmetP1NoHelmetP2NoHelmet
_ba2016fbn,89,85,544,74,119,DNoHelmetP1NoHelmetP2NoHelmet
_ba2016fbn,90,71,542,74,118,DNoHelmetP1NoHelmetP2NoHelmet
_ba2016fbn,91,58,541,73,116,DNoHelmetP1NoHelmetP2NoHelmet
_ba2016fbn,92,45,540,72,115,DNoHelmetP1NoHelmetP2NoHelmet
_ba2016fbn,93,32,539,71,113,DNoHelmetP1NoHelmetP2NoHelmet
_ba2016fbn,94,20,537,71,110,DNoHelmetP1NoHelmetP2NoHelmet
_ba2016fbn,95,5,535,74,110,DNoHelmetP1NoHelmetP2NoHelmet
_ba2016fbn,96,0,535,68,110,DNoHelmetP1NoHelmetP2NoHelmet
