track_id,frame_id,x,y,w,h,label
_afehdt1hs,1,1143,645,213,299,DHelmet
_afehdt1hs,2,1094,639,197,290,DHelmet
_afehdt1hs,3,1044,633,183,281,DHelmet
_afehdt1hs,4,990,625,181,274,DHelmet
_afehdt1hs,5,953,622,170,265,DHelmet
_afehdt1hs,6,915,618,159,257,DHelmet
_afehdt1hs,7,878,615,148,248,DHelmet
_afehdt1hs,8,843,611,145,242,DHelmet
_afehdt1hs,9,809,606,142,237,DHelmet
_afehdt1hs,10,776,603,138,231,DHelmet
_afehdt1hs,11,743,599,135,225,DHelmet
_afehdt1hs,12,716,596,132,220,DHelmet
_afehdt1hs,13,689,594,129,214,DHelmet
_afehdt1hs,14,659,591,128,211,DHelmet
_afehdt1hs,15,629,588,127,207,DHelmet
_afehdt1hs,16,602,586,126,203,DHelmet
_afehdt1hs,17,576,583,123,199,DHelmet
_afehdt1hs,18,550,579,120,195,DHelmet
_afehdt1hs,19,524,575,117,192,DHelmet
_afehdt1hs,20,502,575,114,188,DHelmet
_afehdt1hs,21,481,574,111,184,DHelmet
_afehdt1hs,22,448,572,117,180,DHelmet
_afehdt1hs,23,424,570,109,176,DHelmet
_afehdt1hs,24,400,568,108,171,DHelmet
_afehdt1hs,25,375,565,104,168,DHelmet
_afehdt1hs,26,356,564,100,166,DHelmet
_afehdt1hs,27,334,562,97,164,DHelmet
_afehdt1hs,28,312,560,100,161,DHelmet
_afehdt1hs,29,290,558,99,159,DHelmet
_afehdt1hs,30,268,556,93,156,DHelmet
_afehdt1hs,31,253,555,91,154,DHelmet
_afehdt1hs,32,238,554,89,152,DHelmet
_afehdt1hs,33,222,552,88,150,DHelmet
_afehdt1hs,34,207,551,86,148,DHelmet
_afehdt1hs,35,192,550,84,146,DHelmet
_afehdt1hs,36,177,548,83,143,DHelmet
_afehdt1hs,37,163,546,80,140,DHelmet
_afehdt1hs,38,152,544,79,139,DHelmet
_afehdt1hs,39,142,543,77,136,DHelmet
_afehdt1hs,40,131,542,75,133,DHelmet
_afehdt1hs,41,121,540,73,132,DHelmet
_afehdt1hs,42,110,539,71,129,DHelmet
_afehdt1hs,43,99,538,70,126,DHelmet
_afehdt1hs,44,89,536,68,125,DHelmet
_afehdt1hs,45,79,535,66,123,DHelmet
_afehdt1hs,46,69,534,65,122,DHelmet
_afehdt1hs,47,59,534,64,120,DHelmet
_afehdt1hs,48,49,533,62,118,DHelmet
_afehdt1hs,49,39,532,61,117,DHelmet
_afehdt1hs,50,28,531,60,115,DHelmet
_afehdt1hs,51,18,530,59,114,DHelmet
_afehdt1hs,52,6,527,59,114,DHelmet
_ve7zq5s12,1,746,607,134,219,DHelmetP1Helmet
_ve7zq5s12,2,719,604,131,216,DHelmetP1Helmet
_ve7zq5s12,3,691,601,130,212,DHelmetP1Helmet
_ve7zq5s12,4,664,599,127,207,DHelmetP1Helmet
_ve7zq5s12,5,637,596,124,204,DHelmetP1Helmet
_ve7zq5s12,6,610,593,122,200,DHelmetP1Helmet
_ve7zq5s12,7,582,591,120,195,DHelmetP1Helmet
_ve7zq5s12,8,555,588,117,192,DHelmetP1Helmet
_ve7zq5s12,9,528,585,115,188,DHelmetP1Helmet
_ve7zq5s12,10,499,583,116,186,DHelmetP1Helmet
_ve7zq5s12,11,479,581,113,180,DHelmetP1Helmet
_ve7zq5s12,12,454,578,111,178,DHelmetP1Helmet
_ve7zq5s12,13,434,573,108,176,DHelmetP1Helmet
_ve7zq5s12,14,401,571,106,174,DHelmetP1Helmet
_ve7zq5s12,15,372,570,103,172,DHelmetP1Helmet
_ve7zq5s12,16,352,569,101,170,DHelmetP1Helmet
_ve7zq5s12,17,335,567,98,168,DHelmetP1Helmet
_ve7zq5s12,18,314,565,95,166,DHelmetP1Helmet
_ve7zq5s12,19,298,562,93,164,DHelmetP1Helmet
_ve7zq5s12,20,282,560,90,161,DHelmetP1Helmet
_ve7zq5s12,21,264,558,89,160,DHelmetP1Helmet
_ve7zq5s12,22,247,557,86,157,DHelmetP1Helmet
_ve7zq5s12,23,234,555,83,155,DHelmetP1Helmet
_ve7zq5s12,24,221,553,81,153,DHelmetP1Helmet
_ve7zq5s12,25,209,552,78,151,DHelmetP1Helmet
_ve7zq5s12,26,198,550,75,149,DHelmetP1Helmet
_ve7zq5s12,27,189,549,74,147,DHelmetP1Helmet
_ve7zq5s12,28,180,548,74,145,DHelmetP1Helmet
_ve7zq5s12,29,171,547,73,143,DHelmetP1Helmet
_ve7zq5s12,30,163,546,71,141,DHelmetP1Helmet
_ve7zq5s12,31,154,545,70,139,DHelmetP1Helmet
_ve7zq5s12,32,145,545,69,136,DHelmetP1Helmet
_ve7zq5s12,33,136,544,68,134,DHelmetP1Helmet
_ve7zq5s12,34,128,543,67,132,DHelmetP1Helmet
_ve7zq5s12,35,119,542,66,130,DHelmetP1Helmet
_ve7zq5s12,36,110,541,65,128,DHelmetP1Helmet
_ve7zq5s12,37,101,540,64,126,DHelmetP1Helmet
_ve7zq5s12,38,93,539,62,124,DHelmetP1Helmet
_ve7zq5s12,39,84,538,61,122,DHelmetP1Helmet
_ve7zq5s12,40,75,537,61,120,DHelmetP1Helmet
_ve7zq5s12,41,67,536,59,118,DHelmetP1Helmet
_ve7zq5s12,42,58,536,58,115,DHelmetP1Helmet
_ve7zq5s12,43,49,535,57,114,DHelmetP1Helmet
_ve7zq5s12,44,42,532,57,114,DHelmetP1Helmet
_ve7zq5s12,45,35,530,57,114,DHelmetP1Helmet
_ve7zq5s12,46,25,528,57,114,DHelmetP1Helmet
_ve7zq5s12,47,14,527,57,113,DHelmetP1Helmet
_pcstz7dv5,1,585,576,194,172,DNoHelmet
_pcstz7dv5,2,575,575,188,171,DNoHelmet
_pcstz7dv5,3,565,574,182,169,DNoHelmet
_pcstz7dv5,4,556,573,175,167,DNoHelmet
_pcstz7dv5,5,546,572,169,166,DNoHelmet
_pcstz7dv5,6,539,571,159,164,DNoHelmet
_pcstz7dv5,7,533,569,149,164,DNoHelmet
_pcstz7dv5,8,522,568,144,166,DNoHelmet
_pcstz7dv5,9,515,566,135,164,DNoHelmet
_pcstz7dv5,10,498,565,136,167,DNoHelmet
_pcstz7dv5,11,481,563,137,172,DNoHelmet
_pcstz7dv5,12,464,561,138,176,DNoHelmet
_pcstz7dv5,13,457,560,133,174,DNoHelmet
_pcstz7dv5,14,450,559,127,173,DNoHelmet
_pcstz7dv5,15,444,558,121,171,DNoHelmet
_pcstz7dv5,16,437,557,116,170,DNoHelmet
_pcstz7dv5,17,431,556,109,168,DNoHelmet
_pcstz7dv5,18,424,555,104,166,DNoHelmet
_pcstz7dv5,19,414,554,101,165,DNoHelmet
_pcstz7dv5,20,404,553,99,163,DNoHelmet
_pcstz7dv5,21,396,552,97,161,DNoHelmet
_pcstz7dv5,22,387,552,95,159,DNoHelmet
_pcstz7dv5,23,378,551,94,157,DNoHelmet
_pcstz7dv5,24,369,550,92,156,DNoHelmet
_pcstz7dv5,25,360,550,91,154,DNoHelmet
_pcstz7dv5,26,351,549,90,152,DNoHelmet
_pcstz7dv5,27,343,548,87,151,DNoHelmet
_pcstz7dv5,28,334,547,86,149,DNoHelmet
_pcstz7dv5,29,325,547,85,147,DNoHelmet
_pcstz7dv5,30,316,546,83,145,DNoHelmet
_pcstz7dv5,31,307,545,82,144,DNoHelmet
_pcstz7dv5,32,298,545,81,141,DNoHelmet
_pcstz7dv5,33,290,544,78,140,DNoHelmet
_pcstz7dv5,34,278,543,77,138,DNoHelmet
_pcstz7dv5,35,267,542,76,137,DNoHelmet
_pcstz7dv5,36,256,540,74,136,DNoHelmet
_pcstz7dv5,37,245,539,72,135,DNoHelmet
_pcstz7dv5,38,234,538,71,133,DNoHelmet
_pcstz7dv5,39,222,537,70,132,DNoHelmet
_pcstz7dv5,40,211,536,68,130,DNoHelmet
_pcstz7dv5,41,200,534,66,130,DNoHelmet
_pcstz7dv5,42,189,533,65,128,DNoHelmet
_pcstz7dv5,43,178,532,63,127,DNoHelmet
_pcstz7dv5,44,166,531,62,126,DNoHelmet
_pcstz7dv5,45,155,530,60,124,DNoHelmet
_pcstz7dv5,46,144,529,59,123,DNoHelmet
_93nglojka,1,450,579,119,189,DHelmet
_93nglojka,2,432,577,116,186,DHelmet
_93nglojka,3,413,575,115,184,DHelmet
_93nglojka,4,394,573,114,181,DHelmet
_93nglojka,5,375,571,112,178,DHelmet
_93nglojka,6,357,569,110,176,DHelmet
_93nglojka,7,338,567,108,173,DHelmet
_93nglojka,8,319,565,107,170,DHelmet
_93nglojka,9,300,563,106,168,DHelmet
_93nglojka,10,282,561,103,165,DHelmet
_93nglojka,11,265,560,102,162,DHelmet
_93nglojka,12,249,558,100,160,DHelmet
_93nglojka,13,233,556,99,159,DHelmet
_93nglojka,14,218,555,97,156,DHelmet
_93nglojka,15,204,553,95,154,DHelmet
_93nglojka,16,189,552,94,151,DHelmet
_93nglojka,17,175,550,92,149,DHelmet
_93nglojka,18,165,548,89,147,DHelmet
_93nglojka,19,155,547,86,145,DHelmet
_93nglojka,20,145,545,82,143,DHelmet
_93nglojka,21,135,544,79,141,DHelmet
_93nglojka,22,125,542,76,139,DHelmet
_93nglojka,23,115,541,72,137,DHelmet
_93nglojka,24,106,538,72,137,DHelmet
_93nglojka,25,93,535,73,136,DHelmet
_93nglojka,26,83,534,72,135,DHelmet
_93nglojka,27,72,534,72,132,DHelmet
_93nglojka,28,61,534,73,129,DHelmet
_93nglojka,29,51,533,72,128,DHelmet
_93nglojka,30,40,533,72,125,DHelmet
_93nglojka,31,29,533,73,122,DHelmet
_93nglojka,32,18,532,73,120,DHelmet
_93nglojka,33,8,532,72,118,DHelmet
_93nglojka,34,0,532,69,115,DHelmet
_3jc745wkz,1,264,550,93,166,DNoHelmetP1Helmet
_3jc745wkz,2,252,549,92,163,DNoHelmetP1Helmet
_3jc745wkz,3,240,548,91,161,DNoHelmetP1Helmet
_3jc745wkz,4,229,547,89,158,DNoHelmetP1Helmet
_3jc745wkz,5,217,546,88,156,DNoHelmetP1Helmet
_3jc745wkz,6,206,545,86,153,DNoHelmetP1Helmet
_3jc745wkz,7,194,543,85,152,DNoHelmetP1Helmet
_3jc745wkz,8,182,542,84,149,DNoHelmetP1Helmet
_3jc745wkz,9,171,541,81,147,DNoHelmetP1Helmet
_3jc745wkz,10,159,540,80,144,DNoHelmetP1Helmet
_3jc745wkz,11,148,539,78,142,DNoHelmetP1Helmet
_3jc745wkz,12,136,538,77,139,DNoHelmetP1Helmet
_3jc745wkz,13,124,537,76,137,DNoHelmetP1Helmet
_3jc745wkz,14,113,536,74,134,DNoHelmetP1Helmet
_3jc745wkz,15,101,535,73,132,DNoHelmetP1Helmet
_3jc745wkz,16,92,533,71,131,DNoHelmetP1Helmet
_3jc745wkz,17,83,532,68,129,DNoHelmetP1Helmet
_3jc745wkz,18,73,531,67,126,DNoHelmetP1Helmet
_3jc745wkz,19,64,530,65,124,DNoHelmetP1Helmet
_acv596hy9,1,97,532,64,113,DHelmet
_acv596hy9,2,86,531,65,113,DHelmet
_acv596hy9,3,76,530,65,112,DHelmet
_acv596hy9,4,66,529,65,111,DHelmet
_acv596hy9,5,56,528,64,110,DHelmet
_acv596hy9,6,45,527,65,109,DHelmet
_acv596hy9,7,35,527,65,107,DHelmet
_acv596hy9,8,25,526,65,106,DHelmet
_acv596hy9,9,15,525,65,105,DHelmet
_acv596hy9,10,5,524,64,105,DHelmet
_acv596hy9,11,0,522,60,105,DHelmet
_acv596hy9,12,0,520,51,106,DHelmet
_6yao7xnt4,2,0,580,91,203,DNoHelmetP1NoHelmet
_6yao7xnt4,3,9,584,103,211,DNoHelmetP1NoHelmet
_6yao7xnt4,4,19,588,114,219,DNoHelmetP1NoHelmet
_6yao7xnt4,5,39,592,120,225,DNoHelmetP1NoHelmet
_6yao7xnt4,6,61,596,124,231,DNoHelmetP1NoHelmet
_6yao7xnt4,7,88,605,131,242,DNoHelmetP1NoHelmet
_6yao7xnt4,8,114,603,132,254,DNoHelmetP1NoHelmet
_6yao7xnt4,9,144,609,140,265,DNoHelmetP1NoHelmet
_6yao7xnt4,10,174,617,148,277,DNoHelmetP1NoHelmet
_6yao7xnt4,11,214,625,156,287,DNoHelmetP1NoHelmet
_6yao7xnt4,12,259,628,162,304,DNoHelmetP1NoHelmet
_6yao7xnt4,13,300,635,169,319,DNoHelmetP1NoHelmet
_6yao7xnt4,14,354,645,175,335,DNoHelmetP1NoHelmet
_6yao7xnt4,15,410,655,198,356,DNoHelmetP1NoHelmet
_6yao7xnt4,16,473,666,216,376,DNoHelmetP1NoHelmet
_6yao7xnt4,17,547,683,239,394,DNoHelmetP1NoHelmet
_6yao7xnt4,18,630,697,262,383,DNoHelmetP1NoHelmet
_6yao7xnt4,19,721,716,296,364,DNoHelmetP1NoHelmet
_6yao7xnt4,20,828,734,311,346,DNoHelmetP1NoHelmet
_6yao7xnt4,21,953,751,312,329,DNoHelmetP1NoHelmet
_6yao7xnt4,22,1091,779,349,301,DNoHelmetP1NoHelmet
_6yao7xnt4,23,1279,795,358,285,DNoHelmetP1NoHelmet
_2fu13dpbb,1,198,582,103,194,DNoHelmetP1NoHelmetP2NoHelmet
_2fu13dpbb,2,214,584,106,196,DNoHelmetP1NoHelmetP2NoHelmet
_2fu13dpbb,3,230,586,109,198,DNoHelmetP1NoHelmetP2NoHelmet
_2fu13dpbb,4,246,587,112,201,DNoHelmetP1NoHelmetP2NoHelmet
_2fu13dpbb,5,263,589,114,203,DNoHelmetP1NoHelmetP2NoHelmet
_2fu13dpbb,6,279,591,117,205,DNoHelmetP1NoHelmetP2NoHelmet
_2fu13dpbb,7,295,593,120,208,DNoHelmetP1NoHelmetP2NoHelmet
_2fu13dpbb,8,312,595,123,210,DNoHelmetP1NoHelmetP2NoHelmet
_2fu13dpbb,9,328,596,126,213,DNoHelmetP1NoHelmetP2NoHelmet
_2fu13dpbb,10,344,598,129,215,DNoHelmetP1NoHelmetP2NoHelmet
_2fu13dpbb,11,364,600,126,220,DNoHelmetP1NoHelmetP2NoHelmet
_2fu13dpbb,12,385,603,122,224,DNoHelmetP1NoHelmetP2NoHelmet
_2fu13dpbb,13,405,605,122,230,DNoHelmetP1NoHelmetP2NoHelmet
_2fu13dpbb,14,425,607,122,235,DNoHelmetP1NoHelmetP2NoHelmet
_2fu13dpbb,15,442,605,125,240,DNoHelmetP1NoHelmetP2NoHelmet
_2fu13dpbb,16,458,602,129,246,DNoHelmetP1NoHelmetP2NoHelmet
_2fu13dpbb,17,474,606,134,245,DNoHelmetP1NoHelmetP2NoHelmet
_2fu13dpbb,18,494,609,136,250,DNoHelmetP1NoHelmetP2NoHelmet
_2fu13dpbb,19,515,612,138,255,DNoHelmetP1NoHelmetP2NoHelmet
_2fu13dpbb,20,535,615,141,256,DNoHelmetP1NoHelmetP2NoHelmet
_2fu13dpbb,21,554,618,146,261,DNoHelmetP1NoHelmetP2NoHelmet
_2fu13dpbb,22,573,620,150,268,DNoHelmetP1NoHelmetP2NoHelmet
_2fu13dpbb,23,593,623,155,273,DNoHelmetP1NoHelmetP2NoHelmet
_2fu13dpbb,24,614,625,159,279,DNoHelmetP1NoHelmetP2NoHelmet
_2fu13dpbb,25,637,629,163,284,DNoHelmetP1NoHelmetP2NoHelmet
_2fu13dpbb,26,660,632,167,290,DNoHelmetP1NoHelmetP2NoHelmet
_2fu13dpbb,27,683,635,170,296,DNoHelmetP1NoHelmetP2NoHelmet
_2fu13dpbb,28,707,638,176,302,DNoHelmetP1NoHelmetP2NoHelmet
_2fu13dpbb,29,730,641,182,308,DNoHelmetP1NoHelmetP2NoHelmet
_2fu13dpbb,30,757,645,189,315,DNoHelmetP1NoHelmetP2NoHelmet
_2fu13dpbb,31,784,649,195,322,DNoHelmetP1NoHelmetP2NoHelmet
_2fu13dpbb,32,811,652,202,330,DNoHelmetP1NoHelmetP2NoHelmet
_2fu13dpbb,33,838,656,208,336,DNoHelmetP1NoHelmetP2NoHelmet
_2fu13dpbb,34,865,660,215,343,DNoHelmetP1NoHelmetP2NoHelmet
_2fu13dpbb,35,896,663,224,352,DNoHelmetP1NoHelmetP2NoHelmet
_2fu13dpbb,36,928,666,233,361,DNoHelmetP1NoHelmetP2NoHelmet
_2fu13dpbb,37,959,669,242,370,DNoHelmetP1NoHelmetP2NoHelmet
_2fu13dpbb,38,994,673,253,382,DNoHelmetP1NoHelmetP2NoHelmet
_2fu13dpbb,39,1029,678,263,390,DNoHelmetP1NoHelmetP2NoHelmet
_2fu13dpbb,40,1065,682,273,395,DNoHelmetP1NoHelmetP2NoHelmet
_2fu13dpbb,41,1105,687,291,393,DNoHelmetP1NoHelmetP2NoHelmet
_2fu13dpbb,42,1145,692,310,388,DNoHelmetP1NoHelmetP2NoHelmet
_2fu13dpbb,43,1185,697,328,383,DNoHelmetP1NoHelmetP2NoHelmet
_2fu13dpbb,44,1225,703,347,377,DNoHelmetP1NoHelmetP2NoHelmet
_2fu13dpbb,45,1272,708,365,372,DNoHelmetP1NoHelmetP2NoHelmet
_2fu13dpbb,46,1319,713,384,367,DNoHelmetP1NoHelmetP2NoHelmet
_2fu13dpbb,47,1371,719,396,361,DNoHelmetP1NoHelmetP2NoHelmet
_2fu13dpbb,48,1423,726,408,354,DNoHelmetP1NoHelmetP2NoHelmet
_2fu13dpbb,49,1467,732,429,348,DNoHelmetP1NoHelmetP2NoHelmet
_2fu13dpbb,50,1531,738,389,342,DNoHelmetP1NoHelmetP2NoHelmet
_2fu13dpbb,51,1585,744,335,336,DNoHelmetP1NoHelmetP2NoHelmet
_2fu13dpbb,52,1647,747,273,333,DNoHelmetP1NoHelmetP2NoHelmet
_7hh5thqut,12,1708,692,212,350,DHelmet
_7hh5thqut,13,1566,682,333,368,DHelmet
_7hh5thqut,14,1444,666,301,347,DHelmet
_7hh5thqut,15,1333,656,275,327,DHelmet
_7hh5thqut,16,1238,646,246,311,DHelmet
_7hh5thqut,17,1152,639,227,296,DHelmet
_7hh5thqut,18,1073,628,212,285,DHelmet
_7hh5thqut,19,1004,623,195,273,DHelmet
_7hh5thqut,20,949,616,179,261,DHelmet
_7hh5thqut,21,883,609,171,249,DHelmet
_7hh5thqut,22,833,605,163,238,DHelmet
_7hh5thqut,23,782,603,157,232,DHelmet
_7hh5thqut,24,735,597,151,227,DHelmet
_7hh5thqut,25,690,590,146,221,DHelmet
_7hh5thqut,26,654,588,140,215,DHelmet
_7hh5thqut,27,618,585,134,210,DHelmet
_7hh5thqut,28,582,582,128,204,DHelmet
_7hh5thqut,29,550,579,125,200,DHelmet
_7hh5thqut,30,518,576,123,196,DHelmet
_7hh5thqut,31,486,573,120,191,DHelmet
_7hh5thqut,32,455,570,116,187,DHelmet
_7hh5thqut,33,430,568,114,183,DHelmet
_7hh5thqut,34,405,566,111,178,DHelmet
_7hh5thqut,35,380,564,108,174,DHelmet
_7hh5thqut,36,355,562,106,169,DHelmet
_7hh5thqut,37,337,560,103,166,DHelmet
_7hh5thqut,38,319,559,101,163,DHelmet
_7hh5thqut,39,301,557,98,160,DHelmet
_7hh5thqut,40,284,556,95,157,DHelmet
_7hh5thqut,41,266,555,92,153,DHelmet
_7hh5thqut,42,248,553,90,150,DHelmet
_7hh5thqut,43,230,552,88,147,DHelmet
_7hh5thqut,44,213,550,84,144,DHelmet
_7hh5thqut,45,196,548,84,143,DHelmet
_7hh5thqut,46,180,546,84,141,DHelmet
_7hh5thqut,47,163,544,84,140,DHelmet
_7hh5thqut,48,147,542,83,139,DHelmet
_7hh5thqut,49,134,541,81,137,DHelmet
_7hh5thqut,50,121,539,79,135,DHelmet
_7hh5thqut,51,108,537,77,134,DHelmet
_7hh5thqut,52,95,536,75,132,DHelmet
_7hh5thqut,53,85,534,72,132,DHelmet
_7hh5thqut,54,75,533,70,130,DHelmet
_7hh5thqut,55,65,532,68,129,DHelmet
_7hh5thqut,56,55,531,65,127,DHelmet
_7hh5thqut,57,45,530,63,126,DHelmet
_vk6rqpohz,1,1334,599,200,167,DNoHelmet
_vk6rqpohz,2,1321,599,200,168,DNoHelmet
_vk6rqpohz,3,1308,599,200,168,DNoHelmet
_vk6rqpohz,4,1295,599,200,169,DNoHelmet
_vk6rqpohz,5,1282,600,199,169,DNoHelmet
_vk6rqpohz,6,1269,600,199,169,DNoHelmet
_vk6rqpohz,7,1256,600,199,170,DNoHelmet
_vk6rqpohz,8,1242,600,200,170,DNoHelmet
_vk6rqpohz,9,1229,600,200,171,DNoHelmet
_vk6rqpohz,10,1216,600,200,171,DNoHelmet
_vk6rqpohz,11,1203,600,200,172,DNoHelmet
_vk6rqpohz,12,1190,601,200,171,DNoHelmet
_vk6rqpohz,13,1177,601,199,172,DNoHelmet
_vk6rqpohz,14,1164,601,199,172,DNoHelmet
_vk6rqpohz,15,1151,601,199,173,DNoHelmet
_vk6rqpohz,16,1137,601,200,173,DNoHelmet
_vk6rqpohz,17,1124,601,200,174,DNoHelmet
_vk6rqpohz,18,1111,601,200,174,DNoHelmet
_vk6rqpohz,19,1098,602,200,174,DNoHelmet
_vk6rqpohz,20,1085,602,199,174,DNoHelmet
_vk6rqpohz,21,1072,602,199,175,DNoHelmet
_vk6rqpohz,22,1059,602,199,175,DNoHelmet
_vk6rqpohz,23,1048,602,200,175,DNoHelmet
_vk6rqpohz,24,1038,601,200,175,DNoHelmet
_vk6rqpohz,25,1027,601,201,175,DNoHelmet
_vk6rqpohz,26,1017,600,201,176,DNoHelmet
_vk6rqpohz,27,1007,600,201,175,DNoHelmet
_vk6rqpohz,28,996,600,202,175,DNoHelmet
_vk6rqpohz,29,986,599,202,175,DNoHelmet
_vk6rqpohz,30,975,599,203,175,DNoHelmet
_vk6rqpohz,31,967,598,201,175,DNoHelmet
_vk6rqpohz,32,958,598,200,175,DNoHelmet
_vk6rqpohz,33,947,597,201,175,DNoHelmet
_vk6rqpohz,34,935,596,204,176,DNoHelmet
_vk6rqpohz,35,923,596,207,175,DNoHelmet
_vk6rqpohz,36,911,595,209,175,DNoHelmet
_vk6rqpohz,37,902,594,209,175,DNoHelmet
_vk6rqpohz,38,893,594,208,175,DNoHelmet
_vk6rqpohz,39,883,593,209,175,DNoHelmet
_vk6rqpohz,40,877,592,206,175,DNoHelmet
_vk6rqpohz,41,870,591,203,175,DNoHelmet
_vk6rqpohz,42,864,591,200,175,DNoHelmet
_vk6rqpohz,43,858,590,201,176,DNoHelmet
_vk6rqpohz,44,852,590,203,175,DNoHelmet
_vk6rqpohz,45,846,590,205,175,DNoHelmet
_vk6rqpohz,46,840,590,206,175,DNoHelmet
_vk6rqpohz,47,836,590,206,175,DNoHelmet
_vk6rqpohz,48,832,589,205,176,DNoHelmet
_vk6rqpohz,49,827,589,206,175,DNoHelmet
_vk6rqpohz,50,823,589,205,175,DNoHelmet
_vk6rqpohz,51,818,589,205,175,DNoHelmet
_vk6rqpohz,52,814,589,205,175,DNoHelmet
_vk6rqpohz,53,809,588,205,176,DNoHelmet
_vk6rqpohz,54,805,588,205,175,DNoHelmet
_vk6rqpohz,55,801,588,204,175,DNoHelmet
_vk6rqpohz,56,796,588,204,175,DNoHelmet
_vk6rqpohz,57,792,588,204,175,DNoHelmet
_vk6rqpohz,58,787,587,204,175,DNoHelmet
_vk6rqpohz,59,783,587,204,175,DNoHelmet
_vk6rqpohz,60,778,587,204,175,DNoHelmet
_vk6rqpohz,61,774,587,204,175,DNoHelmet
_vk6rqpohz,62,770,587,203,175,DNoHelmet
_vk6rqpohz,63,765,586,203,175,DNoHelmet
_vk6rqpohz,64,761,586,203,175,DNoHelmet
_vk6rqpohz,65,756,586,203,175,DNoHelmet
_vk6rqpohz,66,752,586,203,175,DNoHelmet
_vk6rqpohz,67,747,586,203,175,DNoHelmet
_vk6rqpohz,68,743,585,203,175,DNoHelmet
_vk6rqpohz,69,738,585,203,175,DNoHelmet
_vk6rqpohz,70,735,585,202,175,DNoHelmet
_vk6rqpohz,71,732,585,202,175,DNoHelmet
_vk6rqpohz,72,729,585,201,175,DNoHelmet
_vk6rqpohz,73,725,584,201,175,DNoHelmet
_vk6rqpohz,74,722,584,200,175,DNoHelmet
_vk6rqpohz,75,719,584,200,175,DNoHelmet
_vk6rqpohz,76,715,584,200,175,DNoHelmet
_vk6rqpohz,77,713,584,200,175,DNoHelmet
_vk6rqpohz,78,711,584,199,175,DNoHelmet
_vk6rqpohz,79,709,584,199,176,DNoHelmet
_vk6rqpohz,80,706,584,200,176,DNoHelmet
_vk6rqpohz,81,704,584,200,176,DNoHelmet
_vk6rqpohz,82,702,584,199,176,DNoHelmet
_vk6rqpohz,83,699,584,199,176,DNoHelmet
_vk6rqpohz,84,696,584,199,176,DNoHelmet
_vk6rqpohz,85,692,584,200,176,DNoHelmet
_vk6rqpohz,86,689,584,200,176,DNoHelmet
_vk6rqpohz,87,686,584,200,176,DNoHelmet
_vk6rqpohz,88,683,584,200,176,DNoHelmet
_vk6rqpohz,89,680,584,200,176,DNoHelmet
_vk6rqpohz,90,677,584,200,176,DNoHelmet
_vk6rqpohz,91,674,584,200,176,DNoHelmet
_vk6rqpohz,92,669,584,200,176,DNoHelmet
_vk6rqpohz,93,665,583,200,177,DNoHelmet
_vk6rqpohz,94,660,583,200,177,DNoHelmet
_vk6rqpohz,95,656,583,199,177,DNoHelmet
_vk6rqpohz,96,651,583,200,176,DNoHelmet
_vk6rqpohz,97,646,583,200,176,DNoHelmet
_vk6rqpohz,98,642,582,200,177,DNoHelmet
_vk6rqpohz,99,637,582,200,177,DNoHelmet
_vk6rqpohz,100,633,582,199,177,DNoHelmet
_kgyms72ej,1,1307,616,187,183,DHelmetP1Helmet
_kgyms72ej,2,1339,615,182,182,DHelmetP1Helmet
_kgyms72ej,3,1372,614,177,180,DHelmetP1Helmet
_kgyms72ej,4,1404,613,172,179,DHelmetP1Helmet
_kgyms72ej,5,1437,612,166,178,DHelmetP1Helmet
_kgyms72ej,6,1467,611,161,177,DHelmetP1Helmet
_kgyms72ej,7,1497,610,156,176,DHelmetP1Helmet
_kgyms72ej,8,1527,609,150,175,DHelmetP1Helmet
_kgyms72ej,9,1552,608,148,173,DHelmetP1Helmet
_kgyms72ej,10,1578,607,144,172,DHelmetP1Helmet
_kgyms72ej,11,1603,606,141,170,DHelmetP1Helmet
_kgyms72ej,12,1626,605,138,170,DHelmetP1Helmet
_kgyms72ej,13,1649,604,135,169,DHelmetP1Helmet
_kgyms72ej,14,1672,603,132,168,DHelmetP1Helmet
_kgyms72ej,15,1694,602,129,168,DHelmetP1Helmet
_kgyms72ej,16,1720,600,114,166,DHelmetP1Helmet
_7qfg0pfxx,82,1606,686,314,368,DHelmet
_7qfg0pfxx,83,1476,678,308,341,DHelmet
_7qfg0pfxx,84,1359,666,277,323,DHelmet
_7qfg0pfxx,85,1257,653,254,308,DHelmet
_7qfg0pfxx,86,1161,643,232,294,DHelmet
_7qfg0pfxx,87,1072,633,213,281,DHelmet
_7qfg0pfxx,88,999,627,193,267,DHelmet
_7qfg0pfxx,89,935,620,176,250,DHelmet
_7qfg0pfxx,90,871,614,158,232,DHelmet
_7qfg0pfxx,91,807,608,159,214,DHelmet
_7qfg0pfxx,92,754,602,141,224,DHelmet
_7qfg0pfxx,93,706,597,133,216,DHelmet
_7qfg0pfxx,94,658,591,125,208,DHelmet
_7qfg0pfxx,95,610,586,125,207,DHelmet
_7qfg0pfxx,96,569,581,113,201,DHelmet
_lo8chxshw,69,140,566,88,177,DHelmet
_lo8chxshw,70,158,568,92,180,DHelmet
_lo8chxshw,71,175,570,98,183,DHelmet
_lo8chxshw,72,198,571,103,188,DHelmet
_lo8chxshw,73,223,575,104,190,DHelmet
_lo8chxshw,74,247,578,107,194,DHelmet
_lo8chxshw,75,272,581,108,197,DHelmet
_lo8chxshw,76,297,584,110,201,DHelmet
_lo8chxshw,77,326,588,111,203,DHelmet
_lo8chxshw,78,354,591,113,219,DHelmet
_lo8chxshw,79,384,594,112,216,DHelmet
_lo8chxshw,80,415,597,119,224,DHelmet
_lo8chxshw,81,445,600,126,232,DHelmet
_lo8chxshw,82,476,604,133,240,DHelmet
_lo8chxshw,83,511,608,136,249,DHelmet
_lo8chxshw,84,547,613,138,257,DHelmet
_lo8chxshw,85,591,617,142,266,DHelmet
_lo8chxshw,86,633,622,150,278,DHelmet
_lo8chxshw,87,675,626,158,291,DHelmet
_lo8chxshw,88,724,634,168,303,DHelmet
_lo8chxshw,89,772,641,179,316,DHelmet
_lo8chxshw,90,831,652,188,328,DHelmet
_lo8chxshw,91,890,663,197,340,DHelmet
_lo8chxshw,92,950,674,221,353,DHelmet
_lo8chxshw,93,1017,682,250,383,DHelmet
_lo8chxshw,94,1097,695,275,384,DHelmet
_lo8chxshw,95,1187,709,307,371,DHelmet
_lo8chxshw,96,1287,722,337,358,DHelmet
_lo8chxshw,97,1396,741,375,339,DHelmet
_lo8chxshw,98,1524,762,396,318,DHelmet
_lo8chxshw,99,1670,779,250,301,DHelmet
_vn093aq8v,89,426,579,131,236,DHelmet
_vn093aq8v,90,457,583,142,241,DHelmet
_vn093aq8v,91,489,587,153,245,DHelmet
_vn093aq8v,92,526,589,160,255,DHelmet
_vn093aq8v,93,564,591,166,264,DHelmet
_vn093aq8v,94,610,597,172,272,DHelmet
_vn093aq8v,95,656,602,178,281,DHelmet
_vn093aq8v,96,704,608,188,291,DHelmet
_vn093aq8v,97,751,615,199,300,DHelmet
_vn093aq8v,98,809,619,203,314,DHelmet
_vn093aq8v,99,866,627,218,328,DHelmet
_vn093aq8v,100,924,636,232,342,DHelmet
_vwki5ij8v,1,1771,654,149,279,DHelmet
_vwki5ij8v,2,1771,654,149,279,DHelmet
_vwki5ij8v,3,1771,654,149,279,DHelmet
_vwki5ij8v,4,1771,654,149,279,DHelmet
_vwki5ij8v,5,1771,654,149,279,DHelmet
_vwki5ij8v,6,1771,654,149,279,DHelmet
_vwki5ij8v,7,1771,654,149,279,DHelmet
_vwki5ij8v,8,1772,654,148,279,DHelmet
_vwki5ij8v,9,1772,654,148,279,DHelmet
_vwki5ij8v,10,1772,654,148,279,DHelmet
_vwki5ij8v,11,1772,654,148,279,DHelmet
_vwki5ij8v,12,1772,654,148,279,DHelmet
_vwki5ij8v,13,1772,654,148,279,DHelmet
_vwki5ij8v,14,1772,654,148,279,DHelmet
_vwki5ij8v,15,1772,654,148,279,DHelmet
_vwki5ij8v,16,1772,654,148,279,DHelmet
_vwki5ij8v,17,1772,654,148,279,DHelmet
_vwki5ij8v,18,1772,654,148,279,DHelmet
_vwki5ij8v,19,1772,654,148,279,DHelmet
_vwki5ij8v,20,1772,654,148,279,DHelmet
_vwki5ij8v,21,1772,654,148,279,DHelmet
_vwki5ij8v,22,1772,654,148,279,DHelmet
_vwki5ij8v,23,1772,654,148,279,DHelmet
_vwki5ij8v,24,1772,654,148,279,DHelmet
_vwki5ij8v,25,1772,654,148,279,DHelmet
_vwki5ij8v,26,1772,654,148,279,DHelmet
_vwki5ij8v,27,1772,654,148,279,DHelmet
_vwki5ij8v,28,1772,654,148,279,DHelmet
_vwki5ij8v,29,1772,654,148,279,DHelmet
_vwki5ij8v,30,1772,654,148,279,DHelmet
_vwki5ij8v,31,1772,654,148,279,DHelmet
_vwki5ij8v,32,1773,654,147,279,DHelmet
_vwki5ij8v,33,1773,654,147,279,DHelmet
_vwki5ij8v,34,1773,654,147,279,DHelmet
_vwki5ij8v,35,1773,654,147,279,DHelmet
_vwki5ij8v,36,1773,654,147,279,DHelmet
_vwki5ij8v,37,1773,654,147,279,DHelmet
_vwki5ij8v,38,1773,654,147,279,DHelmet
_vwki5ij8v,39,1773,654,147,279,DHelmet
_vwki5ij8v,40,1773,654,147,279,DHelmet
_vwki5ij8v,41,1773,654,147,279,DHelmet
_vwki5ij8v,42,1773,654,147,279,DHelmet
_vwki5ij8v,43,1773,654,147,279,DHelmet
_vwki5ij8v,44,1773,654,147,279,DHelmet
_vwki5ij8v,45,1773,654,147,279,DHelmet
_vwki5ij8v,46,1773,654,147,279,DHelmet
_vwki5ij8v,47,1773,654,147,279,DHelmet
_vwki5ij8v,48,1773,654,147,279,DHelmet
_vwki5ij8v,49,1773,654,147,279,DHelmet
_vwki5ij8v,50,1773,654,147,279,DHelmet
_vwki5ij8v,51,1773,654,147,279,DHelmet
_vwki5ij8v,52,1773,654,147,279,DHelmet
_vwki5ij8v,53,1773,654,147,279,DHelmet
_vwki5ij8v,54,1773,654,147,279,DHelmet
_vwki5ij8v,55,1773,654,147,279,DHelmet
_vwki5ij8v,56,1773,654,147,279,DHelmet
_vwki5ij8v,57,1774,654,146,279,DHelmet
_vwki5ij8v,58,1774,654,146,279,DHelmet
_vwki5ij8v,59,1774,654,146,279,DHelmet
_vwki5ij8v,60,1774,654,146,279,DHelmet
_vwki5ij8v,61,1774,654,146,279,DHelmet
_vwki5ij8v,62,1774,654,146,279,DHelmet
_vwki5ij8v,63,1774,654,146,279,DHelmet
_vwki5ij8v,64,1774,654,146,279,DHelmet
_vwki5ij8v,65,1774,654,146,279,DHelmet
_vwki5ij8v,66,1774,654,146,279,DHelmet
_vwki5ij8v,67,1774,654,146,279,DHelmet
_vwki5ij8v,68,1774,654,146,279,DHelmet
_vwki5ij8v,69,1774,654,146,279,DHelmet
_vwki5ij8v,70,1774,654,146,279,DHelmet
_vwki5ij8v,71,1774,654,146,279,DHelmet
_vwki5ij8v,72,1774,654,146,279,DHelmet
_vwki5ij8v,73,1774,654,146,279,DHelmet
_vwki5ij8v,74,1774,654,146,279,DHelmet
_vwki5ij8v,75,1774,654,146,279,DHelmet
_vwki5ij8v,76,1774,654,146,279,DHelmet
_vwki5ij8v,77,1774,654,146,279,DHelmet
_vwki5ij8v,78,1774,654,146,279,DHelmet
_vwki5ij8v,79,1774,654,146,279,DHelmet
_vwki5ij8v,80,1774,654,146,279,DHelmet
_vwki5ij8v,81,1775,654,145,279,DHelmet
_vwki5ij8v,82,1775,654,145,279,DHelmet
_vwki5ij8v,83,1775,654,145,279,DHelmet
_vwki5ij8v,84,1775,654,145,279,DHelmet
_vwki5ij8v,85,1775,654,145,279,DHelmet
_vwki5ij8v,86,1775,654,145,279,DHelmet
_vwki5ij8v,87,1775,654,145,279,DHelmet
_vwki5ij8v,88,1775,654,145,279,DHelmet
_vwki5ij8v,89,1775,654,145,279,DHelmet
_vwki5ij8v,90,1776,654,144,279,DHelmet
_vwki5ij8v,91,1776,654,144,279,DHelmet
_vwki5ij8v,92,1777,654,143,279,DHelmet
_vwki5ij8v,93,1778,654,142,279,DHelmet
_vwki5ij8v,94,1779,654,141,279,DHelmet
_vwki5ij8v,95,1780,654,140,279,DHelmet
_vwki5ij8v,96,1781,654,139,279,DHelmet
_vwki5ij8v,97,1781,654,139,279,DHelmet
_vwki5ij8v,98,1782,654,138,279,DHelmet
_vwki5ij8v,99,1783,654,137,279,DHelmet
_vwki5ij8v,100,1784,654,136,279,DHelmet
