track_id,frame_id,x,y,w,h,label
_oay9zhhag,10,1872,581,48,120,DNoHelmet
_oay9zhhag,11,1867,582,53,122,DNoHelmet
_oay9zhhag,12,1861,583,59,125,DNoHelmet
_oay9zhhag,13,1856,584,64,128,DNoHelmet
_oay9zhhag,14,1851,585,69,130,DNoHelmet
_oay9zhhag,15,1845,586,74,133,DNoHelmet
_oay9zhhag,16,1840,588,75,134,DNoHelmet
_oay9zhhag,17,1834,589,74,137,DNoHelmet
_oay9zhhag,18,1829,590,73,140,DNoHelmet
_oay9zhhag,19,1822,591,74,141,DNoHelmet
_oay9zhhag,20,1815,592,76,142,DNoHelmet
_oay9zhhag,21,1807,593,79,143,DNoHelmet
_oay9zhhag,22,1800,594,80,144,DNoHelmet
_oay9zhhag,23,1788,595,83,146,DNoHelmet
_oay9zhhag,24,1777,597,84,147,DNoHelmet
_oay9zhhag,25,1765,599,86,148,DNoHelmet
_oay9zhhag,26,1752,599,86,150,DNoHelmet
_oay9zhhag,27,1739,599,87,152,DNoHelmet
_oay9zhhag,28,1727,600,86,153,DNoHelmet
_oay9zhhag,29,1714,600,86,155,DNoHelmet
_oay9zhhag,30,1696,599,89,159,DNoHelmet
_oay9zhhag,31,1678,599,91,162,DNoHelmet
_oay9zhhag,32,1659,598,95,166,DNoHelmet
_oay9zhhag,33,1639,598,98,167,DNoHelmet
_oay9zhhag,34,1618,599,102,167,DNoHelmet
_oay9zhhag,35,1598,599,105,168,DNoHelmet
_oay9zhhag,36,1577,600,109,168,DNoHelmet
_oay9zhhag,37,1558,601,111,170,DNoHelmet
_oay9zhhag,38,1538,602,113,172,DNoHelmet
_oay9zhhag,39,1513,602,130,174,DNoHelmet
_oay9zhhag,40,1489,602,147,177,DNoHelmet
_oay9zhhag,41,1461,604,151,176,DNoHelmet
_oay9zhhag,42,1432,606,155,175,DNoHelmet
_oay9zhhag,43,1404,608,159,175,DNoHelmet
_oay9zhhag,44,1375,610,164,174,DNoHelmet
_oay9zhhag,45,1347,612,167,174,DNoHelmet
_oay9zhhag,46,1319,614,171,173,DNoHelmet
_oay9zhhag,47,1286,614,175,173,DNoHelmet
_oay9zhhag,48,1253,614,178,173,DNoHelmet
_oay9zhhag,49,1220,614,182,172,DNoHelmet
_oay9zhhag,50,1187,614,186,172,DNoHelmet
_oay9zhhag,51,1156,614,188,173,DNoHelmet
_oay9zhhag,52,1126,613,188,175,DNoHelmet
_oay9zhhag,53,1095,613,190,176,DNoHelmet
_oay9zhhag,54,1063,610,193,180,DNoHelmet
_oay9zhhag,55,1032,612,194,177,DNoHelmet
_oay9zhhag,56,1000,613,197,174,DNoHelmet
_oay9zhhag,57,973,613,195,172,DNoHelmet
_oay9zhhag,58,947,611,198,174,DNoHelmet
_oay9zhhag,59,922,609,200,176,DNoHelmet
_oay9zhhag,60,899,607,198,178,DNoHelmet
_oay9zhhag,61,880,606,192,177,DNoHelmet
_oay9zhhag,62,862,606,184,176,DNoHelmet
_oay9zhhag,63,843,605,178,175,DNoHelmet
_oay9zhhag,64,824,605,171,173,DNoHelmet
_oay9zhhag,65,809,604,165,172,DNoHelmet
_oay9zhhag,66,793,603,160,171,DNoHelmet
_oay9zhhag,67,777,602,154,170,DNoHelmet
_oay9zhhag,68,762,601,148,169,DNoHelmet
_oay9zhhag,69,746,600,143,168,DNoHelmet
_oay9zhhag,70,730,599,137,166,DNoHelmet
_oay9zhhag,71,714,598,132,165,DNoHelmet
_oay9zhhag,72,696,593,123,170,DNoHelmet
_oay9zhhag,73,669,587,138,171,DNoHelmet
_lag4k4pbe,100,1437,686,261,310,DHelmet
