track_id,frame_id,x,y,w,h,label
_taq6m9b4r,1,355,525,110,201,DHelmetP1NoHelmet
_taq6m9b4r,2,338,523,105,195,DHelmetP1NoHelmet
_taq6m9b4r,3,320,521,101,190,DHelmetP1NoHelmet
_taq6m9b4r,4,302,518,97,186,DHelmetP1NoHelmet
_taq6m9b4r,5,284,516,93,181,DHelmetP1NoHelmet
_taq6m9b4r,6,267,514,88,176,DHelmetP1NoHelmet
_taq6m9b4r,7,252,513,88,172,DHelmetP1NoHelmet
_taq6m9b4r,8,238,513,86,168,DHelmetP1NoHelmet
_taq6m9b4r,9,224,512,84,164,DHelmetP1NoHelmet
_taq6m9b4r,10,209,512,83,160,DHelmetP1NoHelmet
_taq6m9b4r,11,195,511,82,157,DHelmetP1NoHelmet
_taq6m9b4r,12,181,511,80,152,DHelmetP1NoHelmet
_taq6m9b4r,13,166,510,79,149,DHelmetP1NoHelmet
_taq6m9b4r,14,152,509,77,145,DHelmetP1NoHelmet
_taq6m9b4r,15,139,509,76,143,DHelmetP1NoHelmet
_taq6m9b4r,16,126,508,75,141,DHelmetP1NoHelmet
_taq6m9b4r,17,113,508,74,139,DHelmetP1NoHelmet
_taq6m9b4r,18,103,507,73,137,DHelmetP1NoHelmet
_taq6m9b4r,19,93,506,72,135,DHelmetP1NoHelmet
_taq6m9b4r,20,83,506,71,132,DHelmetP1NoHelmet
_taq6m9b4r,21,74,505,68,130,DHelmetP1NoHelmet
_taq6m9b4r,22,64,504,67,128,DHelmetP1NoHelmet
_taq6m9b4r,23,56,503,66,126,DHelmetP1NoHelmet
_taq6m9b4r,24,48,503,65,123,DHelmetP1NoHelmet
_taq6m9b4r,25,40,502,63,121,DHelmetP1NoHelmet
_taq6m9b4r,26,32,501,62,119,DHelmetP1NoHelmet
_taq6m9b4r,27,24,501,61,116,DHelmetP1NoHelmet
_taq6m9b4r,28,16,500,59,114,DHelmetP1NoHelmet
_v64d9e75h,1,17,519,117,199,DHelmet
_v64d9e75h,2,34,520,125,208,DHelmet
_v64d9e75h,3,50,521,135,217,DHelmet
_v64d9e75h,4,69,522,138,222,DHelmet
_v64d9e75h,5,87,522,143,228,DHelmet
_v64d9e75h,6,122,525,132,236,DHelmet
_v64d9e75h,7,157,527,121,246,DHelmet
_v64d9e75h,8,166,531,142,255,DHelmet
_v64d9e75h,9,174,536,163,263,DHelmet
_v64d9e75h,10,202,540,165,277,DHelmet
_v64d9e75h,11,222,539,180,293,DHelmet
_v64d9e75h,12,257,547,183,305,DHelmet
_v64d9e75h,13,284,546,195,328,DHelmet
_v64d9e75h,14,319,559,207,347,DHelmet
_v64d9e75h,15,355,563,219,363,DHelmet
_v64d9e75h,16,394,570,232,383,DHelmet
_v64d9e75h,17,433,578,265,425,DHelmet
_v64d9e75h,18,484,586,276,463,DHelmet
_v64d9e75h,19,539,597,303,483,DHelmet
_v64d9e75h,20,606,608,342,472,DHelmet
_v64d9e75h,21,677,616,381,464,DHelmet
_v64d9e75h,22,776,638,428,442,DHelmet
_v64d9e75h,23,883,670,520,410,DHelmet
_v64d9e75h,24,1020,695,557,385,DHelmet
_8q1u9y0fa,28,1504,653,416,427,DNoHelmet
_8q1u9y0fa,29,1353,633,461,447,DNoHelmet
_8q1u9y0fa,30,1223,622,395,458,DNoHelmet
_8q1u9y0fa,31,1108,610,354,470,DNoHelmet
_8q1u9y0fa,32,1007,599,311,467,DNoHelmet
_8q1u9y0fa,33,918,586,277,432,DNoHelmet
_8q1u9y0fa,34,840,576,251,407,DNoHelmet
_8q1u9y0fa,35,768,571,231,381,DNoHelmet
_8q1u9y0fa,36,707,569,213,353,DNoHelmet
_8q1u9y0fa,37,646,566,199,333,DNoHelmet
_8q1u9y0fa,38,597,557,184,317,DNoHelmet
_8q1u9y0fa,39,550,555,177,303,DNoHelmet
_8q1u9y0fa,40,502,548,168,286,DNoHelmet
_8q1u9y0fa,41,465,548,154,270,DNoHelmet
_8q1u9y0fa,42,430,545,147,258,DNoHelmet
_8q1u9y0fa,43,397,539,138,251,DNoHelmet
_8q1u9y0fa,44,358,534,137,243,DNoHelmet
_8q1u9y0fa,45,339,529,123,236,DNoHelmet
_8q1u9y0fa,46,314,525,117,229,DNoHelmet
_8q1u9y0fa,47,283,523,117,221,DNoHelmet
_8q1u9y0fa,48,261,521,114,212,DNoHelmet
_8q1u9y0fa,49,239,519,111,203,DNoHelmet
_8q1u9y0fa,50,221,516,102,197,DNoHelmet
_8q1u9y0fa,51,203,516,98,189,DNoHelmet
_8q1u9y0fa,52,186,515,96,184,DNoHelmet
_8q1u9y0fa,53,168,513,94,180,DNoHelmet
_8q1u9y0fa,54,154,512,92,175,DNoHelmet
_8q1u9y0fa,55,139,512,90,169,DNoHelmet
_8q1u9y0fa,56,124,511,89,164,DNoHelmet
_8q1u9y0fa,57,112,510,87,160,DNoHelmet
_8q1u9y0fa,58,100,509,84,156,DNoHelmet
_8q1u9y0fa,59,88,508,82,151,DNoHelmet
_8q1u9y0fa,60,75,507,80,147,DNoHelmet
_8q1u9y0fa,61,64,507,78,144,DNoHelmet
_8q1u9y0fa,62,52,507,77,141,DNoHelmet
_8q1u9y0fa,63,41,507,76,137,DNoHelmet
_8q1u9y0fa,64,32,506,72,136,DNoHelmet
_8q1u9y0fa,65,29,506,65,133,DNoHelmet
_8q1u9y0fa,66,25,506,58,129,DNoHelmet
