track_id,frame_id,x,y,w,h,label
_izdt9o3v6,3,221,548,72,125,DHelmet
_izdt9o3v6,4,203,546,70,124,DHelmet
_izdt9o3v6,5,186,544,67,122,DHelmet
_izdt9o3v6,6,169,542,64,121,DHelmet
_izdt9o3v6,7,152,541,62,119,DHelmet
_izdt9o3v6,8,135,540,60,118,DHelmet
_izdt9o3v6,9,118,538,60,118,DHelmet
_izdt9o3v6,10,103,537,60,116,DHelmet
_izdt9o3v6,11,87,535,61,115,DHelmet
_izdt9o3v6,12,74,533,58,114,DHelmet
_izdt9o3v6,13,60,532,57,112,DHelmet
_izdt9o3v6,14,47,530,56,111,DHelmet
_izdt9o3v6,15,34,529,55,109,DHelmet
_izdt9o3v6,16,21,526,55,108,DHelmet
_izdt9o3v6,17,7,524,57,106,DHelmet
_3ti1m8tiz,1,959,617,177,272,DHelmet
_3ti1m8tiz,2,895,611,167,261,DHelmet
_3ti1m8tiz,3,833,606,158,251,DHelmet
_3ti1m8tiz,4,777,600,148,243,DHelmet
_3ti1m8tiz,5,728,597,138,233,DHelmet
_3ti1m8tiz,6,684,590,129,224,DHelmet
_3ti1m8tiz,7,641,586,125,217,DHelmet
_3ti1m8tiz,8,598,583,120,208,DHelmet
_3ti1m8tiz,9,563,579,115,206,DHelmet
_3ti1m8tiz,10,530,576,111,199,DHelmet
_3ti1m8tiz,11,497,572,107,193,DHelmet
_3ti1m8tiz,12,464,570,103,188,DHelmet
_3ti1m8tiz,13,435,567,100,184,DHelmet
_3ti1m8tiz,14,406,565,98,179,DHelmet
_3ti1m8tiz,15,381,561,94,175,DHelmet
_3ti1m8tiz,16,362,558,90,170,DHelmet
_3ti1m8tiz,17,340,555,89,167,DHelmet
_3ti1m8tiz,18,319,553,86,163,DHelmet
_3ti1m8tiz,19,298,551,83,159,DHelmet
_3ti1m8tiz,20,276,549,81,155,DHelmet
_3ti1m8tiz,21,260,548,79,151,DHelmet
_3ti1m8tiz,22,244,547,76,148,DHelmet
_3ti1m8tiz,23,228,547,74,143,DHelmet
_3ti1m8tiz,24,213,546,71,140,DHelmet
_3ti1m8tiz,25,198,545,71,137,DHelmet
_3ti1m8tiz,26,183,543,71,136,DHelmet
_3ti1m8tiz,27,168,542,71,133,DHelmet
_3ti1m8tiz,28,153,540,71,132,DHelmet
_3ti1m8tiz,29,139,539,70,130,DHelmet
_3ti1m8tiz,30,126,537,69,128,DHelmet
_3ti1m8tiz,31,114,536,67,126,DHelmet
_3ti1m8tiz,32,101,535,65,123,DHelmet
_3ti1m8tiz,33,89,533,63,122,DHelmet
_3ti1m8tiz,34,72,533,63,121,DHelmet
_3ti1m8tiz,35,58,527,61,122,DHelmet
_z41570jvy,2,1698,675,222,306,DHelmetP1HelmetP2Helmet
_z41570jvy,3,1636,668,263,300,DHelmetP1HelmetP2Helmet
_z41570jvy,4,1575,662,252,293,DHelmetP1HelmetP2Helmet
_z41570jvy,5,1517,656,243,286,DHelmetP1HelmetP2Helmet
_z41570jvy,6,1460,651,234,277,DHelmetP1HelmetP2Helmet
_z41570jvy,7,1407,647,225,269,DHelmetP1HelmetP2Helmet
_z41570jvy,8,1355,643,215,262,DHelmetP1HelmetP2Helmet
_z41570jvy,9,1307,636,207,254,DHelmetP1HelmetP2Helmet
_z41570jvy,10,1262,632,201,249,DHelmetP1HelmetP2Helmet
_z41570jvy,11,1216,629,196,243,DHelmetP1HelmetP2Helmet
_z41570jvy,12,1170,626,191,237,DHelmetP1HelmetP2Helmet
_z41570jvy,13,1135,620,186,232,DHelmetP1HelmetP2Helmet
_z41570jvy,14,1091,617,179,227,DHelmetP1HelmetP2Helmet
_z41570jvy,15,1050,614,172,222,DHelmetP1HelmetP2Helmet
_z41570jvy,16,1013,611,165,217,DHelmetP1HelmetP2Helmet
_z41570jvy,17,977,607,158,213,DHelmetP1HelmetP2Helmet
_z41570jvy,18,944,604,150,207,DHelmetP1HelmetP2Helmet
_z41570jvy,19,910,601,143,201,DHelmetP1HelmetP2Helmet
_z41570jvy,20,879,597,139,199,DHelmetP1HelmetP2Helmet
_z41570jvy,21,848,594,135,196,DHelmetP1HelmetP2Helmet
_z41570jvy,22,817,591,131,193,DHelmetP1HelmetP2Helmet
_z41570jvy,23,786,588,127,190,DHelmetP1HelmetP2Helmet
_z41570jvy,24,760,587,124,186,DHelmetP1HelmetP2Helmet
_z41570jvy,25,734,585,120,184,DHelmetP1HelmetP2Helmet
_z41570jvy,26,709,583,115,181,DHelmetP1HelmetP2Helmet
_z41570jvy,27,685,581,112,179,DHelmetP1HelmetP2Helmet
_z41570jvy,28,662,580,108,175,DHelmetP1HelmetP2Helmet
_z41570jvy,29,639,578,104,172,DHelmetP1HelmetP2Helmet
_z41570jvy,30,616,576,101,170,DHelmetP1HelmetP2Helmet
_z41570jvy,31,593,574,97,167,DHelmetP1HelmetP2Helmet
_z41570jvy,32,570,572,100,164,DHelmetP1HelmetP2Helmet
_z41570jvy,33,548,570,102,162,DHelmetP1HelmetP2Helmet
_z41570jvy,34,525,568,104,159,DHelmetP1HelmetP2Helmet
_z41570jvy,35,506,567,99,155,DHelmetP1HelmetP2Helmet
_z41570jvy,36,487,565,94,153,DHelmetP1HelmetP2Helmet
_z41570jvy,37,468,563,88,150,DHelmetP1HelmetP2Helmet
_z41570jvy,38,449,561,87,148,DHelmetP1HelmetP2Helmet
_z41570jvy,39,430,559,85,146,DHelmetP1HelmetP2Helmet
_z41570jvy,40,413,557,84,143,DHelmetP1HelmetP2Helmet
_z41570jvy,41,397,555,82,141,DHelmetP1HelmetP2Helmet
_z41570jvy,42,381,553,82,138,DHelmetP1HelmetP2Helmet
_z41570jvy,43,365,552,81,135,DHelmetP1HelmetP2Helmet
_z41570jvy,44,351,551,79,133,DHelmetP1HelmetP2Helmet
_z41570jvy,45,338,550,75,131,DHelmetP1HelmetP2Helmet
_z41570jvy,46,324,549,76,130,DHelmetP1HelmetP2Helmet
_z41570jvy,47,311,548,76,128,DHelmetP1HelmetP2Helmet
_z41570jvy,48,297,547,77,126,DHelmetP1HelmetP2Helmet
_z41570jvy,49,286,546,76,125,DHelmetP1HelmetP2Helmet
_z41570jvy,50,274,545,75,123,DHelmetP1HelmetP2Helmet
_z41570jvy,51,263,544,74,121,DHelmetP1HelmetP2Helmet
_z41570jvy,52,251,543,73,120,DHelmetP1HelmetP2Helmet
_z41570jvy,53,239,542,72,118,DHelmetP1HelmetP2Helmet
_z41570jvy,54,224,541,71,116,DHelmetP1HelmetP2Helmet
_z41570jvy,55,213,540,70,115,DHelmetP1HelmetP2Helmet
_z41570jvy,56,203,539,69,113,DHelmetP1HelmetP2Helmet
_z41570jvy,57,191,538,68,111,DHelmetP1HelmetP2Helmet
_z41570jvy,58,180,537,67,110,DHelmetP1HelmetP2Helmet
_z41570jvy,59,168,536,67,108,DHelmetP1HelmetP2Helmet
_z41570jvy,60,157,535,65,106,DHelmetP1HelmetP2Helmet
_z41570jvy,61,147,534,64,105,DHelmetP1HelmetP2Helmet
_z41570jvy,62,137,533,64,104,DHelmetP1HelmetP2Helmet
_z41570jvy,63,126,532,64,104,DHelmetP1HelmetP2Helmet
_z41570jvy,64,116,531,63,103,DHelmetP1HelmetP2Helmet
_z41570jvy,65,106,530,62,102,DHelmetP1HelmetP2Helmet
_z41570jvy,66,96,529,61,101,DHelmetP1HelmetP2Helmet
_z41570jvy,67,85,528,62,100,DHelmetP1HelmetP2Helmet
_z41570jvy,68,74,527,62,99,DHelmetP1HelmetP2Helmet
_z41570jvy,69,64,526,61,98,DHelmetP1HelmetP2Helmet
_z41570jvy,70,54,525,61,97,DHelmetP1HelmetP2Helmet
_z41570jvy,71,44,524,60,96,DHelmetP1HelmetP2Helmet
_z41570jvy,72,34,523,59,96,DHelmetP1HelmetP2Helmet
_z41570jvy,73,26,522,58,95,DHelmetP1HelmetP2Helmet
_z41570jvy,74,17,521,57,94,DHelmetP1HelmetP2Helmet
_o7h38b07z,1,228,590,111,229,DHelmetP0NoHelmet
_o7h38b07z,2,258,593,128,241,DHelmetP0NoHelmet
_o7h38b07z,3,296,600,130,253,DHelmetP0NoHelmet
_o7h38b07z,4,330,605,135,265,DHelmetP0NoHelmet
_o7h38b07z,5,372,611,138,277,DHelmetP0NoHelmet
_o7h38b07z,6,420,619,142,292,DHelmetP0NoHelmet
_o7h38b07z,7,464,623,160,309,DHelmetP0NoHelmet
_o7h38b07z,8,520,632,169,316,DHelmetP0NoHelmet
_o7h38b07z,9,576,640,179,336,DHelmetP0NoHelmet
_o7h38b07z,10,639,650,195,355,DHelmetP0NoHelmet
_o7h38b07z,11,707,662,218,378,DHelmetP0NoHelmet
_o7h38b07z,12,784,673,241,402,DHelmetP0NoHelmet
_o7h38b07z,13,874,690,270,390,DHelmetP0NoHelmet
_o7h38b07z,14,971,705,304,375,DHelmetP0NoHelmet
_o7h38b07z,15,1086,723,327,357,DHelmetP0NoHelmet
_o7h38b07z,16,1227,740,334,340,DHelmetP0NoHelmet
_o7h38b07z,17,1377,766,356,314,DHelmetP0NoHelmet
_o7h38b07z,18,1569,792,351,288,DHelmetP0NoHelmet
_4s24lnqb7,1,31,581,100,200,DHelmetP0NoHelmet
_4s24lnqb7,2,52,586,102,206,DHelmetP0NoHelmet
_4s24lnqb7,3,76,590,104,212,DHelmetP0NoHelmet
_4s24lnqb7,4,99,594,108,218,DHelmetP0NoHelmet
_4s24lnqb7,5,126,597,110,225,DHelmetP0NoHelmet
_4s24lnqb7,6,152,601,114,231,DHelmetP0NoHelmet
_4s24lnqb7,7,180,605,118,236,DHelmetP0NoHelmet
_4s24lnqb7,8,209,609,120,242,DHelmetP0NoHelmet
_4s24lnqb7,9,241,614,127,252,DHelmetP0NoHelmet
_4s24lnqb7,10,273,620,133,261,DHelmetP0NoHelmet
_4s24lnqb7,11,307,626,139,270,DHelmetP0NoHelmet
_4s24lnqb7,12,349,631,146,279,DHelmetP0NoHelmet
_4s24lnqb7,13,389,639,157,292,DHelmetP0NoHelmet
_4s24lnqb7,14,428,647,168,305,DHelmetP0NoHelmet
_4s24lnqb7,15,476,654,179,318,DHelmetP0NoHelmet
_4s24lnqb7,16,529,662,190,337,DHelmetP0NoHelmet
_4s24lnqb7,17,585,669,201,352,DHelmetP0NoHelmet
_4s24lnqb7,18,643,680,217,373,DHelmetP0NoHelmet
_4s24lnqb7,19,714,691,231,389,DHelmetP0NoHelmet
_4s24lnqb7,20,785,707,258,373,DHelmetP0NoHelmet
_4s24lnqb7,21,866,720,284,360,DHelmetP0NoHelmet
_4s24lnqb7,22,956,736,311,344,DHelmetP0NoHelmet
_4s24lnqb7,23,1060,752,346,328,DHelmetP0NoHelmet
_4s24lnqb7,24,1175,771,388,309,DHelmetP0NoHelmet
_4s24lnqb7,25,1308,792,437,288,DHelmetP0NoHelmet
_4s24lnqb7,26,1459,819,381,261,DHelmetP0NoHelmet
_kzegqlpoa,72,9,564,106,191,DHelmet
_kzegqlpoa,73,26,567,102,194,DHelmet
_kzegqlpoa,74,41,571,111,195,DHelmet
_kzegqlpoa,75,62,576,119,195,DHelmet
_kzegqlpoa,76,77,579,120,203,DHelmet
_kzegqlpoa,77,103,581,122,212,DHelmet
_kzegqlpoa,78,127,585,124,220,DHelmet
_kzegqlpoa,79,153,589,127,229,DHelmet
_kzegqlpoa,80,179,592,130,238,DHelmet
_kzegqlpoa,81,208,597,134,244,DHelmet
_kzegqlpoa,82,236,601,142,252,DHelmet
_kzegqlpoa,83,264,606,150,258,DHelmet
_kzegqlpoa,84,293,610,158,268,DHelmet
_kzegqlpoa,85,329,616,166,278,DHelmet
_kzegqlpoa,86,365,622,175,288,DHelmet
_kzegqlpoa,87,407,629,182,301,DHelmet
_kzegqlpoa,88,448,637,193,312,DHelmet
_kzegqlpoa,89,495,642,205,329,DHelmet
_kzegqlpoa,90,541,647,218,345,DHelmet
_kzegqlpoa,91,602,656,229,363,DHelmet
_kzegqlpoa,92,662,666,242,379,DHelmet
_kzegqlpoa,93,731,677,262,403,DHelmet
_kzegqlpoa,94,804,691,283,389,DHelmet
_kzegqlpoa,95,887,706,312,374,DHelmet
_kzegqlpoa,96,979,719,335,361,DHelmet
_kzegqlpoa,97,1089,736,355,344,DHelmet
_kzegqlpoa,98,1211,756,390,324,DHelmet
_kzegqlpoa,99,1343,777,425,303,DHelmet
_kzegqlpoa,100,1520,803,400,277,DHelmet
_12l4wj8wu,86,17,562,99,160,DHelmet
_12l4wj8wu,87,39,565,97,166,DHelmet
_12l4wj8wu,88,49,567,109,175,DHelmet
_12l4wj8wu,89,71,570,112,183,DHelmet
_12l4wj8wu,90,92,573,116,192,DHelmet
_12l4wj8wu,91,124,577,110,200,DHelmet
_12l4wj8wu,92,141,581,119,208,DHelmet
_12l4wj8wu,93,167,583,122,217,DHelmet
_12l4wj8wu,94,187,585,131,225,DHelmet
_12l4wj8wu,95,218,590,133,233,DHelmet
_12l4wj8wu,96,250,594,135,237,DHelmet
_12l4wj8wu,97,282,598,138,248,DHelmet
_12l4wj8wu,98,318,603,140,258,DHelmet
_12l4wj8wu,99,353,609,147,267,DHelmet
_12l4wj8wu,100,392,616,152,275,DHelmet
_i7ltl1j9b,1,1351,590,122,181,DHelmet
_i7ltl1j9b,2,1351,590,122,181,DHelmet
_i7ltl1j9b,3,1351,590,122,181,DHelmet
_i7ltl1j9b,4,1351,590,122,181,DHelmet
_i7ltl1j9b,5,1351,590,122,181,DHelmet
_i7ltl1j9b,6,1351,590,122,181,DHelmet
_i7ltl1j9b,7,1351,590,122,181,DHelmet
_i7ltl1j9b,8,1351,590,122,181,DHelmet
_i7ltl1j9b,9,1351,590,123,181,DHelmet
_i7ltl1j9b,10,1351,590,123,181,DHelmet
_i7ltl1j9b,11,1351,590,123,181,DHelmet
_i7ltl1j9b,12,1351,590,123,181,DHelmet
_i7ltl1j9b,13,1351,590,123,181,DHelmet
_i7ltl1j9b,14,1351,590,123,181,DHelmet
_i7ltl1j9b,15,1351,590,123,182,DHelmet
_i7ltl1j9b,16,1351,590,123,182,DHelmet
_i7ltl1j9b,17,1351,590,124,182,DHelmet
_i7ltl1j9b,18,1351,590,124,182,DHelmet
_i7ltl1j9b,19,1351,590,124,182,DHelmet
_i7ltl1j9b,20,1351,590,124,182,DHelmet
_i7ltl1j9b,21,1351,590,124,182,DHelmet
_i7ltl1j9b,22,1351,590,124,182,DHelmet
_i7ltl1j9b,23,1351,590,124,182,DHelmet
_i7ltl1j9b,24,1351,590,124,182,DHelmet
_i7ltl1j9b,25,1351,590,124,182,DHelmet
_i7ltl1j9b,26,1351,590,125,182,DHelmet
_i7ltl1j9b,27,1351,590,125,182,DHelmet
_i7ltl1j9b,28,1351,590,125,182,DHelmet
_i7ltl1j9b,29,1351,590,125,182,DHelmet
_i7ltl1j9b,30,1351,590,125,182,DHelmet
_i7ltl1j9b,31,1351,590,125,182,DHelmet
_i7ltl1j9b,32,1351,590,125,182,DHelmet
_i7ltl1j9b,33,1351,590,125,182,DHelmet
_i7ltl1j9b,34,1351,590,125,182,DHelmet
_i7ltl1j9b,35,1351,590,126,182,DHelmet
_i7ltl1j9b,36,1351,590,126,182,DHelmet
_i7ltl1j9b,37,1351,590,126,182,DHelmet
_i7ltl1j9b,38,1351,590,126,182,DHelmet
_i7ltl1j9b,39,1351,590,126,182,DHelmet
_i7ltl1j9b,40,1351,590,126,182,DHelmet
_i7ltl1j9b,41,1351,590,126,182,DHelmet
_i7ltl1j9b,42,1351,590,126,182,DHelmet
_i7ltl1j9b,43,1351,590,127,182,DHelmet
_i7ltl1j9b,44,1351,590,127,182,DHelmet
_i7ltl1j9b,45,1351,590,127,183,DHelmet
_i7ltl1j9b,46,1351,590,127,183,DHelmet
_i7ltl1j9b,47,1351,590,127,183,DHelmet
_i7ltl1j9b,48,1351,590,127,183,DHelmet
_i7ltl1j9b,49,1351,590,127,183,DHelmet
_i7ltl1j9b,50,1351,590,127,183,DHelmet
_i7ltl1j9b,51,1351,590,127,183,DHelmet
_i7ltl1j9b,52,1351,590,128,183,DHelmet
_i7ltl1j9b,53,1351,590,128,183,DHelmet
_i7ltl1j9b,54,1351,590,128,183,DHelmet
_i7ltl1j9b,55,1351,590,128,183,DHelmet
_i7ltl1j9b,56,1351,590,128,183,DHelmet
_i7ltl1j9b,57,1349,590,130,183,DHelmet
_i7ltl1j9b,58,1347,590,132,183,DHelmet
_i7ltl1j9b,59,1347,590,132,183,DHelmet
_i7ltl1j9b,60,1347,590,132,183,DHelmet
_i7ltl1j9b,61,1347,590,132,183,DHelmet
_i7ltl1j9b,62,1347,590,132,183,DHelmet
_i7ltl1j9b,63,1347,590,132,183,DHelmet
_i7ltl1j9b,64,1347,590,132,183,DHelmet
_i7ltl1j9b,65,1347,590,132,183,DHelmet
_i7ltl1j9b,66,1347,590,132,183,DHelmet
_i7ltl1j9b,67,1347,590,132,183,DHelmet
_i7ltl1j9b,68,1347,590,132,183,DHelmet
_i7ltl1j9b,69,1347,590,132,183,DHelmet
_i7ltl1j9b,70,1347,590,132,183,DHelmet
_i7ltl1j9b,71,1347,590,132,183,DHelmet
_i7ltl1j9b,72,1347,590,132,183,DHelmet
_i7ltl1j9b,73,1347,590,132,183,DHelmet
_i7ltl1j9b,74,1347,590,132,183,DHelmet
_i7ltl1j9b,75,1347,590,132,183,DHelmet
_i7ltl1j9b,76,1347,590,132,183,DHelmet
_i7ltl1j9b,77,1347,590,132,183,DHelmet
_i7ltl1j9b,78,1347,590,132,183,DHelmet
_i7ltl1j9b,79,1347,590,132,183,DHelmet
_i7ltl1j9b,80,1347,591,132,182,DHelmet
_i7ltl1j9b,81,1347,591,132,182,DHelmet
_i7ltl1j9b,82,1347,591,132,182,DHelmet
_i7ltl1j9b,83,1347,591,132,182,DHelmet
_i7ltl1j9b,84,1347,591,132,182,DHelmet
_i7ltl1j9b,85,1347,591,132,182,DHelmet
_i7ltl1j9b,86,1347,591,132,182,DHelmet
_i7ltl1j9b,87,1347,591,132,182,DHelmet
_i7ltl1j9b,88,1347,591,132,182,DHelmet
_i7ltl1j9b,89,1347,591,132,182,DHelmet
_i7ltl1j9b,90,1347,591,132,182,DHelmet
_i7ltl1j9b,91,1347,591,132,182,DHelmet
_i7ltl1j9b,92,1347,591,132,182,DHelmet
_i7ltl1j9b,93,1347,591,132,182,DHelmet
_i7ltl1j9b,94,1347,591,132,182,DHelmet
_i7ltl1j9b,95,1347,591,132,182,DHelmet
_i7ltl1j9b,96,1347,591,132,182,DHelmet
_i7ltl1j9b,97,1347,591,132,182,DHelmet
_i7ltl1j9b,98,1347,591,132,182,DHelmet
_i7ltl1j9b,99,1347,591,132,182,DHelmet
_i7ltl1j9b,100,1347,591,132,182,DHelmet
_1t7lho3kf,95,1713,652,207,277,DHelmetP1NoHelmet
_1t7lho3kf,96,1685,648,216,275,DHelmetP1NoHelmet
_1t7lho3kf,97,1664,651,200,263,DHelmetP1NoHelmet
_1t7lho3kf,98,1646,644,188,266,DHelmetP1NoHelmet
_1t7lho3kf,99,1629,644,179,256,DHelmetP1NoHelmet
_1t7lho3kf,100,1618,641,167,230,DHelmetP1NoHelmet
