track_id,frame_id,x,y,w,h,label
_fugwnz0ij,1,273,562,77,132,DNoHelmet
_fugwnz0ij,2,260,561,77,131,DNoHelmet
_fugwnz0ij,3,248,560,76,130,DNoHelmet
_fugwnz0ij,4,235,559,75,129,DNoHelmet
_fugwnz0ij,5,222,558,75,128,DNoHelmet
_fugwnz0ij,6,210,557,74,126,DNoHelmet
_fugwnz0ij,7,197,556,74,125,DNoHelmet
_fugwnz0ij,8,185,555,73,124,DNoHelmet
_fugwnz0ij,9,172,554,73,123,DNoHelmet
_fugwnz0ij,10,159,553,73,121,DNoHelmet
_fugwnz0ij,11,147,552,72,120,DNoHelmet
_fugwnz0ij,12,134,551,71,119,DNoHelmet
_fugwnz0ij,13,122,550,70,118,DNoHelmet
_fugwnz0ij,14,109,549,70,117,DNoHelmet
_fugwnz0ij,15,97,548,69,115,DNoHelmet
_fugwnz0ij,16,85,547,69,114,DNoHelmet
_fugwnz0ij,17,74,546,68,113,DNoHelmet
_fugwnz0ij,18,62,545,68,112,DNoHelmet
_fugwnz0ij,19,51,544,67,110,DNoHelmet
_fugwnz0ij,20,39,543,67,109,DNoHelmet
_fugwnz0ij,21,28,542,66,108,DNoHelmet
_sseq9cg4n,1,389,581,93,140,DHelmet
_sseq9cg4n,2,371,579,91,139,DHelmet
_sseq9cg4n,3,353,577,89,139,DHelmet
_sseq9cg4n,4,335,576,88,137,DHelmet
_sseq9cg4n,5,318,574,87,137,DHelmet
_sseq9cg4n,6,305,572,85,136,DHelmet
_sseq9cg4n,7,291,570,83,136,DHelmet
_sseq9cg4n,8,276,569,82,134,DHelmet
_sseq9cg4n,9,261,567,81,134,DHelmet
_sseq9cg4n,10,246,565,80,133,DHelmet
_sseq9cg4n,11,233,564,78,132,DHelmet
_sseq9cg4n,12,223,563,76,131,DHelmet
_sseq9cg4n,13,212,561,75,131,DHelmet
_sseq9cg4n,14,202,560,73,130,DHelmet
_sseq9cg4n,15,193,559,72,129,DHelmet
_sseq9cg4n,16,185,557,71,129,DHelmet
_sseq9cg4n,17,176,556,70,128,DHelmet
_sseq9cg4n,18,166,555,69,127,DHelmet
_sseq9cg4n,19,156,554,69,126,DHelmet
_sseq9cg4n,20,146,553,69,124,DHelmet
_sseq9cg4n,21,136,553,69,122,DHelmet
_sseq9cg4n,22,126,552,69,121,DHelmet
_sseq9cg4n,23,116,551,69,120,DHelmet
_sseq9cg4n,24,107,550,67,119,DHelmet
_sseq9cg4n,25,97,549,67,118,DHelmet
_sseq9cg4n,26,87,548,67,117,DHelmet
_sseq9cg4n,27,77,547,67,116,DHelmet
_sseq9cg4n,28,67,546,67,115,DHelmet
_sseq9cg4n,29,57,546,66,113,DHelmet
_sseq9cg4n,30,47,545,66,112,DHelmet
_sseq9cg4n,31,37,544,66,111,DHelmet
_sseq9cg4n,32,25,544,66,111,DHelmet
_sseq9cg4n,33,12,543,67,111,DHelmet
_sseq9cg4n,34,0,542,66,111,DHelmet
_sdgh0um1d,1,455,596,117,187,DHelmet
_sdgh0um1d,2,418,592,114,183,DHelmet
_sdgh0um1d,3,381,589,110,178,DHelmet
_sdgh0um1d,4,344,585,109,174,DHelmet
_sdgh0um1d,5,307,581,108,169,DHelmet
_sdgh0um1d,6,276,578,103,166,DHelmet
_sdgh0um1d,7,245,574,97,163,DHelmet
_sdgh0um1d,8,214,570,94,160,DHelmet
_sdgh0um1d,9,183,567,91,157,DHelmet
_sdgh0um1d,10,154,563,89,153,DHelmet
_sdgh0um1d,11,130,562,85,149,DHelmet
_sdgh0um1d,12,106,561,81,145,DHelmet
_sdgh0um1d,13,81,559,79,142,DHelmet
_sdgh0um1d,14,61,557,76,139,DHelmet
_sdgh0um1d,15,42,554,73,137,DHelmet
_sdgh0um1d,16,22,551,71,136,DHelmet
_sdgh0um1d,17,2,549,69,133,DHelmet
_you0m1iu7,14,0,574,91,172,DHelmet
_you0m1iu7,15,11,574,106,181,DHelmet
_you0m1iu7,16,34,576,111,189,DHelmet
_you0m1iu7,17,57,578,117,198,DHelmet
_you0m1iu7,18,83,582,117,201,DHelmet
_you0m1iu7,19,109,587,118,203,DHelmet
_you0m1iu7,20,135,591,124,206,DHelmet
_you0m1iu7,21,166,595,127,213,DHelmet
_you0m1iu7,22,197,600,132,219,DHelmet
_you0m1iu7,23,232,604,135,228,DHelmet
_you0m1iu7,24,267,609,138,236,DHelmet
_you0m1iu7,25,301,613,144,245,DHelmet
_you0m1iu7,26,343,620,147,253,DHelmet
_you0m1iu7,27,384,627,151,262,DHelmet
_you0m1iu7,28,428,634,161,270,DHelmet
_you0m1iu7,29,476,642,166,280,DHelmet
_you0m1iu7,30,529,648,178,294,DHelmet
_you0m1iu7,31,581,654,191,308,DHelmet
_you0m1iu7,32,639,665,206,319,DHelmet
_you0m1iu7,33,701,674,225,337,DHelmet
_you0m1iu7,34,773,688,244,354,DHelmet
_you0m1iu7,35,854,701,263,372,DHelmet
_you0m1iu7,36,937,712,292,368,DHelmet
_you0m1iu7,37,1039,725,320,355,DHelmet
_you0m1iu7,38,1144,743,353,337,DHelmet
_you0m1iu7,39,1269,760,366,320,DHelmet
_you0m1iu7,40,1410,776,354,304,DHelmet
_you0m1iu7,41,1577,802,343,278,DHelmet
_mmkebraax,1,0,585,89,180,DHelmet
_mmkebraax,2,0,589,120,186,DHelmet
_mmkebraax,3,44,592,107,193,DHelmet
_mmkebraax,4,71,596,112,199,DHelmet
_mmkebraax,5,97,599,118,206,DHelmet
_mmkebraax,6,128,604,118,214,DHelmet
_mmkebraax,7,160,609,122,223,DHelmet
_mmkebraax,8,200,614,123,231,DHelmet
_mmkebraax,9,239,619,135,240,DHelmet
_mmkebraax,10,277,627,144,247,DHelmet
_mmkebraax,11,324,634,152,256,DHelmet
_mmkebraax,12,371,640,165,269,DHelmet
_mmkebraax,13,426,647,173,276,DHelmet
_mmkebraax,14,488,656,183,291,DHelmet
_mmkebraax,15,550,665,203,305,DHelmet
_mmkebraax,16,621,677,219,322,DHelmet
_mmkebraax,17,698,688,235,339,DHelmet
_mmkebraax,18,786,700,258,358,DHelmet
_mmkebraax,19,879,714,284,366,DHelmet
_mmkebraax,20,986,732,316,348,DHelmet
_mmkebraax,21,1106,749,347,331,DHelmet
_mmkebraax,22,1238,764,373,316,DHelmet
_mmkebraax,23,1395,788,381,292,DHelmet
_mmkebraax,24,1593,812,327,268,DHelmet
_dp9etlv6k,1,676,754,302,326,DHelmet
_dp9etlv6k,2,778,772,340,308,DHelmet
_dp9etlv6k,3,881,791,353,289,DHelmet
_dp9etlv6k,4,989,812,380,268,DHelmet
_dp9etlv6k,5,1125,833,358,247,DHelmet
_4b5vudikt,8,1602,708,318,345,DNoHelmet
_4b5vudikt,9,1494,699,336,352,DNoHelmet
_4b5vudikt,10,1397,686,308,340,DNoHelmet
_4b5vudikt,11,1307,674,285,326,DNoHelmet
_4b5vudikt,12,1229,670,254,307,DNoHelmet
_4b5vudikt,13,1151,665,238,290,DNoHelmet
_4b5vudikt,14,1083,642,221,293,DNoHelmet
_4b5vudikt,15,1015,639,206,278,DNoHelmet
_4b5vudikt,16,959,640,190,261,DNoHelmet
_4b5vudikt,17,899,626,184,261,DNoHelmet
_4b5vudikt,18,860,624,164,249,DNoHelmet
_4b5vudikt,19,804,619,142,238,DNoHelmet
_4b5vudikt,20,759,611,152,233,DNoHelmet
_4b5vudikt,21,713,608,146,225,DNoHelmet
_4b5vudikt,22,669,606,141,217,DNoHelmet
_4b5vudikt,23,630,598,135,215,DNoHelmet
_4b5vudikt,24,591,590,130,213,DNoHelmet
_4b5vudikt,25,554,592,127,203,DNoHelmet
_4b5vudikt,26,518,588,124,199,DNoHelmet
_4b5vudikt,27,483,585,119,194,DNoHelmet
_4b5vudikt,28,449,581,116,190,DNoHelmet
_4b5vudikt,29,415,578,112,186,DNoHelmet
_4b5vudikt,30,388,575,109,181,DNoHelmet
_4b5vudikt,31,357,575,103,172,DNoHelmet
_4b5vudikt,32,326,571,102,169,DNoHelmet
_4b5vudikt,33,296,568,101,166,DNoHelmet
_4b5vudikt,34,265,564,100,163,DNoHelmet
_4b5vudikt,35,238,563,99,160,DNoHelmet
_4b5vudikt,36,210,561,98,158,DNoHelmet
_4b5vudikt,37,183,560,97,154,DNoHelmet
_4b5vudikt,38,157,557,96,152,DNoHelmet
_4b5vudikt,39,131,555,95,149,DNoHelmet
_4b5vudikt,40,106,552,93,146,DNoHelmet
_4b5vudikt,41,80,550,92,143,DNoHelmet
_4b5vudikt,42,56,548,92,142,DNoHelmet
_4b5vudikt,43,32,545,93,142,DNoHelmet
_4b5vudikt,44,8,543,93,141,DNoHelmet
_4b5vudikt,45,0,541,77,140,DNoHelmet
_oizf89kc7,22,0,556,82,195,DHelmet
_oizf89kc7,23,9,560,100,199,DHelmet
_oizf89kc7,24,32,563,104,205,DHelmet
_oizf89kc7,25,55,567,108,209,DHelmet
_oizf89kc7,26,79,570,110,215,DHelmet
_oizf89kc7,27,92,574,129,220,DHelmet
_oizf89kc7,28,120,574,137,230,DHelmet
_oizf89kc7,29,166,579,124,235,DHelmet
_oizf89kc7,30,187,585,137,239,DHelmet
_oizf89kc7,31,229,589,132,251,DHelmet
_oizf89kc7,32,271,594,136,258,DHelmet
_oizf89kc7,33,314,598,138,265,DHelmet
_oizf89kc7,34,356,602,151,278,DHelmet
_oizf89kc7,35,398,607,164,290,DHelmet
_oizf89kc7,36,440,611,183,306,DHelmet
_oizf89kc7,37,483,616,207,321,DHelmet
_oizf89kc7,38,549,626,213,334,DHelmet
_oizf89kc7,39,615,635,225,348,DHelmet
_oizf89kc7,40,681,645,243,366,DHelmet
_oizf89kc7,41,747,655,271,381,DHelmet
_oizf89kc7,42,838,665,287,415,DHelmet
_oizf89kc7,43,944,680,303,400,DHelmet
_oizf89kc7,44,1023,692,364,388,DHelmet
_oizf89kc7,45,1151,703,384,377,DHelmet
_oizf89kc7,46,1259,718,429,362,DHelmet
_oizf89kc7,47,1413,739,473,341,DHelmet
_oizf89kc7,48,1579,757,341,323,DHelmet
_vdel4m0vx,26,0,607,102,231,DHelmet
_vdel4m0vx,27,5,611,128,254,DHelmet
_vdel4m0vx,28,29,615,133,263,DHelmet
_vdel4m0vx,29,67,619,125,272,DHelmet
_vdel4m0vx,30,88,625,132,274,DHelmet
_vdel4m0vx,31,118,631,139,277,DHelmet
_vdel4m0vx,32,151,637,145,280,DHelmet
_vdel4m0vx,33,181,642,161,312,DHelmet
_vdel4m0vx,34,223,648,166,324,DHelmet
_vdel4m0vx,35,265,654,172,336,DHelmet
_vdel4m0vx,36,305,661,186,349,DHelmet
_vdel4m0vx,37,353,669,200,364,DHelmet
_vdel4m0vx,38,400,678,215,377,DHelmet
_vdel4m0vx,39,457,686,228,391,DHelmet
_vdel4m0vx,40,517,697,247,383,DHelmet
_vdel4m0vx,41,578,707,271,373,DHelmet
_vdel4m0vx,42,648,719,292,361,DHelmet
_vdel4m0vx,43,730,730,303,350,DHelmet
_vdel4m0vx,44,822,749,321,331,DHelmet
_vdel4m0vx,45,919,765,340,315,DHelmet
_vdel4m0vx,46,1028,780,359,300,DHelmet
_vdel4m0vx,47,1167,797,378,283,DHelmet
_vdel4m0vx,48,1305,823,378,257,DHelmet
_2o15meqfy,74,1635,703,285,341,DHelmetP1Helmet
_2o15meqfy,75,1527,693,282,324,DHelmetP1Helmet
_2o15meqfy,76,1429,679,260,310,DHelmetP1Helmet
_2o15meqfy,77,1336,670,241,295,DHelmetP1Helmet
_2o15meqfy,78,1258,666,222,281,DHelmetP1Helmet
_2o15meqfy,79,1185,658,206,269,DHelmetP1Helmet
_2o15meqfy,80,1111,649,191,259,DHelmetP1Helmet
_2o15meqfy,81,1045,640,181,248,DHelmetP1Helmet
_2o15meqfy,82,983,633,173,241,DHelmetP1Helmet
_2o15meqfy,83,926,627,166,232,DHelmetP1Helmet
_2o15meqfy,84,873,621,157,224,DHelmetP1Helmet
_2o15meqfy,85,819,615,150,215,DHelmetP1Helmet
_2o15meqfy,86,770,610,145,210,DHelmetP1Helmet
_2o15meqfy,87,721,605,140,204,DHelmetP1Helmet
_2o15meqfy,88,677,601,134,198,DHelmetP1Helmet
_2o15meqfy,89,634,598,129,191,DHelmetP1Helmet
_2o15meqfy,90,591,594,125,186,DHelmetP1Helmet
_2o15meqfy,91,549,590,119,180,DHelmetP1Helmet
_2o15meqfy,92,509,587,117,176,DHelmetP1Helmet
_2o15meqfy,93,469,583,114,172,DHelmetP1Helmet
_2o15meqfy,94,434,580,112,169,DHelmetP1Helmet
_2o15meqfy,95,399,578,109,165,DHelmetP1Helmet
_2o15meqfy,96,364,575,106,161,DHelmetP1Helmet
_2o15meqfy,97,328,573,105,157,DHelmetP1Helmet
_2o15meqfy,98,299,570,102,153,DHelmetP1Helmet
_2o15meqfy,99,269,567,99,149,DHelmetP1Helmet
_2o15meqfy,100,239,564,97,146,DHelmetP1Helmet
_6d23w992k,98,0,597,110,227,DHelmetP1Helmet
_6d23w992k,99,0,600,141,235,DHelmetP1Helmet
_6d23w992k,100,29,603,142,243,DHelmetP1Helmet
_879fppxtu,93,1626,706,294,320,DHelmetP1Helmet
_879fppxtu,94,1527,692,297,306,DHelmetP1Helmet
_879fppxtu,95,1435,681,283,293,DHelmetP1Helmet
_879fppxtu,96,1353,675,260,280,DHelmetP1Helmet
_879fppxtu,97,1277,669,244,267,DHelmetP1Helmet
_879fppxtu,98,1204,657,229,259,DHelmetP1Helmet
_879fppxtu,99,1139,653,209,248,DHelmetP1Helmet
_879fppxtu,100,1074,645,206,238,DHelmetP1Helmet
_qcl8748m9,2,0,535,50,119,DNoHelmet
_qcl8748m9,3,0,533,49,119,DNoHelmet
_qcl8748m9,4,0,531,49,119,DNoHelmet
