track_id,frame_id,x,y,w,h,label
_12b9ymt0g,1,352,613,146,250,DHelmetP1NoHelmet
_12b9ymt0g,2,389,614,151,264,DHelmetP1NoHelmet
_12b9ymt0g,3,424,622,159,269,DHelmetP1NoHelmet
_12b9ymt0g,4,466,624,164,286,DHelmetP1NoHelmet
_12b9ymt0g,5,504,630,181,300,DHelmetP1NoHelmet
_12b9ymt0g,6,550,639,191,309,DHelmetP1NoHelmet
_12b9ymt0g,7,604,648,202,324,DHelmetP1NoHelmet
_12b9ymt0g,8,657,659,216,336,DHelmetP1NoHelmet
_12b9ymt0g,9,718,669,233,349,DHelmetP1NoHelmet
_12b9ymt0g,10,786,679,247,373,DHelmetP1NoHelmet
_12b9ymt0g,11,863,689,266,391,DHelmetP1NoHelmet
_12b9ymt0g,12,946,704,292,376,DHelmetP1NoHelmet
_12b9ymt0g,13,1039,719,318,361,DHelmetP1NoHelmet
_12b9ymt0g,14,1148,730,349,350,DHelmetP1NoHelmet
_12b9ymt0g,15,1265,746,386,333,DHelmetP1NoHelmet
_12b9ymt0g,16,1393,766,444,314,DHelmetP1NoHelmet
_12b9ymt0g,17,1561,794,359,286,DHelmetP1NoHelmet
_nxe24h2n9,1,1235,665,232,267,DNoHelmetP1NoHelmet
_nxe24h2n9,2,1169,658,216,257,DNoHelmetP1NoHelmet
_nxe24h2n9,3,1107,647,204,252,DNoHelmetP1NoHelmet
_nxe24h2n9,4,1050,643,191,241,DNoHelmetP1NoHelmet
_nxe24h2n9,5,994,638,181,231,DNoHelmetP1NoHelmet
_nxe24h2n9,6,944,633,170,223,DNoHelmetP1NoHelmet
_nxe24h2n9,7,896,626,163,219,DNoHelmetP1NoHelmet
_nxe24h2n9,8,852,623,154,208,DNoHelmetP1NoHelmet
_nxe24h2n9,9,823,620,132,201,DNoHelmetP1NoHelmet
_nxe24h2n9,10,764,619,142,183,DNoHelmetP1NoHelmet
_nxe24h2n9,11,725,610,139,189,DNoHelmetP1NoHelmet
_nxe24h2n9,12,686,607,137,186,DNoHelmetP1NoHelmet
_nxe24h2n9,13,644,603,134,183,DNoHelmetP1NoHelmet
_nxe24h2n9,14,611,601,127,180,DNoHelmetP1NoHelmet
_nxe24h2n9,15,576,597,125,177,DNoHelmetP1NoHelmet
_nxe24h2n9,16,538,592,122,174,DNoHelmetP1NoHelmet
_nxe24h2n9,17,507,589,120,172,DNoHelmetP1NoHelmet
_nxe24h2n9,18,475,587,118,169,DNoHelmetP1NoHelmet
_nxe24h2n9,19,449,585,110,166,DNoHelmetP1NoHelmet
_nxe24h2n9,20,422,581,109,164,DNoHelmetP1NoHelmet
_nxe24h2n9,21,393,578,107,160,DNoHelmetP1NoHelmet
_nxe24h2n9,22,366,574,105,158,DNoHelmetP1NoHelmet
_nxe24h2n9,23,341,573,103,155,DNoHelmetP1NoHelmet
_nxe24h2n9,24,318,571,100,152,DNoHelmetP1NoHelmet
_nxe24h2n9,25,295,568,95,149,DNoHelmetP1NoHelmet
_nxe24h2n9,26,276,565,89,146,DNoHelmetP1NoHelmet
_nxe24h2n9,27,251,564,89,143,DNoHelmetP1NoHelmet
_nxe24h2n9,28,232,561,88,141,DNoHelmetP1NoHelmet
_nxe24h2n9,29,209,560,88,138,DNoHelmetP1NoHelmet
_nxe24h2n9,30,190,561,87,135,DNoHelmetP1NoHelmet
_nxe24h2n9,31,169,559,86,132,DNoHelmetP1NoHelmet
_nxe24h2n9,32,149,553,86,132,DNoHelmetP1NoHelmet
_nxe24h2n9,33,133,553,84,132,DNoHelmetP1NoHelmet
_nxe24h2n9,34,120,555,77,123,DNoHelmetP1NoHelmet
_nxe24h2n9,35,107,553,73,123,DNoHelmetP1NoHelmet
_nxe24h2n9,36,95,550,68,123,DNoHelmetP1NoHelmet
_nxe24h2n9,37,67,548,68,116,DNoHelmetP1NoHelmet
_nxe24h2n9,38,54,547,74,120,DNoHelmetP1NoHelmet
_nxe24h2n9,39,40,542,74,120,DNoHelmetP1NoHelmet
_nxe24h2n9,40,25,542,74,120,DNoHelmetP1NoHelmet
_nxe24h2n9,41,6,542,74,116,DNoHelmetP1NoHelmet
_cfe49g26t,32,1642,702,278,316,DNoHelmet
_cfe49g26t,33,1523,683,285,307,DNoHelmet
_cfe49g26t,34,1418,673,249,289,DNoHelmet
_cfe49g26t,35,1319,662,230,277,DNoHelmet
_cfe49g26t,36,1229,652,212,263,DNoHelmet
_cfe49g26t,37,1148,645,193,251,DNoHelmet
_cfe49g26t,38,1072,637,175,243,DNoHelmet
_cfe49g26t,39,1002,633,164,227,DNoHelmet
_cfe49g26t,40,937,622,152,223,DNoHelmet
_cfe49g26t,41,876,615,143,214,DNoHelmet
_cfe49g26t,42,818,608,133,206,DNoHelmet
_cfe49g26t,43,763,604,128,198,DNoHelmet
_cfe49g26t,44,715,601,119,191,DNoHelmet
_cfe49g26t,45,667,598,119,184,DNoHelmet
_cfe49g26t,46,620,592,119,182,DNoHelmet
_cfe49g26t,47,573,589,107,177,DNoHelmet
_cfe49g26t,48,536,586,101,168,DNoHelmet
_cfe49g26t,49,496,583,98,164,DNoHelmet
_cfe49g26t,50,459,581,96,161,DNoHelmet
_cfe49g26t,51,424,577,93,157,DNoHelmet
_cfe49g26t,52,392,574,86,153,DNoHelmet
_cfe49g26t,53,358,571,87,149,DNoHelmet
_cfe49g26t,54,329,567,83,145,DNoHelmet
_cfe49g26t,55,297,564,82,141,DNoHelmet
_cfe49g26t,56,267,562,81,142,DNoHelmet
_cfe49g26t,57,239,561,82,141,DNoHelmet
_cfe49g26t,58,198,552,81,141,DNoHelmet
_cfe49g26t,59,181,547,81,141,DNoHelmet
_cfe49g26t,60,146,533,81,142,DNoHelmet
_cfe49g26t,61,152,535,81,141,DNoHelmet
_cfe49g26t,62,139,533,82,142,DNoHelmet
_cfe49g26t,63,84,524,82,131,DNoHelmet
_cfe49g26t,64,74,545,81,113,DNoHelmet
_cfe49g26t,65,54,544,66,120,DNoHelmet
_cfe49g26t,66,38,541,64,120,DNoHelmet
_cg4vg21ud,67,19,557,78,147,DHelmetP1NoHelmet
_cg4vg21ud,68,60,561,75,150,DHelmetP1NoHelmet
_cg4vg21ud,69,91,569,82,150,DHelmetP1NoHelmet
_cg4vg21ud,70,123,568,87,159,DHelmetP1NoHelmet
_cg4vg21ud,71,162,571,94,168,DHelmetP1NoHelmet
_cg4vg21ud,72,195,575,103,175,DHelmetP1NoHelmet
_cg4vg21ud,73,238,582,107,178,DHelmetP1NoHelmet
_cg4vg21ud,74,284,586,110,188,DHelmetP1NoHelmet
_cg4vg21ud,75,334,590,118,196,DHelmetP1NoHelmet
_cg4vg21ud,76,388,599,123,199,DHelmetP1NoHelmet
_cg4vg21ud,77,444,604,131,210,DHelmetP1NoHelmet
_cg4vg21ud,78,509,609,136,218,DHelmetP1NoHelmet
_cg4vg21ud,79,573,613,151,234,DHelmetP1NoHelmet
_cg4vg21ud,80,650,624,157,242,DHelmetP1NoHelmet
_cg4vg21ud,81,735,634,171,254,DHelmetP1NoHelmet
_cg4vg21ud,82,820,641,194,276,DHelmetP1NoHelmet
_cg4vg21ud,83,922,654,216,291,DHelmetP1NoHelmet
_cg4vg21ud,84,1040,671,244,310,DHelmetP1NoHelmet
_cg4vg21ud,85,1169,685,281,333,DHelmetP1NoHelmet
_cg4vg21ud,86,1327,700,317,365,DHelmetP1NoHelmet
_cg4vg21ud,87,1500,717,380,363,DHelmetP1NoHelmet
_cg4vg21ud,88,1719,743,201,337,DHelmetP1NoHelmet
_el8hb0uuz,32,8,547,83,150,DNoHelmetP1NoHelmet
_el8hb0uuz,33,19,548,87,153,DNoHelmetP1NoHelmet
_el8hb0uuz,34,38,550,88,155,DNoHelmetP1NoHelmet
_el8hb0uuz,35,57,553,89,156,DNoHelmetP1NoHelmet
_el8hb0uuz,36,76,555,90,158,DNoHelmetP1NoHelmet
_el8hb0uuz,37,96,557,91,160,DNoHelmetP1NoHelmet
_el8hb0uuz,38,115,559,92,162,DNoHelmetP1NoHelmet
_el8hb0uuz,39,134,561,97,164,DNoHelmetP1NoHelmet
_el8hb0uuz,40,153,564,102,166,DNoHelmetP1NoHelmet
_el8hb0uuz,41,173,566,104,169,DNoHelmetP1NoHelmet
_el8hb0uuz,42,196,568,107,172,DNoHelmetP1NoHelmet
_el8hb0uuz,43,216,570,111,174,DNoHelmetP1NoHelmet
_el8hb0uuz,44,238,572,113,177,DNoHelmetP1NoHelmet
_el8hb0uuz,45,265,575,120,178,DNoHelmetP1NoHelmet
_el8hb0uuz,46,287,577,128,179,DNoHelmetP1NoHelmet
_el8hb0uuz,47,312,579,135,180,DNoHelmetP1NoHelmet
_el8hb0uuz,48,342,581,138,182,DNoHelmetP1NoHelmet
_el8hb0uuz,49,372,586,145,183,DNoHelmetP1NoHelmet
_el8hb0uuz,50,400,588,153,184,DNoHelmetP1NoHelmet
_el8hb0uuz,51,429,591,173,186,DNoHelmetP1NoHelmet
_el8hb0uuz,52,466,589,181,192,DNoHelmetP1NoHelmet
_el8hb0uuz,53,499,591,189,193,DNoHelmetP1NoHelmet
_el8hb0uuz,54,539,593,196,194,DNoHelmetP1NoHelmet
_el8hb0uuz,55,576,594,203,195,DNoHelmetP1NoHelmet
_el8hb0uuz,56,616,601,205,192,DNoHelmetP1NoHelmet
_el8hb0uuz,57,657,602,210,193,DNoHelmetP1NoHelmet
_el8hb0uuz,58,696,602,214,195,DNoHelmetP1NoHelmet
_el8hb0uuz,59,738,604,220,195,DNoHelmetP1NoHelmet
_el8hb0uuz,60,776,607,224,195,DNoHelmetP1NoHelmet
_el8hb0uuz,61,814,609,228,195,DNoHelmetP1NoHelmet
_el8hb0uuz,62,859,606,227,203,DNoHelmetP1NoHelmet
_el8hb0uuz,63,900,613,227,200,DNoHelmetP1NoHelmet
_el8hb0uuz,64,942,615,227,200,DNoHelmetP1NoHelmet
_el8hb0uuz,65,979,618,234,202,DNoHelmetP1NoHelmet
_el8hb0uuz,66,1035,620,220,201,DNoHelmetP1NoHelmet
_el8hb0uuz,67,1060,622,233,198,DNoHelmetP1NoHelmet
_el8hb0uuz,68,1099,624,233,195,DNoHelmetP1NoHelmet
_el8hb0uuz,69,1152,627,220,195,DNoHelmetP1NoHelmet
_el8hb0uuz,70,1186,627,222,195,DNoHelmetP1NoHelmet
_el8hb0uuz,71,1238,628,206,195,DNoHelmetP1NoHelmet
_el8hb0uuz,72,1264,624,215,196,DNoHelmetP1NoHelmet
_el8hb0uuz,73,1296,624,217,196,DNoHelmetP1NoHelmet
_el8hb0uuz,74,1339,627,204,196,DNoHelmetP1NoHelmet
_el8hb0uuz,75,1381,625,189,195,DNoHelmetP1NoHelmet
_el8hb0uuz,76,1410,624,187,192,DNoHelmetP1NoHelmet
_el8hb0uuz,77,1439,622,185,190,DNoHelmetP1NoHelmet
_el8hb0uuz,78,1478,620,171,188,DNoHelmetP1NoHelmet
_el8hb0uuz,79,1532,620,117,188,DNoHelmetP1NoHelmet
_el8hb0uuz,80,1551,620,121,187,DNoHelmetP1NoHelmet
_el8hb0uuz,81,1569,620,126,185,DNoHelmetP1NoHelmet
_el8hb0uuz,82,1588,620,130,184,DNoHelmetP1NoHelmet
_el8hb0uuz,83,1606,620,135,183,DNoHelmetP1NoHelmet
_el8hb0uuz,84,1625,620,140,182,DNoHelmetP1NoHelmet
_el8hb0uuz,85,1643,619,145,182,DNoHelmetP1NoHelmet
_el8hb0uuz,86,1656,618,131,180,DNoHelmetP1NoHelmet
_el8hb0uuz,87,1680,617,121,179,DNoHelmetP1NoHelmet
_el8hb0uuz,88,1698,615,113,179,DNoHelmetP1NoHelmet
_el8hb0uuz,89,1713,614,113,177,DNoHelmetP1NoHelmet
_el8hb0uuz,90,1725,617,111,172,DNoHelmetP1NoHelmet
_el8hb0uuz,91,1737,617,109,170,DNoHelmetP1NoHelmet
_el8hb0uuz,92,1749,618,106,166,DNoHelmetP1NoHelmet
_el8hb0uuz,93,1757,615,108,167,DNoHelmetP1NoHelmet
_el8hb0uuz,94,1766,612,109,168,DNoHelmetP1NoHelmet
_el8hb0uuz,95,1775,609,110,168,DNoHelmetP1NoHelmet
_el8hb0uuz,96,1784,606,111,169,DNoHelmetP1NoHelmet
_el8hb0uuz,97,1792,604,113,169,DNoHelmetP1NoHelmet
_el8hb0uuz,98,1799,604,103,161,DNoHelmetP1NoHelmet
_el8hb0uuz,99,1806,604,99,161,DNoHelmetP1NoHelmet
_el8hb0uuz,100,1817,604,91,153,DNoHelmetP1NoHelmet
_uddjjhqmr,88,3,563,89,183,DHelmetP1Helmet
_uddjjhqmr,89,20,571,103,181,DHelmetP1Helmet
_uddjjhqmr,90,54,572,100,187,DHelmetP1Helmet
_uddjjhqmr,91,83,573,101,193,DHelmetP1Helmet
_uddjjhqmr,92,111,576,109,202,DHelmetP1Helmet
_uddjjhqmr,93,139,580,116,210,DHelmetP1Helmet
_uddjjhqmr,94,170,585,123,214,DHelmetP1Helmet
_uddjjhqmr,95,204,590,129,223,DHelmetP1Helmet
_uddjjhqmr,96,237,595,138,226,DHelmetP1Helmet
_uddjjhqmr,97,280,599,140,236,DHelmetP1Helmet
_uddjjhqmr,98,317,603,148,247,DHelmetP1Helmet
_uddjjhqmr,99,360,609,156,258,DHelmetP1Helmet
_uddjjhqmr,100,409,616,164,268,DHelmetP1Helmet
