track_id,frame_id,x,y,w,h,label
_cvx7k8wtg,1,397,585,91,151,DNoHelmet
_cvx7k8wtg,2,361,580,89,150,DNoHelmet
_cvx7k8wtg,3,325,576,87,148,DNoHelmet
_cvx7k8wtg,4,284,573,96,145,DNoHelmet
_cvx7k8wtg,5,254,571,94,142,DNoHelmet
_cvx7k8wtg,6,226,569,89,138,DNoHelmet
_cvx7k8wtg,7,196,566,89,136,DNoHelmet
_cvx7k8wtg,8,165,564,90,132,DNoHelmet
_cvx7k8wtg,9,147,561,77,130,DNoHelmet
_cvx7k8wtg,10,113,558,84,128,DNoHelmet
_cvx7k8wtg,11,85,555,84,125,DNoHelmet
_cvx7k8wtg,12,61,553,80,122,DNoHelmet
_cvx7k8wtg,13,37,550,77,120,DNoHelmet
_cvx7k8wtg,14,10,546,77,120,DNoHelmet
_gizhqzfw0,1,40,553,81,154,DNoHelmetP1NoHelmet
_gizhqzfw0,2,25,553,82,150,DNoHelmetP1NoHelmet
_gizhqzfw0,3,10,552,84,148,DNoHelmetP1NoHelmet
_gizhqzfw0,4,0,552,80,144,DNoHelmetP1NoHelmet
_gizhqzfw0,5,0,550,68,146,DNoHelmetP1NoHelmet
_4m47uweym,52,1625,705,295,359,DHelmet
_4m47uweym,53,1467,690,296,334,DHelmet
_4m47uweym,54,1334,676,254,308,DHelmet
_4m47uweym,55,1210,659,230,294,DHelmet
_4m47uweym,56,1101,646,206,279,DHelmet
_4m47uweym,57,1001,636,189,261,DHelmet
_4m47uweym,58,912,627,173,250,DHelmet
_4m47uweym,59,833,618,156,238,DHelmet
_4m47uweym,60,762,613,140,220,DHelmet
_4m47uweym,61,690,605,132,218,DHelmet
_4m47uweym,62,629,599,125,207,DHelmet
_4m47uweym,63,574,592,117,196,DHelmet
_4m47uweym,64,522,590,110,188,DHelmet
_4m47uweym,65,474,584,102,180,DHelmet
_4m47uweym,66,429,584,94,172,DHelmet
_4m47uweym,67,387,576,90,169,DHelmet
_4m47uweym,68,348,567,87,166,DHelmet
_4m47uweym,69,312,565,84,159,DHelmet
_4m47uweym,70,279,561,77,156,DHelmet
_4m47uweym,71,246,561,77,149,DHelmet
_4m47uweym,72,210,558,75,146,DHelmet
_4m47uweym,73,184,551,73,147,DHelmet
_4m47uweym,74,158,550,71,141,DHelmet
_4m47uweym,75,134,548,70,138,DHelmet
_4m47uweym,76,109,545,67,135,DHelmet
_4m47uweym,77,87,543,65,132,DHelmet
_4m47uweym,78,64,541,64,129,DHelmet
_4m47uweym,79,44,539,62,126,DHelmet
_4m47uweym,80,30,535,52,126,DHelmet
_4m47uweym,81,6,534,60,121,DHelmet
_texpr8b3p,88,0,591,106,243,DNoHelmetP1NoHelmet
_texpr8b3p,89,0,599,132,249,DNoHelmetP1NoHelmet
_texpr8b3p,90,29,603,137,252,DNoHelmetP1NoHelmet
_texpr8b3p,91,61,607,139,256,DNoHelmetP1NoHelmet
_texpr8b3p,92,93,611,140,260,DNoHelmetP1NoHelmet
_texpr8b3p,93,120,617,148,269,DNoHelmetP1NoHelmet
_texpr8b3p,94,154,622,156,279,DNoHelmetP1NoHelmet
_texpr8b3p,95,187,628,164,289,DNoHelmetP1NoHelmet
_texpr8b3p,96,228,634,172,301,DNoHelmetP1NoHelmet
_texpr8b3p,97,270,640,180,314,DNoHelmetP1NoHelmet
_texpr8b3p,98,313,646,188,327,DNoHelmetP1NoHelmet
_texpr8b3p,99,361,653,196,338,DNoHelmetP1NoHelmet
_texpr8b3p,100,409,659,204,351,DNoHelmetP1NoHelmet
