track_id,frame_id,x,y,w,h,label
_u55wspty8,1,578,594,127,151,DHelmetP1NoHelmet
_u55wspty8,2,551,595,125,150,DHelmetP1NoHelmet
_u55wspty8,3,524,596,123,149,DHelmetP1NoHelmet
_u55wspty8,4,496,596,122,148,DHelmetP1NoHelmet
_u55wspty8,5,469,597,120,147,DHelmetP1NoHelmet
_u55wspty8,6,446,597,117,147,DHelmetP1NoHelmet
_u55wspty8,7,423,598,115,146,DHelmetP1NoHelmet
_u55wspty8,8,399,598,113,145,DHelmetP1NoHelmet
_u55wspty8,9,378,599,112,144,DHelmetP1NoHelmet
_u55wspty8,10,358,599,110,144,DHelmetP1NoHelmet
_u55wspty8,11,337,600,108,143,DHelmetP1NoHelmet
_u55wspty8,12,319,600,107,143,DHelmetP1NoHelmet
_u55wspty8,13,301,601,105,141,DHelmetP1NoHelmet
_u55wspty8,14,283,602,103,140,DHelmetP1NoHelmet
_u55wspty8,15,265,602,102,140,DHelmetP1NoHelmet
_u55wspty8,16,256,603,94,138,DHelmetP1NoHelmet
_u55wspty8,17,247,603,86,137,DHelmetP1NoHelmet
_u55wspty8,18,238,604,78,136,DHelmetP1NoHelmet
_fhn3gtzje,1,1055,570,158,172,DNoHelmetP1NoHelmet
_fhn3gtzje,2,1020,571,157,170,DNoHelmetP1NoHelmet
_fhn3gtzje,3,988,573,155,167,DNoHelmetP1NoHelmet
_fhn3gtzje,4,957,575,153,164,DNoHelmetP1NoHelmet
_fhn3gtzje,5,928,575,152,164,DNoHelmetP1NoHelmet
_fhn3gtzje,6,900,576,150,164,DNoHelmetP1NoHelmet
_fhn3gtzje,7,871,576,149,164,DNoHelmetP1NoHelmet
_fhn3gtzje,8,846,577,147,162,DNoHelmetP1NoHelmet
_fhn3gtzje,9,820,578,146,161,DNoHelmetP1NoHelmet
_fhn3gtzje,10,794,579,144,159,DNoHelmetP1NoHelmet
_fhn3gtzje,11,768,580,143,158,DNoHelmetP1NoHelmet
_fhn3gtzje,12,743,581,141,157,DNoHelmetP1NoHelmet
_fhn3gtzje,13,721,582,139,155,DNoHelmetP1NoHelmet
_fhn3gtzje,14,698,583,138,154,DNoHelmetP1NoHelmet
_fhn3gtzje,15,677,584,137,153,DNoHelmetP1NoHelmet
_fhn3gtzje,16,656,585,135,151,DNoHelmetP1NoHelmet
_fhn3gtzje,17,635,585,133,151,DNoHelmetP1NoHelmet
_fhn3gtzje,18,613,586,133,149,DNoHelmetP1NoHelmet
_fhn3gtzje,19,596,587,131,148,DNoHelmetP1NoHelmet
_fhn3gtzje,20,578,588,129,147,DNoHelmetP1NoHelmet
_fhn3gtzje,21,561,588,127,146,DNoHelmetP1NoHelmet
_fhn3gtzje,22,544,589,126,146,DNoHelmetP1NoHelmet
_fhn3gtzje,23,526,590,126,145,DNoHelmetP1NoHelmet
_fhn3gtzje,24,511,591,124,144,DNoHelmetP1NoHelmet
_fhn3gtzje,25,495,592,124,144,DNoHelmetP1NoHelmet
_fhn3gtzje,26,479,593,123,143,DNoHelmetP1NoHelmet
_fhn3gtzje,27,466,594,122,142,DNoHelmetP1NoHelmet
_fhn3gtzje,28,453,594,121,143,DNoHelmetP1NoHelmet
_fhn3gtzje,29,440,595,120,142,DNoHelmetP1NoHelmet
_fhn3gtzje,30,427,596,119,141,DNoHelmetP1NoHelmet
_fhn3gtzje,31,415,597,118,140,DNoHelmetP1NoHelmet
_fhn3gtzje,32,402,597,117,140,DNoHelmetP1NoHelmet
_fhn3gtzje,33,390,597,116,140,DNoHelmetP1NoHelmet
_fhn3gtzje,34,379,598,115,139,DNoHelmetP1NoHelmet
_fhn3gtzje,35,367,598,115,139,DNoHelmetP1NoHelmet
_fhn3gtzje,36,357,598,113,139,DNoHelmetP1NoHelmet
_fhn3gtzje,37,347,598,112,139,DNoHelmetP1NoHelmet
_fhn3gtzje,38,337,598,111,139,DNoHelmetP1NoHelmet
_fhn3gtzje,39,327,598,110,139,DNoHelmetP1NoHelmet
_fhn3gtzje,40,317,597,109,140,DNoHelmetP1NoHelmet
_fhn3gtzje,41,309,598,108,139,DNoHelmetP1NoHelmet
_fhn3gtzje,42,301,598,108,140,DNoHelmetP1NoHelmet
_fhn3gtzje,43,294,599,106,139,DNoHelmetP1NoHelmet
_fhn3gtzje,44,286,599,105,139,DNoHelmetP1NoHelmet
_fhn3gtzje,45,275,600,108,138,DNoHelmetP1NoHelmet
_fhn3gtzje,46,265,600,110,138,DNoHelmetP1NoHelmet
_fhn3gtzje,47,254,601,113,137,DNoHelmetP1NoHelmet
_fhn3gtzje,48,244,601,115,137,DNoHelmetP1NoHelmet
_fhn3gtzje,49,244,601,106,137,DNoHelmetP1NoHelmet
_fhn3gtzje,50,244,601,97,137,DNoHelmetP1NoHelmet
_fhn3gtzje,51,244,601,87,136,DNoHelmetP1NoHelmet
_fhn3gtzje,52,244,601,78,136,DNoHelmetP1NoHelmet
_6ovu4wdr9,1,1630,548,226,203,DHelmetP1Helmet
_6ovu4wdr9,2,1569,551,218,200,DHelmetP1Helmet
_6ovu4wdr9,3,1515,553,212,197,DHelmetP1Helmet
_6ovu4wdr9,4,1459,555,206,194,DHelmetP1Helmet
_6ovu4wdr9,5,1405,556,199,191,DHelmetP1Helmet
_6ovu4wdr9,6,1361,557,191,188,DHelmetP1Helmet
_6ovu4wdr9,7,1314,559,188,186,DHelmetP1Helmet
_6ovu4wdr9,8,1269,560,184,185,DHelmetP1Helmet
_6ovu4wdr9,9,1224,561,180,183,DHelmetP1Helmet
_6ovu4wdr9,10,1185,563,176,181,DHelmetP1Helmet
_6ovu4wdr9,11,1146,565,173,179,DHelmetP1Helmet
_6ovu4wdr9,12,1110,566,170,178,DHelmetP1Helmet
_6ovu4wdr9,13,1073,568,167,176,DHelmetP1Helmet
_6ovu4wdr9,14,1040,570,164,174,DHelmetP1Helmet
_6ovu4wdr9,15,1006,571,161,173,DHelmetP1Helmet
_6ovu4wdr9,16,977,572,157,171,DHelmetP1Helmet
_6ovu4wdr9,17,947,574,154,169,DHelmetP1Helmet
_6ovu4wdr9,18,921,575,150,167,DHelmetP1Helmet
_6ovu4wdr9,19,894,576,147,166,DHelmetP1Helmet
_6ovu4wdr9,20,868,577,144,164,DHelmetP1Helmet
_6ovu4wdr9,21,842,579,142,161,DHelmetP1Helmet
_6ovu4wdr9,22,820,580,139,160,DHelmetP1Helmet
_6ovu4wdr9,23,798,581,136,158,DHelmetP1Helmet
_6ovu4wdr9,24,778,582,134,157,DHelmetP1Helmet
_6ovu4wdr9,25,760,583,131,156,DHelmetP1Helmet
_6ovu4wdr9,26,742,583,129,155,DHelmetP1Helmet
_6ovu4wdr9,27,723,584,127,154,DHelmetP1Helmet
_6ovu4wdr9,28,707,584,124,154,DHelmetP1Helmet
_6ovu4wdr9,29,691,585,121,153,DHelmetP1Helmet
_6ovu4wdr9,30,675,585,119,153,DHelmetP1Helmet
_6ovu4wdr9,31,659,586,119,151,DHelmetP1Helmet
_6ovu4wdr9,32,642,586,120,151,DHelmetP1Helmet
_6ovu4wdr9,33,628,587,119,150,DHelmetP1Helmet
_6ovu4wdr9,34,613,588,120,149,DHelmetP1Helmet
_6ovu4wdr9,35,600,588,118,148,DHelmetP1Helmet
_6ovu4wdr9,36,586,589,117,147,DHelmetP1Helmet
_6ovu4wdr9,37,573,589,115,147,DHelmetP1Helmet
_6ovu4wdr9,38,560,590,113,146,DHelmetP1Helmet
_6ovu4wdr9,39,548,591,112,145,DHelmetP1Helmet
_6ovu4wdr9,40,535,591,111,144,DHelmetP1Helmet
_6ovu4wdr9,41,525,592,109,143,DHelmetP1Helmet
_6ovu4wdr9,42,514,593,108,142,DHelmetP1Helmet
_6ovu4wdr9,43,503,594,106,141,DHelmetP1Helmet
_6ovu4wdr9,44,492,594,105,140,DHelmetP1Helmet
_6ovu4wdr9,45,482,594,103,140,DHelmetP1Helmet
_6ovu4wdr9,46,471,595,102,139,DHelmetP1Helmet
_6ovu4wdr9,47,462,595,100,139,DHelmetP1Helmet
_6ovu4wdr9,48,452,595,100,138,DHelmetP1Helmet
_6ovu4wdr9,49,442,596,98,137,DHelmetP1Helmet
_6ovu4wdr9,50,432,597,97,136,DHelmetP1Helmet
_6ovu4wdr9,51,422,598,96,135,DHelmetP1Helmet
_6ovu4wdr9,52,413,599,96,134,DHelmetP1Helmet
_6ovu4wdr9,53,405,599,94,133,DHelmetP1Helmet
_6ovu4wdr9,54,396,599,94,133,DHelmetP1Helmet
_6ovu4wdr9,55,388,600,92,132,DHelmetP1Helmet
_6ovu4wdr9,56,382,600,91,132,DHelmetP1Helmet
_6ovu4wdr9,57,377,600,88,131,DHelmetP1Helmet
_6ovu4wdr9,58,371,601,89,130,DHelmetP1Helmet
_6ovu4wdr9,59,361,599,90,134,DHelmetP1Helmet
_6ovu4wdr9,60,353,600,91,132,DHelmetP1Helmet
_6ovu4wdr9,61,346,600,92,132,DHelmetP1Helmet
_6ovu4wdr9,62,339,600,92,132,DHelmetP1Helmet
_6ovu4wdr9,63,331,600,94,132,DHelmetP1Helmet
_6ovu4wdr9,64,324,601,94,131,DHelmetP1Helmet
_6ovu4wdr9,65,317,601,95,130,DHelmetP1Helmet
_6ovu4wdr9,66,309,601,98,130,DHelmetP1Helmet
_6ovu4wdr9,67,301,602,101,129,DHelmetP1Helmet
_6ovu4wdr9,68,293,602,105,129,DHelmetP1Helmet
_6ovu4wdr9,69,287,602,104,129,DHelmetP1Helmet
_6ovu4wdr9,70,281,603,103,127,DHelmetP1Helmet
_6ovu4wdr9,71,275,603,103,127,DHelmetP1Helmet
_6ovu4wdr9,72,270,603,102,127,DHelmetP1Helmet
_6ovu4wdr9,73,265,604,102,126,DHelmetP1Helmet
_6ovu4wdr9,74,260,604,102,126,DHelmetP1Helmet
_6ovu4wdr9,75,255,604,102,126,DHelmetP1Helmet
_6ovu4wdr9,76,250,604,102,126,DHelmetP1Helmet
_6ovu4wdr9,77,245,604,102,126,DHelmetP1Helmet
_6ovu4wdr9,78,240,605,102,125,DHelmetP1Helmet
_6ovu4wdr9,79,236,605,101,126,DHelmetP1Helmet
_6ovu4wdr9,80,231,605,101,126,DHelmetP1Helmet
_6ovu4wdr9,81,226,605,101,126,DHelmetP1Helmet
_6ovu4wdr9,82,221,606,101,125,DHelmetP1Helmet
_6ovu4wdr9,83,216,606,101,125,DHelmetP1Helmet
_6ovu4wdr9,84,211,606,101,125,DHelmetP1Helmet
_6ovu4wdr9,85,206,606,102,125,DHelmetP1Helmet
_6ovu4wdr9,86,201,606,102,126,DHelmetP1Helmet
_6ovu4wdr9,87,196,607,102,125,DHelmetP1Helmet
_6ovu4wdr9,88,191,607,102,125,DHelmetP1Helmet
_6ovu4wdr9,89,186,607,102,125,DHelmetP1Helmet
_6ovu4wdr9,90,184,607,101,125,DHelmetP1Helmet
_6ovu4wdr9,91,181,608,101,124,DHelmetP1Helmet
_6ovu4wdr9,92,178,608,102,124,DHelmetP1Helmet
_6ovu4wdr9,93,178,608,101,125,DHelmetP1Helmet
_6ovu4wdr9,94,178,608,101,125,DHelmetP1Helmet
_6ovu4wdr9,95,177,608,101,125,DHelmetP1Helmet
_6ovu4wdr9,96,177,608,100,125,DHelmetP1Helmet
_6ovu4wdr9,97,176,608,101,125,DHelmetP1Helmet
_6ovu4wdr9,98,176,608,101,125,DHelmetP1Helmet
_6ovu4wdr9,99,175,608,102,125,DHelmetP1Helmet
_6ovu4wdr9,100,175,608,101,125,DHelmetP1Helmet
_xv9w6ylu8,62,1782,553,138,206,DNoHelmetP1NoHelmetP2NoHelmet
_xv9w6ylu8,63,1701,549,219,210,DNoHelmetP1NoHelmetP2NoHelmet
_xv9w6ylu8,64,1629,549,230,208,DNoHelmetP1NoHelmetP2NoHelmet
_xv9w6ylu8,65,1557,550,220,205,DNoHelmetP1NoHelmetP2NoHelmet
_xv9w6ylu8,66,1486,550,218,202,DNoHelmetP1NoHelmetP2NoHelmet
_xv9w6ylu8,67,1424,549,213,200,DNoHelmetP1NoHelmetP2NoHelmet
_xv9w6ylu8,68,1353,552,209,197,DNoHelmetP1NoHelmetP2NoHelmet
_xv9w6ylu8,69,1296,555,203,193,DNoHelmetP1NoHelmetP2NoHelmet
_xv9w6ylu8,70,1238,557,199,191,DNoHelmetP1NoHelmetP2NoHelmet
_xv9w6ylu8,71,1180,559,194,188,DNoHelmetP1NoHelmetP2NoHelmet
_xv9w6ylu8,72,1132,562,183,185,DNoHelmetP1NoHelmetP2NoHelmet
_xv9w6ylu8,73,1082,564,181,182,DNoHelmetP1NoHelmetP2NoHelmet
_xv9w6ylu8,74,1032,566,178,179,DNoHelmetP1NoHelmetP2NoHelmet
_xv9w6ylu8,75,988,567,172,178,DNoHelmetP1NoHelmetP2NoHelmet
_xv9w6ylu8,76,943,568,167,176,DNoHelmetP1NoHelmetP2NoHelmet
_xv9w6ylu8,77,899,569,161,175,DNoHelmetP1NoHelmetP2NoHelmet
_xv9w6ylu8,78,860,570,155,173,DNoHelmetP1NoHelmetP2NoHelmet
_xv9w6ylu8,79,822,571,148,172,DNoHelmetP1NoHelmetP2NoHelmet
_xv9w6ylu8,80,787,571,143,171,DNoHelmetP1NoHelmetP2NoHelmet
_xv9w6ylu8,81,749,576,139,165,DNoHelmetP1NoHelmetP2NoHelmet
_xv9w6ylu8,82,719,577,135,164,DNoHelmetP1NoHelmetP2NoHelmet
_xv9w6ylu8,83,688,577,132,163,DNoHelmetP1NoHelmetP2NoHelmet
_xv9w6ylu8,84,658,578,128,161,DNoHelmetP1NoHelmetP2NoHelmet
_xv9w6ylu8,85,632,579,124,159,DNoHelmetP1NoHelmetP2NoHelmet
_xv9w6ylu8,86,606,581,120,157,DNoHelmetP1NoHelmetP2NoHelmet
_xv9w6ylu8,87,581,582,116,155,DNoHelmetP1NoHelmetP2NoHelmet
_xv9w6ylu8,88,555,584,112,152,DNoHelmetP1NoHelmetP2NoHelmet
_xv9w6ylu8,89,535,585,108,151,DNoHelmetP1NoHelmetP2NoHelmet
_xv9w6ylu8,90,514,587,107,148,DNoHelmetP1NoHelmetP2NoHelmet
_xv9w6ylu8,91,493,588,105,146,DNoHelmetP1NoHelmetP2NoHelmet
_xv9w6ylu8,92,473,590,102,145,DNoHelmetP1NoHelmetP2NoHelmet
_xv9w6ylu8,93,454,592,100,143,DNoHelmetP1NoHelmetP2NoHelmet
_xv9w6ylu8,94,436,594,97,142,DNoHelmetP1NoHelmetP2NoHelmet
_xv9w6ylu8,95,423,594,92,140,DNoHelmetP1NoHelmetP2NoHelmet
_xv9w6ylu8,96,409,594,87,139,DNoHelmetP1NoHelmetP2NoHelmet
_xv9w6ylu8,97,396,594,81,137,DNoHelmetP1NoHelmetP2NoHelmet
_xv9w6ylu8,98,383,595,80,136,DNoHelmetP1NoHelmetP2NoHelmet
_xv9w6ylu8,99,370,596,80,134,DNoHelmetP1NoHelmetP2NoHelmet
_xv9w6ylu8,100,357,597,79,133,DNoHelmetP1NoHelmetP2NoHelmet
_oxhk6f0q7,37,5,639,153,212,DNoHelmet
_oxhk6f0q7,38,4,633,231,216,DNoHelmet
_oxhk6f0q7,39,46,630,259,222,DNoHelmet
_oxhk6f0q7,40,112,624,261,225,DNoHelmet
_oxhk6f0q7,41,179,619,261,224,DNoHelmet
_oxhk6f0q7,42,242,617,261,225,DNoHelmet
_oxhk6f0q7,43,302,614,264,223,DNoHelmet
_oxhk6f0q7,44,358,611,264,223,DNoHelmet
_oxhk6f0q7,45,413,607,267,223,DNoHelmet
_oxhk6f0q7,46,465,601,264,226,DNoHelmet
_oxhk6f0q7,47,508,603,264,221,DNoHelmet
_oxhk6f0q7,48,551,605,265,217,DNoHelmet
_oxhk6f0q7,49,593,608,259,206,DNoHelmet
_oxhk6f0q7,50,626,605,255,207,DNoHelmet
_oxhk6f0q7,51,658,602,252,209,DNoHelmet
_oxhk6f0q7,52,690,599,239,210,DNoHelmet
_oxhk6f0q7,53,722,597,226,210,DNoHelmet
_oxhk6f0q7,54,748,594,220,211,DNoHelmet
_oxhk6f0q7,55,775,591,214,213,DNoHelmet
_oxhk6f0q7,56,794,590,214,213,DNoHelmet
_oxhk6f0q7,57,814,589,214,212,DNoHelmet
_oxhk6f0q7,58,834,589,214,211,DNoHelmet
_oxhk6f0q7,59,853,588,218,211,DNoHelmet
_oxhk6f0q7,60,874,587,220,209,DNoHelmet
_oxhk6f0q7,61,894,586,223,208,DNoHelmet
_oxhk6f0q7,62,915,584,225,208,DNoHelmet
_oxhk6f0q7,63,936,586,228,205,DNoHelmet
_oxhk6f0q7,64,956,587,231,203,DNoHelmet
_oxhk6f0q7,65,984,586,222,202,DNoHelmet
_oxhk6f0q7,66,1013,585,211,200,DNoHelmet
_oxhk6f0q7,67,1035,584,203,200,DNoHelmet
_oxhk6f0q7,68,1057,582,195,200,DNoHelmet
_oxhk6f0q7,69,1080,580,186,200,DNoHelmet
_oxhk6f0q7,70,1102,578,178,200,DNoHelmet
_oxhk6f0q7,71,1118,578,172,198,DNoHelmet
_oxhk6f0q7,72,1134,578,165,195,DNoHelmet
_oxhk6f0q7,73,1149,578,157,196,DNoHelmet
_oxhk6f0q7,74,1169,578,140,193,DNoHelmet
_oxhk6f0q7,75,1190,577,123,191,DNoHelmet
_oxhk6f0q7,76,1200,577,116,188,DNoHelmet
_oxhk6f0q7,77,1211,577,109,185,DNoHelmet
_oxhk6f0q7,78,1221,577,102,182,DNoHelmet
_oxhk6f0q7,79,1223,577,100,179,DNoHelmet
_oxhk6f0q7,80,1225,576,93,178,DNoHelmet
_oxhk6f0q7,81,1220,575,91,176,DNoHelmet
_oxhk6f0q7,82,1217,575,86,173,DNoHelmet
_oxhk6f0q7,83,1213,574,84,172,DNoHelmet
_oxhk6f0q7,84,1192,574,98,169,DNoHelmet
_oxhk6f0q7,85,1177,573,103,167,DNoHelmet
_oxhk6f0q7,86,1166,581,103,159,DNoHelmet
_oxhk6f0q7,87,1163,581,60,159,DNoHelmet
_oxhk6f0q7,88,1139,581,71,157,DNoHelmet
_oxhk6f0q7,89,1115,582,81,153,DNoHelmet
_oxhk6f0q7,90,1090,583,93,149,DNoHelmet
_oxhk6f0q7,91,1066,584,103,146,DNoHelmet
_oxhk6f0q7,92,1041,584,103,145,DNoHelmet
_oxhk6f0q7,93,1015,585,104,143,DNoHelmet
_oxhk6f0q7,94,990,586,104,141,DNoHelmet
_oxhk6f0q7,95,960,587,106,139,DNoHelmet
_oxhk6f0q7,96,931,587,107,138,DNoHelmet
_oxhk6f0q7,97,901,588,109,137,DNoHelmet
_oxhk6f0q7,98,873,589,109,135,DNoHelmet
_oxhk6f0q7,99,844,590,110,133,DNoHelmet
_oxhk6f0q7,100,817,588,110,134,DNoHelmet
_82n9msjc9,39,1,622,137,175,DNoHelmet
_82n9msjc9,40,18,625,163,172,DNoHelmet
_82n9msjc9,41,53,624,188,169,DNoHelmet
_82n9msjc9,42,87,623,214,165,DNoHelmet
_82n9msjc9,43,133,622,201,162,DNoHelmet
_82n9msjc9,44,178,620,184,156,DNoHelmet
_82n9msjc9,45,212,619,178,157,DNoHelmet
_82n9msjc9,46,246,618,172,159,DNoHelmet
_82n9msjc9,47,276,617,167,160,DNoHelmet
_82n9msjc9,48,310,615,154,158,DNoHelmet
_82n9msjc9,49,321,614,162,149,DNoHelmet
_82n9msjc9,50,344,613,155,149,DNoHelmet
_82n9msjc9,51,367,612,146,148,DNoHelmet
_82n9msjc9,52,390,611,129,147,DNoHelmet
_82n9msjc9,53,412,610,112,147,DNoHelmet
_82n9msjc9,54,435,609,95,146,DNoHelmet
_82n9msjc9,55,457,608,85,144,DNoHelmet
_82n9msjc9,56,479,607,74,142,DNoHelmet
_82n9msjc9,57,487,607,75,140,DNoHelmet
_82n9msjc9,58,495,608,75,138,DNoHelmet
_82n9msjc9,59,503,608,70,137,DNoHelmet
_82n9msjc9,60,512,609,64,134,DNoHelmet
_82n9msjc9,61,513,607,73,133,DNoHelmet
_82n9msjc9,62,513,607,72,133,DNoHelmet
_82n9msjc9,63,513,607,71,132,DNoHelmet
_82n9msjc9,64,513,607,70,131,DNoHelmet
_82n9msjc9,65,513,607,69,130,DNoHelmet
_82n9msjc9,66,513,607,68,130,DNoHelmet
_82n9msjc9,67,513,607,73,129,DNoHelmet
_82n9msjc9,68,508,607,73,128,DNoHelmet
_82n9msjc9,69,506,607,70,127,DNoHelmet
_82n9msjc9,70,503,607,68,126,DNoHelmet
_82n9msjc9,71,500,607,67,126,DNoHelmet
_82n9msjc9,72,493,607,67,125,DNoHelmet
_82n9msjc9,73,486,607,68,124,DNoHelmet
_82n9msjc9,74,479,607,69,123,DNoHelmet
_82n9msjc9,75,472,607,70,122,DNoHelmet
_82n9msjc9,76,463,607,72,122,DNoHelmet
_82n9msjc9,77,454,607,75,121,DNoHelmet
_82n9msjc9,78,444,607,79,120,DNoHelmet
_82n9msjc9,79,430,608,78,118,DNoHelmet
_82n9msjc9,80,416,609,81,116,DNoHelmet
_82n9msjc9,81,402,609,84,116,DNoHelmet
_82n9msjc9,82,393,611,85,114,DNoHelmet
_82n9msjc9,83,377,612,86,113,DNoHelmet
_82n9msjc9,84,362,612,87,112,DNoHelmet
_82n9msjc9,85,346,612,88,111,DNoHelmet
_82n9msjc9,86,331,612,88,111,DNoHelmet
_82n9msjc9,87,316,613,89,109,DNoHelmet
_82n9msjc9,88,306,613,83,110,DNoHelmet
_82n9msjc9,89,296,614,79,109,DNoHelmet
_82n9msjc9,90,285,614,75,108,DNoHelmet
_82n9msjc9,91,274,615,71,107,DNoHelmet
_82n9msjc9,92,264,615,66,107,DNoHelmet
_82n9msjc9,93,253,615,63,107,DNoHelmet
_1mahlg0au,46,1,624,184,211,DHelmet
_1mahlg0au,47,20,617,231,219,DHelmet
_1mahlg0au,48,74,614,241,218,DHelmet
_1mahlg0au,49,129,611,245,219,DHelmet
_1mahlg0au,50,185,608,248,219,DHelmet
_1mahlg0au,51,241,605,247,219,DHelmet
_1mahlg0au,52,296,602,247,219,DHelmet
_1mahlg0au,53,343,599,247,219,DHelmet
_1mahlg0au,54,389,596,247,219,DHelmet
_1mahlg0au,55,429,594,248,219,DHelmet
_1mahlg0au,56,468,592,249,218,DHelmet
_1mahlg0au,57,504,590,247,218,DHelmet
_1mahlg0au,58,531,587,248,218,DHelmet
_1mahlg0au,59,559,584,249,218,DHelmet
_1mahlg0au,60,580,586,249,217,DHelmet
_1mahlg0au,61,604,587,245,215,DHelmet
_1mahlg0au,62,625,585,240,216,DHelmet
_1mahlg0au,63,609,584,275,215,DHelmet
_1mahlg0au,64,640,581,261,214,DHelmet
_1mahlg0au,65,663,582,247,213,DHelmet
_1mahlg0au,66,686,584,234,211,DHelmet
_1mahlg0au,67,709,585,220,210,DHelmet
_1mahlg0au,68,732,586,206,209,DHelmet
_1mahlg0au,69,755,584,221,210,DHelmet
_1mahlg0au,70,779,584,212,208,DHelmet
_1mahlg0au,71,802,584,204,207,DHelmet
_1mahlg0au,72,826,584,195,205,DHelmet
_1mahlg0au,73,847,584,185,203,DHelmet
_1mahlg0au,74,871,583,173,201,DHelmet
_1mahlg0au,75,896,583,159,199,DHelmet
_1mahlg0au,76,921,583,146,196,DHelmet
_1mahlg0au,77,936,584,133,194,DHelmet
_1mahlg0au,78,951,585,121,192,DHelmet
_1mahlg0au,79,962,585,111,190,DHelmet
_1mahlg0au,80,973,585,101,187,DHelmet
_1mahlg0au,81,975,584,99,184,DHelmet
_1mahlg0au,82,973,583,96,182,DHelmet
_1mahlg0au,83,972,582,93,179,DHelmet
_1mahlg0au,84,968,582,92,176,DHelmet
_1mahlg0au,85,964,582,90,174,DHelmet
_1mahlg0au,86,953,582,93,171,DHelmet
_1mahlg0au,87,943,583,95,168,DHelmet
_1mahlg0au,88,932,583,98,166,DHelmet
_1mahlg0au,89,922,583,100,164,DHelmet
_1mahlg0au,90,912,584,102,160,DHelmet
_1mahlg0au,91,897,585,105,158,DHelmet
_1mahlg0au,92,883,586,106,155,DHelmet
_1mahlg0au,93,868,587,109,153,DHelmet
_1mahlg0au,94,852,588,108,150,DHelmet
_1mahlg0au,95,835,588,108,148,DHelmet
_1mahlg0au,96,816,589,112,146,DHelmet
_1mahlg0au,97,798,589,106,146,DHelmet
_1mahlg0au,98,779,589,102,145,DHelmet
_1mahlg0au,99,758,590,102,143,DHelmet
_1mahlg0au,100,737,590,100,143,DHelmet
_qtl2dcksx,1,721,586,132,151,DHelmetP1Helmet
_qtl2dcksx,2,701,587,132,150,DHelmetP1Helmet
_qtl2dcksx,3,682,587,131,150,DHelmetP1Helmet
_qtl2dcksx,4,664,587,130,150,DHelmetP1Helmet
_qtl2dcksx,5,646,588,128,149,DHelmetP1Helmet
_qtl2dcksx,6,627,588,128,149,DHelmetP1Helmet
_qtl2dcksx,7,609,588,126,149,DHelmetP1Helmet
_qtl2dcksx,8,591,589,126,148,DHelmetP1Helmet
_qtl2dcksx,9,574,589,124,148,DHelmetP1Helmet
_qtl2dcksx,10,556,589,124,148,DHelmetP1Helmet
_qtl2dcksx,11,538,590,123,147,DHelmetP1Helmet
_qtl2dcksx,12,521,592,123,145,DHelmetP1Helmet
_qtl2dcksx,13,503,594,124,144,DHelmetP1Helmet
_qtl2dcksx,14,485,596,125,142,DHelmetP1Helmet
_qtl2dcksx,15,470,597,123,140,DHelmetP1Helmet
_qtl2dcksx,16,455,597,122,140,DHelmetP1Helmet
_qtl2dcksx,17,440,597,121,140,DHelmetP1Helmet
_qtl2dcksx,18,425,598,119,138,DHelmetP1Helmet
_qtl2dcksx,19,413,598,117,138,DHelmetP1Helmet
_qtl2dcksx,20,401,598,116,137,DHelmetP1Helmet
_qtl2dcksx,21,389,598,114,137,DHelmetP1Helmet
_qtl2dcksx,22,377,598,112,137,DHelmetP1Helmet
_qtl2dcksx,23,365,598,111,136,DHelmetP1Helmet
_qtl2dcksx,24,354,599,109,136,DHelmetP1Helmet
_qtl2dcksx,25,342,600,109,135,DHelmetP1Helmet
_qtl2dcksx,26,331,602,108,133,DHelmetP1Helmet
_qtl2dcksx,27,319,603,108,133,DHelmetP1Helmet
_qtl2dcksx,28,308,604,107,132,DHelmetP1Helmet
_qtl2dcksx,29,298,604,106,132,DHelmetP1Helmet
_qtl2dcksx,30,288,603,105,132,DHelmetP1Helmet
_qtl2dcksx,31,279,603,102,132,DHelmetP1Helmet
_qtl2dcksx,32,269,602,101,132,DHelmetP1Helmet
_qtl2dcksx,33,260,603,100,132,DHelmetP1Helmet
_qtl2dcksx,34,252,603,98,132,DHelmetP1Helmet
_qtl2dcksx,35,247,603,95,132,DHelmetP1Helmet
_qtl2dcksx,36,242,603,91,133,DHelmetP1Helmet
_qtl2dcksx,37,237,603,87,133,DHelmetP1Helmet
