track_id,frame_id,x,y,w,h,label
_urfcpuwyv,1,575,591,132,162,DHelmet
_urfcpuwyv,2,532,594,129,159,DHelmet
_urfcpuwyv,3,490,597,126,157,DHelmet
_urfcpuwyv,4,451,599,122,154,DHelmet
_urfcpuwyv,5,412,601,119,152,DHelmet
_urfcpuwyv,6,375,602,118,150,DHelmet
_urfcpuwyv,7,339,603,116,148,DHelmet
_urfcpuwyv,8,302,604,115,146,DHelmet
_urfcpuwyv,9,269,605,116,146,DHelmet
_urfcpuwyv,10,237,606,115,146,DHelmet
_xjssuotad,1,908,579,156,154,DHelmetP1Helmet
_xjssuotad,2,871,581,154,152,DHelmetP1Helmet
_xjssuotad,3,833,582,153,151,DHelmetP1Helmet
_xjssuotad,4,801,583,151,150,DHelmetP1Helmet
_xjssuotad,5,768,585,150,148,DHelmetP1Helmet
_xjssuotad,6,735,586,148,147,DHelmetP1Helmet
_xjssuotad,7,702,588,147,146,DHelmetP1Helmet
_xjssuotad,8,673,589,144,145,DHelmetP1Helmet
_xjssuotad,9,644,590,140,144,DHelmetP1Helmet
_xjssuotad,10,615,592,136,142,DHelmetP1Helmet
_xjssuotad,11,588,593,135,141,DHelmetP1Helmet
_xjssuotad,12,560,595,134,139,DHelmetP1Helmet
_xjssuotad,13,533,596,132,138,DHelmetP1Helmet
_xjssuotad,14,508,597,132,137,DHelmetP1Helmet
_xjssuotad,15,483,598,131,137,DHelmetP1Helmet
_xjssuotad,16,458,599,130,136,DHelmetP1Helmet
_xjssuotad,17,433,600,129,135,DHelmetP1Helmet
_xjssuotad,18,408,601,128,134,DHelmetP1Helmet
_xjssuotad,19,384,602,127,133,DHelmetP1Helmet
_xjssuotad,20,361,603,126,132,DHelmetP1Helmet
_xjssuotad,21,338,604,126,132,DHelmetP1Helmet
_xjssuotad,22,316,605,124,131,DHelmetP1Helmet
_xjssuotad,23,294,606,125,129,DHelmetP1Helmet
_xjssuotad,24,273,607,124,127,DHelmetP1Helmet
_rxppybrjq,4,1821,556,99,184,DNoHelmetP1NoHelmet
_rxppybrjq,5,1788,556,126,183,DNoHelmetP1NoHelmet
_rxppybrjq,6,1754,556,131,182,DNoHelmetP1NoHelmet
_rxppybrjq,7,1709,560,135,178,DNoHelmetP1NoHelmet
_rxppybrjq,8,1671,561,134,176,DNoHelmetP1NoHelmet
_rxppybrjq,9,1633,562,132,174,DNoHelmetP1NoHelmet
_rxppybrjq,10,1594,563,132,172,DNoHelmetP1NoHelmet
_rxppybrjq,11,1556,564,131,170,DNoHelmetP1NoHelmet
_rxppybrjq,12,1523,565,129,169,DNoHelmetP1NoHelmet
_rxppybrjq,13,1490,567,128,166,DNoHelmetP1NoHelmet
_rxppybrjq,14,1457,568,126,165,DNoHelmetP1NoHelmet
_rxppybrjq,15,1423,570,126,163,DNoHelmetP1NoHelmet
_rxppybrjq,16,1390,571,124,161,DNoHelmetP1NoHelmet
_rxppybrjq,17,1357,573,123,159,DNoHelmetP1NoHelmet
_rxppybrjq,18,1324,575,121,156,DNoHelmetP1NoHelmet
_rxppybrjq,19,1296,576,122,156,DNoHelmetP1NoHelmet
_rxppybrjq,20,1269,577,121,155,DNoHelmetP1NoHelmet
_rxppybrjq,21,1240,578,122,154,DNoHelmetP1NoHelmet
_rxppybrjq,22,1211,579,122,153,DNoHelmetP1NoHelmet
_rxppybrjq,23,1183,580,121,153,DNoHelmetP1NoHelmet
_rxppybrjq,24,1154,581,122,152,DNoHelmetP1NoHelmet
_rxppybrjq,25,1126,582,122,151,DNoHelmetP1NoHelmet
_rxppybrjq,26,1099,583,122,151,DNoHelmetP1NoHelmet
_rxppybrjq,27,1071,584,122,150,DNoHelmetP1NoHelmet
_rxppybrjq,28,1043,585,122,149,DNoHelmetP1NoHelmet
_rxppybrjq,29,1016,586,122,149,DNoHelmetP1NoHelmet
_rxppybrjq,30,992,587,122,147,DNoHelmetP1NoHelmet
_rxppybrjq,31,968,588,122,146,DNoHelmetP1NoHelmet
_rxppybrjq,32,944,588,122,146,DNoHelmetP1NoHelmet
_rxppybrjq,33,920,589,122,145,DNoHelmetP1NoHelmet
_rxppybrjq,34,896,590,122,144,DNoHelmetP1NoHelmet
_rxppybrjq,35,871,591,123,143,DNoHelmetP1NoHelmet
_rxppybrjq,36,847,591,123,143,DNoHelmetP1NoHelmet
_rxppybrjq,37,823,592,123,142,DNoHelmetP1NoHelmet
_rxppybrjq,38,804,593,122,142,DNoHelmetP1NoHelmet
_rxppybrjq,39,784,594,123,141,DNoHelmetP1NoHelmet
_rxppybrjq,40,765,594,122,142,DNoHelmetP1NoHelmet
_rxppybrjq,41,745,595,122,141,DNoHelmetP1NoHelmet
_rxppybrjq,42,725,595,122,141,DNoHelmetP1NoHelmet
_rxppybrjq,43,705,595,122,141,DNoHelmetP1NoHelmet
_rxppybrjq,44,684,595,123,140,DNoHelmetP1NoHelmet
_rxppybrjq,45,664,595,123,140,DNoHelmetP1NoHelmet
_rxppybrjq,46,649,596,122,139,DNoHelmetP1NoHelmet
_rxppybrjq,47,633,596,123,139,DNoHelmetP1NoHelmet
_rxppybrjq,48,617,596,123,139,DNoHelmetP1NoHelmet
_rxppybrjq,49,602,596,122,139,DNoHelmetP1NoHelmet
_rxppybrjq,50,586,596,123,139,DNoHelmetP1NoHelmet
_rxppybrjq,51,570,597,123,138,DNoHelmetP1NoHelmet
_rxppybrjq,52,554,597,123,138,DNoHelmetP1NoHelmet
_rxppybrjq,53,539,597,123,138,DNoHelmetP1NoHelmet
_rxppybrjq,54,523,597,123,137,DNoHelmetP1NoHelmet
_rxppybrjq,55,507,597,123,137,DNoHelmetP1NoHelmet
_rxppybrjq,56,492,597,123,137,DNoHelmetP1NoHelmet
_rxppybrjq,57,478,599,123,135,DNoHelmetP1NoHelmet
_rxppybrjq,58,464,600,123,135,DNoHelmetP1NoHelmet
_rxppybrjq,59,450,601,123,134,DNoHelmetP1NoHelmet
_rxppybrjq,60,436,602,123,133,DNoHelmetP1NoHelmet
_rxppybrjq,61,423,603,123,132,DNoHelmetP1NoHelmet
_rxppybrjq,62,409,604,123,131,DNoHelmetP1NoHelmet
_rxppybrjq,63,396,606,123,130,DNoHelmetP1NoHelmet
_rxppybrjq,64,383,607,123,129,DNoHelmetP1NoHelmet
_rxppybrjq,65,372,607,120,129,DNoHelmetP1NoHelmet
_rxppybrjq,66,360,608,117,127,DNoHelmetP1NoHelmet
_rxppybrjq,67,349,608,114,127,DNoHelmetP1NoHelmet
_rxppybrjq,68,340,608,111,127,DNoHelmetP1NoHelmet
_rxppybrjq,69,330,609,109,126,DNoHelmetP1NoHelmet
_rxppybrjq,70,321,609,106,126,DNoHelmetP1NoHelmet
_rxppybrjq,71,311,610,105,124,DNoHelmetP1NoHelmet
_rxppybrjq,72,299,610,105,124,DNoHelmetP1NoHelmet
_rxppybrjq,73,287,610,105,123,DNoHelmetP1NoHelmet
_rxppybrjq,74,275,611,105,121,DNoHelmetP1NoHelmet
_rxppybrjq,75,263,611,105,121,DNoHelmetP1NoHelmet
_rxppybrjq,76,251,611,105,120,DNoHelmetP1NoHelmet
_xql4y63hb,2,1725,558,195,190,DNoHelmetP1NoHelmet
_xql4y63hb,3,1682,559,230,191,DNoHelmetP1NoHelmet
_xql4y63hb,4,1645,560,226,189,DNoHelmetP1NoHelmet
_xql4y63hb,5,1608,562,222,187,DNoHelmetP1NoHelmet
_xql4y63hb,6,1570,563,219,186,DNoHelmetP1NoHelmet
_xql4y63hb,7,1533,564,215,184,DNoHelmetP1NoHelmet
_xql4y63hb,8,1496,566,210,182,DNoHelmetP1NoHelmet
_xql4y63hb,9,1461,566,208,181,DNoHelmetP1NoHelmet
_xql4y63hb,10,1426,567,206,179,DNoHelmetP1NoHelmet
_xql4y63hb,11,1391,567,204,177,DNoHelmetP1NoHelmet
_xql4y63hb,12,1359,568,200,176,DNoHelmetP1NoHelmet
_xql4y63hb,13,1327,570,196,174,DNoHelmetP1NoHelmet
_xql4y63hb,14,1294,571,194,173,DNoHelmetP1NoHelmet
_xql4y63hb,15,1262,573,190,170,DNoHelmetP1NoHelmet
_xql4y63hb,16,1233,573,187,170,DNoHelmetP1NoHelmet
_xql4y63hb,17,1205,574,183,169,DNoHelmetP1NoHelmet
_xql4y63hb,18,1177,575,180,168,DNoHelmetP1NoHelmet
_xql4y63hb,19,1148,575,177,167,DNoHelmetP1NoHelmet
_xql4y63hb,20,1120,576,173,166,DNoHelmetP1NoHelmet
_xql4y63hb,21,1092,577,172,164,DNoHelmetP1NoHelmet
_xql4y63hb,22,1065,578,169,163,DNoHelmetP1NoHelmet
_xql4y63hb,23,1037,579,167,161,DNoHelmetP1NoHelmet
_xql4y63hb,24,1010,580,164,159,DNoHelmetP1NoHelmet
_xql4y63hb,25,982,581,162,158,DNoHelmetP1NoHelmet
_xql4y63hb,26,954,583,161,155,DNoHelmetP1NoHelmet
_xql4y63hb,27,930,585,159,154,DNoHelmetP1NoHelmet
_xql4y63hb,28,906,588,157,151,DNoHelmetP1NoHelmet
_xql4y63hb,29,884,589,152,150,DNoHelmetP1NoHelmet
_xql4y63hb,30,861,589,148,150,DNoHelmetP1NoHelmet
_xql4y63hb,31,839,590,144,149,DNoHelmetP1NoHelmet
_xql4y63hb,32,816,591,140,149,DNoHelmetP1NoHelmet
_xql4y63hb,33,794,592,136,148,DNoHelmetP1NoHelmet
_xql4y63hb,34,768,592,135,147,DNoHelmetP1NoHelmet
_xql4y63hb,35,742,593,135,146,DNoHelmetP1NoHelmet
_xql4y63hb,36,720,592,134,145,DNoHelmetP1NoHelmet
_xql4y63hb,37,697,591,134,144,DNoHelmetP1NoHelmet
_xql4y63hb,38,676,592,133,144,DNoHelmetP1NoHelmet
_xql4y63hb,39,655,593,133,144,DNoHelmetP1NoHelmet
_xql4y63hb,40,634,594,132,143,DNoHelmetP1NoHelmet
_xql4y63hb,41,613,595,131,143,DNoHelmetP1NoHelmet
_xql4y63hb,42,592,597,131,142,DNoHelmetP1NoHelmet
_xql4y63hb,43,572,598,129,141,DNoHelmetP1NoHelmet
_xql4y63hb,44,551,599,129,141,DNoHelmetP1NoHelmet
_xql4y63hb,45,532,600,128,140,DNoHelmetP1NoHelmet
_xql4y63hb,46,513,602,128,138,DNoHelmetP1NoHelmet
_xql4y63hb,47,495,603,127,137,DNoHelmetP1NoHelmet
_xql4y63hb,48,477,604,127,136,DNoHelmetP1NoHelmet
_xql4y63hb,49,460,605,126,135,DNoHelmetP1NoHelmet
_xql4y63hb,50,442,606,127,134,DNoHelmetP1NoHelmet
_xql4y63hb,51,425,607,126,133,DNoHelmetP1NoHelmet
_xql4y63hb,52,409,606,126,134,DNoHelmetP1NoHelmet
_xql4y63hb,53,393,605,126,135,DNoHelmetP1NoHelmet
_ob9ebsgmw,50,1544,562,211,200,DNoHelmetP0NoHelmetP1NoHelmet
_ob9ebsgmw,51,1475,565,204,195,DNoHelmetP0NoHelmetP1NoHelmet
_ob9ebsgmw,52,1408,567,201,192,DNoHelmetP0NoHelmetP1NoHelmet
_ob9ebsgmw,53,1349,569,193,189,DNoHelmetP0NoHelmetP1NoHelmet
_ob9ebsgmw,54,1289,571,187,187,DNoHelmetP0NoHelmetP1NoHelmet
_ob9ebsgmw,55,1234,573,184,184,DNoHelmetP0NoHelmetP1NoHelmet
_ob9ebsgmw,56,1180,575,181,181,DNoHelmetP0NoHelmetP1NoHelmet
_ob9ebsgmw,57,1131,577,177,178,DNoHelmetP0NoHelmetP1NoHelmet
_ob9ebsgmw,58,1082,579,174,175,DNoHelmetP0NoHelmetP1NoHelmet
_ob9ebsgmw,59,1033,582,170,171,DNoHelmetP0NoHelmetP1NoHelmet
_ob9ebsgmw,60,991,583,166,170,DNoHelmetP0NoHelmetP1NoHelmet
_ob9ebsgmw,61,948,584,164,169,DNoHelmetP0NoHelmetP1NoHelmet
_ob9ebsgmw,62,905,586,161,167,DNoHelmetP0NoHelmetP1NoHelmet
_ob9ebsgmw,63,867,587,157,166,DNoHelmetP0NoHelmetP1NoHelmet
_ob9ebsgmw,64,828,589,154,163,DNoHelmetP0NoHelmetP1NoHelmet
_ob9ebsgmw,65,789,591,151,161,DNoHelmetP0NoHelmetP1NoHelmet
_ob9ebsgmw,66,751,593,147,158,DNoHelmetP0NoHelmetP1NoHelmet
_ob9ebsgmw,67,716,594,145,157,DNoHelmetP0NoHelmetP1NoHelmet
_ob9ebsgmw,68,681,595,143,156,DNoHelmetP0NoHelmetP1NoHelmet
_ob9ebsgmw,69,647,597,141,154,DNoHelmetP0NoHelmetP1NoHelmet
_ob9ebsgmw,70,614,598,138,153,DNoHelmetP0NoHelmetP1NoHelmet
_ob9ebsgmw,71,583,599,136,151,DNoHelmetP0NoHelmetP1NoHelmet
_ob9ebsgmw,72,553,600,133,150,DNoHelmetP0NoHelmetP1NoHelmet
_ob9ebsgmw,73,522,601,132,149,DNoHelmetP0NoHelmetP1NoHelmet
_ob9ebsgmw,74,493,603,129,147,DNoHelmetP0NoHelmetP1NoHelmet
_ob9ebsgmw,75,464,604,127,146,DNoHelmetP0NoHelmetP1NoHelmet
_ob9ebsgmw,76,435,605,125,145,DNoHelmetP0NoHelmetP1NoHelmet
_ob9ebsgmw,77,405,607,125,145,DNoHelmetP0NoHelmetP1NoHelmet
_ob9ebsgmw,78,376,604,125,145,DNoHelmetP0NoHelmetP1NoHelmet
_duchqrjwv,54,1701,557,219,216,DNoHelmetP1NoHelmetP2NoHelmet
_duchqrjwv,55,1612,558,215,208,DNoHelmetP1NoHelmetP2NoHelmet
_duchqrjwv,56,1530,558,246,207,DNoHelmetP1NoHelmetP2NoHelmet
_duchqrjwv,57,1457,559,235,204,DNoHelmetP1NoHelmetP2NoHelmet
_duchqrjwv,58,1385,561,229,202,DNoHelmetP1NoHelmetP2NoHelmet
_duchqrjwv,59,1313,564,224,198,DNoHelmetP1NoHelmetP2NoHelmet
_duchqrjwv,60,1252,566,218,196,DNoHelmetP1NoHelmetP2NoHelmet
_duchqrjwv,61,1190,568,213,193,DNoHelmetP1NoHelmetP2NoHelmet
_duchqrjwv,62,1128,571,208,190,DNoHelmetP1NoHelmetP2NoHelmet
_duchqrjwv,63,1075,573,202,187,DNoHelmetP1NoHelmetP2NoHelmet
_duchqrjwv,64,1022,575,196,184,DNoHelmetP1NoHelmetP2NoHelmet
_duchqrjwv,65,968,578,191,181,DNoHelmetP1NoHelmetP2NoHelmet
_duchqrjwv,66,922,580,187,179,DNoHelmetP1NoHelmetP2NoHelmet
_duchqrjwv,67,876,582,183,177,DNoHelmetP1NoHelmetP2NoHelmet
_duchqrjwv,68,830,583,179,177,DNoHelmetP1NoHelmetP2NoHelmet
_duchqrjwv,69,790,585,174,174,DNoHelmetP1NoHelmetP2NoHelmet
_duchqrjwv,70,751,586,169,173,DNoHelmetP1NoHelmetP2NoHelmet
_duchqrjwv,71,711,587,165,171,DNoHelmetP1NoHelmetP2NoHelmet
_duchqrjwv,72,674,588,164,169,DNoHelmetP1NoHelmetP2NoHelmet
_duchqrjwv,73,640,590,161,168,DNoHelmetP1NoHelmetP2NoHelmet
_duchqrjwv,74,607,592,158,167,DNoHelmetP1NoHelmetP2NoHelmet
_duchqrjwv,75,574,594,154,165,DNoHelmetP1NoHelmetP2NoHelmet
_duchqrjwv,76,543,595,152,163,DNoHelmetP1NoHelmetP2NoHelmet
_duchqrjwv,77,513,596,148,161,DNoHelmetP1NoHelmetP2NoHelmet
_duchqrjwv,78,486,597,145,160,DNoHelmetP1NoHelmetP2NoHelmet
_duchqrjwv,79,459,598,142,160,DNoHelmetP1NoHelmetP2NoHelmet
_duchqrjwv,80,437,599,139,159,DNoHelmetP1NoHelmetP2NoHelmet
_duchqrjwv,81,415,601,136,157,DNoHelmetP1NoHelmetP2NoHelmet
_duchqrjwv,82,393,602,134,156,DNoHelmetP1NoHelmetP2NoHelmet
_duchqrjwv,83,371,603,131,155,DNoHelmetP1NoHelmetP2NoHelmet
_duchqrjwv,84,348,604,129,155,DNoHelmetP1NoHelmetP2NoHelmet
_duchqrjwv,85,326,605,126,154,DNoHelmetP1NoHelmetP2NoHelmet
_duchqrjwv,86,307,605,125,153,DNoHelmetP1NoHelmetP2NoHelmet
_duchqrjwv,87,289,606,123,152,DNoHelmetP1NoHelmetP2NoHelmet
_duchqrjwv,88,270,606,121,151,DNoHelmetP1NoHelmetP2NoHelmet
_duchqrjwv,89,251,603,121,151,DNoHelmetP1NoHelmetP2NoHelmet
_duchqrjwv,90,234,605,121,151,DNoHelmetP1NoHelmetP2NoHelmet
_ltapblhf9,76,1745,564,175,195,DHelmetP1Helmet
_ltapblhf9,77,1662,565,232,195,DHelmetP1Helmet
_ltapblhf9,78,1586,566,224,192,DHelmetP1Helmet
_ltapblhf9,79,1518,566,216,190,DHelmetP1Helmet
_ltapblhf9,80,1449,567,208,186,DHelmetP1Helmet
_ltapblhf9,81,1382,571,196,180,DHelmetP1Helmet
_ltapblhf9,82,1321,573,192,177,DHelmetP1Helmet
_ltapblhf9,83,1259,575,188,173,DHelmetP1Helmet
_ltapblhf9,84,1207,576,182,172,DHelmetP1Helmet
_ltapblhf9,85,1154,578,177,171,DHelmetP1Helmet
_ltapblhf9,86,1102,580,171,169,DHelmetP1Helmet
_ltapblhf9,87,1050,582,165,167,DHelmetP1Helmet
_ltapblhf9,88,997,584,160,166,DHelmetP1Helmet
_ltapblhf9,89,953,588,158,161,DHelmetP1Helmet
_ltapblhf9,90,909,589,154,159,DHelmetP1Helmet
_ltapblhf9,91,864,590,152,157,DHelmetP1Helmet
_ltapblhf9,92,825,591,148,156,DHelmetP1Helmet
_ltapblhf9,93,785,592,145,154,DHelmetP1Helmet
_ltapblhf9,94,749,594,141,152,DHelmetP1Helmet
_ltapblhf9,95,713,595,138,150,DHelmetP1Helmet
_ltapblhf9,96,677,597,135,148,DHelmetP1Helmet
_ltapblhf9,97,646,597,131,147,DHelmetP1Helmet
_ltapblhf9,98,614,598,128,145,DHelmetP1Helmet
_ltapblhf9,99,584,598,125,144,DHelmetP1Helmet
_ltapblhf9,100,555,599,121,141,DHelmetP1Helmet
_21gnv30oc,96,1757,555,163,213,DNoHelmetP1NoHelmet
_21gnv30oc,97,1684,556,236,214,DNoHelmetP1NoHelmet
_21gnv30oc,98,1614,557,242,209,DNoHelmetP1NoHelmet
_21gnv30oc,99,1545,557,234,206,DNoHelmetP1NoHelmet
_21gnv30oc,100,1483,558,224,202,DNoHelmetP1NoHelmet
_j63mq620d,22,1707,556,213,215,DNoHelmetP1NoHelmet
_j63mq620d,23,1615,556,248,215,DNoHelmetP1NoHelmet
_j63mq620d,24,1525,558,240,209,DNoHelmetP1NoHelmet
_j63mq620d,25,1445,560,232,204,DNoHelmetP1NoHelmet
_j63mq620d,26,1364,564,224,198,DNoHelmetP1NoHelmet
_j63mq620d,27,1289,568,216,197,DNoHelmetP1NoHelmet
_j63mq620d,28,1221,570,202,193,DNoHelmetP1NoHelmet
_j63mq620d,29,1154,572,199,188,DNoHelmetP1NoHelmet
_j63mq620d,30,1079,573,198,184,DNoHelmetP1NoHelmet
_j63mq620d,31,1023,576,191,182,DNoHelmetP1NoHelmet
_j63mq620d,32,968,580,184,178,DNoHelmetP1NoHelmet
_j63mq620d,33,912,584,177,175,DNoHelmetP1NoHelmet
_j63mq620d,34,859,587,170,171,DNoHelmetP1NoHelmet
_j63mq620d,35,809,585,162,172,DNoHelmetP1NoHelmet
_j63mq620d,36,761,585,156,169,DNoHelmetP1NoHelmet
_j63mq620d,37,716,588,153,165,DNoHelmetP1NoHelmet
_j63mq620d,38,671,592,150,159,DNoHelmetP1NoHelmet
_j63mq620d,39,633,593,147,158,DNoHelmetP1NoHelmet
_j63mq620d,40,591,595,145,157,DNoHelmetP1NoHelmet
_j63mq620d,41,550,597,143,155,DNoHelmetP1NoHelmet
_j63mq620d,42,509,598,140,154,DNoHelmetP1NoHelmet
_j63mq620d,43,467,600,138,152,DNoHelmetP1NoHelmet
_j63mq620d,44,432,602,135,150,DNoHelmetP1NoHelmet
_j63mq620d,45,400,604,132,147,DNoHelmetP1NoHelmet
_j63mq620d,46,368,605,130,146,DNoHelmetP1NoHelmet
_j63mq620d,47,336,607,127,143,DNoHelmetP1NoHelmet
_j63mq620d,48,306,606,128,144,DNoHelmetP1NoHelmet
_j63mq620d,49,276,606,128,145,DNoHelmetP1NoHelmet
_j63mq620d,50,247,605,127,146,DNoHelmetP1NoHelmet
_luyugfw2s,30,1672,558,247,215,DNoHelmetP1NoHelmet
_luyugfw2s,31,1592,561,247,213,DNoHelmetP1NoHelmet
_luyugfw2s,32,1509,561,240,210,DNoHelmetP1NoHelmet
_luyugfw2s,33,1437,564,232,206,DNoHelmetP1NoHelmet
_luyugfw2s,34,1364,567,226,201,DNoHelmetP1NoHelmet
_luyugfw2s,35,1292,569,218,198,DNoHelmetP1NoHelmet
_luyugfw2s,36,1222,571,212,195,DNoHelmetP1NoHelmet
_luyugfw2s,37,1163,573,205,191,DNoHelmetP1NoHelmet
_luyugfw2s,38,1104,575,197,187,DNoHelmetP1NoHelmet
_luyugfw2s,39,1045,578,190,182,DNoHelmetP1NoHelmet
_luyugfw2s,40,990,580,185,180,DNoHelmetP1NoHelmet
_luyugfw2s,41,937,583,182,177,DNoHelmetP1NoHelmet
_luyugfw2s,42,889,585,177,174,DNoHelmetP1NoHelmet
_luyugfw2s,43,841,586,172,172,DNoHelmetP1NoHelmet
_luyugfw2s,44,793,588,168,169,DNoHelmetP1NoHelmet
_luyugfw2s,45,745,589,163,167,DNoHelmetP1NoHelmet
_luyugfw2s,46,697,591,158,166,DNoHelmetP1NoHelmet
_luyugfw2s,47,656,593,156,164,DNoHelmetP1NoHelmet
_luyugfw2s,48,615,595,153,162,DNoHelmetP1NoHelmet
_luyugfw2s,49,573,597,151,160,DNoHelmetP1NoHelmet
_luyugfw2s,50,532,598,149,159,DNoHelmetP1NoHelmet
_luyugfw2s,51,495,599,147,158,DNoHelmetP1NoHelmet
_luyugfw2s,52,459,600,144,156,DNoHelmetP1NoHelmet
_luyugfw2s,53,422,601,141,155,DNoHelmetP1NoHelmet
_luyugfw2s,54,390,602,140,154,DNoHelmetP1NoHelmet
_luyugfw2s,55,359,604,137,152,DNoHelmetP1NoHelmet
_luyugfw2s,56,327,605,135,151,DNoHelmetP1NoHelmet
_luyugfw2s,57,296,607,132,149,DNoHelmetP1NoHelmet
_luyugfw2s,58,270,608,128,149,DNoHelmetP1NoHelmet
_luyugfw2s,59,244,609,124,149,DNoHelmetP1NoHelmet
_q5f3tjtr2,4,36,642,178,231,DNoHelmetP1NoHelmet
_q5f3tjtr2,5,132,639,189,241,DNoHelmetP1NoHelmet
_q5f3tjtr2,6,237,637,205,253,DNoHelmetP1NoHelmet
_q5f3tjtr2,7,351,636,221,264,DNoHelmetP1NoHelmet
_q5f3tjtr2,8,478,632,239,275,DNoHelmetP1NoHelmet
_q5f3tjtr2,9,618,628,263,289,DNoHelmetP1NoHelmet
_q5f3tjtr2,10,773,621,290,309,DNoHelmetP1NoHelmet
_q5f3tjtr2,11,948,616,320,326,DNoHelmetP1NoHelmet
_q5f3tjtr2,12,1145,614,362,347,DNoHelmetP1NoHelmet
_q5f3tjtr2,13,1366,611,413,368,DNoHelmetP1NoHelmet
_q5f3tjtr2,14,1622,610,298,372,DNoHelmetP1NoHelmet
_9drtzmfg0,6,0,702,216,344,DHelmetP1Helmet
_9drtzmfg0,7,35,702,280,352,DHelmetP1Helmet
_9drtzmfg0,8,126,703,292,370,DHelmetP1Helmet
_9drtzmfg0,9,220,705,317,375,DHelmetP1Helmet
_9drtzmfg0,10,324,707,339,373,DHelmetP1Helmet
_9drtzmfg0,11,435,709,367,371,DHelmetP1Helmet
_9drtzmfg0,12,558,709,401,371,DHelmetP1Helmet
_9drtzmfg0,13,688,712,435,368,DHelmetP1Helmet
_9drtzmfg0,14,836,711,470,369,DHelmetP1Helmet
_9drtzmfg0,15,999,712,506,368,DHelmetP1Helmet
_9drtzmfg0,16,1175,712,541,368,DHelmetP1Helmet
_9drtzmfg0,17,1378,715,541,365,DHelmetP1Helmet
_9drtzmfg0,18,1599,719,321,361,DHelmetP1Helmet
_3d6ceaz93,12,0,642,143,206,DNoHelmetP1NoHelmet
_3d6ceaz93,13,40,636,186,218,DNoHelmetP1NoHelmet
_3d6ceaz93,14,127,628,193,228,DNoHelmetP1NoHelmet
_3d6ceaz93,15,217,624,204,234,DNoHelmetP1NoHelmet
_3d6ceaz93,16,319,620,216,243,DNoHelmetP1NoHelmet
_3d6ceaz93,17,426,615,231,252,DNoHelmetP1NoHelmet
_3d6ceaz93,18,543,613,245,261,DNoHelmetP1NoHelmet
_3d6ceaz93,19,671,610,259,270,DNoHelmetP1NoHelmet
_3d6ceaz93,20,805,602,281,284,DNoHelmetP1NoHelmet
_3d6ceaz93,21,958,597,302,298,DNoHelmetP1NoHelmet
_3d6ceaz93,22,1123,595,334,310,DNoHelmetP1NoHelmet
_3d6ceaz93,23,1306,590,366,323,DNoHelmetP1NoHelmet
_3d6ceaz93,24,1511,585,407,336,DNoHelmetP1NoHelmet
_rj3xx5cr9,19,0,715,266,365,DHelmetP1Helmet
_rj3xx5cr9,20,57,717,340,363,DHelmetP1Helmet
_rj3xx5cr9,21,176,720,361,360,DHelmetP1Helmet
_rj3xx5cr9,22,305,720,382,360,DHelmetP1Helmet
_rj3xx5cr9,23,457,720,406,360,DHelmetP1Helmet
_rj3xx5cr9,24,614,723,431,357,DHelmetP1Helmet
_rj3xx5cr9,25,798,723,431,357,DHelmetP1Helmet
_rj3xx5cr9,26,999,723,488,357,DHelmetP1Helmet
_rj3xx5cr9,27,1237,728,519,352,DHelmetP1Helmet
_rj3xx5cr9,28,1523,729,397,351,DHelmetP1Helmet
_uu4uj3dw3,28,0,637,175,215,DNoHelmetP1NoHelmet
_uu4uj3dw3,29,80,633,202,221,DNoHelmetP1NoHelmet
_uu4uj3dw3,30,184,627,216,231,DNoHelmetP1NoHelmet
_uu4uj3dw3,31,298,628,228,236,DNoHelmetP1NoHelmet
_uu4uj3dw3,32,421,627,240,239,DNoHelmetP1NoHelmet
_uu4uj3dw3,33,555,624,256,248,DNoHelmetP1NoHelmet
_uu4uj3dw3,34,701,614,272,264,DNoHelmetP1NoHelmet
_uu4uj3dw3,35,861,606,292,280,DNoHelmetP1NoHelmet
_uu4uj3dw3,36,1031,599,321,295,DNoHelmetP1NoHelmet
_uu4uj3dw3,37,1226,594,349,308,DNoHelmetP1NoHelmet
_uu4uj3dw3,38,1442,591,388,323,DNoHelmetP1NoHelmet
_uu4uj3dw3,39,1685,584,235,328,DNoHelmetP1NoHelmet
_yie0b5om3,29,0,745,233,335,DHelmet
_yie0b5om3,30,0,743,344,337,DHelmet
_yie0b5om3,31,80,746,380,334,DHelmet
_yie0b5om3,32,192,748,409,332,DHelmet
_yie0b5om3,33,309,751,439,329,DHelmet
_yie0b5om3,34,440,750,467,330,DHelmet
_yie0b5om3,35,580,750,510,330,DHelmet
_yie0b5om3,36,743,752,555,328,DHelmet
_yie0b5om3,37,917,753,617,327,DHelmet
_yie0b5om3,38,1115,757,680,323,DHelmet
_yie0b5om3,39,1331,761,589,319,DHelmet
_3nmkwlvor,42,0,636,164,218,DNoHelmetP1NoHelmet
_3nmkwlvor,43,49,633,213,222,DNoHelmetP1NoHelmet
_3nmkwlvor,44,141,629,221,229,DNoHelmetP1NoHelmet
_3nmkwlvor,45,242,625,229,236,DNoHelmetP1NoHelmet
_3nmkwlvor,46,343,621,241,246,DNoHelmetP1NoHelmet
_3nmkwlvor,47,454,616,250,250,DNoHelmetP1NoHelmet
_3nmkwlvor,48,568,610,266,262,DNoHelmetP1NoHelmet
_3nmkwlvor,49,694,605,280,270,DNoHelmetP1NoHelmet
_3nmkwlvor,50,825,600,294,278,DNoHelmetP1NoHelmet
_3nmkwlvor,51,965,594,318,287,DNoHelmetP1NoHelmet
_3nmkwlvor,52,1114,591,341,298,DNoHelmetP1NoHelmet
_3nmkwlvor,53,1281,584,366,310,DNoHelmetP1NoHelmet
_3nmkwlvor,54,1460,579,396,323,DNoHelmetP1NoHelmet
_3nmkwlvor,55,1656,576,264,325,DNoHelmetP1NoHelmet
_88f9g5kv3,66,0,690,315,390,DHelmetP1Helmet
_88f9g5kv3,67,158,694,327,386,DHelmetP1Helmet
_88f9g5kv3,68,309,692,364,388,DHelmetP1Helmet
_88f9g5kv3,69,479,693,407,387,DHelmetP1Helmet
_88f9g5kv3,70,674,696,453,384,DHelmetP1Helmet
_88f9g5kv3,71,897,693,493,387,DHelmetP1Helmet
_88f9g5kv3,72,1157,688,558,392,DHelmetP1Helmet
_88f9g5kv3,73,1464,689,456,391,DHelmetP1Helmet
_2579fe1as,99,0,690,198,338,DHelmetP1Helmet
_2579fe1as,100,5,686,308,352,DHelmetP1Helmet
