track_id,frame_id,x,y,w,h,label
_tvc6on56g,1,259,521,52,108,DHelmet
_tvc6on56g,2,253,521,52,106,DHelmet
_tvc6on56g,3,247,520,52,106,DHelmet
_tvc6on56g,4,241,520,52,105,DHelmet
_tvc6on56g,5,236,520,51,104,DHelmet
_tvc6on56g,6,230,519,51,104,DHelmet
_tvc6on56g,7,224,519,51,103,DHelmet
_tvc6on56g,8,218,519,51,102,DHelmet
_tvc6on56g,9,212,518,51,102,DHelmet
_tvc6on56g,10,207,518,50,101,DHelmet
_tvc6on56g,11,201,518,50,99,DHelmet
_tvc6on56g,12,195,517,49,99,DHelmet
_tvc6on56g,13,189,517,49,98,DHelmet
_tvc6on56g,14,183,517,49,97,DHelmet
_tvc6on56g,15,177,516,49,97,DHelmet
_tvc6on56g,16,172,516,48,96,DHelmet
_tvc6on56g,17,166,515,49,96,DHelmet
_rowmuw063,1,411,521,54,109,DHelmet
_rowmuw063,2,403,521,54,108,DHelmet
_rowmuw063,3,394,520,54,108,DHelmet
_rowmuw063,4,386,520,54,107,DHelmet
_rowmuw063,5,378,520,54,106,DHelmet
_rowmuw063,6,370,520,54,105,DHelmet
_rowmuw063,7,362,520,54,104,DHelmet
_rowmuw063,8,354,519,54,104,DHelmet
_rowmuw063,9,347,519,54,103,DHelmet
_rowmuw063,10,340,519,54,102,DHelmet
_rowmuw063,11,333,519,54,101,DHelmet
_rowmuw063,12,327,519,53,101,DHelmet
_rowmuw063,13,322,518,52,101,DHelmet
_rowmuw063,14,317,518,51,100,DHelmet
_rowmuw063,15,313,518,50,99,DHelmet
_rowmuw063,16,308,518,49,98,DHelmet
_rowmuw063,17,305,518,48,97,DHelmet
_rowmuw063,18,301,517,48,97,DHelmet
_rowmuw063,19,298,517,48,96,DHelmet
_rowmuw063,20,294,517,48,95,DHelmet
_rowmuw063,21,291,517,47,94,DHelmet
_rowmuw063,22,287,517,47,93,DHelmet
_rowmuw063,23,284,516,47,93,DHelmet
_rowmuw063,24,280,516,47,92,DHelmet
_rowmuw063,25,277,516,46,91,DHelmet
_rowmuw063,26,273,516,46,90,DHelmet
_rowmuw063,27,270,516,46,89,DHelmet
_rowmuw063,28,268,516,46,89,DHelmet
_jzpniwooo,38,1693,586,227,307,DHelmet
_jzpniwooo,39,1628,582,283,298,DHelmet
_jzpniwooo,40,1565,579,266,291,DHelmet
_jzpniwooo,41,1508,576,251,283,DHelmet
_jzpniwooo,42,1449,574,241,275,DHelmet
_jzpniwooo,43,1391,572,231,267,DHelmet
_jzpniwooo,44,1339,568,221,258,DHelmet
_jzpniwooo,45,1286,566,211,253,DHelmet
_jzpniwooo,46,1237,564,201,247,DHelmet
_jzpniwooo,47,1194,562,190,242,DHelmet
_jzpniwooo,48,1150,560,180,236,DHelmet
_jzpniwooo,49,1106,555,174,230,DHelmet
_jzpniwooo,50,1066,554,167,224,DHelmet
_jzpniwooo,51,1026,553,161,218,DHelmet
_jzpniwooo,52,991,550,153,215,DHelmet
_jzpniwooo,53,956,548,144,210,DHelmet
_jzpniwooo,54,923,547,139,205,DHelmet
_jzpniwooo,55,890,546,133,200,DHelmet
_jzpniwooo,56,862,545,127,195,DHelmet
_jzpniwooo,57,834,544,121,190,DHelmet
_jzpniwooo,58,807,543,117,186,DHelmet
_jzpniwooo,59,781,542,111,183,DHelmet
_jzpniwooo,60,757,540,107,180,DHelmet
_jzpniwooo,61,734,539,102,176,DHelmet
_jzpniwooo,62,714,539,98,172,DHelmet
_jzpniwooo,63,695,538,93,169,DHelmet
_jzpniwooo,64,675,538,89,165,DHelmet
_jzpniwooo,65,658,536,86,162,DHelmet
_jzpniwooo,66,640,534,84,160,DHelmet
_jzpniwooo,67,622,532,83,157,DHelmet
_jzpniwooo,68,606,531,80,154,DHelmet
_jzpniwooo,69,590,529,78,152,DHelmet
_jzpniwooo,70,576,527,76,149,DHelmet
_jzpniwooo,71,563,527,75,147,DHelmet
_jzpniwooo,72,550,527,74,145,DHelmet
_jzpniwooo,73,537,527,73,142,DHelmet
_tz8jx97i8,43,1731,604,189,303,DHelmet
_tz8jx97i8,44,1664,602,256,321,DHelmet
_tz8jx97i8,45,1596,595,276,315,DHelmet
_tz8jx97i8,46,1534,593,261,305,DHelmet
_tz8jx97i8,47,1474,590,245,296,DHelmet
_tz8jx97i8,48,1420,588,230,286,DHelmet
_tz8jx97i8,49,1367,585,214,276,DHelmet
_tz8jx97i8,50,1319,581,204,268,DHelmet
_tz8jx97i8,51,1272,577,192,260,DHelmet
_tz8jx97i8,52,1225,573,180,252,DHelmet
_tz8jx97i8,53,1186,572,168,244,DHelmet
_tz8jx97i8,54,1147,570,156,238,DHelmet
_tz8jx97i8,55,1107,568,151,231,DHelmet
_tz8jx97i8,56,1068,565,145,226,DHelmet
_tz8jx97i8,57,1033,562,140,221,DHelmet
_tz8jx97i8,58,998,559,134,215,DHelmet
_tz8jx97i8,59,966,558,128,209,DHelmet
_tz8jx97i8,60,933,556,123,204,DHelmet
_tz8jx97i8,61,903,555,118,199,DHelmet
_tz8jx97i8,62,872,554,114,193,DHelmet
_tz8jx97i8,63,844,553,110,188,DHelmet
_tz8jx97i8,64,815,552,106,182,DHelmet
_tz8jx97i8,65,787,550,102,178,DHelmet
_tz8jx97i8,66,764,548,97,174,DHelmet
_tz8jx97i8,67,740,545,94,172,DHelmet
_tz8jx97i8,68,719,544,91,168,DHelmet
_tz8jx97i8,69,698,542,87,166,DHelmet
_tz8jx97i8,70,677,541,84,162,DHelmet
_tz8jx97i8,71,657,540,82,159,DHelmet
_tz8jx97i8,72,638,539,80,156,DHelmet
_tz8jx97i8,73,622,537,77,154,DHelmet
_tz8jx97i8,74,605,536,76,151,DHelmet
_tz8jx97i8,75,588,537,73,149,DHelmet
_tz8jx97i8,76,574,536,73,147,DHelmet
_tz8jx97i8,77,561,535,71,145,DHelmet
_tz8jx97i8,78,548,534,70,143,DHelmet
_tz8jx97i8,79,534,533,70,141,DHelmet
_q3c8swoi4,99,1651,595,269,335,DHelmet
_q3c8swoi4,100,1576,591,300,324,DHelmet
_tj07d2h1n,1,1161,553,178,168,DHelmet
_nlro4872l,1,136,524,79,137,DHelmetP1Helmet
_nlro4872l,2,141,525,81,139,DHelmetP1Helmet
_nlro4872l,3,147,525,82,142,DHelmetP1Helmet
_nlro4872l,4,152,526,84,145,DHelmetP1Helmet
_nlro4872l,5,157,527,87,147,DHelmetP1Helmet
_nlro4872l,6,162,528,89,149,DHelmetP1Helmet
_nlro4872l,7,167,528,91,153,DHelmetP1Helmet
_nlro4872l,8,173,530,93,156,DHelmetP1Helmet
_nlro4872l,9,180,532,95,159,DHelmetP1Helmet
_nlro4872l,10,186,534,97,163,DHelmetP1Helmet
_nlro4872l,11,192,536,100,166,DHelmetP1Helmet
_nlro4872l,12,198,537,102,169,DHelmetP1Helmet
_nlro4872l,13,204,539,104,171,DHelmetP1Helmet
_nlro4872l,14,210,540,106,175,DHelmetP1Helmet
_nlro4872l,15,216,542,108,178,DHelmetP1Helmet
_nlro4872l,16,222,543,110,183,DHelmetP1Helmet
_nlro4872l,17,228,545,112,187,DHelmetP1Helmet
_nlro4872l,18,234,549,114,189,DHelmetP1Helmet
_nlro4872l,19,240,554,116,190,DHelmetP1Helmet
_nlro4872l,20,245,554,119,196,DHelmetP1Helmet
_nlro4872l,21,250,554,122,203,DHelmetP1Helmet
_nlro4872l,22,255,555,125,209,DHelmetP1Helmet
_nlro4872l,23,260,555,128,216,DHelmetP1Helmet
_nlro4872l,24,265,556,131,222,DHelmetP1Helmet
_nlro4872l,25,270,556,134,236,DHelmetP1Helmet
_nlro4872l,26,275,559,137,241,DHelmetP1Helmet
_nlro4872l,27,279,561,141,248,DHelmetP1Helmet
_nlro4872l,28,284,564,144,253,DHelmetP1Helmet
_nlro4872l,29,290,567,147,260,DHelmetP1Helmet
_nlro4872l,30,296,570,150,267,DHelmetP1Helmet
_nlro4872l,31,302,572,153,276,DHelmetP1Helmet
_nlro4872l,32,307,575,157,283,DHelmetP1Helmet
_nlro4872l,33,313,578,162,292,DHelmetP1Helmet
_nlro4872l,34,319,580,166,303,DHelmetP1Helmet
_nlro4872l,35,324,583,172,312,DHelmetP1Helmet
_nlro4872l,36,330,585,176,325,DHelmetP1Helmet
_nlro4872l,37,336,588,181,337,DHelmetP1Helmet
_nlro4872l,38,341,590,187,350,DHelmetP1Helmet
_nlro4872l,39,347,593,191,362,DHelmetP1Helmet
_nlro4872l,40,353,595,196,374,DHelmetP1Helmet
_nlro4872l,41,359,600,201,387,DHelmetP1Helmet
_nlro4872l,42,365,604,207,400,DHelmetP1Helmet
_nlro4872l,43,373,609,213,415,DHelmetP1Helmet
_nlro4872l,44,383,608,218,434,DHelmetP1Helmet
_nlro4872l,45,389,614,224,449,DHelmetP1Helmet
_nlro4872l,46,398,621,231,459,DHelmetP1Helmet
_nlro4872l,47,412,627,233,453,DHelmetP1Helmet
_nlro4872l,48,423,629,240,451,DHelmetP1Helmet
_nlro4872l,49,439,634,246,446,DHelmetP1Helmet
_nlro4872l,50,454,638,253,442,DHelmetP1Helmet
_nlro4872l,51,469,643,260,437,DHelmetP1Helmet
_nlro4872l,52,487,650,268,430,DHelmetP1Helmet
_nlro4872l,53,504,657,278,423,DHelmetP1Helmet
_nlro4872l,54,522,664,290,416,DHelmetP1Helmet
_nlro4872l,55,539,671,303,409,DHelmetP1Helmet
_nlro4872l,56,563,677,280,403,DHelmetP1Helmet
_nlro4872l,57,586,682,291,398,DHelmetP1Helmet
_nlro4872l,58,610,688,302,392,DHelmetP1Helmet
_nlro4872l,59,635,697,317,383,DHelmetP1Helmet
_nlro4872l,60,660,706,331,374,DHelmetP1Helmet
_nlro4872l,61,692,715,345,365,DHelmetP1Helmet
_nlro4872l,62,723,725,360,355,DHelmetP1Helmet
_clwqo4zgd,17,117,516,70,140,DHelmetP1Helmet
_clwqo4zgd,18,125,518,69,140,DHelmetP1Helmet
_clwqo4zgd,19,132,519,69,140,DHelmetP1Helmet
_clwqo4zgd,20,140,520,71,144,DHelmetP1Helmet
_clwqo4zgd,21,149,521,72,147,DHelmetP1Helmet
_clwqo4zgd,22,157,521,74,151,DHelmetP1Helmet
_clwqo4zgd,23,164,522,75,155,DHelmetP1Helmet
_clwqo4zgd,24,170,523,78,158,DHelmetP1Helmet
_clwqo4zgd,25,177,523,79,162,DHelmetP1Helmet
_clwqo4zgd,26,183,524,81,166,DHelmetP1Helmet
_clwqo4zgd,27,188,526,82,169,DHelmetP1Helmet
_clwqo4zgd,28,193,527,83,173,DHelmetP1Helmet
_clwqo4zgd,29,197,529,85,176,DHelmetP1Helmet
_clwqo4zgd,30,202,531,87,180,DHelmetP1Helmet
_clwqo4zgd,31,206,532,89,184,DHelmetP1Helmet
_clwqo4zgd,32,211,534,90,187,DHelmetP1Helmet
_clwqo4zgd,33,213,536,94,193,DHelmetP1Helmet
_clwqo4zgd,34,216,538,96,199,DHelmetP1Helmet
_clwqo4zgd,35,219,539,99,206,DHelmetP1Helmet
_clwqo4zgd,36,222,541,102,212,DHelmetP1Helmet
_clwqo4zgd,37,225,543,105,218,DHelmetP1Helmet
_clwqo4zgd,38,227,545,108,224,DHelmetP1Helmet
_clwqo4zgd,39,230,547,111,230,DHelmetP1Helmet
_clwqo4zgd,40,233,549,114,236,DHelmetP1Helmet
_clwqo4zgd,41,236,550,117,243,DHelmetP1Helmet
_clwqo4zgd,42,238,552,120,249,DHelmetP1Helmet
_clwqo4zgd,43,241,554,123,257,DHelmetP1Helmet
_clwqo4zgd,44,244,556,126,266,DHelmetP1Helmet
_clwqo4zgd,45,247,558,129,274,DHelmetP1Helmet
_clwqo4zgd,46,246,560,133,285,DHelmetP1Helmet
_clwqo4zgd,47,246,563,137,294,DHelmetP1Helmet
_clwqo4zgd,48,245,565,141,305,DHelmetP1Helmet
_clwqo4zgd,49,245,568,144,315,DHelmetP1Helmet
_clwqo4zgd,50,244,570,149,325,DHelmetP1Helmet
_clwqo4zgd,51,244,573,152,337,DHelmetP1Helmet
_clwqo4zgd,52,244,575,155,350,DHelmetP1Helmet
_clwqo4zgd,53,243,578,160,362,DHelmetP1Helmet
_clwqo4zgd,54,243,580,163,375,DHelmetP1Helmet
_clwqo4zgd,55,242,583,168,386,DHelmetP1Helmet
_clwqo4zgd,56,242,585,171,399,DHelmetP1Helmet
_clwqo4zgd,57,241,590,178,412,DHelmetP1Helmet
_clwqo4zgd,58,241,594,184,427,DHelmetP1Helmet
_clwqo4zgd,59,240,598,191,442,DHelmetP1Helmet
_clwqo4zgd,60,240,603,197,455,DHelmetP1Helmet
_clwqo4zgd,61,240,607,203,473,DHelmetP1Helmet
_clwqo4zgd,62,242,611,210,469,DHelmetP1Helmet
_clwqo4zgd,63,244,615,217,465,DHelmetP1Helmet
_clwqo4zgd,64,247,619,223,461,DHelmetP1Helmet
_clwqo4zgd,65,249,624,230,456,DHelmetP1Helmet
_clwqo4zgd,66,252,627,238,453,DHelmetP1Helmet
_clwqo4zgd,67,256,630,244,450,DHelmetP1Helmet
_clwqo4zgd,68,260,638,254,442,DHelmetP1Helmet
_clwqo4zgd,69,264,646,264,434,DHelmetP1Helmet
_clwqo4zgd,70,280,647,265,433,DHelmetP1Helmet
_clwqo4zgd,71,296,648,266,432,DHelmetP1Helmet
_clwqo4zgd,72,306,655,281,425,DHelmetP1Helmet
_clwqo4zgd,73,316,662,296,418,DHelmetP1Helmet
_clwqo4zgd,74,326,669,310,411,DHelmetP1Helmet
_clwqo4zgd,75,341,676,322,404,DHelmetP1Helmet
_clwqo4zgd,76,355,683,335,397,DHelmetP1Helmet
_clwqo4zgd,77,369,689,352,391,DHelmetP1Helmet
_clwqo4zgd,78,384,696,368,384,DHelmetP1Helmet
_clwqo4zgd,79,398,703,385,377,DHelmetP1Helmet
_5edpa2cmb,85,563,551,115,222,DHelmetP1Helmet
_5edpa2cmb,86,581,552,114,229,DHelmetP1Helmet
_5edpa2cmb,87,598,552,115,238,DHelmetP1Helmet
_5edpa2cmb,88,616,555,123,241,DHelmetP1Helmet
_5edpa2cmb,89,635,558,130,244,DHelmetP1Helmet
_5edpa2cmb,90,655,560,130,238,DHelmetP1Helmet
_5edpa2cmb,91,675,563,134,243,DHelmetP1Helmet
_5edpa2cmb,92,699,566,138,247,DHelmetP1Helmet
_5edpa2cmb,93,723,568,141,253,DHelmetP1Helmet
_5edpa2cmb,94,747,571,145,258,DHelmetP1Helmet
_5edpa2cmb,95,771,573,149,264,DHelmetP1Helmet
_5edpa2cmb,96,795,576,152,269,DHelmetP1Helmet
_5edpa2cmb,97,821,579,159,277,DHelmetP1Helmet
_5edpa2cmb,98,846,582,167,286,DHelmetP1Helmet
_5edpa2cmb,99,871,585,174,294,DHelmetP1Helmet
_5edpa2cmb,100,902,588,182,303,DHelmetP1Helmet
_0rmncbrp9,95,284,515,53,104,DHelmet
_0rmncbrp9,96,273,515,53,102,DHelmet
_0rmncbrp9,97,262,516,53,100,DHelmet
_0rmncbrp9,98,251,516,53,98,DHelmet
_0rmncbrp9,99,240,516,53,97,DHelmet
_0rmncbrp9,100,228,517,54,94,DHelmet
