track_id,frame_id,x,y,w,h,label
_ejdawhi3s,1,535,489,69,144,DHelmetP1Helmet
_ejdawhi3s,2,521,488,70,142,DHelmetP1Helmet
_ejdawhi3s,3,507,487,71,139,DHelmetP1Helmet
_ejdawhi3s,4,494,487,71,136,DHelmetP1Helmet
_ejdawhi3s,5,480,486,72,134,DHelmetP1Helmet
_ejdawhi3s,6,467,485,72,131,DHelmetP1Helmet
_ejdawhi3s,7,454,484,71,129,DHelmetP1Helmet
_ejdawhi3s,8,440,484,72,125,DHelmetP1Helmet
_ejdawhi3s,9,431,483,68,123,DHelmetP1Helmet
_ejdawhi3s,10,422,482,64,120,DHelmetP1Helmet
_ejdawhi3s,11,413,482,60,117,DHelmetP1Helmet
_ejdawhi3s,12,403,481,57,115,DHelmetP1Helmet
_ejdawhi3s,13,394,480,53,112,DHelmetP1Helmet
_ejdawhi3s,14,385,479,53,111,DHelmetP1Helmet
_ejdawhi3s,15,377,479,51,109,DHelmetP1Helmet
_ejdawhi3s,16,368,478,51,108,DHelmetP1Helmet
_ejdawhi3s,17,359,478,51,106,DHelmetP1Helmet
_ejdawhi3s,18,351,477,50,104,DHelmetP1Helmet
_ejdawhi3s,19,342,476,50,103,DHelmetP1Helmet
_ejdawhi3s,20,333,476,50,101,DHelmetP1Helmet
_ejdawhi3s,21,324,475,50,100,DHelmetP1Helmet
_ejdawhi3s,22,316,474,48,99,DHelmetP1Helmet
_ejdawhi3s,23,310,474,48,97,DHelmetP1Helmet
_ejdawhi3s,24,304,474,48,95,DHelmetP1Helmet
_ejdawhi3s,25,298,474,48,94,DHelmetP1Helmet
_ejdawhi3s,26,292,474,47,92,DHelmetP1Helmet
_ejdawhi3s,27,287,473,46,91,DHelmetP1Helmet
_ejdawhi3s,28,281,473,45,89,DHelmetP1Helmet
_ejdawhi3s,29,275,473,45,88,DHelmetP1Helmet
_ejdawhi3s,30,269,472,44,87,DHelmetP1Helmet
_ejdawhi3s,31,263,472,44,85,DHelmetP1Helmet
_ejdawhi3s,32,257,471,43,84,DHelmetP1Helmet
_ejdawhi3s,33,251,471,43,83,DHelmetP1Helmet
_ejdawhi3s,34,245,470,42,82,DHelmetP1Helmet
_ejdawhi3s,35,239,470,42,80,DHelmetP1Helmet
_v0b9srnw8,1,674,490,82,142,DHelmetP1NoHelmet
_v0b9srnw8,2,658,490,80,138,DHelmetP1NoHelmet
_v0b9srnw8,3,641,490,79,134,DHelmetP1NoHelmet
_v0b9srnw8,4,625,490,78,131,DHelmetP1NoHelmet
_v0b9srnw8,5,608,490,77,127,DHelmetP1NoHelmet
_v0b9srnw8,6,597,489,75,125,DHelmetP1NoHelmet
_v0b9srnw8,7,585,488,75,124,DHelmetP1NoHelmet
_v0b9srnw8,8,574,487,73,122,DHelmetP1NoHelmet
_v0b9srnw8,9,562,486,72,120,DHelmetP1NoHelmet
_v0b9srnw8,10,551,485,71,119,DHelmetP1NoHelmet
_v0b9srnw8,11,539,484,70,117,DHelmetP1NoHelmet
_v0b9srnw8,12,528,483,68,116,DHelmetP1NoHelmet
_v0b9srnw8,13,516,483,68,113,DHelmetP1NoHelmet
_v0b9srnw8,14,505,482,66,111,DHelmetP1NoHelmet
_v0b9srnw8,15,493,481,65,110,DHelmetP1NoHelmet
_v0b9srnw8,16,482,480,63,108,DHelmetP1NoHelmet
_v0b9srnw8,17,472,479,63,107,DHelmetP1NoHelmet
_v0b9srnw8,18,463,479,62,105,DHelmetP1NoHelmet
_v0b9srnw8,19,454,478,60,103,DHelmetP1NoHelmet
_v0b9srnw8,20,444,478,60,101,DHelmetP1NoHelmet
_v0b9srnw8,21,437,477,58,100,DHelmetP1NoHelmet
_v0b9srnw8,22,430,476,57,98,DHelmetP1NoHelmet
_v0b9srnw8,23,423,476,56,96,DHelmetP1NoHelmet
_v0b9srnw8,24,416,475,54,95,DHelmetP1NoHelmet
_v0b9srnw8,25,408,475,54,92,DHelmetP1NoHelmet
_v0b9srnw8,26,402,476,52,91,DHelmetP1NoHelmet
_v0b9srnw8,27,395,476,51,90,DHelmetP1NoHelmet
_v0b9srnw8,28,386,476,51,88,DHelmetP1NoHelmet
_v0b9srnw8,29,377,476,51,87,DHelmetP1NoHelmet
_v0b9srnw8,30,370,476,51,85,DHelmetP1NoHelmet
_v0b9srnw8,31,363,476,51,84,DHelmetP1NoHelmet
_v0b9srnw8,32,356,476,51,82,DHelmetP1NoHelmet
_v0b9srnw8,33,349,475,51,82,DHelmetP1NoHelmet
_v0b9srnw8,34,342,475,51,80,DHelmetP1NoHelmet
_v0b9srnw8,35,336,475,51,79,DHelmetP1NoHelmet
_v0b9srnw8,36,330,475,50,78,DHelmetP1NoHelmet
_v0b9srnw8,37,324,474,50,78,DHelmetP1NoHelmet
_v0b9srnw8,38,319,474,49,77,DHelmetP1NoHelmet
_v0b9srnw8,39,313,473,49,77,DHelmetP1NoHelmet
_v0b9srnw8,40,307,473,48,76,DHelmetP1NoHelmet
_v0b9srnw8,41,302,472,47,76,DHelmetP1NoHelmet
_v0b9srnw8,42,296,472,47,75,DHelmetP1NoHelmet
_v0b9srnw8,43,291,472,46,74,DHelmetP1NoHelmet
_v0b9srnw8,44,286,471,45,74,DHelmetP1NoHelmet
_v0b9srnw8,45,280,471,45,73,DHelmetP1NoHelmet
_v0b9srnw8,46,275,470,44,73,DHelmetP1NoHelmet
_v0b9srnw8,47,270,470,44,72,DHelmetP1NoHelmet
_v0b9srnw8,48,265,470,43,72,DHelmetP1NoHelmet
_v0b9srnw8,49,260,469,42,72,DHelmetP1NoHelmet
_v0b9srnw8,50,254,469,42,71,DHelmetP1NoHelmet
_v0b9srnw8,51,250,469,42,70,DHelmetP1NoHelmet
_v0b9srnw8,52,246,469,42,69,DHelmetP1NoHelmet
_v0b9srnw8,53,242,469,41,69,DHelmetP1NoHelmet
_v0b9srnw8,54,238,469,41,68,DHelmetP1NoHelmet
_v0b9srnw8,55,234,469,41,67,DHelmetP1NoHelmet
_v0b9srnw8,56,230,469,40,67,DHelmetP1NoHelmet
_v0b9srnw8,57,226,469,40,66,DHelmetP1NoHelmet
_v0b9srnw8,58,222,469,40,65,DHelmetP1NoHelmet
_dvo8pq8ey,1,772,496,113,177,DHelmet
_dvo8pq8ey,2,744,494,110,173,DHelmet
_dvo8pq8ey,3,715,492,108,169,DHelmet
_dvo8pq8ey,4,690,491,106,164,DHelmet
_dvo8pq8ey,5,666,490,103,159,DHelmet
_dvo8pq8ey,6,641,489,101,154,DHelmet
_dvo8pq8ey,7,621,489,96,149,DHelmet
_dvo8pq8ey,8,600,488,93,145,DHelmet
_dvo8pq8ey,9,580,488,88,140,DHelmet
_dvo8pq8ey,10,562,487,88,137,DHelmet
_dvo8pq8ey,11,545,487,87,134,DHelmet
_dvo8pq8ey,12,528,487,85,130,DHelmet
_dvo8pq8ey,13,511,486,84,128,DHelmet
_dvo8pq8ey,14,494,486,82,124,DHelmet
_dvo8pq8ey,15,477,486,81,121,DHelmet
_dvo8pq8ey,16,460,486,80,117,DHelmet
_dvo8pq8ey,17,447,485,77,115,DHelmet
_dvo8pq8ey,18,434,484,75,113,DHelmet
_dvo8pq8ey,19,422,483,72,111,DHelmet
_dvo8pq8ey,20,409,482,70,109,DHelmet
_dvo8pq8ey,21,396,481,68,107,DHelmet
_dvo8pq8ey,22,386,479,66,106,DHelmet
_dvo8pq8ey,23,375,478,65,104,DHelmet
_dvo8pq8ey,24,365,477,63,101,DHelmet
_dvo8pq8ey,25,354,476,62,99,DHelmet
_dvo8pq8ey,26,344,474,60,98,DHelmet
_dvo8pq8ey,27,337,475,59,95,DHelmet
_dvo8pq8ey,28,326,472,57,95,DHelmet
_dvo8pq8ey,29,317,472,56,94,DHelmet
_dvo8pq8ey,30,309,472,54,92,DHelmet
_dvo8pq8ey,31,301,472,53,91,DHelmet
_dvo8pq8ey,32,294,472,52,90,DHelmet
_dvo8pq8ey,33,287,472,50,89,DHelmet
_dvo8pq8ey,34,279,471,49,88,DHelmet
_dvo8pq8ey,35,272,471,48,87,DHelmet
_dvo8pq8ey,36,265,471,46,86,DHelmet
_dvo8pq8ey,37,257,471,45,84,DHelmet
_dvo8pq8ey,38,250,470,43,84,DHelmet
_dvo8pq8ey,39,244,470,43,83,DHelmet
_dvo8pq8ey,40,238,470,42,82,DHelmet
_dvo8pq8ey,41,232,470,42,81,DHelmet
_dvo8pq8ey,42,226,470,41,79,DHelmet
_dvo8pq8ey,43,220,470,41,78,DHelmet
_dvo8pq8ey,44,214,470,40,77,DHelmet
_dvo8pq8ey,45,208,470,40,76,DHelmet
_dvo8pq8ey,46,201,470,40,75,DHelmet
_dvo8pq8ey,47,195,470,40,74,DHelmet
_dvo8pq8ey,48,190,469,40,73,DHelmet
_dvo8pq8ey,49,185,469,40,71,DHelmet
_dvo8pq8ey,50,180,469,40,70,DHelmet
_dvo8pq8ey,51,175,468,40,69,DHelmet
_dvo8pq8ey,52,170,468,40,68,DHelmet
_dvo8pq8ey,53,166,468,39,66,DHelmet
_dvo8pq8ey,54,161,468,39,64,DHelmet
_nja0apz2b,1,1134,504,143,217,DHelmet
_nja0apz2b,2,1107,504,141,213,DHelmet
_nja0apz2b,3,1081,503,138,210,DHelmet
_nja0apz2b,4,1054,503,136,207,DHelmet
_nja0apz2b,5,1029,501,133,204,DHelmet
_nja0apz2b,6,1004,499,131,201,DHelmet
_nja0apz2b,7,980,498,129,198,DHelmet
_nja0apz2b,8,956,497,127,195,DHelmet
_nja0apz2b,9,933,496,124,191,DHelmet
_nja0apz2b,10,914,495,122,184,DHelmet
_nja0apz2b,11,895,495,120,176,DHelmet
_nja0apz2b,12,875,494,118,172,DHelmet
_nja0apz2b,13,856,494,115,166,DHelmet
_nja0apz2b,14,828,493,113,165,DHelmet
_nja0apz2b,15,801,493,111,162,DHelmet
_nja0apz2b,16,788,492,108,160,DHelmet
_nja0apz2b,17,776,491,105,158,DHelmet
_nja0apz2b,18,763,491,102,155,DHelmet
_nja0apz2b,19,750,490,100,153,DHelmet
_nja0apz2b,20,738,490,96,151,DHelmet
_nja0apz2b,21,725,489,94,149,DHelmet
_nja0apz2b,22,713,489,91,146,DHelmet
_nja0apz2b,23,700,488,88,144,DHelmet
_nja0apz2b,24,687,487,86,142,DHelmet
_nja0apz2b,25,675,487,82,140,DHelmet
_nja0apz2b,26,662,486,80,138,DHelmet
_nja0apz2b,27,660,486,67,135,DHelmet
_nja0apz2b,28,643,485,70,133,DHelmet
_nja0apz2b,29,632,485,73,131,DHelmet
_nja0apz2b,30,620,484,76,129,DHelmet
_nja0apz2b,31,611,484,76,127,DHelmet
_nja0apz2b,32,602,484,75,124,DHelmet
_nja0apz2b,33,593,484,75,121,DHelmet
_nja0apz2b,34,584,484,74,119,DHelmet
_nja0apz2b,35,575,484,74,116,DHelmet
_nja0apz2b,36,566,483,73,118,DHelmet
_nja0apz2b,37,557,483,73,118,DHelmet
_nja0apz2b,38,548,483,72,119,DHelmet
_nja0apz2b,39,536,484,71,117,DHelmet
_nja0apz2b,40,523,484,71,116,DHelmet
_nja0apz2b,41,511,485,70,114,DHelmet
_nja0apz2b,42,504,482,68,113,DHelmet
_nja0apz2b,43,496,479,66,111,DHelmet
_nja0apz2b,44,489,478,63,110,DHelmet
_nja0apz2b,45,482,477,61,108,DHelmet
_nja0apz2b,46,475,476,58,107,DHelmet
_nja0apz2b,47,467,476,57,105,DHelmet
_nja0apz2b,48,459,475,56,104,DHelmet
_nja0apz2b,49,450,475,56,103,DHelmet
_nja0apz2b,50,441,474,56,102,DHelmet
_nja0apz2b,51,432,474,55,101,DHelmet
_nja0apz2b,52,423,473,55,100,DHelmet
_nja0apz2b,53,416,473,55,99,DHelmet
_nja0apz2b,54,409,473,54,98,DHelmet
_nja0apz2b,55,402,473,54,97,DHelmet
_nja0apz2b,56,397,473,53,96,DHelmet
_nja0apz2b,57,392,473,52,95,DHelmet
_nja0apz2b,58,387,472,51,95,DHelmet
_nja0apz2b,59,381,472,51,94,DHelmet
_nja0apz2b,60,376,472,50,93,DHelmet
_nja0apz2b,61,371,472,49,92,DHelmet
_nja0apz2b,62,366,472,48,91,DHelmet
_nja0apz2b,63,361,472,47,90,DHelmet
_nja0apz2b,64,356,471,47,90,DHelmet
_nja0apz2b,65,351,471,46,89,DHelmet
_nja0apz2b,66,346,471,45,88,DHelmet
_nja0apz2b,67,341,471,45,87,DHelmet
_nja0apz2b,68,336,471,43,86,DHelmet
_9khat35o0,1,1232,520,172,247,DHelmet
_9khat35o0,2,1189,518,164,238,DHelmet
_9khat35o0,3,1153,516,156,232,DHelmet
_9khat35o0,4,1118,515,149,224,DHelmet
_9khat35o0,5,1083,513,141,217,DHelmet
_9khat35o0,6,1051,512,136,211,DHelmet
_9khat35o0,7,1020,510,131,207,DHelmet
_9khat35o0,8,990,508,126,203,DHelmet
_9khat35o0,9,959,507,124,199,DHelmet
_9khat35o0,10,927,505,122,196,DHelmet
_9khat35o0,11,902,503,118,192,DHelmet
_9khat35o0,12,877,501,114,188,DHelmet
_9khat35o0,13,852,499,109,185,DHelmet
_9khat35o0,14,828,497,104,181,DHelmet
_9khat35o0,15,795,497,113,179,DHelmet
_9khat35o0,16,783,497,107,172,DHelmet
_9khat35o0,17,763,497,98,169,DHelmet
_9khat35o0,18,743,497,90,165,DHelmet
_9khat35o0,19,722,497,87,162,DHelmet
_9khat35o0,20,702,498,83,158,DHelmet
_9khat35o0,21,684,495,75,156,DHelmet
_9khat35o0,22,666,493,68,154,DHelmet
_9khat35o0,23,645,492,80,149,DHelmet
_9khat35o0,24,631,491,76,147,DHelmet
_9khat35o0,25,617,489,71,145,DHelmet
_9khat35o0,26,600,488,73,143,DHelmet
_9khat35o0,27,583,488,75,141,DHelmet
_9khat35o0,28,570,487,73,139,DHelmet
_9khat35o0,29,557,486,71,137,DHelmet
_9khat35o0,30,544,485,71,135,DHelmet
_9khat35o0,31,532,485,70,132,DHelmet
_9khat35o0,32,520,484,69,130,DHelmet
_9khat35o0,33,507,483,69,129,DHelmet
_9khat35o0,34,495,483,68,126,DHelmet
_9khat35o0,35,485,482,67,125,DHelmet
_9khat35o0,36,476,482,65,123,DHelmet
_9khat35o0,37,466,482,64,120,DHelmet
_9khat35o0,38,456,481,64,119,DHelmet
_9khat35o0,39,447,481,62,117,DHelmet
_9khat35o0,40,437,480,61,116,DHelmet
_9khat35o0,41,427,480,60,114,DHelmet
_9khat35o0,42,418,480,59,112,DHelmet
_9khat35o0,43,409,479,58,111,DHelmet
_9khat35o0,44,401,479,57,109,DHelmet
_9khat35o0,45,393,479,55,107,DHelmet
_9khat35o0,46,385,478,54,106,DHelmet
_9khat35o0,47,376,478,53,104,DHelmet
_9khat35o0,48,368,478,52,102,DHelmet
_9khat35o0,49,362,477,51,101,DHelmet
_9khat35o0,50,356,476,51,100,DHelmet
_9khat35o0,51,350,475,50,99,DHelmet
_9khat35o0,52,344,475,50,98,DHelmet
_9khat35o0,53,338,474,49,97,DHelmet
_9khat35o0,54,331,473,50,96,DHelmet
_9khat35o0,55,325,472,49,95,DHelmet
_9khat35o0,56,319,472,49,94,DHelmet
_9khat35o0,57,313,472,48,93,DHelmet
_9khat35o0,58,307,473,47,91,DHelmet
_9khat35o0,59,303,473,47,91,DHelmet
_9khat35o0,60,299,473,46,90,DHelmet
_9khat35o0,61,294,473,47,89,DHelmet
_9khat35o0,62,289,473,46,88,DHelmet
_9khat35o0,63,284,472,45,87,DHelmet
_9khat35o0,64,278,472,45,86,DHelmet
_9khat35o0,65,274,472,44,85,DHelmet
_9khat35o0,66,270,471,44,85,DHelmet
_9khat35o0,67,267,471,43,83,DHelmet
_9khat35o0,68,263,471,42,82,DHelmet
_9khat35o0,69,259,470,42,82,DHelmet
_0tgyvmtjr,10,1673,539,247,350,DHelmetP1Helmet
_0tgyvmtjr,11,1587,535,265,331,DHelmetP1Helmet
_0tgyvmtjr,12,1506,530,244,316,DHelmetP1Helmet
_0tgyvmtjr,13,1434,526,223,299,DHelmetP1Helmet
_0tgyvmtjr,14,1365,521,209,288,DHelmetP1Helmet
_0tgyvmtjr,15,1302,519,198,274,DHelmetP1Helmet
_0tgyvmtjr,16,1243,516,185,263,DHelmetP1Helmet
_0tgyvmtjr,17,1189,512,174,253,DHelmetP1Helmet
_0tgyvmtjr,18,1137,509,165,243,DHelmetP1Helmet
_0tgyvmtjr,19,1087,508,156,234,DHelmetP1Helmet
_0tgyvmtjr,20,1043,506,148,225,DHelmetP1Helmet
_0tgyvmtjr,21,1001,503,141,218,DHelmetP1Helmet
_0tgyvmtjr,22,958,500,134,212,DHelmetP1Helmet
_0tgyvmtjr,23,920,499,128,205,DHelmetP1Helmet
_0tgyvmtjr,24,884,498,122,198,DHelmetP1Helmet
_0tgyvmtjr,25,854,497,115,191,DHelmetP1Helmet
_0tgyvmtjr,26,823,496,109,184,DHelmetP1Helmet
_0tgyvmtjr,27,797,494,101,180,DHelmetP1Helmet
_0tgyvmtjr,28,770,492,93,175,DHelmetP1Helmet
_0tgyvmtjr,29,746,492,86,171,DHelmetP1Helmet
_0tgyvmtjr,30,722,491,85,167,DHelmetP1Helmet
_0tgyvmtjr,31,698,490,85,162,DHelmetP1Helmet
_0tgyvmtjr,32,674,489,85,158,DHelmetP1Helmet
_0tgyvmtjr,33,655,486,83,155,DHelmetP1Helmet
_0tgyvmtjr,34,635,484,82,151,DHelmetP1Helmet
_0tgyvmtjr,35,616,483,80,149,DHelmetP1Helmet
_0tgyvmtjr,36,597,483,78,145,DHelmetP1Helmet
_0tgyvmtjr,37,578,482,77,142,DHelmetP1Helmet
_0tgyvmtjr,38,559,482,75,139,DHelmetP1Helmet
_0tgyvmtjr,39,542,482,74,135,DHelmetP1Helmet
_0tgyvmtjr,40,525,481,72,132,DHelmetP1Helmet
_0tgyvmtjr,41,510,481,70,129,DHelmetP1Helmet
_0tgyvmtjr,42,494,480,70,128,DHelmetP1Helmet
_0tgyvmtjr,43,478,479,69,126,DHelmetP1Helmet
_0tgyvmtjr,44,462,479,69,123,DHelmetP1Helmet
_0tgyvmtjr,45,448,478,67,121,DHelmetP1Helmet
_0tgyvmtjr,46,434,478,66,119,DHelmetP1Helmet
_0tgyvmtjr,47,419,477,66,117,DHelmetP1Helmet
_0tgyvmtjr,48,405,476,64,115,DHelmetP1Helmet
_0tgyvmtjr,49,391,476,63,112,DHelmetP1Helmet
_0tgyvmtjr,50,372,476,63,110,DHelmetP1Helmet
_0tgyvmtjr,51,361,475,61,110,DHelmetP1Helmet
_0tgyvmtjr,52,349,475,60,108,DHelmetP1Helmet
_0tgyvmtjr,53,338,474,59,107,DHelmetP1Helmet
_0tgyvmtjr,54,326,474,58,105,DHelmetP1Helmet
_0tgyvmtjr,55,317,474,56,103,DHelmetP1Helmet
_0tgyvmtjr,56,308,473,55,102,DHelmetP1Helmet
_0tgyvmtjr,57,299,473,53,100,DHelmetP1Helmet
_0tgyvmtjr,58,290,473,52,98,DHelmetP1Helmet
_0tgyvmtjr,59,279,472,51,97,DHelmetP1Helmet
_0tgyvmtjr,60,269,471,50,95,DHelmetP1Helmet
_0tgyvmtjr,61,258,470,49,94,DHelmetP1Helmet
_0tgyvmtjr,62,250,470,47,92,DHelmetP1Helmet
_0tgyvmtjr,63,241,470,46,91,DHelmetP1Helmet
_0tgyvmtjr,64,233,470,45,90,DHelmetP1Helmet
_0tgyvmtjr,65,226,470,44,88,DHelmetP1Helmet
_0tgyvmtjr,66,219,470,44,86,DHelmetP1Helmet
_0tgyvmtjr,67,213,470,42,85,DHelmetP1Helmet
_0tgyvmtjr,68,206,470,41,83,DHelmetP1Helmet
_0tgyvmtjr,69,199,469,41,82,DHelmetP1Helmet
_0tgyvmtjr,70,194,468,41,82,DHelmetP1Helmet
_uy7ovfv6o,24,1618,544,300,362,DHelmet
_uy7ovfv6o,25,1532,541,270,339,DHelmet
_uy7ovfv6o,26,1455,533,240,325,DHelmet
_uy7ovfv6o,27,1386,530,214,308,DHelmet
_uy7ovfv6o,28,1325,527,189,292,DHelmet
_uy7ovfv6o,29,1266,523,171,279,DHelmet
_uy7ovfv6o,30,1213,519,152,267,DHelmet
_uy7ovfv6o,31,1165,516,140,255,DHelmet
_uy7ovfv6o,32,1120,515,131,244,DHelmet
_uy7ovfv6o,33,1074,512,127,235,DHelmet
_uy7ovfv6o,34,1034,510,120,226,DHelmet
_uy7ovfv6o,35,993,508,119,218,DHelmet
_uy7ovfv6o,36,959,506,114,210,DHelmet
_uy7ovfv6o,37,925,503,108,203,DHelmet
_uy7ovfv6o,38,895,501,101,195,DHelmet
_uy7ovfv6o,39,859,499,104,190,DHelmet
_uy7ovfv6o,40,833,498,99,184,DHelmet
_uy7ovfv6o,41,804,496,99,179,DHelmet
_uy7ovfv6o,42,783,495,88,175,DHelmet
_uy7ovfv6o,43,752,493,89,171,DHelmet
_uy7ovfv6o,44,731,492,89,166,DHelmet
_uy7ovfv6o,45,706,492,81,160,DHelmet
_uy7ovfv6o,46,685,492,81,155,DHelmet
_uy7ovfv6o,47,663,491,78,150,DHelmet
_uy7ovfv6o,48,643,490,76,145,DHelmet
_uy7ovfv6o,49,625,489,73,142,DHelmet
_uy7ovfv6o,50,606,489,71,138,DHelmet
_uy7ovfv6o,51,589,488,68,136,DHelmet
_uy7ovfv6o,52,571,487,66,133,DHelmet
_uy7ovfv6o,53,556,486,65,130,DHelmet
_uy7ovfv6o,54,540,485,64,128,DHelmet
_uy7ovfv6o,55,524,485,64,124,DHelmet
_uy7ovfv6o,56,509,484,62,122,DHelmet
_uy7ovfv6o,57,493,482,61,120,DHelmet
_uy7ovfv6o,58,478,481,59,117,DHelmet
_uy7ovfv6o,59,466,480,57,116,DHelmet
_uy7ovfv6o,60,453,480,56,113,DHelmet
_uy7ovfv6o,61,441,479,54,112,DHelmet
_uy7ovfv6o,62,429,478,53,110,DHelmet
_uy7ovfv6o,63,417,478,51,108,DHelmet
_uy7ovfv6o,64,406,478,50,106,DHelmet
_uy7ovfv6o,65,394,477,51,104,DHelmet
_uy7ovfv6o,66,383,477,50,102,DHelmet
_uy7ovfv6o,67,372,477,50,100,DHelmet
_uy7ovfv6o,68,361,476,49,99,DHelmet
_uy7ovfv6o,69,350,476,48,97,DHelmet
_uy7ovfv6o,70,339,476,48,95,DHelmet
_uy7ovfv6o,71,330,475,47,94,DHelmet
_uy7ovfv6o,72,321,474,46,93,DHelmet
_uy7ovfv6o,73,311,474,46,92,DHelmet
_uy7ovfv6o,74,302,473,45,91,DHelmet
_uy7ovfv6o,75,293,472,44,90,DHelmet
_uy7ovfv6o,76,284,472,43,88,DHelmet
_uy7ovfv6o,77,275,471,42,88,DHelmet
_uy7ovfv6o,78,266,470,41,87,DHelmet
_uy7ovfv6o,79,256,469,41,86,DHelmet
_e9dwrkqhu,63,1694,532,226,333,DHelmet
_e9dwrkqhu,64,1631,529,267,319,DHelmet
_e9dwrkqhu,65,1573,527,249,306,DHelmet
_e9dwrkqhu,66,1514,524,232,297,DHelmet
_e9dwrkqhu,67,1463,520,214,288,DHelmet
_e9dwrkqhu,68,1414,519,198,280,DHelmet
_e9dwrkqhu,69,1366,517,191,270,DHelmet
_e9dwrkqhu,70,1317,516,186,259,DHelmet
_e9dwrkqhu,71,1278,514,176,253,DHelmet
_e9dwrkqhu,72,1238,512,168,248,DHelmet
_e9dwrkqhu,73,1194,510,160,240,DHelmet
_e9dwrkqhu,74,1158,508,153,233,DHelmet
_e9dwrkqhu,75,1123,506,144,225,DHelmet
_e9dwrkqhu,76,1088,505,138,219,DHelmet
_e9dwrkqhu,77,1053,504,132,213,DHelmet
_e9dwrkqhu,78,1023,502,123,207,DHelmet
_e9dwrkqhu,79,993,501,114,201,DHelmet
_e9dwrkqhu,80,963,500,112,195,DHelmet
_e9dwrkqhu,81,933,499,111,189,DHelmet
_e9dwrkqhu,82,905,498,109,185,DHelmet
_e9dwrkqhu,83,881,497,103,180,DHelmet
_e9dwrkqhu,84,856,495,98,177,DHelmet
_e9dwrkqhu,85,829,495,100,173,DHelmet
_e9dwrkqhu,86,804,495,99,168,DHelmet
_e9dwrkqhu,87,783,495,94,164,DHelmet
_e9dwrkqhu,88,762,493,92,161,DHelmet
_e9dwrkqhu,89,740,492,90,158,DHelmet
_e9dwrkqhu,90,721,490,88,155,DHelmet
_e9dwrkqhu,91,702,489,86,151,DHelmet
_e9dwrkqhu,92,683,488,84,148,DHelmet
_e9dwrkqhu,93,666,488,84,145,DHelmet
_e9dwrkqhu,94,650,488,83,142,DHelmet
_e9dwrkqhu,95,638,488,78,139,DHelmet
_e9dwrkqhu,96,622,486,78,135,DHelmet
_e9dwrkqhu,97,609,485,76,133,DHelmet
_e9dwrkqhu,98,595,485,75,130,DHelmet
_e9dwrkqhu,99,582,485,74,127,DHelmet
_e9dwrkqhu,100,571,484,71,125,DHelmet
_ulg6lg3a6,91,1651,530,269,313,DHelmetP1Helmet
_ulg6lg3a6,92,1592,529,268,303,DHelmetP1Helmet
_ulg6lg3a6,93,1539,524,252,299,DHelmetP1Helmet
_ulg6lg3a6,94,1486,525,243,286,DHelmetP1Helmet
_ulg6lg3a6,95,1437,524,231,279,DHelmetP1Helmet
_ulg6lg3a6,96,1392,520,220,273,DHelmetP1Helmet
_ulg6lg3a6,97,1347,516,209,267,DHelmetP1Helmet
_ulg6lg3a6,98,1307,514,197,260,DHelmetP1Helmet
_ulg6lg3a6,99,1266,512,187,253,DHelmetP1Helmet
_ulg6lg3a6,100,1230,510,175,246,DHelmetP1Helmet
_wb4ip57qr,96,1700,538,220,346,DHelmet
_wb4ip57qr,97,1633,533,287,350,DHelmet
_wb4ip57qr,98,1567,530,327,336,DHelmet
_wb4ip57qr,99,1506,527,307,325,DHelmet
_wb4ip57qr,100,1449,524,293,314,DHelmet
_8rsnyxpot,1,1517,515,180,248,DHelmet
_8rsnyxpot,2,1517,515,180,248,DHelmet
_8rsnyxpot,3,1517,515,180,248,DHelmet
_8rsnyxpot,4,1518,515,179,248,DHelmet
_8rsnyxpot,5,1518,515,179,248,DHelmet
_8rsnyxpot,6,1518,515,179,248,DHelmet
_8rsnyxpot,7,1518,515,179,248,DHelmet
_8rsnyxpot,8,1518,515,179,248,DHelmet
_8rsnyxpot,9,1518,515,179,248,DHelmet
_8rsnyxpot,10,1518,515,179,248,DHelmet
_8rsnyxpot,11,1518,515,179,248,DHelmet
_8rsnyxpot,12,1518,515,179,248,DHelmet
_8rsnyxpot,13,1518,515,179,248,DHelmet
_8rsnyxpot,14,1518,515,179,248,DHelmet
_8rsnyxpot,15,1518,515,179,248,DHelmet
_8rsnyxpot,16,1518,515,179,248,DHelmet
_8rsnyxpot,17,1518,515,179,248,DHelmet
_8rsnyxpot,18,1518,515,179,248,DHelmet
_8rsnyxpot,19,1518,515,179,248,DHelmet
_8rsnyxpot,20,1518,515,179,248,DHelmet
_8rsnyxpot,21,1518,515,179,248,DHelmet
_8rsnyxpot,22,1518,515,179,248,DHelmet
_8rsnyxpot,23,1518,515,179,248,DHelmet
_8rsnyxpot,24,1518,515,179,248,DHelmet
_8rsnyxpot,25,1518,515,179,248,DHelmet
_8rsnyxpot,26,1518,515,179,248,DHelmet
_8rsnyxpot,27,1518,515,179,248,DHelmet
_8rsnyxpot,28,1518,515,179,248,DHelmet
_8rsnyxpot,29,1518,515,179,248,DHelmet
_8rsnyxpot,30,1518,515,179,248,DHelmet
_8rsnyxpot,31,1518,515,179,248,DHelmet
_8rsnyxpot,32,1518,515,179,248,DHelmet
_8rsnyxpot,33,1518,515,179,248,DHelmet
_8rsnyxpot,34,1518,515,179,248,DHelmet
_8rsnyxpot,35,1518,515,179,248,DHelmet
_8rsnyxpot,36,1518,515,179,248,DHelmet
_8rsnyxpot,37,1518,515,179,248,DHelmet
_8rsnyxpot,38,1518,515,179,248,DHelmet
_8rsnyxpot,39,1518,515,179,248,DHelmet
_8rsnyxpot,40,1518,515,179,248,DHelmet
_8rsnyxpot,41,1518,515,179,248,DHelmet
_8rsnyxpot,42,1518,515,180,248,DHelmet
_8rsnyxpot,43,1518,515,180,248,DHelmet
_8rsnyxpot,44,1518,515,180,248,DHelmet
_8rsnyxpot,45,1518,515,180,248,DHelmet
_8rsnyxpot,46,1518,515,180,248,DHelmet
_8rsnyxpot,47,1518,515,180,248,DHelmet
_8rsnyxpot,48,1518,515,180,248,DHelmet
_8rsnyxpot,49,1518,515,180,248,DHelmet
_8rsnyxpot,50,1518,515,180,248,DHelmet
_8rsnyxpot,51,1518,515,180,248,DHelmet
_8rsnyxpot,52,1518,515,180,248,DHelmet
_8rsnyxpot,53,1518,515,180,248,DHelmet
_8rsnyxpot,54,1518,515,180,248,DHelmet
_8rsnyxpot,55,1518,515,180,248,DHelmet
_8rsnyxpot,56,1518,515,180,248,DHelmet
_8rsnyxpot,57,1518,515,180,248,DHelmet
_8rsnyxpot,58,1518,515,180,248,DHelmet
_8rsnyxpot,59,1518,515,180,248,DHelmet
_8rsnyxpot,60,1518,515,180,248,DHelmet
_8rsnyxpot,61,1518,515,180,248,DHelmet
_8rsnyxpot,62,1518,515,180,248,DHelmet
_8rsnyxpot,63,1518,515,180,248,DHelmet
_8rsnyxpot,64,1518,515,180,248,DHelmet
_8rsnyxpot,65,1518,515,180,248,DHelmet
_8rsnyxpot,66,1518,515,180,248,DHelmet
_8rsnyxpot,67,1518,515,180,248,DHelmet
_8rsnyxpot,68,1518,515,180,248,DHelmet
_8rsnyxpot,69,1518,515,180,248,DHelmet
_8rsnyxpot,70,1518,515,180,248,DHelmet
_8rsnyxpot,71,1518,515,180,248,DHelmet
_8rsnyxpot,72,1518,515,180,248,DHelmet
_8rsnyxpot,73,1518,515,180,248,DHelmet
_8rsnyxpot,74,1518,515,180,248,DHelmet
_8rsnyxpot,75,1518,515,180,248,DHelmet
_8rsnyxpot,76,1518,515,180,248,DHelmet
_8rsnyxpot,77,1518,515,180,248,DHelmet
_8rsnyxpot,78,1518,515,180,248,DHelmet
_8rsnyxpot,79,1518,515,180,248,DHelmet
_8rsnyxpot,80,1518,515,180,248,DHelmet
_8rsnyxpot,81,1518,515,180,248,DHelmet
_8rsnyxpot,82,1518,515,180,248,DHelmet
_8rsnyxpot,83,1518,515,180,248,DHelmet
_8rsnyxpot,84,1518,515,180,248,DHelmet
_8rsnyxpot,85,1518,515,180,248,DHelmet
_8rsnyxpot,86,1518,515,180,248,DHelmet
_8rsnyxpot,87,1518,515,180,248,DHelmet
_8rsnyxpot,88,1518,515,180,248,DHelmet
_8rsnyxpot,89,1518,515,177,248,DHelmet
_8rsnyxpot,90,1518,515,174,248,DHelmet
_8rsnyxpot,91,1518,515,171,248,DHelmet
_8rsnyxpot,92,1518,515,170,244,DHelmet
_8rsnyxpot,93,1518,515,169,239,DHelmet
_gmahum87t,1,1628,519,177,238,DHelmet
_gmahum87t,2,1628,519,177,238,DHelmet
_gmahum87t,3,1628,519,177,238,DHelmet
_gmahum87t,4,1628,519,177,237,DHelmet
_gmahum87t,5,1628,519,177,237,DHelmet
_gmahum87t,6,1628,519,177,237,DHelmet
_gmahum87t,7,1628,519,177,237,DHelmet
_gmahum87t,8,1628,519,177,237,DHelmet
_gmahum87t,9,1628,519,177,237,DHelmet
_gmahum87t,10,1628,519,177,237,DHelmet
_gmahum87t,11,1628,519,177,237,DHelmet
_gmahum87t,12,1628,519,177,236,DHelmet
_gmahum87t,13,1628,519,177,236,DHelmet
_gmahum87t,14,1628,519,177,236,DHelmet
_gmahum87t,15,1628,519,177,236,DHelmet
_gmahum87t,16,1628,519,177,236,DHelmet
_gmahum87t,17,1628,519,177,236,DHelmet
_gmahum87t,18,1628,519,177,236,DHelmet
_gmahum87t,19,1628,519,177,236,DHelmet
_gmahum87t,20,1628,519,177,235,DHelmet
_gmahum87t,21,1628,519,177,235,DHelmet
_gmahum87t,22,1628,519,177,235,DHelmet
_gmahum87t,23,1628,519,177,235,DHelmet
_gmahum87t,24,1628,519,177,235,DHelmet
_gmahum87t,25,1628,519,177,235,DHelmet
_gmahum87t,26,1628,519,177,235,DHelmet
_gmahum87t,27,1628,519,177,235,DHelmet
_gmahum87t,28,1628,519,177,235,DHelmet
_gmahum87t,29,1628,519,177,234,DHelmet
_gmahum87t,30,1628,519,177,234,DHelmet
_gmahum87t,31,1628,519,177,234,DHelmet
_gmahum87t,32,1628,519,177,234,DHelmet
_gmahum87t,33,1628,519,177,234,DHelmet
_gmahum87t,34,1628,519,177,234,DHelmet
_gmahum87t,35,1628,519,177,234,DHelmet
_gmahum87t,36,1628,519,177,234,DHelmet
_gmahum87t,37,1628,519,177,234,DHelmet
_gmahum87t,38,1628,519,177,234,DHelmet
_gmahum87t,39,1628,519,177,234,DHelmet
_gmahum87t,40,1628,520,177,233,DHelmet
_gmahum87t,41,1628,520,177,233,DHelmet
_gmahum87t,42,1628,520,177,233,DHelmet
_gmahum87t,43,1628,520,177,233,DHelmet
_gmahum87t,44,1628,520,177,233,DHelmet
_gmahum87t,45,1628,520,177,233,DHelmet
_gmahum87t,46,1628,520,177,233,DHelmet
_gmahum87t,47,1628,520,177,233,DHelmet
_gmahum87t,48,1628,520,177,233,DHelmet
_gmahum87t,49,1628,520,177,233,DHelmet
_gmahum87t,50,1628,520,177,233,DHelmet
_gmahum87t,51,1628,520,177,233,DHelmet
_gmahum87t,52,1628,520,177,233,DHelmet
_gmahum87t,53,1628,520,177,233,DHelmet
_gmahum87t,54,1628,520,177,233,DHelmet
_gmahum87t,55,1628,520,177,233,DHelmet
_gmahum87t,56,1628,520,177,233,DHelmet
_gmahum87t,57,1628,520,177,233,DHelmet
_gmahum87t,58,1628,520,177,233,DHelmet
_gmahum87t,59,1628,520,177,233,DHelmet
_gmahum87t,60,1628,520,177,233,DHelmet
_gmahum87t,61,1628,520,177,233,DHelmet
_gmahum87t,62,1628,520,177,233,DHelmet
_gmahum87t,63,1628,520,177,233,DHelmet
_gmahum87t,64,1628,520,177,233,DHelmet
_gmahum87t,65,1628,520,177,233,DHelmet
_gmahum87t,66,1628,520,177,233,DHelmet
_gmahum87t,67,1628,520,177,233,DHelmet
_gmahum87t,68,1628,520,177,233,DHelmet
_gmahum87t,69,1628,520,177,233,DHelmet
_gmahum87t,70,1628,520,177,233,DHelmet
_gmahum87t,71,1628,521,177,232,DHelmet
_gmahum87t,72,1628,521,177,232,DHelmet
_gmahum87t,73,1628,521,177,232,DHelmet
_gmahum87t,74,1628,521,177,232,DHelmet
_gmahum87t,75,1628,521,177,232,DHelmet
_gmahum87t,76,1628,521,177,232,DHelmet
_gmahum87t,77,1628,521,177,232,DHelmet
_gmahum87t,78,1628,521,177,232,DHelmet
_gmahum87t,79,1628,521,177,232,DHelmet
_gmahum87t,80,1628,521,177,232,DHelmet
_gmahum87t,81,1628,521,177,232,DHelmet
_gmahum87t,82,1628,521,177,232,DHelmet
_gmahum87t,83,1628,521,177,232,DHelmet
_gmahum87t,84,1628,522,177,231,DHelmet
_gmahum87t,85,1628,523,177,230,DHelmet
_gmahum87t,86,1628,524,177,229,DHelmet
_gmahum87t,87,1628,525,177,228,DHelmet
_gmahum87t,88,1628,527,177,226,DHelmet
_gmahum87t,89,1628,528,177,225,DHelmet
_gmahum87t,90,1628,530,177,223,DHelmet
_gmahum87t,91,1628,531,177,222,DHelmet
_gmahum87t,92,1628,532,177,221,DHelmet
_gmahum87t,93,1628,534,177,219,DHelmet
_gmahum87t,94,1628,535,177,218,DHelmet
_gmahum87t,95,1628,537,177,216,DHelmet
_gmahum87t,96,1628,538,177,215,DHelmet
_vmerdpxzs,1,397,530,135,316,DHelmetP1Helmet
_vmerdpxzs,2,418,535,140,331,DHelmetP1Helmet
_vmerdpxzs,3,443,540,145,345,DHelmetP1Helmet
_vmerdpxzs,4,463,545,157,364,DHelmetP1Helmet
_vmerdpxzs,5,492,550,165,386,DHelmetP1Helmet
_vmerdpxzs,6,520,555,174,409,DHelmetP1Helmet
_vmerdpxzs,7,552,562,186,432,DHelmetP1Helmet
_vmerdpxzs,8,586,568,199,466,DHelmetP1Helmet
_vmerdpxzs,9,629,574,213,499,DHelmetP1Helmet
_vmerdpxzs,10,670,579,238,501,DHelmetP1Helmet
_vmerdpxzs,11,720,591,262,489,DHelmetP1Helmet
_vmerdpxzs,12,773,606,297,474,DHelmetP1Helmet
_vmerdpxzs,13,835,620,338,460,DHelmetP1Helmet
_vmerdpxzs,14,907,632,387,448,DHelmetP1Helmet
_vmerdpxzs,15,992,650,442,430,DHelmetP1Helmet
_vmerdpxzs,16,1092,674,427,406,DHelmetP1Helmet
_86ec72nl8,10,86,464,42,94,DHelmet
_86ec72nl8,11,89,465,43,94,DHelmet
_86ec72nl8,12,92,466,43,95,DHelmet
_86ec72nl8,13,95,466,44,96,DHelmet
_86ec72nl8,14,98,467,45,96,DHelmet
_86ec72nl8,15,101,468,45,96,DHelmet
_86ec72nl8,16,104,468,46,97,DHelmet
_86ec72nl8,17,107,469,47,97,DHelmet
_86ec72nl8,18,110,469,48,99,DHelmet
_86ec72nl8,19,113,470,48,101,DHelmet
_86ec72nl8,20,116,470,49,103,DHelmet
_86ec72nl8,21,119,471,50,104,DHelmet
_86ec72nl8,22,123,471,50,106,DHelmet
_86ec72nl8,23,126,471,50,109,DHelmet
_86ec72nl8,24,129,472,51,110,DHelmet
_86ec72nl8,25,132,473,52,112,DHelmet
_86ec72nl8,26,136,473,53,114,DHelmet
_86ec72nl8,27,141,474,54,116,DHelmet
_86ec72nl8,28,146,474,54,118,DHelmet
_86ec72nl8,29,150,475,56,119,DHelmet
_86ec72nl8,30,154,475,57,122,DHelmet
_86ec72nl8,31,159,476,57,123,DHelmet
_86ec72nl8,32,163,476,59,126,DHelmet
_86ec72nl8,33,169,477,60,127,DHelmet
_86ec72nl8,34,174,477,61,129,DHelmet
_86ec72nl8,35,180,478,62,131,DHelmet
_86ec72nl8,36,184,478,67,135,DHelmet
_86ec72nl8,37,192,479,68,137,DHelmet
_86ec72nl8,38,200,480,69,140,DHelmet
_86ec72nl8,39,207,481,71,143,DHelmet
_86ec72nl8,40,215,482,71,146,DHelmet
_86ec72nl8,41,223,482,72,150,DHelmet
_86ec72nl8,42,231,483,73,153,DHelmet
_86ec72nl8,43,238,484,78,157,DHelmet
_86ec72nl8,44,248,485,80,161,DHelmet
_86ec72nl8,45,258,486,82,165,DHelmet
_86ec72nl8,46,268,486,85,171,DHelmet
_86ec72nl8,47,281,487,85,175,DHelmet
_86ec72nl8,48,293,488,87,179,DHelmet
_86ec72nl8,49,304,489,91,183,DHelmet
_86ec72nl8,50,321,490,94,187,DHelmet
_86ec72nl8,51,332,491,101,194,DHelmet
_86ec72nl8,52,348,492,102,201,DHelmet
_86ec72nl8,53,363,494,104,207,DHelmet
_86ec72nl8,54,378,495,106,213,DHelmet
_86ec72nl8,55,394,497,113,221,DHelmet
_86ec72nl8,56,410,498,120,229,DHelmet
_86ec72nl8,57,430,499,123,237,DHelmet
_86ec72nl8,58,451,501,125,244,DHelmet
_86ec72nl8,59,474,505,132,253,DHelmet
_86ec72nl8,60,497,509,139,261,DHelmet
_86ec72nl8,61,524,511,145,272,DHelmet
_86ec72nl8,62,550,513,152,283,DHelmet
_86ec72nl8,63,581,517,162,294,DHelmet
_86ec72nl8,64,613,520,171,306,DHelmet
_86ec72nl8,65,649,521,183,325,DHelmet
_86ec72nl8,66,692,526,192,339,DHelmet
_86ec72nl8,67,734,530,212,359,DHelmet
_86ec72nl8,68,783,534,222,379,DHelmet
_86ec72nl8,69,838,540,238,398,DHelmet
_86ec72nl8,70,897,545,260,424,DHelmet
_86ec72nl8,71,962,551,285,451,DHelmet
_86ec72nl8,72,1039,556,313,481,DHelmet
_86ec72nl8,73,1123,562,355,516,DHelmet
_86ec72nl8,74,1220,574,404,506,DHelmet
_86ec72nl8,75,1330,582,457,498,DHelmet
_86ec72nl8,76,1455,593,465,487,DHelmet
_42t7f1l5e,7,133,471,38,79,DHelmet
_42t7f1l5e,8,137,471,38,80,DHelmet
_42t7f1l5e,9,141,471,39,82,DHelmet
_42t7f1l5e,10,146,472,39,83,DHelmet
_42t7f1l5e,11,150,472,39,84,DHelmet
_42t7f1l5e,12,154,472,40,86,DHelmet
_42t7f1l5e,13,159,473,40,87,DHelmet
_42t7f1l5e,14,164,473,40,88,DHelmet
_42t7f1l5e,15,168,473,40,90,DHelmet
_42t7f1l5e,16,173,474,40,91,DHelmet
_42t7f1l5e,17,178,474,40,92,DHelmet
_42t7f1l5e,18,183,474,39,94,DHelmet
_42t7f1l5e,19,187,475,40,95,DHelmet
_42t7f1l5e,20,192,475,41,96,DHelmet
_42t7f1l5e,21,197,475,41,98,DHelmet
_42t7f1l5e,22,202,476,42,99,DHelmet
_42t7f1l5e,23,207,476,43,100,DHelmet
_42t7f1l5e,24,211,476,44,102,DHelmet
_42t7f1l5e,25,216,476,45,104,DHelmet
_42t7f1l5e,26,221,477,47,105,DHelmet
_42t7f1l5e,27,226,478,48,106,DHelmet
_42t7f1l5e,28,231,479,50,107,DHelmet
_42t7f1l5e,29,236,479,52,109,DHelmet
_42t7f1l5e,30,243,480,53,110,DHelmet
_42t7f1l5e,31,249,481,54,111,DHelmet
_42t7f1l5e,32,253,482,55,113,DHelmet
_42t7f1l5e,33,261,482,55,115,DHelmet
_42t7f1l5e,34,270,483,55,117,DHelmet
_42t7f1l5e,35,278,484,55,119,DHelmet
_42t7f1l5e,36,286,484,56,121,DHelmet
_42t7f1l5e,37,295,485,58,124,DHelmet
_42t7f1l5e,38,304,486,61,127,DHelmet
_42t7f1l5e,39,314,487,62,130,DHelmet
_42t7f1l5e,40,323,487,64,134,DHelmet
_42t7f1l5e,41,332,488,67,137,DHelmet
_42t7f1l5e,42,342,489,67,140,DHelmet
_42t7f1l5e,43,352,490,68,144,DHelmet
_42t7f1l5e,44,363,491,71,147,DHelmet
_42t7f1l5e,45,375,492,73,150,DHelmet
_42t7f1l5e,46,386,493,76,154,DHelmet
_42t7f1l5e,47,398,494,78,157,DHelmet
_42t7f1l5e,48,410,495,82,161,DHelmet
_42t7f1l5e,49,423,496,84,164,DHelmet
_42t7f1l5e,50,440,497,86,169,DHelmet
_42t7f1l5e,51,456,497,88,176,DHelmet
_42t7f1l5e,52,473,498,90,181,DHelmet
_42t7f1l5e,53,488,500,93,187,DHelmet
_42t7f1l5e,54,508,502,95,193,DHelmet
_42t7f1l5e,55,529,504,97,198,DHelmet
_42t7f1l5e,56,550,506,103,204,DHelmet
_42t7f1l5e,57,571,508,109,210,DHelmet
_42t7f1l5e,58,595,510,118,219,DHelmet
_42t7f1l5e,59,622,512,123,227,DHelmet
_42t7f1l5e,60,650,515,127,235,DHelmet
_42t7f1l5e,61,684,517,133,243,DHelmet
_42t7f1l5e,62,717,518,139,255,DHelmet
_42t7f1l5e,63,754,522,147,266,DHelmet
_42t7f1l5e,64,798,526,154,276,DHelmet
_42t7f1l5e,65,844,530,161,287,DHelmet
_42t7f1l5e,66,892,534,175,300,DHelmet
_42t7f1l5e,67,946,537,188,314,DHelmet
_42t7f1l5e,68,1004,542,205,330,DHelmet
_42t7f1l5e,69,1072,547,224,351,DHelmet
_42t7f1l5e,70,1142,551,249,373,DHelmet
_42t7f1l5e,71,1227,558,274,394,DHelmet
_42t7f1l5e,72,1331,567,296,417,DHelmet
_42t7f1l5e,73,1351,572,421,446,DHelmet
_42t7f1l5e,74,1518,582,402,480,DHelmet
_42t7f1l5e,75,1659,588,261,459,DHelmet
_znb0x3xcx,65,107,469,59,91,DHelmetP1HelmetP2Helmet
_znb0x3xcx,66,113,470,59,92,DHelmetP1HelmetP2Helmet
_znb0x3xcx,67,118,470,61,95,DHelmetP1HelmetP2Helmet
_znb0x3xcx,68,123,471,62,96,DHelmetP1HelmetP2Helmet
_znb0x3xcx,69,128,472,64,98,DHelmetP1HelmetP2Helmet
_znb0x3xcx,70,134,473,64,99,DHelmetP1HelmetP2Helmet
_znb0x3xcx,71,139,473,66,102,DHelmetP1HelmetP2Helmet
_znb0x3xcx,72,144,474,67,103,DHelmetP1HelmetP2Helmet
_znb0x3xcx,73,150,475,67,105,DHelmetP1HelmetP2Helmet
_znb0x3xcx,74,154,475,70,108,DHelmetP1HelmetP2Helmet
_znb0x3xcx,75,158,476,73,110,DHelmetP1HelmetP2Helmet
_znb0x3xcx,76,165,476,73,114,DHelmetP1HelmetP2Helmet
_znb0x3xcx,77,172,477,73,116,DHelmetP1HelmetP2Helmet
_znb0x3xcx,78,178,477,74,120,DHelmetP1HelmetP2Helmet
_znb0x3xcx,79,186,478,76,122,DHelmetP1HelmetP2Helmet
_znb0x3xcx,80,194,478,77,126,DHelmetP1HelmetP2Helmet
_znb0x3xcx,81,202,479,79,128,DHelmetP1HelmetP2Helmet
_znb0x3xcx,82,210,479,81,132,DHelmetP1HelmetP2Helmet
_znb0x3xcx,83,218,480,82,134,DHelmetP1HelmetP2Helmet
_znb0x3xcx,84,226,480,84,138,DHelmetP1HelmetP2Helmet
_znb0x3xcx,85,235,481,87,142,DHelmetP1HelmetP2Helmet
_znb0x3xcx,86,244,481,90,147,DHelmetP1HelmetP2Helmet
_znb0x3xcx,87,253,482,92,150,DHelmetP1HelmetP2Helmet
_znb0x3xcx,88,265,483,93,154,DHelmetP1HelmetP2Helmet
_znb0x3xcx,89,277,483,94,159,DHelmetP1HelmetP2Helmet
_znb0x3xcx,90,289,484,94,163,DHelmetP1HelmetP2Helmet
_znb0x3xcx,91,300,485,96,167,DHelmetP1HelmetP2Helmet
_znb0x3xcx,92,316,486,98,173,DHelmetP1HelmetP2Helmet
_znb0x3xcx,93,331,488,101,179,DHelmetP1HelmetP2Helmet
_znb0x3xcx,94,346,489,105,185,DHelmetP1HelmetP2Helmet
_znb0x3xcx,95,362,491,107,190,DHelmetP1HelmetP2Helmet
_znb0x3xcx,96,380,492,110,196,DHelmetP1HelmetP2Helmet
_znb0x3xcx,97,398,494,113,202,DHelmetP1HelmetP2Helmet
_znb0x3xcx,98,416,495,116,208,DHelmetP1HelmetP2Helmet
_znb0x3xcx,99,434,496,119,214,DHelmetP1HelmetP2Helmet
_znb0x3xcx,100,452,498,121,219,DHelmetP1HelmetP2Helmet
