track_id,frame_id,x,y,w,h,label
_3mr3t90fs,1,564,364,67,126,DNoHelmetP1NoHelmet
_3mr3t90fs,2,551,364,67,124,DNoHelmetP1NoHelmet
_3mr3t90fs,3,539,363,66,123,DNoHelmetP1NoHelmet
_3mr3t90fs,4,526,362,65,123,DNoHelmetP1NoHelmet
_3mr3t90fs,5,513,362,65,121,DNoHelmetP1NoHelmet
_3mr3t90fs,6,501,360,65,121,DNoHelmetP1NoHelmet
_3mr3t90fs,7,490,359,65,121,DNoHelmetP1NoHelmet
_mc29kpzaf,5,423,350,61,126,DHelmetP1Helmet
_mc29kpzaf,6,409,349,61,125,DHelmetP1Helmet
_mc29kpzaf,7,399,349,61,123,DHelmetP1Helmet
_mc29kpzaf,8,389,348,61,121,DHelmetP1Helmet
_mc29kpzaf,9,379,348,61,119,DHelmetP1Helmet
_mc29kpzaf,10,369,347,61,118,DHelmetP1Helmet
_mc29kpzaf,11,361,347,60,117,DHelmetP1Helmet
_mc29kpzaf,12,353,347,60,115,DHelmetP1Helmet
_mc29kpzaf,13,345,347,60,114,DHelmetP1Helmet
_mc29kpzaf,14,337,347,60,112,DHelmetP1Helmet
_mc29kpzaf,15,330,347,58,108,DHelmetP1Helmet
_mc29kpzaf,16,324,347,56,105,DHelmetP1Helmet
_ng0splc6k,1,440,359,86,161,DHelmetP1Helmet
_ng0splc6k,2,420,357,87,157,DHelmetP1Helmet
_ng0splc6k,3,401,355,87,154,DHelmetP1Helmet
_ng0splc6k,4,386,353,83,151,DHelmetP1Helmet
_ng0splc6k,5,370,352,80,147,DHelmetP1Helmet
_ng0splc6k,6,355,350,76,144,DHelmetP1Helmet
_ng0splc6k,7,340,349,72,140,DHelmetP1Helmet
_ng0splc6k,8,327,347,72,139,DHelmetP1Helmet
_ng0splc6k,9,314,346,72,137,DHelmetP1Helmet
_ng0splc6k,10,302,344,71,136,DHelmetP1Helmet
_ng0splc6k,11,291,343,70,134,DHelmetP1Helmet
_ng0splc6k,12,280,343,69,131,DHelmetP1Helmet
_ng0splc6k,13,270,342,67,129,DHelmetP1Helmet
_ng0splc6k,14,259,342,66,125,DHelmetP1Helmet
_ng0splc6k,15,251,341,65,124,DHelmetP1Helmet
_ng0splc6k,16,244,340,63,123,DHelmetP1Helmet
_ng0splc6k,17,236,340,62,121,DHelmetP1Helmet
_ng0splc6k,18,228,339,61,120,DHelmetP1Helmet
_ng0splc6k,19,220,338,60,119,DHelmetP1Helmet
_ng0splc6k,20,212,338,59,117,DHelmetP1Helmet
_p55bthzz8,1,783,423,222,346,DHelmet
_p55bthzz8,2,720,413,202,323,DHelmet
_p55bthzz8,3,668,404,183,303,DHelmet
_p55bthzz8,4,621,398,169,287,DHelmet
_p55bthzz8,5,581,392,156,270,DHelmet
_p55bthzz8,6,544,388,147,255,DHelmet
_p55bthzz8,7,508,384,143,241,DHelmet
_p55bthzz8,8,485,380,129,229,DHelmet
_p55bthzz8,9,462,377,121,218,DHelmet
_p55bthzz8,10,441,374,114,209,DHelmet
_p55bthzz8,11,420,371,107,199,DHelmet
_p55bthzz8,12,402,367,104,194,DHelmet
_p55bthzz8,13,384,364,101,188,DHelmet
_p55bthzz8,14,372,362,95,181,DHelmet
_p55bthzz8,15,359,360,91,173,DHelmet
_p55bthzz8,16,346,359,89,168,DHelmet
_p55bthzz8,17,333,357,87,164,DHelmet
_p55bthzz8,18,326,356,81,158,DHelmet
_p55bthzz8,19,319,355,74,153,DHelmet
_p55bthzz8,20,307,354,76,148,DHelmet
_p55bthzz8,21,295,352,77,144,DHelmet
_p55bthzz8,22,284,351,77,139,DHelmet
_p55bthzz8,23,278,350,75,137,DHelmet
_p55bthzz8,24,272,349,73,134,DHelmet
_p55bthzz8,25,267,348,70,132,DHelmet
_p55bthzz8,26,261,347,68,129,DHelmet
_p55bthzz8,27,255,346,66,126,DHelmet
_p55bthzz8,28,250,345,63,124,DHelmet
_ueotfotor,4,1485,509,435,571,DHelmet
_ueotfotor,5,1304,487,419,550,DHelmet
_ueotfotor,6,1164,469,337,487,DHelmet
_ueotfotor,7,1048,452,285,439,DHelmet
_ueotfotor,8,951,437,243,406,DHelmet
_ueotfotor,9,868,430,215,371,DHelmet
_ueotfotor,10,792,423,198,339,DHelmet
_ueotfotor,11,729,409,181,323,DHelmet
_ueotfotor,12,674,401,169,302,DHelmet
_ueotfotor,13,626,398,157,282,DHelmet
_ueotfotor,14,584,392,149,267,DHelmet
_ueotfotor,15,546,389,141,254,DHelmet
_ueotfotor,16,512,381,134,241,DHelmet
_ueotfotor,17,487,376,126,231,DHelmet
_ueotfotor,18,460,375,119,220,DHelmet
_ueotfotor,19,438,369,115,212,DHelmet
_ueotfotor,20,415,367,110,204,DHelmet
_ueotfotor,21,399,366,105,195,DHelmet
_ueotfotor,22,383,365,99,186,DHelmet
_ueotfotor,23,368,362,96,182,DHelmet
_ueotfotor,24,353,360,93,176,DHelmet
_ueotfotor,25,342,358,88,171,DHelmet
_ueotfotor,26,331,356,86,167,DHelmet
_ueotfotor,27,321,355,84,162,DHelmet
_ueotfotor,28,311,353,81,158,DHelmet
_ueotfotor,29,301,351,78,154,DHelmet
_ueotfotor,30,290,350,76,149,DHelmet
_ueotfotor,31,285,349,74,146,DHelmet
_ueotfotor,32,280,348,71,143,DHelmet
_ueotfotor,33,275,348,68,140,DHelmet
_ueotfotor,34,270,347,65,137,DHelmet
_ueotfotor,35,262,346,65,134,DHelmet
_ueotfotor,36,254,345,64,131,DHelmet
_ayfq6dkfr,9,1411,491,439,551,DHelmet
_ayfq6dkfr,10,1258,474,359,490,DHelmet
_ayfq6dkfr,11,1136,454,296,447,DHelmet
_ayfq6dkfr,12,1031,442,255,410,DHelmet
_ayfq6dkfr,13,945,433,221,380,DHelmet
_ayfq6dkfr,14,868,424,197,351,DHelmet
_ayfq6dkfr,15,803,415,178,329,DHelmet
_ayfq6dkfr,16,746,407,161,311,DHelmet
_ayfq6dkfr,17,695,403,149,291,DHelmet
_ayfq6dkfr,18,649,398,135,273,DHelmet
_ayfq6dkfr,19,610,392,127,260,DHelmet
_ayfq6dkfr,20,572,388,120,247,DHelmet
_ayfq6dkfr,21,543,384,113,235,DHelmet
_ayfq6dkfr,22,513,378,107,227,DHelmet
_ayfq6dkfr,23,489,375,102,218,DHelmet
_ayfq6dkfr,24,467,372,99,209,DHelmet
_ayfq6dkfr,25,445,369,97,200,DHelmet
_ayfq6dkfr,26,427,365,94,194,DHelmet
_ayfq6dkfr,27,409,362,92,187,DHelmet
_ayfq6dkfr,28,392,361,90,181,DHelmet
_ayfq6dkfr,29,378,359,86,176,DHelmet
_ayfq6dkfr,30,364,357,83,171,DHelmet
_ayfq6dkfr,31,349,356,84,166,DHelmet
_ayfq6dkfr,32,335,355,83,162,DHelmet
_ayfq6dkfr,33,324,354,80,157,DHelmet
_ayfq6dkfr,34,314,353,75,153,DHelmet
_ayfq6dkfr,35,305,352,72,149,DHelmet
_ayfq6dkfr,36,297,352,68,143,DHelmet
_ayfq6dkfr,37,289,351,64,139,DHelmet
_ayfq6dkfr,38,281,350,63,137,DHelmet
_ayfq6dkfr,39,274,348,61,137,DHelmet
_2whbjq6yt,17,1684,459,227,286,DHelmetP1Helmet
_2whbjq6yt,18,1627,454,211,272,DHelmetP1Helmet
_2whbjq6yt,19,1573,449,196,262,DHelmetP1Helmet
_2whbjq6yt,20,1522,445,186,252,DHelmetP1Helmet
_2whbjq6yt,21,1475,442,173,243,DHelmetP1Helmet
_2whbjq6yt,22,1431,436,162,235,DHelmetP1Helmet
_2whbjq6yt,23,1392,433,151,227,DHelmetP1Helmet
_2whbjq6yt,24,1354,429,144,224,DHelmetP1Helmet
_2whbjq6yt,25,1319,425,134,218,DHelmetP1Helmet
_2whbjq6yt,26,1284,422,129,210,DHelmetP1Helmet
_2whbjq6yt,27,1255,420,119,203,DHelmetP1Helmet
_2whbjq6yt,28,1226,418,113,197,DHelmetP1Helmet
_2whbjq6yt,29,1197,416,107,190,DHelmetP1Helmet
_2whbjq6yt,30,1171,413,104,188,DHelmetP1Helmet
_2whbjq6yt,31,1144,411,102,185,DHelmetP1Helmet
_2whbjq6yt,32,1119,408,100,180,DHelmetP1Helmet
_2whbjq6yt,33,1094,406,98,175,DHelmetP1Helmet
_2whbjq6yt,34,1070,403,93,172,DHelmetP1Helmet
_2whbjq6yt,35,1046,401,93,168,DHelmetP1Helmet
_2whbjq6yt,36,1023,399,92,164,DHelmetP1Helmet
_2whbjq6yt,37,1000,397,90,161,DHelmetP1Helmet
_2whbjq6yt,38,978,394,88,159,DHelmetP1Helmet
_2whbjq6yt,39,955,392,87,157,DHelmetP1Helmet
_2whbjq6yt,40,935,392,85,152,DHelmetP1Helmet
_2whbjq6yt,41,914,391,83,148,DHelmetP1Helmet
_2whbjq6yt,42,894,389,82,146,DHelmetP1Helmet
_2whbjq6yt,43,875,387,80,144,DHelmetP1Helmet
_2whbjq6yt,44,855,385,79,142,DHelmetP1Helmet
_2whbjq6yt,45,837,384,78,139,DHelmetP1Helmet
_2whbjq6yt,46,820,383,76,137,DHelmetP1Helmet
_2whbjq6yt,47,802,382,75,134,DHelmetP1Helmet
_2whbjq6yt,48,785,381,74,133,DHelmetP1Helmet
_2whbjq6yt,49,769,380,73,131,DHelmetP1Helmet
_2whbjq6yt,50,752,378,72,130,DHelmetP1Helmet
_63t15ypmr,37,1642,459,278,412,DHelmet
_63t15ypmr,38,1530,451,310,385,DHelmet
_63t15ypmr,39,1430,444,276,360,DHelmet
_63t15ypmr,40,1339,435,252,343,DHelmet
_63t15ypmr,41,1260,427,228,325,DHelmet
_63t15ypmr,42,1186,420,211,311,DHelmet
_63t15ypmr,43,1121,411,192,296,DHelmet
_63t15ypmr,44,1060,410,177,280,DHelmet
_63t15ypmr,45,1004,404,165,271,DHelmet
_63t15ypmr,46,953,398,153,261,DHelmet
_63t15ypmr,47,906,397,144,248,DHelmet
_63t15ypmr,48,863,394,135,237,DHelmet
_63t15ypmr,49,824,393,126,226,DHelmet
_63t15ypmr,50,791,389,117,220,DHelmet
_63t15ypmr,51,757,386,109,213,DHelmet
_63t15ypmr,52,728,384,102,205,DHelmet
_63t15ypmr,53,699,381,95,199,DHelmet
_63t15ypmr,54,672,380,93,192,DHelmet
_63t15ypmr,55,645,379,90,184,DHelmet
_63t15ypmr,56,621,376,89,181,DHelmet
_63t15ypmr,57,598,373,87,178,DHelmet
_63t15ypmr,58,579,371,85,174,DHelmet
_63t15ypmr,59,560,369,83,170,DHelmet
_63t15ypmr,60,542,366,81,167,DHelmet
_63t15ypmr,61,524,364,79,164,DHelmet
_63t15ypmr,62,509,363,76,160,DHelmet
_63t15ypmr,63,494,361,73,157,DHelmet
_63t15ypmr,64,479,360,71,153,DHelmet
_63t15ypmr,65,466,359,69,149,DHelmet
_63t15ypmr,66,452,358,69,146,DHelmet
_63t15ypmr,67,439,357,68,143,DHelmet
_63t15ypmr,68,426,356,67,139,DHelmet
_63t15ypmr,69,415,356,65,137,DHelmet
_63t15ypmr,70,405,356,63,134,DHelmet
_63t15ypmr,71,394,355,61,132,DHelmet
_63t15ypmr,72,384,355,59,130,DHelmet
_63t15ypmr,73,375,354,57,128,DHelmet
_63t15ypmr,74,366,354,55,125,DHelmet
_63t15ypmr,75,357,354,54,123,DHelmet
_ytndtxk1m,39,1668,440,252,342,DHelmetP1Helmet
_ytndtxk1m,40,1572,435,254,318,DHelmetP1Helmet
_ytndtxk1m,41,1489,430,228,300,DHelmetP1Helmet
_ytndtxk1m,42,1411,422,208,285,DHelmetP1Helmet
_ytndtxk1m,43,1344,415,190,274,DHelmetP1Helmet
_ytndtxk1m,44,1282,410,176,263,DHelmetP1Helmet
_ytndtxk1m,45,1227,407,161,250,DHelmetP1Helmet
_ytndtxk1m,46,1174,407,151,235,DHelmetP1Helmet
_ytndtxk1m,47,1127,402,144,228,DHelmetP1Helmet
_ytndtxk1m,48,1081,396,135,223,DHelmetP1Helmet
_ytndtxk1m,49,1040,394,131,215,DHelmetP1Helmet
_ytndtxk1m,50,999,391,127,207,DHelmetP1Helmet
_ytndtxk1m,51,959,388,122,200,DHelmetP1Helmet
_ytndtxk1m,52,927,386,117,195,DHelmetP1Helmet
_ytndtxk1m,53,895,384,112,190,DHelmetP1Helmet
_ytndtxk1m,54,863,382,107,184,DHelmetP1Helmet
_ytndtxk1m,55,835,380,102,180,DHelmetP1Helmet
_ytndtxk1m,56,811,379,97,175,DHelmetP1Helmet
_ytndtxk1m,57,786,377,92,171,DHelmetP1Helmet
_ytndtxk1m,58,761,375,88,166,DHelmetP1Helmet
_ytndtxk1m,59,741,374,85,163,DHelmetP1Helmet
_ytndtxk1m,60,720,372,84,160,DHelmetP1Helmet
_ytndtxk1m,61,700,371,81,156,DHelmetP1Helmet
_ytndtxk1m,62,680,369,78,154,DHelmetP1Helmet
_aw4zmml8j,46,1608,449,312,405,DHelmet
_aw4zmml8j,47,1485,437,280,375,DHelmet
_aw4zmml8j,48,1380,427,246,350,DHelmet
_aw4zmml8j,49,1291,421,219,324,DHelmet
_aw4zmml8j,50,1212,414,199,303,DHelmet
_aw4zmml8j,51,1142,409,181,287,DHelmet
_aw4zmml8j,52,1079,403,168,271,DHelmet
_aw4zmml8j,53,1024,399,154,259,DHelmet
_aw4zmml8j,54,977,397,140,245,DHelmet
_aw4zmml8j,55,933,391,129,237,DHelmet
_aw4zmml8j,56,892,388,122,229,DHelmet
_aw4zmml8j,57,858,385,113,220,DHelmet
_aw4zmml8j,58,827,382,107,212,DHelmet
_aw4zmml8j,59,795,379,101,204,DHelmet
_aw4zmml8j,60,769,378,97,196,DHelmet
_aw4zmml8j,61,743,376,93,190,DHelmet
_aw4zmml8j,62,718,375,92,186,DHelmet
_aw4zmml8j,63,694,373,91,180,DHelmet
_aw4zmml8j,64,670,372,91,174,DHelmet
_aw4zmml8j,65,650,371,89,169,DHelmet
_aw4zmml8j,66,630,370,87,165,DHelmet
_aw4zmml8j,67,609,369,86,160,DHelmet
_aw4zmml8j,68,594,367,84,157,DHelmet
_aw4zmml8j,69,580,365,81,155,DHelmet
_aw4zmml8j,70,565,362,79,153,DHelmet
_aw4zmml8j,71,551,361,78,150,DHelmet
_aw4zmml8j,72,537,360,76,148,DHelmet
_aw4zmml8j,73,523,359,74,145,DHelmet
_aw4zmml8j,74,511,359,73,142,DHelmet
_aw4zmml8j,75,499,358,71,140,DHelmet
_aw4zmml8j,76,486,357,71,137,DHelmet
_aw4zmml8j,77,477,356,68,136,DHelmet
_aw4zmml8j,78,468,355,66,134,DHelmet
_aw4zmml8j,79,458,354,65,133,DHelmet
_aw4zmml8j,80,449,353,62,131,DHelmet
_aw4zmml8j,81,439,352,63,130,DHelmet
_aw4zmml8j,82,429,351,63,128,DHelmet
_aw4zmml8j,83,419,350,63,127,DHelmet
_aw4zmml8j,84,408,350,65,125,DHelmet
_aw4zmml8j,85,398,349,65,124,DHelmet
_aw4zmml8j,86,388,348,65,122,DHelmet
