track_id,frame_id,x,y,w,h,label
_xxtztm0in,1,121,518,60,113,DHelmet
_xxtztm0in,2,121,517,59,112,DHelmet
_xxtztm0in,3,121,516,58,111,DHelmet
_xxtztm0in,4,120,516,58,109,DHelmet
_xxtztm0in,5,120,515,57,108,DHelmet
_xxtztm0in,6,120,514,56,107,DHelmet
_xxtztm0in,7,120,513,55,107,DHelmet
_95o1xwhpg,8,232,516,57,120,DHelmetP1NoHelmet
_95o1xwhpg,9,224,516,59,118,DHelmetP1NoHelmet
_95o1xwhpg,10,217,516,60,116,DHelmetP1NoHelmet
_95o1xwhpg,11,210,516,61,114,DHelmetP1NoHelmet
_95o1xwhpg,12,208,514,60,114,DHelmetP1NoHelmet
_95o1xwhpg,13,204,514,61,113,DHelmetP1NoHelmet
_95o1xwhpg,14,201,514,61,113,DHelmetP1NoHelmet
_95o1xwhpg,15,198,513,61,114,DHelmetP1NoHelmet
_95o1xwhpg,16,195,513,61,114,DHelmetP1NoHelmet
_apwicvsr8,1,280,512,81,163,DNoHelmet
_apwicvsr8,2,265,511,78,161,DNoHelmet
_apwicvsr8,3,249,511,77,158,DNoHelmet
_apwicvsr8,4,233,510,76,155,DNoHelmet
_apwicvsr8,5,218,510,73,152,DNoHelmet
_apwicvsr8,6,202,509,72,150,DNoHelmet
_apwicvsr8,7,187,509,69,147,DNoHelmet
_apwicvsr8,8,176,508,68,145,DNoHelmet
_apwicvsr8,9,166,508,66,142,DNoHelmet
_apwicvsr8,10,155,507,65,140,DNoHelmet
_apwicvsr8,11,145,507,63,137,DNoHelmet
_apwicvsr8,12,135,506,61,135,DNoHelmet
_apwicvsr8,13,129,507,61,134,DNoHelmet
_2e5v99t4l,1,406,536,85,131,DHelmet
_2e5v99t4l,2,396,536,83,130,DHelmet
_2e5v99t4l,3,386,535,81,129,DHelmet
_2e5v99t4l,4,376,534,79,129,DHelmet
_2e5v99t4l,5,365,533,78,128,DHelmet
_2e5v99t4l,6,355,532,77,127,DHelmet
_2e5v99t4l,7,345,532,75,126,DHelmet
_2e5v99t4l,8,334,531,74,125,DHelmet
_2e5v99t4l,9,324,530,72,125,DHelmet
_2e5v99t4l,10,314,529,70,124,DHelmet
_2e5v99t4l,11,305,529,69,122,DHelmet
_2e5v99t4l,12,296,528,69,121,DHelmet
_2e5v99t4l,13,287,528,68,120,DHelmet
_2e5v99t4l,14,278,527,67,119,DHelmet
_2e5v99t4l,15,269,527,66,117,DHelmet
_2e5v99t4l,16,260,526,66,116,DHelmet
_2e5v99t4l,17,253,526,61,115,DHelmet
_2e5v99t4l,18,246,526,57,114,DHelmet
_2e5v99t4l,19,239,526,53,113,DHelmet
_aypz45c62,1,648,543,101,178,DHelmet
_aypz45c62,2,624,542,100,175,DHelmet
_aypz45c62,3,601,541,97,172,DHelmet
_aypz45c62,4,577,540,95,169,DHelmet
_aypz45c62,5,554,539,94,166,DHelmet
_aypz45c62,6,531,537,93,163,DHelmet
_aypz45c62,7,511,537,90,160,DHelmet
_aypz45c62,8,490,536,87,157,DHelmet
_aypz45c62,9,470,535,87,155,DHelmet
_aypz45c62,10,449,535,88,151,DHelmet
_aypz45c62,11,428,534,88,149,DHelmet
_aypz45c62,12,408,533,88,146,DHelmet
_aypz45c62,13,389,532,87,144,DHelmet
_aypz45c62,14,371,531,85,141,DHelmet
_aypz45c62,15,353,530,83,139,DHelmet
_aypz45c62,16,334,529,82,136,DHelmet
_aypz45c62,17,317,528,80,135,DHelmet
_aypz45c62,18,300,527,78,133,DHelmet
_aypz45c62,19,282,526,77,131,DHelmet
_aypz45c62,20,267,525,75,130,DHelmet
_aypz45c62,21,251,525,74,128,DHelmet
_aypz45c62,22,238,525,72,125,DHelmet
_aypz45c62,23,224,524,71,124,DHelmet
_aypz45c62,24,213,524,70,122,DHelmet
_aypz45c62,25,203,523,67,121,DHelmet
_aypz45c62,26,192,523,66,119,DHelmet
_aypz45c62,27,181,522,66,119,DHelmet
_w49vvuvhp,1,1658,594,262,355,DHelmetP1Helmet
_w49vvuvhp,2,1581,593,296,342,DHelmetP1Helmet
_w49vvuvhp,3,1512,589,278,330,DHelmetP1Helmet
_w49vvuvhp,4,1443,584,261,320,DHelmetP1Helmet
_w49vvuvhp,5,1381,579,247,309,DHelmetP1Helmet
_w49vvuvhp,6,1319,575,232,298,DHelmetP1Helmet
_w49vvuvhp,7,1264,572,219,289,DHelmetP1Helmet
_w49vvuvhp,8,1208,570,207,279,DHelmetP1Helmet
_w49vvuvhp,9,1159,567,195,270,DHelmetP1Helmet
_w49vvuvhp,10,1111,565,181,260,DHelmetP1Helmet
_w49vvuvhp,11,1064,562,176,255,DHelmetP1Helmet
_w49vvuvhp,12,1018,559,169,249,DHelmetP1Helmet
_w49vvuvhp,13,972,557,163,242,DHelmetP1Helmet
_w49vvuvhp,14,930,554,156,236,DHelmetP1Helmet
_w49vvuvhp,15,888,551,150,230,DHelmetP1Helmet
_w49vvuvhp,16,849,550,145,223,DHelmetP1Helmet
_w49vvuvhp,17,809,548,141,217,DHelmetP1Helmet
_w49vvuvhp,18,770,546,137,211,DHelmetP1Helmet
_w49vvuvhp,19,737,544,132,207,DHelmetP1Helmet
_w49vvuvhp,20,704,542,127,203,DHelmetP1Helmet
_w49vvuvhp,21,671,540,122,199,DHelmetP1Helmet
_w49vvuvhp,22,643,537,117,196,DHelmetP1Helmet
_w49vvuvhp,23,615,535,112,192,DHelmetP1Helmet
_w49vvuvhp,24,593,533,106,187,DHelmetP1Helmet
_w49vvuvhp,25,570,530,102,184,DHelmetP1Helmet
_w49vvuvhp,26,550,530,97,180,DHelmetP1Helmet
_w49vvuvhp,27,530,530,92,176,DHelmetP1Helmet
_w49vvuvhp,28,513,529,90,173,DHelmetP1Helmet
_w49vvuvhp,29,496,528,88,171,DHelmetP1Helmet
_w49vvuvhp,30,478,527,87,169,DHelmetP1Helmet
_w49vvuvhp,31,461,526,84,166,DHelmetP1Helmet
_w49vvuvhp,32,448,526,83,163,DHelmetP1Helmet
_w49vvuvhp,33,435,525,81,161,DHelmetP1Helmet
_w49vvuvhp,34,422,524,79,158,DHelmetP1Helmet
_w49vvuvhp,35,409,523,78,156,DHelmetP1Helmet
_w49vvuvhp,36,399,523,76,154,DHelmetP1Helmet
_w49vvuvhp,37,388,522,75,152,DHelmetP1Helmet
_w49vvuvhp,38,377,522,74,150,DHelmetP1Helmet
_w49vvuvhp,39,366,521,74,149,DHelmetP1Helmet
_w49vvuvhp,40,357,521,73,147,DHelmetP1Helmet
_w49vvuvhp,41,348,521,72,145,DHelmetP1Helmet
_w49vvuvhp,42,339,520,71,143,DHelmetP1Helmet
_w49vvuvhp,43,330,520,71,141,DHelmetP1Helmet
_w49vvuvhp,44,323,519,69,140,DHelmetP1Helmet
_w49vvuvhp,45,315,518,68,138,DHelmetP1Helmet
_w49vvuvhp,46,307,517,67,136,DHelmetP1Helmet
_w49vvuvhp,47,299,516,67,134,DHelmetP1Helmet
_w49vvuvhp,48,295,516,65,133,DHelmetP1Helmet
_w49vvuvhp,49,290,517,65,130,DHelmetP1Helmet
_w49vvuvhp,50,285,517,64,128,DHelmetP1Helmet
_w49vvuvhp,51,280,517,63,127,DHelmetP1Helmet
_w49vvuvhp,52,277,517,62,126,DHelmetP1Helmet
_w49vvuvhp,53,273,517,62,126,DHelmetP1Helmet
_w49vvuvhp,54,269,517,62,125,DHelmetP1Helmet
_w49vvuvhp,55,266,517,61,124,DHelmetP1Helmet
_w49vvuvhp,56,262,517,61,124,DHelmetP1Helmet
_w49vvuvhp,57,258,517,61,123,DHelmetP1Helmet
_w49vvuvhp,58,255,517,59,123,DHelmetP1Helmet
