track_id,frame_id,x,y,w,h,label
_eamc925os,4,1647,411,273,274,DHelmet
_eamc925os,5,1499,411,316,266,DHelmet
_eamc925os,6,1375,409,297,256,DHelmet
_eamc925os,7,1250,411,279,247,DHelmet
_eamc925os,8,1136,407,263,242,DHelmet
_eamc925os,9,1034,403,247,241,DHelmet
_eamc925os,10,935,405,232,230,DHelmet
_eamc925os,11,841,404,222,225,DHelmet
_eamc925os,12,756,404,212,219,DHelmet
_eamc925os,13,673,403,203,213,DHelmet
_eamc925os,14,595,401,195,208,DHelmet
_eamc925os,15,524,400,186,203,DHelmet
_eamc925os,16,456,399,181,200,DHelmet
_eamc925os,17,392,399,176,196,DHelmet
_eamc925os,18,328,397,172,193,DHelmet
_eamc925os,19,271,396,167,189,DHelmet
_eamc925os,20,216,397,161,186,DHelmet
_eamc925os,21,158,396,161,183,DHelmet
_eamc925os,22,99,396,162,179,DHelmet
_eamc925os,23,59,395,143,176,DHelmet
_eamc925os,24,19,395,124,171,DHelmet
_eamc925os,25,0,394,105,170,DHelmet
_jmiau7kv9,25,1707,417,213,189,DHelmetP1HelmetP2Helmet
_jmiau7kv9,26,1558,415,213,178,DHelmetP1HelmetP2Helmet
_jmiau7kv9,27,1419,411,198,175,DHelmetP1HelmetP2Helmet
_jmiau7kv9,28,1268,408,205,172,DHelmetP1HelmetP2Helmet
_jmiau7kv9,29,1160,407,195,168,DHelmetP1HelmetP2Helmet
_jmiau7kv9,30,1051,407,185,163,DHelmetP1HelmetP2Helmet
_jmiau7kv9,31,942,407,176,158,DHelmetP1HelmetP2Helmet
_jmiau7kv9,32,833,406,167,155,DHelmetP1HelmetP2Helmet
_jmiau7kv9,33,740,405,158,150,DHelmetP1HelmetP2Helmet
_jmiau7kv9,34,647,404,149,146,DHelmetP1HelmetP2Helmet
_jmiau7kv9,35,555,403,139,141,DHelmetP1HelmetP2Helmet
_jmiau7kv9,36,477,401,130,136,DHelmetP1HelmetP2Helmet
_jmiau7kv9,37,404,400,124,135,DHelmetP1HelmetP2Helmet
_jmiau7kv9,38,330,400,120,134,DHelmetP1HelmetP2Helmet
_jmiau7kv9,39,256,400,115,132,DHelmetP1HelmetP2Helmet
_jmiau7kv9,40,183,398,107,129,DHelmetP1HelmetP2Helmet
_jmiau7kv9,41,110,397,99,124,DHelmetP1HelmetP2Helmet
_jmiau7kv9,42,47,398,98,120,DHelmetP1HelmetP2Helmet
_jmiau7kv9,43,0,400,82,115,DHelmetP1HelmetP2Helmet
_16lerpb9m,36,1624,409,210,186,DHelmetP1Helmet
_16lerpb9m,37,1486,406,195,182,DHelmetP1Helmet
_16lerpb9m,38,1360,405,180,175,DHelmetP1Helmet
_16lerpb9m,39,1237,405,171,168,DHelmetP1Helmet
_16lerpb9m,40,1123,404,163,162,DHelmetP1Helmet
_16lerpb9m,41,1017,404,156,157,DHelmetP1Helmet
_16lerpb9m,42,919,403,150,153,DHelmetP1Helmet
_16lerpb9m,43,821,402,143,149,DHelmetP1Helmet
_16lerpb9m,44,724,401,136,145,DHelmetP1Helmet
_16lerpb9m,45,638,401,129,141,DHelmetP1Helmet
_16lerpb9m,46,552,400,123,137,DHelmetP1Helmet
_16lerpb9m,47,470,400,123,134,DHelmetP1Helmet
_16lerpb9m,48,389,400,122,131,DHelmetP1Helmet
_16lerpb9m,49,307,401,122,126,DHelmetP1Helmet
_uskep12nv,59,1691,413,226,179,DNoHelmet
_uskep12nv,60,1578,411,215,179,DNoHelmet
_uskep12nv,61,1468,410,203,175,DNoHelmet
_uskep12nv,62,1373,410,192,170,DNoHelmet
_uskep12nv,63,1272,408,186,164,DNoHelmet
_uskep12nv,64,1183,408,173,161,DNoHelmet
_uskep12nv,65,1094,407,168,158,DNoHelmet
_uskep12nv,66,1006,406,162,155,DNoHelmet
_uskep12nv,67,931,405,157,152,DNoHelmet
_uskep12nv,68,856,404,150,150,DNoHelmet
_uskep12nv,69,781,404,143,146,DNoHelmet
_uskep12nv,70,711,403,140,143,DNoHelmet
_uskep12nv,71,643,403,135,137,DNoHelmet
_uskep12nv,72,579,402,130,137,DNoHelmet
_uskep12nv,73,516,402,125,136,DNoHelmet
_uskep12nv,74,454,402,123,133,DNoHelmet
_uskep12nv,75,392,401,122,131,DNoHelmet
_uskep12nv,76,336,401,119,129,DNoHelmet
_uskep12nv,77,285,401,113,126,DNoHelmet
_uskep12nv,78,235,400,106,124,DNoHelmet
_uskep12nv,79,187,400,100,121,DNoHelmet
_x7n4d3byc,89,1668,411,217,179,DHelmet
_x7n4d3byc,90,1576,410,210,175,DHelmet
_x7n4d3byc,91,1486,409,204,171,DHelmet
_x7n4d3byc,92,1402,409,199,168,DHelmet
_x7n4d3byc,93,1327,408,193,166,DHelmet
_x7n4d3byc,94,1253,408,187,163,DHelmet
_x7n4d3byc,95,1178,408,181,160,DHelmet
_x7n4d3byc,96,1103,408,176,157,DHelmet
_x7n4d3byc,97,1029,407,169,155,DHelmet
_x7n4d3byc,98,961,405,164,152,DHelmet
_x7n4d3byc,99,897,406,161,148,DHelmet
_x7n4d3byc,100,835,406,158,144,DHelmet
_yo7oi5zub,7,44,395,58,99,DHelmet
_yo7oi5zub,8,35,398,57,97,DHelmet
_yo7oi5zub,9,26,400,57,95,DHelmet
_yo7oi5zub,10,24,400,57,93,DHelmet
_yo7oi5zub,11,22,400,57,90,DHelmet
_yo7oi5zub,12,20,400,57,88,DHelmet
_yo7oi5zub,13,20,400,54,87,DHelmet
_yo7oi5zub,14,20,399,50,87,DHelmet
_91jz65ode,1,1072,536,549,523,DHelmet
_91jz65ode,2,1335,552,585,528,DHelmet
_ysunyyyp2,1,703,446,344,336,DNoHelmetP1NoHelmet
_ysunyyyp2,2,843,450,368,348,DNoHelmetP1NoHelmet
_ysunyyyp2,3,998,454,393,359,DNoHelmetP1NoHelmet
_ysunyyyp2,4,1154,458,430,369,DNoHelmetP1NoHelmet
_ysunyyyp2,5,1337,460,459,392,DNoHelmetP1NoHelmet
_ysunyyyp2,6,1529,457,391,388,DNoHelmetP1NoHelmet
_k79qnt9uu,1,282,544,489,536,DHelmetP1NoHelmet
_k79qnt9uu,2,498,555,545,525,DHelmetP1NoHelmet
_k79qnt9uu,3,735,566,620,514,DHelmetP1NoHelmet
_k79qnt9uu,4,1006,578,692,502,DHelmetP1NoHelmet
_k79qnt9uu,5,1322,595,598,485,DHelmetP1NoHelmet
_vxjjqq8uy,6,0,466,232,339,DHelmet
_vxjjqq8uy,7,86,468,268,358,DHelmet
_vxjjqq8uy,8,195,473,291,373,DHelmet
_vxjjqq8uy,9,314,480,319,388,DHelmet
_vxjjqq8uy,10,451,485,343,409,DHelmet
_vxjjqq8uy,11,597,493,376,431,DHelmet
_vxjjqq8uy,12,761,511,416,445,DHelmet
_vxjjqq8uy,13,944,529,464,459,DHelmet
_vxjjqq8uy,14,1149,544,523,483,DHelmet
_vxjjqq8uy,15,1380,556,540,524,DHelmet
_vxjjqq8uy,16,1647,570,273,510,DHelmet
_x6btazpi8,8,0,441,250,302,DHelmetP1Helmet
_x6btazpi8,9,97,444,264,310,DHelmetP1Helmet
_x6btazpi8,10,200,447,272,321,DHelmetP1Helmet
_x6btazpi8,11,309,451,294,334,DHelmetP1Helmet
_x6btazpi8,12,431,455,314,347,DHelmetP1Helmet
_x6btazpi8,13,558,457,335,365,DHelmetP1Helmet
_x6btazpi8,14,699,463,360,382,DHelmetP1Helmet
_x6btazpi8,15,849,467,394,400,DHelmetP1Helmet
_x6btazpi8,16,1015,474,427,419,DHelmetP1Helmet
_x6btazpi8,17,1196,478,476,439,DHelmetP1Helmet
_x6btazpi8,18,1396,485,524,461,DHelmetP1Helmet
_x6btazpi8,19,1619,489,301,448,DHelmetP1Helmet
_j56ihto5x,15,0,495,241,388,DHelmetP1Helmet
_j56ihto5x,16,57,490,333,420,DHelmetP1Helmet
_j56ihto5x,17,190,498,365,437,DHelmetP1Helmet
_j56ihto5x,18,338,499,393,464,DHelmetP1Helmet
_j56ihto5x,19,504,510,431,485,DHelmetP1Helmet
_j56ihto5x,20,681,520,480,515,DHelmetP1Helmet
_j56ihto5x,21,880,527,538,545,DHelmetP1Helmet
_j56ihto5x,22,1100,533,615,547,DHelmetP1Helmet
_j56ihto5x,23,1356,545,564,535,DHelmetP1Helmet
_bg3ekne1c,20,0,464,266,350,DHelmet
_bg3ekne1c,21,81,470,309,361,DHelmet
_bg3ekne1c,22,198,472,327,383,DHelmet
_bg3ekne1c,23,323,477,354,400,DHelmet
_bg3ekne1c,24,458,481,380,417,DHelmet
_bg3ekne1c,25,603,487,413,438,DHelmet
_bg3ekne1c,26,759,496,453,456,DHelmet
_bg3ekne1c,27,933,504,493,485,DHelmet
_bg3ekne1c,28,1116,514,551,507,DHelmet
_bg3ekne1c,29,1321,516,599,543,DHelmet
_bg3ekne1c,30,1549,525,371,520,DHelmet
_fltmk1jvb,22,9,414,204,270,DHelmet
_fltmk1jvb,23,100,415,204,280,DHelmet
_fltmk1jvb,24,202,420,204,284,DHelmet
_fltmk1jvb,25,299,423,214,296,DHelmet
_fltmk1jvb,26,405,425,224,306,DHelmet
_fltmk1jvb,27,517,426,233,318,DHelmet
_fltmk1jvb,28,640,428,247,330,DHelmet
_fltmk1jvb,29,773,430,260,343,DHelmet
_fltmk1jvb,30,904,431,290,359,DHelmet
_fltmk1jvb,31,1049,436,319,376,DHelmet
_fltmk1jvb,32,1218,441,348,393,DHelmet
_fltmk1jvb,33,1417,447,367,410,DHelmet
_fltmk1jvb,34,1632,450,288,427,DHelmet
_3tl2dbq57,23,0,424,227,341,DHelmet
_3tl2dbq57,24,58,429,272,353,DHelmet
_3tl2dbq57,25,148,430,292,366,DHelmet
_3tl2dbq57,26,250,431,307,378,DHelmet
_3tl2dbq57,27,360,432,321,395,DHelmet
_3tl2dbq57,28,473,437,342,411,DHelmet
_3tl2dbq57,29,595,441,362,428,DHelmet
_3tl2dbq57,30,726,446,388,445,DHelmet
_3tl2dbq57,31,865,450,421,467,DHelmet
_3tl2dbq57,32,1021,456,451,484,DHelmet
_3tl2dbq57,33,1183,458,496,511,DHelmet
_3tl2dbq57,34,1360,461,549,543,DHelmet
_3tl2dbq57,35,1556,466,364,513,DHelmet
_cbkpb48al,28,0,417,158,258,DHelmetP1Helmet
_cbkpb48al,29,49,414,200,274,DHelmetP1Helmet
_cbkpb48al,30,127,416,220,283,DHelmetP1Helmet
_cbkpb48al,31,220,417,234,292,DHelmetP1Helmet
_cbkpb48al,32,319,421,248,300,DHelmetP1Helmet
_cbkpb48al,33,427,424,261,309,DHelmetP1Helmet
_cbkpb48al,34,541,424,279,324,DHelmetP1Helmet
_cbkpb48al,35,669,426,298,340,DHelmetP1Helmet
_cbkpb48al,36,804,424,322,356,DHelmetP1Helmet
_cbkpb48al,37,949,427,355,375,DHelmetP1Helmet
_cbkpb48al,38,1109,430,387,394,DHelmetP1Helmet
_cbkpb48al,39,1287,435,426,413,DHelmetP1Helmet
_cbkpb48al,40,1487,440,433,431,DHelmetP1Helmet
_cbkpb48al,41,1705,441,215,424,DHelmetP1Helmet
_4dge8fscw,34,29,434,183,276,DHelmet
_4dge8fscw,35,124,443,183,276,DHelmet
_4dge8fscw,36,214,445,193,286,DHelmet
_4dge8fscw,37,311,446,203,295,DHelmet
_4dge8fscw,38,417,450,213,304,DHelmet
_4dge8fscw,39,527,453,225,316,DHelmet
_4dge8fscw,40,651,458,237,327,DHelmet
_4dge8fscw,41,784,460,249,339,DHelmet
_4dge8fscw,42,917,463,276,356,DHelmet
_4dge8fscw,43,1064,467,304,372,DHelmet
_4dge8fscw,44,1237,473,331,389,DHelmet
_4dge8fscw,45,1426,478,359,409,DHelmet
_4dge8fscw,46,1661,484,259,423,DHelmet
_gvx1colb2,38,52,415,168,253,DHelmet
_gvx1colb2,39,164,421,167,258,DHelmet
_gvx1colb2,40,264,422,185,266,DHelmet
_gvx1colb2,41,383,426,201,273,DHelmet
_gvx1colb2,42,501,427,219,286,DHelmet
_gvx1colb2,43,638,429,237,298,DHelmet
_gvx1colb2,44,757,431,275,311,DHelmet
_gvx1colb2,45,916,432,273,324,DHelmet
_gvx1colb2,46,1100,437,273,333,DHelmet
_gvx1colb2,47,1293,441,273,344,DHelmet
_gvx1colb2,48,1512,444,273,362,DHelmet
_lok0rh0wv,35,0,447,241,323,DHelmetP1Helmet
_lok0rh0wv,36,67,452,271,330,DHelmetP1Helmet
_lok0rh0wv,37,161,453,281,340,DHelmetP1Helmet
_lok0rh0wv,38,254,457,302,349,DHelmetP1Helmet
_lok0rh0wv,39,355,461,324,359,DHelmetP1Helmet
_lok0rh0wv,40,466,464,340,374,DHelmetP1Helmet
_lok0rh0wv,41,580,469,362,391,DHelmetP1Helmet
_lok0rh0wv,42,708,473,382,407,DHelmetP1Helmet
_lok0rh0wv,43,842,479,412,423,DHelmetP1Helmet
_lok0rh0wv,44,988,485,442,439,DHelmetP1Helmet
_lok0rh0wv,45,1145,490,482,464,DHelmetP1Helmet
_lok0rh0wv,46,1311,496,530,486,DHelmetP1Helmet
_lok0rh0wv,47,1498,499,422,488,DHelmetP1Helmet
_roq6qn6rz,38,4,423,190,275,DHelmet
_roq6qn6rz,39,93,423,183,284,DHelmet
_roq6qn6rz,40,176,426,189,291,DHelmet
_roq6qn6rz,41,267,428,196,299,DHelmet
_roq6qn6rz,42,347,434,225,296,DHelmet
_roq6qn6rz,43,441,434,255,293,DHelmet
_roq6qn6rz,44,528,435,259,305,DHelmet
_roq6qn6rz,45,625,436,262,317,DHelmet
_roq6qn6rz,46,749,439,255,330,DHelmet
_roq6qn6rz,47,872,439,255,342,DHelmet
_roq6qn6rz,48,1006,442,255,355,DHelmet
_roq6qn6rz,49,1149,446,255,366,DHelmet
_roq6qn6rz,50,1305,450,306,382,DHelmet
_roq6qn6rz,51,1469,455,332,393,DHelmet
_roq6qn6rz,52,1650,457,270,411,DHelmet
_u3gzlomm0,39,0,449,212,296,DHelmet
_u3gzlomm0,40,34,450,285,307,DHelmet
_u3gzlomm0,41,147,452,286,316,DHelmet
_u3gzlomm0,42,256,455,303,326,DHelmet
_u3gzlomm0,43,370,457,321,337,DHelmet
_u3gzlomm0,44,491,460,343,347,DHelmet
_u3gzlomm0,45,625,465,361,360,DHelmet
_u3gzlomm0,46,772,470,384,373,DHelmet
_u3gzlomm0,47,915,472,421,391,DHelmet
_u3gzlomm0,48,1092,477,442,405,DHelmet
_u3gzlomm0,49,1291,485,462,418,DHelmet
_u3gzlomm0,50,1475,489,445,437,DHelmet
_u3gzlomm0,51,1700,493,220,431,DHelmet
_j53t8klyf,42,0,438,198,304,DHelmet
_j53t8klyf,43,44,439,253,318,DHelmet
_j53t8klyf,44,144,446,262,322,DHelmet
_j53t8klyf,45,243,451,279,331,DHelmet
_j53t8klyf,46,351,456,296,340,DHelmet
_j53t8klyf,47,462,456,320,355,DHelmet
_j53t8klyf,48,583,457,343,372,DHelmet
_j53t8klyf,49,717,464,368,388,DHelmet
_j53t8klyf,50,863,470,398,407,DHelmet
_j53t8klyf,51,1024,479,436,426,DHelmet
_j53t8klyf,52,1198,489,480,444,DHelmet
_j53t8klyf,53,1396,492,524,478,DHelmet
_j53t8klyf,54,1615,498,305,474,DHelmet
_izt8fl7sy,45,98,445,158,266,DHelmet
_izt8fl7sy,46,184,447,164,277,DHelmet
_izt8fl7sy,47,270,450,179,285,DHelmet
_izt8fl7sy,48,380,453,175,301,DHelmet
_izt8fl7sy,49,471,457,203,302,DHelmet
_izt8fl7sy,50,580,460,218,316,DHelmet
_izt8fl7sy,51,688,463,247,330,DHelmet
_izt8fl7sy,52,813,467,268,343,DHelmet
_izt8fl7sy,53,954,472,289,356,DHelmet
_izt8fl7sy,54,1102,476,316,372,DHelmet
_izt8fl7sy,55,1271,480,343,389,DHelmet
_izt8fl7sy,56,1455,486,370,406,DHelmet
_izt8fl7sy,57,1648,490,272,407,DHelmet
_p11p0dnbw,54,6,446,238,288,DHelmet
_p11p0dnbw,55,96,445,250,299,DHelmet
_p11p0dnbw,56,196,447,267,310,DHelmet
_p11p0dnbw,57,299,449,283,321,DHelmet
_p11p0dnbw,58,415,451,297,332,DHelmet
_p11p0dnbw,59,533,453,322,343,DHelmet
_p11p0dnbw,60,661,456,345,356,DHelmet
_p11p0dnbw,61,801,462,368,369,DHelmet
_p11p0dnbw,62,958,465,390,382,DHelmet
_p11p0dnbw,63,1120,470,423,396,DHelmet
_p11p0dnbw,64,1296,475,469,422,DHelmet
_p11p0dnbw,65,1494,478,426,439,DHelmet
_lioegl6gc,58,704,399,130,153,DNoHelmet
_lioegl6gc,59,630,400,123,148,DNoHelmet
_lioegl6gc,60,556,402,116,141,DNoHelmet
_lioegl6gc,61,494,401,111,137,DNoHelmet
_lioegl6gc,62,423,401,105,133,DNoHelmet
_lioegl6gc,63,352,401,100,128,DNoHelmet
_lioegl6gc,64,293,400,108,130,DNoHelmet
_lioegl6gc,65,234,398,105,128,DNoHelmet
_lioegl6gc,66,181,397,101,129,DNoHelmet
_lioegl6gc,67,126,395,98,124,DNoHelmet
_lioegl6gc,68,75,396,97,120,DNoHelmet
_lioegl6gc,69,31,397,89,117,DNoHelmet
_lioegl6gc,70,0,394,72,117,DNoHelmet
_m2aqchpau,62,500,412,220,255,DHelmetP1Helmet
_m2aqchpau,63,645,414,238,263,DHelmetP1Helmet
_m2aqchpau,64,791,415,271,278,DHelmetP1Helmet
_m2aqchpau,65,954,415,303,294,DHelmetP1Helmet
_m2aqchpau,66,1142,419,334,310,DHelmetP1Helmet
_m2aqchpau,67,1355,423,365,326,DHelmetP1Helmet
_m2aqchpau,68,1586,427,334,343,DHelmetP1Helmet
_zlqx1lsjt,59,6,424,181,261,DHelmetP1Helmet
_zlqx1lsjt,60,112,425,173,270,DHelmetP1Helmet
_zlqx1lsjt,61,219,426,169,279,DHelmetP1Helmet
_zlqx1lsjt,62,327,427,164,288,DHelmetP1Helmet
_zlqx1lsjt,63,442,428,152,296,DHelmetP1Helmet
_zlqx1lsjt,64,558,429,140,305,DHelmetP1Helmet
_zlqx1lsjt,65,692,431,155,318,DHelmetP1Helmet
_zlqx1lsjt,66,826,433,171,332,DHelmetP1Helmet
_zlqx1lsjt,67,970,435,186,345,DHelmetP1Helmet
_zlqx1lsjt,68,1131,438,201,358,DHelmetP1Helmet
_zlqx1lsjt,69,1301,441,216,371,DHelmetP1Helmet
_zlqx1lsjt,70,1489,446,233,371,DHelmetP1Helmet
_f5e24jus8,56,0,429,177,292,DHelmetP1Helmet
_f5e24jus8,57,16,425,240,303,DHelmetP1Helmet
_f5e24jus8,58,80,432,261,310,DHelmetP1Helmet
_f5e24jus8,59,175,434,261,313,DHelmetP1Helmet
_f5e24jus8,60,257,438,209,309,DHelmetP1Helmet
_f5e24jus8,61,350,441,278,336,DHelmetP1Helmet
_f5e24jus8,62,442,443,298,349,DHelmetP1Helmet
_f5e24jus8,63,527,441,327,362,DHelmetP1Helmet
_f5e24jus8,64,639,448,345,377,DHelmetP1Helmet
_f5e24jus8,65,758,452,363,392,DHelmetP1Helmet
_f5e24jus8,66,885,457,382,406,DHelmetP1Helmet
_f5e24jus8,67,1011,462,433,424,DHelmetP1Helmet
_f5e24jus8,68,1171,468,457,441,DHelmetP1Helmet
_f5e24jus8,69,1340,473,494,459,DHelmetP1Helmet
_f5e24jus8,70,1509,477,411,461,DHelmetP1Helmet
_7wuu8vpro,70,0,448,169,297,DHelmet
_7wuu8vpro,71,0,453,262,302,DHelmet
_7wuu8vpro,72,60,458,307,308,DHelmet
_7wuu8vpro,73,156,460,322,323,DHelmet
_7wuu8vpro,74,259,463,340,330,DHelmet
_7wuu8vpro,75,362,464,366,345,DHelmet
_7wuu8vpro,76,477,465,387,361,DHelmet
_7wuu8vpro,77,599,470,417,376,DHelmet
_7wuu8vpro,78,732,477,448,388,DHelmet
_7wuu8vpro,79,881,484,478,400,DHelmet
_7wuu8vpro,80,1038,488,519,420,DHelmet
_7wuu8vpro,81,1211,493,565,438,DHelmet
_7wuu8vpro,82,1402,499,518,457,DHelmet
_7wuu8vpro,83,1612,503,308,443,DHelmet
_syi9fxpmy,74,2,409,218,313,DHelmetP1Helmet
_syi9fxpmy,75,66,415,244,318,DHelmetP1Helmet
_syi9fxpmy,76,157,418,250,325,DHelmetP1Helmet
_syi9fxpmy,77,242,420,269,333,DHelmetP1Helmet
_syi9fxpmy,78,334,421,285,347,DHelmetP1Helmet
_syi9fxpmy,79,436,422,302,357,DHelmetP1Helmet
_syi9fxpmy,80,546,422,320,375,DHelmetP1Helmet
_syi9fxpmy,81,657,423,345,388,DHelmetP1Helmet
_syi9fxpmy,82,787,426,366,405,DHelmetP1Helmet
_syi9fxpmy,83,917,431,399,416,DHelmetP1Helmet
_syi9fxpmy,84,1061,435,434,424,DHelmetP1Helmet
_syi9fxpmy,85,1221,441,468,419,DHelmetP1Helmet
_syi9fxpmy,86,1393,444,467,436,DHelmetP1Helmet
_syi9fxpmy,87,1573,444,347,453,DHelmetP1Helmet
_vh7oql1a5,76,0,470,187,323,DHelmetP1Helmet
_vh7oql1a5,77,31,463,274,348,DHelmetP1Helmet
_vh7oql1a5,78,126,466,305,366,DHelmetP1Helmet
_vh7oql1a5,79,245,469,327,383,DHelmetP1Helmet
_vh7oql1a5,80,371,472,351,410,DHelmetP1Helmet
_vh7oql1a5,81,512,479,376,430,DHelmetP1Helmet
_vh7oql1a5,82,661,485,413,454,DHelmetP1Helmet
_vh7oql1a5,83,832,495,449,477,DHelmetP1Helmet
_vh7oql1a5,84,1013,506,507,506,DHelmetP1Helmet
_vh7oql1a5,85,1218,508,576,550,DHelmetP1Helmet
_vh7oql1a5,86,1448,513,472,549,DHelmetP1Helmet
_ltn9wijf7,88,4,478,191,377,DHelmet
_ltn9wijf7,89,55,476,264,398,DHelmet
_ltn9wijf7,90,110,482,348,416,DHelmet
_ltn9wijf7,91,235,485,372,440,DHelmet
_ltn9wijf7,92,372,492,399,454,DHelmet
_ltn9wijf7,93,522,499,434,477,DHelmet
_ltn9wijf7,94,677,509,477,503,DHelmet
_ltn9wijf7,95,855,515,522,529,DHelmet
_ltn9wijf7,96,1049,521,581,559,DHelmet
_ltn9wijf7,97,1261,527,656,553,DHelmet
_ltn9wijf7,98,1500,539,420,541,DHelmet
_w5nziibjd,94,0,461,210,350,DHelmetP1Helmet
_w5nziibjd,95,12,456,337,374,DHelmetP1Helmet
_w5nziibjd,96,162,460,338,389,DHelmetP1Helmet
_w5nziibjd,97,301,466,362,408,DHelmetP1Helmet
_w5nziibjd,98,457,469,388,426,DHelmetP1Helmet
_w5nziibjd,99,620,473,427,454,DHelmetP1Helmet
_w5nziibjd,100,807,486,468,466,DHelmetP1Helmet
_lt06wx9up,58,0,513,328,528,DHelmet
_lt06wx9up,59,111,522,446,558,DHelmet
_lt06wx9up,60,318,537,510,543,DHelmet
_lt06wx9up,61,563,542,592,538,DHelmet
_lt06wx9up,62,848,561,658,519,DHelmet
_lt06wx9up,63,1193,578,707,502,DHelmet
