track_id,frame_id,x,y,w,h,label
_9kx9ehidv,1,482,490,70,148,DHelmet
_9kx9ehidv,2,459,489,69,146,DHelmet
_9kx9ehidv,3,437,489,67,142,DHelmet
_9kx9ehidv,4,414,488,66,140,DHelmet
_9kx9ehidv,5,391,488,65,137,DHelmet
_9kx9ehidv,6,375,488,63,134,DHelmet
_9kx9ehidv,7,359,488,61,131,DHelmet
_9kx9ehidv,8,343,488,59,128,DHelmet
_9kx9ehidv,9,326,488,59,126,DHelmet
_9kx9ehidv,10,313,488,56,121,DHelmet
_9kx9ehidv,11,300,488,53,117,DHelmet
_9kx9ehidv,12,286,487,51,113,DHelmet
_9kx9ehidv,13,273,487,49,109,DHelmet
_9kx9ehidv,14,261,487,48,107,DHelmet
_9kx9ehidv,15,249,487,47,105,DHelmet
_9kx9ehidv,16,237,486,46,104,DHelmet
_9kx9ehidv,17,225,486,45,102,DHelmet
_9kx9ehidv,18,213,486,44,100,DHelmet
_9kx9ehidv,19,203,485,44,99,DHelmet
_9kx9ehidv,20,194,484,42,97,DHelmet
_9kx9ehidv,21,184,483,42,96,DHelmet
_9kx9ehidv,22,178,483,41,95,DHelmet
_9kx9ehidv,23,172,482,40,94,DHelmet
_9kx9ehidv,24,166,482,40,93,DHelmet
_9kx9ehidv,25,160,482,39,92,DHelmet
_9kx9ehidv,26,154,482,38,90,DHelmet
_9kx9ehidv,27,148,482,37,89,DHelmet
_9kx9ehidv,28,142,482,36,87,DHelmet
_9kx9ehidv,29,136,481,36,87,DHelmet
_y2ysuyx7g,3,166,480,58,125,DHelmet
_y2ysuyx7g,4,158,480,57,122,DHelmet
_y2ysuyx7g,5,150,480,57,119,DHelmet
_y2ysuyx7g,6,145,479,56,117,DHelmet
_y2ysuyx7g,7,140,479,54,115,DHelmet
_y2ysuyx7g,8,134,478,54,113,DHelmet
_y2ysuyx7g,9,128,478,53,111,DHelmet
_y2ysuyx7g,10,122,477,52,110,DHelmet
_y2ysuyx7g,11,115,477,52,108,DHelmet
_y2ysuyx7g,12,109,476,51,108,DHelmet
_y2ysuyx7g,13,103,475,50,107,DHelmet
_y2ysuyx7g,14,97,475,50,105,DHelmet
_y2ysuyx7g,15,91,475,49,104,DHelmet
_y2ysuyx7g,16,85,475,49,103,DHelmet
_y2ysuyx7g,17,79,475,48,101,DHelmet
_y2ysuyx7g,18,73,475,48,100,DHelmet
_y2ysuyx7g,19,68,475,46,99,DHelmet
_ppxgwzbln,50,37,476,48,105,DHelmet
_ppxgwzbln,51,42,476,49,107,DHelmet
_ppxgwzbln,52,48,477,50,108,DHelmet
_ppxgwzbln,53,54,478,50,110,DHelmet
_ppxgwzbln,54,62,478,51,112,DHelmet
_ppxgwzbln,55,70,479,52,113,DHelmet
_ppxgwzbln,56,78,479,53,116,DHelmet
_ppxgwzbln,57,86,480,53,117,DHelmet
_ppxgwzbln,58,94,481,54,118,DHelmet
_ppxgwzbln,59,102,481,55,121,DHelmet
_ppxgwzbln,60,110,482,56,122,DHelmet
_ppxgwzbln,61,117,482,57,124,DHelmet
_ppxgwzbln,62,125,483,58,126,DHelmet
_ppxgwzbln,63,136,483,59,129,DHelmet
_ppxgwzbln,64,146,483,61,132,DHelmet
_ppxgwzbln,65,156,483,62,135,DHelmet
_ppxgwzbln,66,166,484,64,138,DHelmet
_ppxgwzbln,67,177,484,65,141,DHelmet
_ppxgwzbln,68,189,485,66,144,DHelmet
_ppxgwzbln,69,201,485,68,148,DHelmet
_ppxgwzbln,70,213,486,69,151,DHelmet
_ppxgwzbln,71,225,487,71,154,DHelmet
_ppxgwzbln,72,238,488,72,157,DHelmet
_ppxgwzbln,73,250,489,73,159,DHelmet
_ppxgwzbln,74,263,490,76,164,DHelmet
_ppxgwzbln,75,276,490,79,169,DHelmet
_ppxgwzbln,76,290,491,81,174,DHelmet
_ppxgwzbln,77,303,492,84,178,DHelmet
_ppxgwzbln,78,316,493,87,183,DHelmet
_ppxgwzbln,79,329,493,90,188,DHelmet
_ppxgwzbln,80,345,495,92,193,DHelmet
_ppxgwzbln,81,360,496,95,198,DHelmet
_ppxgwzbln,82,378,498,98,202,DHelmet
_ppxgwzbln,83,397,499,101,207,DHelmet
_ppxgwzbln,84,417,500,104,212,DHelmet
_ppxgwzbln,85,437,502,107,216,DHelmet
_ppxgwzbln,86,458,503,109,221,DHelmet
_ppxgwzbln,87,481,505,116,229,DHelmet
_ppxgwzbln,88,505,507,123,236,DHelmet
_ppxgwzbln,89,528,509,130,244,DHelmet
_ppxgwzbln,90,556,511,132,249,DHelmet
_ppxgwzbln,91,584,513,135,255,DHelmet
_ppxgwzbln,92,612,515,137,261,DHelmet
_ppxgwzbln,93,642,516,145,271,DHelmet
_ppxgwzbln,94,672,517,153,281,DHelmet
_ppxgwzbln,95,706,519,164,290,DHelmet
_ppxgwzbln,96,743,521,174,300,DHelmet
_ppxgwzbln,97,780,523,184,310,DHelmet
_ppxgwzbln,98,816,525,195,320,DHelmet
_ppxgwzbln,99,859,529,211,330,DHelmet
_ppxgwzbln,100,902,535,227,340,DHelmet
_h6cubh7fo,1,164,491,99,200,DHelmetP1Helmet
_h6cubh7fo,2,174,491,103,207,DHelmetP1Helmet
_h6cubh7fo,3,183,492,109,212,DHelmetP1Helmet
_h6cubh7fo,4,196,492,108,213,DHelmetP1Helmet
_h6cubh7fo,5,209,493,107,214,DHelmetP1Helmet
_h6cubh7fo,6,219,494,112,220,DHelmetP1Helmet
_h6cubh7fo,7,229,495,117,227,DHelmetP1Helmet
_h6cubh7fo,8,240,496,122,231,DHelmetP1Helmet
_h6cubh7fo,9,251,497,128,236,DHelmetP1Helmet
_h6cubh7fo,10,267,498,124,240,DHelmetP1Helmet
_h6cubh7fo,11,283,499,121,245,DHelmetP1Helmet
_h6cubh7fo,12,294,500,127,251,DHelmetP1Helmet
_h6cubh7fo,13,305,500,133,258,DHelmetP1Helmet
_h6cubh7fo,14,321,502,132,264,DHelmetP1Helmet
_h6cubh7fo,15,337,504,131,270,DHelmetP1Helmet
_h6cubh7fo,16,348,505,138,278,DHelmetP1Helmet
_h6cubh7fo,17,360,506,143,286,DHelmetP1Helmet
_h6cubh7fo,18,375,507,146,292,DHelmetP1Helmet
_h6cubh7fo,19,390,508,148,299,DHelmetP1Helmet
_h6cubh7fo,20,405,509,150,305,DHelmetP1Helmet
_h6cubh7fo,21,419,510,154,311,DHelmetP1Helmet
_h6cubh7fo,22,434,512,156,317,DHelmetP1Helmet
_h6cubh7fo,23,449,513,158,323,DHelmetP1Helmet
_h6cubh7fo,24,462,515,161,329,DHelmetP1Helmet
_h6cubh7fo,25,475,516,163,336,DHelmetP1Helmet
_h6cubh7fo,26,487,518,167,346,DHelmetP1Helmet
_h6cubh7fo,27,499,520,171,355,DHelmetP1Helmet
_h6cubh7fo,28,511,521,174,366,DHelmetP1Helmet
_h6cubh7fo,29,524,523,177,375,DHelmetP1Helmet
_h6cubh7fo,30,536,525,181,385,DHelmetP1Helmet
_h6cubh7fo,31,548,527,184,394,DHelmetP1Helmet
_h6cubh7fo,32,560,528,188,405,DHelmetP1Helmet
_h6cubh7fo,33,573,530,191,414,DHelmetP1Helmet
_h6cubh7fo,34,589,532,200,426,DHelmetP1Helmet
_h6cubh7fo,35,605,535,209,436,DHelmetP1Helmet
_h6cubh7fo,36,621,537,218,447,DHelmetP1Helmet
_h6cubh7fo,37,637,539,227,459,DHelmetP1Helmet
_h6cubh7fo,38,654,542,234,469,DHelmetP1Helmet
_h6cubh7fo,39,675,544,246,483,DHelmetP1Helmet
_h6cubh7fo,40,697,545,257,497,DHelmetP1Helmet
_h6cubh7fo,41,718,547,269,511,DHelmetP1Helmet
_h6cubh7fo,42,740,549,280,525,DHelmetP1Helmet
_h6cubh7fo,43,765,552,290,528,DHelmetP1Helmet
_h6cubh7fo,44,790,555,301,525,DHelmetP1Helmet
_h6cubh7fo,45,815,558,311,522,DHelmetP1Helmet
_h6cubh7fo,46,844,559,328,521,DHelmetP1Helmet
_h6cubh7fo,47,873,559,345,521,DHelmetP1Helmet
_h6cubh7fo,48,904,563,360,517,DHelmetP1Helmet
_h6cubh7fo,49,934,567,376,513,DHelmetP1Helmet
_h6cubh7fo,50,969,570,390,510,DHelmetP1Helmet
_h6cubh7fo,51,1004,573,404,507,DHelmetP1Helmet
_h6cubh7fo,52,1040,575,420,505,DHelmetP1Helmet
_h6cubh7fo,53,1075,576,437,504,DHelmetP1Helmet
_h6cubh7fo,54,1116,580,454,500,DHelmetP1Helmet
_h6cubh7fo,55,1157,584,471,496,DHelmetP1Helmet
_h6cubh7fo,56,1207,591,480,489,DHelmetP1Helmet
_h6cubh7fo,57,1256,598,490,482,DHelmetP1Helmet
_h6cubh7fo,58,1294,601,512,479,DHelmetP1Helmet
_h6cubh7fo,59,1333,604,532,476,DHelmetP1Helmet
_h6cubh7fo,60,1380,609,532,471,DHelmetP1Helmet
_h6cubh7fo,61,1427,614,493,466,DHelmetP1Helmet
_x2ylttjyw,53,1674,567,246,305,DHelmetP1Helmet
_x2ylttjyw,54,1608,564,285,298,DHelmetP1Helmet
_x2ylttjyw,55,1547,560,269,287,DHelmetP1Helmet
_x2ylttjyw,56,1490,557,254,276,DHelmetP1Helmet
_x2ylttjyw,57,1437,554,239,267,DHelmetP1Helmet
_x2ylttjyw,58,1383,551,226,259,DHelmetP1Helmet
_x2ylttjyw,59,1335,548,212,251,DHelmetP1Helmet
_x2ylttjyw,60,1287,545,199,242,DHelmetP1Helmet
_x2ylttjyw,61,1242,540,188,242,DHelmetP1Helmet
_x2ylttjyw,62,1200,537,179,235,DHelmetP1Helmet
_x2ylttjyw,63,1157,535,172,227,DHelmetP1Helmet
_x2ylttjyw,64,1116,534,165,219,DHelmetP1Helmet
_x2ylttjyw,65,1074,533,159,212,DHelmetP1Helmet
_x2ylttjyw,66,1036,530,154,208,DHelmetP1Helmet
_x2ylttjyw,67,998,527,149,204,DHelmetP1Helmet
_x2ylttjyw,68,965,524,144,201,DHelmetP1Helmet
_x2ylttjyw,69,931,522,140,196,DHelmetP1Helmet
_x2ylttjyw,70,898,519,134,193,DHelmetP1Helmet
_x2ylttjyw,71,864,517,130,189,DHelmetP1Helmet
_x2ylttjyw,72,834,516,127,184,DHelmetP1Helmet
_x2ylttjyw,73,805,515,123,180,DHelmetP1Helmet
_x2ylttjyw,74,775,514,120,175,DHelmetP1Helmet
_x2ylttjyw,75,745,513,117,170,DHelmetP1Helmet
_x2ylttjyw,76,716,513,112,165,DHelmetP1Helmet
_x2ylttjyw,77,692,512,109,161,DHelmetP1Helmet
_x2ylttjyw,78,668,510,106,159,DHelmetP1Helmet
_x2ylttjyw,79,645,509,102,156,DHelmetP1Helmet
_x2ylttjyw,80,621,508,99,153,DHelmetP1Helmet
_x2ylttjyw,81,597,507,95,150,DHelmetP1Helmet
_x2ylttjyw,82,578,506,91,147,DHelmetP1Helmet
_x2ylttjyw,83,558,505,89,144,DHelmetP1Helmet
_x2ylttjyw,84,539,504,85,141,DHelmetP1Helmet
_x2ylttjyw,85,523,503,80,138,DHelmetP1Helmet
_x2ylttjyw,86,507,502,74,135,DHelmetP1Helmet
_x2ylttjyw,87,491,501,69,132,DHelmetP1Helmet
_x2ylttjyw,88,475,501,64,128,DHelmetP1Helmet
_x2ylttjyw,89,458,499,65,129,DHelmetP1Helmet
_x2ylttjyw,90,440,498,67,128,DHelmetP1Helmet
_x2ylttjyw,91,422,497,69,128,DHelmetP1Helmet
_x2ylttjyw,92,408,496,69,127,DHelmetP1Helmet
_x2ylttjyw,93,395,495,69,126,DHelmetP1Helmet
_x2ylttjyw,94,381,494,70,125,DHelmetP1Helmet
_x2ylttjyw,95,368,493,69,124,DHelmetP1Helmet
_x2ylttjyw,96,360,494,63,123,DHelmetP1Helmet
_x2ylttjyw,97,344,491,65,121,DHelmetP1Helmet
_x2ylttjyw,98,331,491,66,116,DHelmetP1Helmet
_y85go8nau,87,1637,563,282,319,DHelmetP1Helmet
_y85go8nau,88,1557,557,275,310,DHelmetP1Helmet
_y85go8nau,89,1487,558,256,294,DHelmetP1Helmet
_y85go8nau,90,1419,551,239,285,DHelmetP1Helmet
_y85go8nau,91,1359,547,225,277,DHelmetP1Helmet
_y85go8nau,92,1300,543,210,269,DHelmetP1Helmet
_y85go8nau,93,1240,539,196,260,DHelmetP1Helmet
_y85go8nau,94,1187,536,187,252,DHelmetP1Helmet
_y85go8nau,95,1135,533,177,243,DHelmetP1Helmet
_y85go8nau,96,1090,531,167,235,DHelmetP1Helmet
_y85go8nau,97,1044,529,158,226,DHelmetP1Helmet
_y85go8nau,98,998,527,147,218,DHelmetP1Helmet
_y85go8nau,99,975,522,121,216,DHelmetP1Helmet
