track_id,frame_id,x,y,w,h,label
_k3ucrpb3f,1,1295,634,365,430,DHelmet
_k3ucrpb3f,2,1507,630,401,450,DHelmet
_k3ucrpb3f,3,1740,629,180,367,DHelmet
_ta7jzdmti,1,1149,591,174,263,DNoHelmet
_ta7jzdmti,2,1333,586,189,260,DNoHelmet
_ta7jzdmti,3,1443,577,308,280,DNoHelmet
_ta7jzdmti,4,1637,575,180,362,DNoHelmet
_xs9je1p2l,1,1002,661,497,419,DNoHelmetP1NoHelmet
_xs9je1p2l,2,1202,650,552,430,DNoHelmetP1NoHelmet
_xs9je1p2l,3,1428,642,492,438,DNoHelmetP1NoHelmet
_xs9je1p2l,4,1678,642,242,438,DNoHelmetP1NoHelmet
_z7mqqg5o0,3,2,679,193,332,DNoHelmetP1NoHelmetP2NoHelmet
_z7mqqg5o0,4,32,638,283,385,DNoHelmetP1NoHelmetP2NoHelmet
_z7mqqg5o0,5,131,632,315,403,DNoHelmetP1NoHelmetP2NoHelmet
_z7mqqg5o0,6,252,629,336,419,DNoHelmetP1NoHelmetP2NoHelmet
_z7mqqg5o0,7,380,626,357,434,DNoHelmetP1NoHelmetP2NoHelmet
_z7mqqg5o0,8,528,623,386,447,DNoHelmetP1NoHelmetP2NoHelmet
_z7mqqg5o0,9,676,619,415,461,DNoHelmetP1NoHelmetP2NoHelmet
_z7mqqg5o0,10,846,619,451,461,DNoHelmetP1NoHelmetP2NoHelmet
_z7mqqg5o0,11,1030,609,499,471,DNoHelmetP1NoHelmetP2NoHelmet
_z7mqqg5o0,12,1230,603,556,477,DNoHelmetP1NoHelmetP2NoHelmet
_z7mqqg5o0,13,1459,597,461,483,DNoHelmetP1NoHelmetP2NoHelmet
_s1xwb5w7j,9,1,749,319,331,DNoHelmetP1NoHelmetP2NoHelmet
_s1xwb5w7j,10,73,755,399,324,DNoHelmetP1NoHelmetP2NoHelmet
_s1xwb5w7j,11,219,756,437,324,DNoHelmetP1NoHelmetP2NoHelmet
_s1xwb5w7j,12,364,757,477,323,DNoHelmetP1NoHelmetP2NoHelmet
_s1xwb5w7j,13,547,755,537,325,DNoHelmetP1NoHelmetP2NoHelmet
_s1xwb5w7j,14,729,752,596,328,DNoHelmetP1NoHelmetP2NoHelmet
_s1xwb5w7j,15,949,757,667,323,DNoHelmetP1NoHelmetP2NoHelmet
_s1xwb5w7j,16,1196,764,583,316,DNoHelmetP1NoHelmetP2NoHelmet
_8uqgess84,14,12,686,223,332,DHelmet
_8uqgess84,15,72,681,287,349,DHelmet
_8uqgess84,16,189,681,309,365,DHelmet
_8uqgess84,17,317,678,331,381,DHelmet
_8uqgess84,18,452,676,365,402,DHelmet
_8uqgess84,19,607,676,395,404,DHelmet
_8uqgess84,20,779,677,430,403,DHelmet
_8uqgess84,21,982,677,460,403,DHelmet
_8uqgess84,22,1203,676,502,404,DHelmet
_8uqgess84,23,1491,674,429,406,DHelmet
_hrvghfapc,97,16,704,343,376,DNoHelmetP1NoHelmet
_hrvghfapc,98,166,705,371,372,DNoHelmetP1NoHelmet
_hrvghfapc,99,324,705,406,375,DNoHelmetP1NoHelmet
_hrvghfapc,100,506,700,447,380,DNoHelmetP1NoHelmet
_f9yvr9nq2,81,4,677,172,347,DHelmet
_f9yvr9nq2,82,43,680,256,354,DHelmet
_f9yvr9nq2,83,134,677,299,367,DHelmet
_f9yvr9nq2,84,257,675,326,385,DHelmet
_f9yvr9nq2,85,381,673,353,403,DHelmet
_f9yvr9nq2,86,530,672,385,406,DHelmet
_f9yvr9nq2,87,680,672,415,407,DHelmet
_f9yvr9nq2,88,855,668,457,412,DHelmet
_f9yvr9nq2,89,1038,666,510,414,DHelmet
_f9yvr9nq2,90,1252,661,561,419,DHelmet
_f9yvr9nq2,91,1489,656,431,424,DHelmet
_vzou7fwz9,17,53,749,298,331,DHelmetP1Helmet
_vzou7fwz9,18,140,752,364,328,DHelmetP1Helmet
_vzou7fwz9,19,301,755,384,325,DHelmetP1Helmet
_vzou7fwz9,20,482,752,442,328,DHelmetP1Helmet
_vzou7fwz9,21,688,755,457,325,DHelmetP1Helmet
_vzou7fwz9,22,919,755,472,324,DHelmetP1Helmet
_vzou7fwz9,23,1188,759,523,321,DHelmetP1Helmet
_o9xxrr892,20,0,677,221,312,DNoHelmetP1NoHelmet
_o9xxrr892,21,77,674,261,329,DNoHelmetP1NoHelmet
_o9xxrr892,22,186,672,284,344,DNoHelmetP1NoHelmet
_o9xxrr892,23,294,669,309,361,DNoHelmetP1NoHelmet
_o9xxrr892,24,427,668,338,381,DNoHelmetP1NoHelmet
_o9xxrr892,25,561,668,366,400,DNoHelmetP1NoHelmet
_o9xxrr892,26,719,668,406,406,DNoHelmetP1NoHelmet
_o9xxrr892,27,878,669,446,411,DNoHelmetP1NoHelmet
_o9xxrr892,28,1068,669,498,411,DNoHelmetP1NoHelmet
_o9xxrr892,29,1274,664,561,416,DNoHelmetP1NoHelmet
_o9xxrr892,30,1508,658,412,421,DNoHelmetP1NoHelmet
_46om2lhzs,23,3,634,166,258,DHelmet
_46om2lhzs,24,55,634,225,266,DHelmet
_46om2lhzs,25,162,630,233,277,DHelmet
_46om2lhzs,26,273,626,247,285,DHelmet
_46om2lhzs,27,392,625,262,292,DHelmet
_46om2lhzs,28,522,622,280,305,DHelmet
_46om2lhzs,29,658,614,304,319,DHelmet
_46om2lhzs,30,808,611,327,333,DHelmet
_46om2lhzs,31,967,606,358,349,DHelmet
_46om2lhzs,32,1148,599,390,370,DHelmet
_46om2lhzs,33,1343,595,435,386,DHelmet
_46om2lhzs,34,1562,589,358,395,DHelmet
_6jjl84zvz,12,1689,542,228,205,DNoHelmetP1NoHelmetP2NoHelmet
_6jjl84zvz,13,1622,549,208,198,DNoHelmetP1NoHelmetP2NoHelmet
_6jjl84zvz,14,1544,550,195,192,DNoHelmetP1NoHelmetP2NoHelmet
_6jjl84zvz,15,1496,551,152,129,DNoHelmetP1NoHelmetP2NoHelmet
_6jjl84zvz,16,1418,554,143,121,DNoHelmetP1NoHelmetP2NoHelmet
_6jjl84zvz,17,1341,559,146,182,DNoHelmetP1NoHelmetP2NoHelmet
_ydt1gbb0d,25,4,666,170,293,DHelmetP0HelmetP1Helmet
_ydt1gbb0d,26,43,664,239,307,DHelmetP0HelmetP1Helmet
_ydt1gbb0d,27,127,661,264,320,DHelmetP0HelmetP1Helmet
_ydt1gbb0d,28,231,658,282,333,DHelmetP0HelmetP1Helmet
_ydt1gbb0d,29,350,654,300,352,DHelmetP0HelmetP1Helmet
_ydt1gbb0d,30,474,649,319,371,DHelmetP0HelmetP1Helmet
_ydt1gbb0d,31,609,646,350,389,DHelmetP0HelmetP1Helmet
_ydt1gbb0d,32,755,646,383,407,DHelmetP0HelmetP1Helmet
_ydt1gbb0d,33,921,645,415,426,DHelmetP0HelmetP1Helmet
_ydt1gbb0d,34,1101,645,467,435,DHelmetP0HelmetP1Helmet
_ydt1gbb0d,35,1303,641,524,439,DHelmetP0HelmetP1Helmet
_ydt1gbb0d,36,1532,636,388,444,DHelmetP0HelmetP1Helmet
_tax91vmcy,29,5,696,222,360,DNoHelmetP1Helmet
_tax91vmcy,30,53,690,297,381,DNoHelmetP1Helmet
_tax91vmcy,31,140,686,344,393,DNoHelmetP1Helmet
_tax91vmcy,32,259,685,365,395,DNoHelmetP1Helmet
_tax91vmcy,33,389,683,394,397,DNoHelmetP1Helmet
_tax91vmcy,34,534,680,423,400,DNoHelmetP1Helmet
_tax91vmcy,35,685,679,468,401,DNoHelmetP1Helmet
_tax91vmcy,36,850,678,512,402,DNoHelmetP1Helmet
_tax91vmcy,37,1033,678,553,402,DNoHelmetP1Helmet
_tax91vmcy,38,1240,674,603,406,DNoHelmetP1Helmet
_tax91vmcy,39,1465,673,455,407,DNoHelmetP1Helmet
_82n5mz0ep,29,1188,567,140,160,DHelmetP1NoHelmet
_82n5mz0ep,30,1133,571,142,155,DHelmetP1NoHelmet
_82n5mz0ep,31,1095,574,121,110,DHelmetP1NoHelmet
_82n5mz0ep,32,1029,574,130,151,DHelmetP1NoHelmet
_82n5mz0ep,33,977,577,128,150,DHelmetP1NoHelmet
_82n5mz0ep,34,926,578,128,151,DHelmetP1NoHelmet
_82n5mz0ep,35,880,578,127,152,DHelmetP1NoHelmet
_82n5mz0ep,36,831,578,126,152,DHelmetP1NoHelmet
_82n5mz0ep,37,787,579,132,148,DHelmetP1NoHelmet
_82n5mz0ep,38,755,582,107,110,DHelmetP1NoHelmet
_82n5mz0ep,39,748,582,72,58,DHelmetP1NoHelmet
_82n5mz0ep,40,686,585,91,101,DHelmetP1NoHelmet
_82n5mz0ep,41,625,589,110,142,DHelmetP1NoHelmet
_82n5mz0ep,42,586,589,110,142,DHelmetP1NoHelmet
_82n5mz0ep,43,547,589,111,142,DHelmetP1NoHelmet
_82n5mz0ep,44,514,591,107,138,DHelmetP1NoHelmet
_82n5mz0ep,45,480,593,105,133,DHelmetP1NoHelmet
_82n5mz0ep,46,447,595,102,128,DHelmetP1NoHelmet
_dgtcx3xoc,41,2,621,159,197,DNoHelmet
_dgtcx3xoc,42,84,622,173,198,DNoHelmet
_dgtcx3xoc,43,176,619,181,203,DNoHelmet
_dgtcx3xoc,44,277,617,188,207,DNoHelmet
_dgtcx3xoc,45,384,609,201,220,DNoHelmet
_dgtcx3xoc,46,502,604,214,228,DNoHelmet
_dgtcx3xoc,47,621,599,225,235,DNoHelmet
_dgtcx3xoc,48,757,592,241,247,DNoHelmet
_dgtcx3xoc,49,892,585,258,259,DNoHelmet
_dgtcx3xoc,50,1052,580,278,267,DNoHelmet
_dgtcx3xoc,51,1211,575,299,275,DNoHelmet
_dgtcx3xoc,52,1393,570,326,287,DNoHelmet
_dgtcx3xoc,53,1598,558,322,303,DNoHelmet
_sc1i78v37,34,1726,549,194,189,DNoHelmetP1NoHelmetP2NoHelmet
_sc1i78v37,35,1614,545,219,192,DNoHelmetP1NoHelmetP2NoHelmet
_sc1i78v37,36,1536,546,211,191,DNoHelmetP1NoHelmetP2NoHelmet
_sc1i78v37,37,1457,547,204,190,DNoHelmetP1NoHelmetP2NoHelmet
_sc1i78v37,38,1383,553,196,184,DNoHelmetP1NoHelmetP2NoHelmet
_sc1i78v37,39,1309,558,188,179,DNoHelmetP1NoHelmetP2NoHelmet
_sc1i78v37,40,1239,559,185,172,DNoHelmetP1NoHelmetP2NoHelmet
_sc1i78v37,41,1180,559,169,156,DNoHelmetP1NoHelmetP2NoHelmet
_sc1i78v37,42,1175,561,105,74,DNoHelmetP1NoHelmetP2NoHelmet
_sc1i78v37,43,1107,563,105,75,DNoHelmetP1NoHelmetP2NoHelmet
_sc1i78v37,44,977,569,164,166,DNoHelmetP1NoHelmetP2NoHelmet
_sc1i78v37,45,920,572,156,163,DNoHelmetP1NoHelmetP2NoHelmet
_sc1i78v37,46,863,575,149,160,DNoHelmetP1NoHelmetP2NoHelmet
_sc1i78v37,47,804,581,147,154,DNoHelmetP1NoHelmetP2NoHelmet
_sc1i78v37,48,753,583,139,152,DNoHelmetP1NoHelmetP2NoHelmet
_sc1i78v37,49,702,586,131,148,DNoHelmetP1NoHelmetP2NoHelmet
_sc1i78v37,50,648,586,131,148,DNoHelmetP1NoHelmetP2NoHelmet
_sc1i78v37,51,594,586,131,148,DNoHelmetP1NoHelmetP2NoHelmet
_sc1i78v37,52,546,590,120,143,DNoHelmetP1NoHelmetP2NoHelmet
_sc1i78v37,53,502,591,114,144,DNoHelmetP1NoHelmetP2NoHelmet
_sc1i78v37,54,460,594,107,141,DNoHelmetP1NoHelmetP2NoHelmet
_sc1i78v37,55,419,597,98,138,DNoHelmetP1NoHelmetP2NoHelmet
_sc1i78v37,56,377,599,91,136,DNoHelmetP1NoHelmetP2NoHelmet
_sc1i78v37,57,335,601,85,135,DNoHelmetP1NoHelmetP2NoHelmet
_sc1i78v37,58,293,602,80,134,DNoHelmetP1NoHelmetP2NoHelmet
_sc1i78v37,59,251,603,75,134,DNoHelmetP1NoHelmetP2NoHelmet
_y6yv9ot0h,44,1,641,206,291,DHelmetP1NoHelmet
_y6yv9ot0h,45,80,642,242,301,DHelmetP1NoHelmet
_y6yv9ot0h,46,189,642,253,302,DHelmetP1NoHelmet
_y6yv9ot0h,47,309,638,270,320,DHelmetP1NoHelmet
_y6yv9ot0h,48,437,634,288,338,DHelmetP1NoHelmet
_y6yv9ot0h,49,590,626,296,357,DHelmetP1NoHelmet
_y6yv9ot0h,50,735,619,333,360,DHelmetP1NoHelmet
_y6yv9ot0h,51,884,614,312,359,DHelmetP1NoHelmet
_y6yv9ot0h,52,1072,615,215,391,DHelmetP1NoHelmet
_y6yv9ot0h,53,1279,613,291,414,DHelmetP1NoHelmet
_y6yv9ot0h,54,1511,611,387,433,DHelmetP1NoHelmet
_qyfbxk8uo,46,37,729,286,351,DHelmetP1Helmet
_qyfbxk8uo,47,132,732,372,348,DHelmetP1Helmet
_qyfbxk8uo,48,294,729,388,350,DHelmetP1Helmet
_qyfbxk8uo,49,461,732,435,348,DHelmetP1Helmet
_qyfbxk8uo,50,660,732,461,348,DHelmetP1Helmet
_qyfbxk8uo,51,893,730,479,350,DHelmetP1Helmet
_qyfbxk8uo,52,1145,728,498,352,DHelmetP1Helmet
_qyfbxk8uo,53,1429,728,491,352,DHelmetP1Helmet
_nwhqbibhe,47,1567,547,180,184,DNoHelmetP1NoHelmet
_nwhqbibhe,48,1495,549,173,183,DNoHelmetP1NoHelmet
_nwhqbibhe,49,1424,551,165,183,DNoHelmetP1NoHelmet
_nwhqbibhe,50,1356,551,151,184,DNoHelmetP1NoHelmet
_jbhnyit9k,47,1657,547,220,178,DNoHelmetP1NoHelmet
_jbhnyit9k,48,1579,549,208,193,DNoHelmetP1NoHelmet
_jbhnyit9k,49,1500,555,204,187,DNoHelmetP1NoHelmet
_jbhnyit9k,50,1421,561,200,181,DNoHelmetP1NoHelmet
_jbhnyit9k,51,1350,564,188,174,DNoHelmetP1NoHelmet
_jbhnyit9k,52,1278,567,176,167,DNoHelmetP1NoHelmet
_jbhnyit9k,53,1204,569,175,167,DNoHelmetP1NoHelmet
_jbhnyit9k,54,1131,570,173,168,DNoHelmetP1NoHelmet
_jbhnyit9k,55,1065,573,168,166,DNoHelmetP1NoHelmet
_jbhnyit9k,56,1000,577,162,164,DNoHelmetP1NoHelmet
_jbhnyit9k,57,938,579,159,162,DNoHelmetP1NoHelmet
_jbhnyit9k,58,876,582,157,160,DNoHelmetP1NoHelmet
_jbhnyit9k,59,815,585,153,158,DNoHelmetP1NoHelmet
_jbhnyit9k,60,760,586,149,157,DNoHelmetP1NoHelmet
_jbhnyit9k,61,706,588,144,154,DNoHelmetP1NoHelmet
_jbhnyit9k,62,652,590,139,152,DNoHelmetP1NoHelmet
_jbhnyit9k,63,601,591,136,150,DNoHelmetP1NoHelmet
_jbhnyit9k,64,551,593,132,147,DNoHelmetP1NoHelmet
_jbhnyit9k,65,500,594,128,145,DNoHelmetP1NoHelmet
_jbhnyit9k,66,452,595,125,146,DNoHelmetP1NoHelmet
_jbhnyit9k,67,404,597,121,145,DNoHelmetP1NoHelmet
_jbhnyit9k,68,360,600,119,141,DNoHelmetP1NoHelmet
_jbhnyit9k,69,316,603,116,136,DNoHelmetP1NoHelmet
_jbhnyit9k,70,272,606,114,132,DNoHelmetP1NoHelmet
_jbhnyit9k,71,230,609,110,129,DNoHelmetP1NoHelmet
_jbhnyit9k,72,189,611,106,127,DNoHelmetP1NoHelmet
_jbhnyit9k,73,150,610,106,127,DNoHelmetP1NoHelmet
_jbhnyit9k,74,139,611,73,84,DNoHelmetP1NoHelmet
_jbhnyit9k,75,107,611,65,44,DNoHelmetP1NoHelmet
_jbhnyit9k,76,65,615,65,44,DNoHelmetP1NoHelmet
_jbhnyit9k,77,1,615,92,109,DNoHelmetP1NoHelmet
_jbhnyit9k,78,3,615,58,122,DNoHelmetP1NoHelmet
_kkto042rq,65,602,590,66,144,DNoHelmetP1NoHelmet
_kkto042rq,66,553,591,70,143,DNoHelmetP1NoHelmet
_kkto042rq,67,504,592,74,142,DNoHelmetP1NoHelmet
_kkto042rq,68,456,593,77,141,DNoHelmetP1NoHelmet
_kkto042rq,69,407,594,81,140,DNoHelmetP1NoHelmet
_kkto042rq,70,367,596,81,137,DNoHelmetP1NoHelmet
_kkto042rq,71,326,599,83,134,DNoHelmetP1NoHelmet
_kkto042rq,72,286,601,83,131,DNoHelmetP1NoHelmet
_kkto042rq,73,246,603,84,128,DNoHelmetP1NoHelmet
_kkto042rq,74,206,603,84,123,DNoHelmetP1NoHelmet
_kkto042rq,75,186,605,59,59,DNoHelmetP1NoHelmet
_kkto042rq,76,151,602,60,60,DNoHelmetP1NoHelmet
_kkto042rq,77,111,606,59,60,DNoHelmetP1NoHelmet
_kkto042rq,78,63,609,81,124,DNoHelmetP1NoHelmet
_kkto042rq,79,28,609,86,124,DNoHelmetP1NoHelmet
_kkto042rq,80,5,610,73,125,DNoHelmetP1NoHelmet
_9px34nmq5,47,2,674,183,353,DHelmetP1Helmet
_9px34nmq5,48,59,672,269,396,DHelmetP1Helmet
_9px34nmq5,49,159,672,310,402,DHelmetP1Helmet
_9px34nmq5,50,270,673,334,407,DHelmetP1Helmet
_9px34nmq5,51,395,673,356,407,DHelmetP1Helmet
_9px34nmq5,52,526,669,389,411,DHelmetP1Helmet
_9px34nmq5,53,672,668,422,412,DHelmetP1Helmet
_9px34nmq5,54,831,666,457,413,DHelmetP1Helmet
_9px34nmq5,55,1005,665,504,415,DHelmetP1Helmet
_9px34nmq5,56,1203,661,544,419,DHelmetP1Helmet
_9px34nmq5,57,1424,654,496,426,DHelmetP1Helmet
_jjpdd6kg6,54,11,745,321,335,DNoHelmet
_jjpdd6kg6,55,108,747,412,333,DNoHelmet
_jjpdd6kg6,56,267,751,475,329,DNoHelmet
_jjpdd6kg6,57,473,751,512,327,DNoHelmet
_jjpdd6kg6,58,710,752,570,328,DNoHelmet
_jjpdd6kg6,59,983,756,654,324,DNoHelmet
_jjpdd6kg6,60,1303,761,617,319,DNoHelmet
_20ztyysb3,54,1,685,173,208,DHelmet
_20ztyysb3,55,49,686,178,329,DHelmet
_20ztyysb3,56,120,689,270,335,DHelmet
_20ztyysb3,57,227,685,320,375,DHelmet
_20ztyysb3,58,340,684,348,391,DHelmet
_20ztyysb3,59,463,680,369,400,DHelmet
_20ztyysb3,60,595,684,404,396,DHelmet
_20ztyysb3,61,741,684,443,396,DHelmet
_20ztyysb3,62,901,682,482,398,DHelmet
_20ztyysb3,63,1074,680,531,400,DHelmet
_20ztyysb3,64,1274,676,575,404,DHelmet
_20ztyysb3,65,1487,673,433,407,DHelmet
_dpl24ymez,59,43,614,162,214,DNoHelmetP0NoHelmetP1NoHelmet
_dpl24ymez,60,130,613,181,216,DNoHelmetP0NoHelmetP1NoHelmet
_dpl24ymez,61,233,614,197,216,DNoHelmetP0NoHelmetP1NoHelmet
_dpl24ymez,62,346,609,207,220,DNoHelmetP0NoHelmetP1NoHelmet
_dpl24ymez,63,477,603,217,235,DNoHelmetP0NoHelmetP1NoHelmet
_dpl24ymez,64,607,597,227,249,DNoHelmetP0NoHelmetP1NoHelmet
_dpl24ymez,65,756,592,245,259,DNoHelmetP0NoHelmetP1NoHelmet
_dpl24ymez,66,905,587,262,269,DNoHelmetP0NoHelmetP1NoHelmet
_dpl24ymez,67,1079,579,278,277,DNoHelmetP0NoHelmetP1NoHelmet
_dpl24ymez,68,1254,571,292,285,DNoHelmetP0NoHelmetP1NoHelmet
_dpl24ymez,69,1456,570,346,304,DNoHelmetP0NoHelmetP1NoHelmet
_dpl24ymez,70,1686,567,234,202,DNoHelmetP0NoHelmetP1NoHelmet
_dge9dw5nt,59,2,669,219,306,DHelmetP1Helmet
_dge9dw5nt,60,71,668,260,316,DHelmetP1Helmet
_dge9dw5nt,61,174,664,277,329,DHelmetP1Helmet
_dge9dw5nt,62,278,663,295,340,DHelmetP1Helmet
_dge9dw5nt,63,407,660,303,353,DHelmetP1Helmet
_dge9dw5nt,64,547,658,310,365,DHelmetP1Helmet
_dge9dw5nt,65,670,652,349,384,DHelmetP1Helmet
_dge9dw5nt,66,810,653,161,231,DHelmetP1Helmet
_dge9dw5nt,67,992,649,232,245,DHelmetP1Helmet
_dge9dw5nt,68,1194,649,281,272,DHelmetP1Helmet
_dge9dw5nt,69,1389,645,477,434,DHelmetP1Helmet
_dge9dw5nt,70,1594,642,326,303,DHelmetP1Helmet
_2gczmjz8e,62,98,685,258,334,DNoHelmet
_2gczmjz8e,63,292,674,257,390,DNoHelmet
_2gczmjz8e,64,463,674,300,406,DNoHelmet
_2gczmjz8e,65,669,672,338,407,DNoHelmet
_2gczmjz8e,66,895,672,392,408,DNoHelmet
_2gczmjz8e,67,1108,666,512,414,DNoHelmet
_2gczmjz8e,68,1393,664,527,416,DNoHelmet
_62xdwdrel,61,1,725,236,354,DHelmetP1NoHelmetP2Helmet
_62xdwdrel,62,15,712,359,367,DHelmetP1NoHelmetP2Helmet
_62xdwdrel,63,128,712,389,368,DHelmetP1NoHelmetP2Helmet
_62xdwdrel,64,266,710,432,369,DHelmetP1NoHelmetP2Helmet
_62xdwdrel,65,415,714,437,366,DHelmetP1NoHelmetP2Helmet
_62xdwdrel,66,574,716,481,364,DHelmetP1NoHelmetP2Helmet
_62xdwdrel,67,760,714,508,366,DHelmetP1NoHelmetP2Helmet
_62xdwdrel,68,962,706,535,374,DHelmetP1NoHelmetP2Helmet
_62xdwdrel,69,1190,702,561,378,DHelmetP1NoHelmetP2Helmet
_62xdwdrel,70,1445,705,475,375,DHelmetP1NoHelmetP2Helmet
_rewcavd1p,63,0,665,154,278,DNoHelmetP1NoHelmet
_rewcavd1p,64,25,664,223,281,DNoHelmetP1NoHelmet
_rewcavd1p,65,97,662,245,290,DNoHelmetP1NoHelmet
_rewcavd1p,66,182,661,253,298,DNoHelmetP1NoHelmet
_rewcavd1p,67,277,659,266,306,DNoHelmetP1NoHelmet
_rewcavd1p,68,372,657,278,314,DNoHelmetP1NoHelmet
_rewcavd1p,69,478,653,293,325,DNoHelmetP1NoHelmet
_rewcavd1p,70,583,649,309,336,DNoHelmetP1NoHelmet
_rewcavd1p,71,708,650,324,348,DNoHelmetP1NoHelmet
_rewcavd1p,72,834,650,339,360,DNoHelmetP1NoHelmet
_rewcavd1p,73,972,648,365,371,DNoHelmetP1NoHelmet
_rewcavd1p,74,1111,645,391,383,DNoHelmetP1NoHelmet
_rewcavd1p,75,1274,641,422,399,DNoHelmetP1NoHelmet
_rewcavd1p,76,1437,637,453,415,DNoHelmetP1NoHelmet
_rewcavd1p,77,1621,636,299,358,DNoHelmetP1NoHelmet
_y3kstufze,66,1,669,228,334,DHelmetP1NoHelmetP2NoHelmet
_y3kstufze,67,37,670,294,340,DHelmetP1NoHelmetP2NoHelmet
_y3kstufze,68,131,666,310,352,DHelmetP1NoHelmetP2NoHelmet
_y3kstufze,69,237,664,322,366,DHelmetP1NoHelmetP2NoHelmet
_y3kstufze,70,344,661,334,381,DHelmetP1NoHelmetP2NoHelmet
_y3kstufze,71,462,659,356,397,DHelmetP1NoHelmetP2NoHelmet
_y3kstufze,72,579,657,378,414,DHelmetP1NoHelmetP2NoHelmet
_y3kstufze,73,719,658,406,418,DHelmetP1NoHelmetP2NoHelmet
_y3kstufze,74,858,658,435,422,DHelmetP1NoHelmetP2NoHelmet
_y3kstufze,75,1017,656,474,424,DHelmetP1NoHelmetP2NoHelmet
_y3kstufze,76,1176,653,513,427,DHelmetP1NoHelmetP2NoHelmet
_y3kstufze,77,1357,650,563,430,DHelmetP1NoHelmetP2NoHelmet
_y3kstufze,78,1554,646,366,434,DHelmetP1NoHelmetP2NoHelmet
