track_id,frame_id,x,y,w,h,label
_jaqqqcetq,1,547,357,126,118,DHelmet
_jaqqqcetq,2,545,357,125,118,DHelmet
_jaqqqcetq,3,543,357,125,118,DHelmet
_jaqqqcetq,4,541,357,124,118,DHelmet
_jaqqqcetq,5,539,357,124,118,DHelmet
_jaqqqcetq,6,537,357,123,118,DHelmet
_jaqqqcetq,7,535,358,122,117,DHelmet
_jaqqqcetq,8,533,358,122,117,DHelmet
_jaqqqcetq,9,531,358,121,117,DHelmet
_jaqqqcetq,10,529,358,120,117,DHelmet
_jaqqqcetq,11,527,358,120,117,DHelmet
_jaqqqcetq,12,524,358,120,117,DHelmet
_jaqqqcetq,13,522,358,120,117,DHelmet
_jaqqqcetq,14,520,358,119,117,DHelmet
_jaqqqcetq,15,521,358,118,117,DHelmet
_jaqqqcetq,16,522,358,117,117,DHelmet
_jaqqqcetq,17,522,358,117,117,DHelmet
_jaqqqcetq,18,521,358,115,117,DHelmet
_jaqqqcetq,19,519,358,114,117,DHelmet
_jaqqqcetq,20,520,358,113,117,DHelmet
_jaqqqcetq,21,520,358,114,117,DHelmet
_jaqqqcetq,22,520,358,114,117,DHelmet
_jaqqqcetq,23,520,358,114,117,DHelmet
_jaqqqcetq,24,521,359,113,116,DHelmet
_jaqqqcetq,25,521,358,114,117,DHelmet
_jaqqqcetq,26,521,358,114,117,DHelmet
_jaqqqcetq,27,521,358,114,117,DHelmet
_jaqqqcetq,28,521,358,114,117,DHelmet
_jaqqqcetq,29,522,358,114,117,DHelmet
_jaqqqcetq,30,522,358,114,117,DHelmet
_jaqqqcetq,31,522,358,114,117,DHelmet
_jaqqqcetq,32,522,358,114,117,DHelmet
_jaqqqcetq,33,524,358,111,117,DHelmet
_jaqqqcetq,34,526,358,108,117,DHelmet
_jaqqqcetq,35,528,358,105,116,DHelmet
_jaqqqcetq,36,530,358,102,116,DHelmet
_jaqqqcetq,37,532,358,99,115,DHelmet
_jaqqqcetq,38,534,358,96,115,DHelmet
_jaqqqcetq,39,536,358,93,114,DHelmet
_jaqqqcetq,40,538,358,90,114,DHelmet
_jaqqqcetq,41,540,358,87,113,DHelmet
_jaqqqcetq,42,542,358,83,113,DHelmet
_jaqqqcetq,43,544,359,79,112,DHelmet
_jaqqqcetq,44,546,358,75,112,DHelmet
_jaqqqcetq,45,548,358,70,112,DHelmet
_jaqqqcetq,46,549,358,68,111,DHelmet
_jaqqqcetq,47,550,358,65,111,DHelmet
_jaqqqcetq,48,551,358,63,110,DHelmet
_jaqqqcetq,49,552,358,61,110,DHelmet
_jaqqqcetq,50,552,358,59,110,DHelmet
_jaqqqcetq,51,553,358,57,109,DHelmet
_jaqqqcetq,52,554,358,55,109,DHelmet
_jaqqqcetq,53,555,358,52,108,DHelmet
_jaqqqcetq,54,551,359,53,107,DHelmet
_jaqqqcetq,55,548,359,54,106,DHelmet
_jaqqqcetq,56,544,359,55,106,DHelmet
_jaqqqcetq,57,541,359,56,105,DHelmet
_jaqqqcetq,58,538,359,56,104,DHelmet
_jaqqqcetq,59,535,359,57,104,DHelmet
_jaqqqcetq,60,533,359,56,103,DHelmet
_jaqqqcetq,61,531,359,55,103,DHelmet
_jaqqqcetq,62,530,359,53,102,DHelmet
_jaqqqcetq,63,528,359,52,102,DHelmet
_jaqqqcetq,64,524,359,51,101,DHelmet
_jaqqqcetq,65,520,359,50,101,DHelmet
_jaqqqcetq,66,516,359,50,100,DHelmet
_jaqqqcetq,67,510,359,51,99,DHelmet
_jaqqqcetq,68,504,359,52,99,DHelmet
_jaqqqcetq,69,498,359,53,98,DHelmet
_jaqqqcetq,70,489,359,58,98,DHelmet
_jaqqqcetq,71,480,359,62,97,DHelmet
_jaqqqcetq,72,471,359,66,97,DHelmet
_jaqqqcetq,73,461,358,65,96,DHelmet
_jaqqqcetq,74,451,357,65,95,DHelmet
_jaqqqcetq,75,441,355,64,95,DHelmet
_jaqqqcetq,76,429,354,69,94,DHelmet
_jaqqqcetq,77,418,353,63,93,DHelmet
_jaqqqcetq,78,404,352,65,93,DHelmet
_jaqqqcetq,79,390,351,67,93,DHelmet
_jaqqqcetq,80,375,349,70,93,DHelmet
_jaqqqcetq,81,361,348,68,93,DHelmet
_jaqqqcetq,82,347,347,67,92,DHelmet
_jaqqqcetq,83,332,346,67,92,DHelmet
_jaqqqcetq,84,318,345,65,92,DHelmet
_jaqqqcetq,85,304,344,63,91,DHelmet
_jaqqqcetq,86,291,343,63,91,DHelmet
_jaqqqcetq,87,279,342,63,91,DHelmet
_jaqqqcetq,88,268,341,62,90,DHelmet
_jaqqqcetq,89,258,341,59,89,DHelmet
_jaqqqcetq,90,247,341,58,88,DHelmet
_jaqqqcetq,91,238,341,56,86,DHelmet
_jaqqqcetq,92,229,340,55,86,DHelmet
_jaqqqcetq,93,222,340,52,85,DHelmet
_jaqqqcetq,94,214,340,51,84,DHelmet
_jaqqqcetq,95,206,340,50,82,DHelmet
_jaqqqcetq,96,198,339,48,82,DHelmet
_jaqqqcetq,97,190,339,45,81,DHelmet
_jaqqqcetq,98,181,338,47,81,DHelmet
_jaqqqcetq,99,173,337,48,81,DHelmet
_jaqqqcetq,100,169,339,47,80,DHelmet
_7vic15sfc,22,1635,442,278,354,DHelmet
_7vic15sfc,23,1544,437,263,334,DHelmet
_7vic15sfc,24,1455,434,246,317,DHelmet
_7vic15sfc,25,1382,427,220,302,DHelmet
_7vic15sfc,26,1309,419,206,291,DHelmet
_7vic15sfc,27,1242,413,192,281,DHelmet
_7vic15sfc,28,1182,411,177,270,DHelmet
_7vic15sfc,29,1123,407,167,259,DHelmet
_7vic15sfc,30,1070,403,156,248,DHelmet
_7vic15sfc,31,1020,399,148,239,DHelmet
_7vic15sfc,32,974,395,139,231,DHelmet
_7vic15sfc,33,930,391,131,222,DHelmet
_7vic15sfc,34,887,388,125,217,DHelmet
_7vic15sfc,35,849,386,118,211,DHelmet
_7vic15sfc,36,811,383,112,206,DHelmet
_7vic15sfc,37,778,381,107,200,DHelmet
_7vic15sfc,38,745,379,103,194,DHelmet
_7vic15sfc,39,713,376,99,189,DHelmet
_7vic15sfc,40,685,374,94,183,DHelmet
_7vic15sfc,41,658,372,91,179,DHelmet
_7vic15sfc,42,632,370,88,175,DHelmet
_7vic15sfc,43,609,369,85,170,DHelmet
_7vic15sfc,44,587,367,82,166,DHelmet
_7vic15sfc,45,564,365,79,162,DHelmet
_7vic15sfc,46,545,364,75,158,DHelmet
_7vic15sfc,47,527,362,70,155,DHelmet
_7vic15sfc,48,508,360,70,151,DHelmet
_7vic15sfc,49,489,359,69,146,DHelmet
_7vic15sfc,50,474,358,68,143,DHelmet
_7vic15sfc,51,458,357,67,139,DHelmet
_7vic15sfc,52,442,357,66,134,DHelmet
_7vic15sfc,53,429,356,65,131,DHelmet
_7vic15sfc,54,416,355,63,129,DHelmet
_7vic15sfc,55,403,354,61,127,DHelmet
_7vic15sfc,56,390,353,59,125,DHelmet
_7vic15sfc,57,377,352,58,124,DHelmet
_7vic15sfc,58,366,351,58,122,DHelmet
_7vic15sfc,59,355,350,58,120,DHelmet
_7vic15sfc,60,345,349,57,118,DHelmet
_7vic15sfc,61,334,348,57,117,DHelmet
_7vic15sfc,62,324,347,57,115,DHelmet
_7vic15sfc,63,314,346,56,113,DHelmet
_7vic15sfc,64,305,345,56,111,DHelmet
_7vic15sfc,65,297,344,54,110,DHelmet
_7vic15sfc,66,288,343,53,108,DHelmet
_7vic15sfc,67,279,342,53,106,DHelmet
_7vic15sfc,68,270,341,52,104,DHelmet
_7vic15sfc,69,261,340,52,103,DHelmet
_7vic15sfc,70,253,339,51,102,DHelmet
_7vic15sfc,71,245,339,50,100,DHelmet
_7vic15sfc,72,237,339,50,99,DHelmet
_7vic15sfc,73,231,339,49,97,DHelmet
_7vic15sfc,74,225,338,48,96,DHelmet
_7vic15sfc,75,219,338,47,95,DHelmet
_7vic15sfc,76,213,338,46,93,DHelmet
_7vic15sfc,77,206,337,46,93,DHelmet
_7vic15sfc,78,200,337,45,91,DHelmet
_7vic15sfc,79,194,337,44,89,DHelmet
_7vic15sfc,80,188,337,43,88,DHelmet
_7vic15sfc,81,182,336,42,87,DHelmet
_7vic15sfc,82,176,336,41,86,DHelmet
_7vic15sfc,83,171,336,40,84,DHelmet
_7vic15sfc,84,165,335,40,83,DHelmet
_7vic15sfc,85,161,334,40,83,DHelmet
_7vic15sfc,86,157,333,41,83,DHelmet
_uplh4o09j,1,161,337,48,86,DNoHelmetP1Helmet
_uplh4o09j,2,154,336,48,85,DNoHelmetP1Helmet
_uplh4o09j,3,148,336,47,83,DNoHelmetP1Helmet
_uplh4o09j,4,141,335,46,83,DNoHelmetP1Helmet
_uplh4o09j,5,135,334,45,82,DNoHelmetP1Helmet
_uplh4o09j,6,128,333,45,81,DNoHelmetP1Helmet
_uplh4o09j,7,121,332,45,80,DNoHelmetP1Helmet
