track_id,frame_id,x,y,w,h,label
_j4c3iwo0p,1,665,403,167,186,DHelmetP1Helmet
_j4c3iwo0p,2,590,401,167,185,DHelmetP1Helmet
_j4c3iwo0p,3,515,398,167,185,DHelmetP1Helmet
_j4c3iwo0p,4,436,398,156,180,DHelmetP1Helmet
_j4c3iwo0p,5,375,398,146,175,DHelmetP1Helmet
_j4c3iwo0p,6,309,398,136,171,DHelmetP1Helmet
_j4c3iwo0p,7,249,398,131,167,DHelmetP1Helmet
_j4c3iwo0p,8,188,398,128,163,DHelmetP1Helmet
_j4c3iwo0p,9,132,396,125,161,DHelmetP1Helmet
_j4c3iwo0p,10,75,394,123,158,DHelmetP1Helmet
_j4c3iwo0p,11,20,394,123,155,DHelmetP1Helmet
_wurbntyy5,11,1069,402,121,159,DNoHelmet
_wurbntyy5,12,1010,400,114,156,DNoHelmet
_wurbntyy5,13,953,399,120,155,DNoHelmet
_wurbntyy5,14,893,399,133,153,DNoHelmet
_wurbntyy5,15,843,399,145,151,DNoHelmet
_wurbntyy5,16,786,397,146,151,DNoHelmet
_wurbntyy5,17,737,394,140,152,DNoHelmet
_wurbntyy5,18,686,400,137,144,DNoHelmet
_wurbntyy5,19,641,400,133,142,DNoHelmet
_wurbntyy5,20,596,400,130,141,DNoHelmet
_wurbntyy5,21,551,399,126,140,DNoHelmet
_wurbntyy5,22,506,399,122,138,DNoHelmet
_wurbntyy5,23,461,399,118,136,DNoHelmet
_wurbntyy5,24,421,398,115,134,DNoHelmet
_wurbntyy5,25,381,397,111,132,DNoHelmet
_wurbntyy5,26,342,397,111,130,DNoHelmet
_wurbntyy5,27,304,396,110,130,DNoHelmet
_wurbntyy5,28,265,396,110,128,DNoHelmet
_wurbntyy5,29,226,396,110,127,DNoHelmet
_wurbntyy5,30,207,396,93,125,DNoHelmet
_wurbntyy5,31,189,396,74,124,DNoHelmet
_tgnucgrpc,14,1742,418,178,185,DHelmet
_tgnucgrpc,15,1658,417,219,186,DHelmet
_tgnucgrpc,16,1575,416,212,181,DHelmet
_tgnucgrpc,17,1493,414,205,177,DHelmet
_tgnucgrpc,18,1418,414,197,173,DHelmet
_tgnucgrpc,19,1343,414,189,168,DHelmet
_tgnucgrpc,20,1270,414,181,164,DHelmet
_tgnucgrpc,21,1199,411,178,163,DHelmet
_tgnucgrpc,22,1128,409,175,161,DHelmet
_tgnucgrpc,23,1065,409,172,158,DHelmet
_tgnucgrpc,24,1001,408,168,157,DHelmet
_tgnucgrpc,25,937,407,165,155,DHelmet
_tgnucgrpc,26,873,407,162,152,DHelmet
_tgnucgrpc,27,810,406,158,151,DHelmet
_tgnucgrpc,28,746,405,154,149,DHelmet
_tgnucgrpc,29,703,405,151,147,DHelmet
_tgnucgrpc,30,659,405,149,145,DHelmet
_tgnucgrpc,31,616,405,145,142,DHelmet
_tgnucgrpc,32,573,404,142,141,DHelmet
_tgnucgrpc,33,530,404,138,139,DHelmet
_tgnucgrpc,34,487,404,135,137,DHelmet
_tgnucgrpc,35,444,404,131,135,DHelmet
_tgnucgrpc,36,401,404,128,133,DHelmet
_tgnucgrpc,37,360,403,125,131,DHelmet
_tgnucgrpc,38,319,402,121,129,DHelmet
_tgnucgrpc,39,278,402,118,127,DHelmet
_tgnucgrpc,40,238,401,115,125,DHelmet
_tgnucgrpc,41,199,400,112,123,DHelmet
_tgnucgrpc,42,163,400,108,121,DHelmet
_tgnucgrpc,43,127,400,105,119,DHelmet
_tgnucgrpc,44,91,400,102,117,DHelmet
_tgnucgrpc,45,55,400,99,115,DHelmet
_tgnucgrpc,46,27,398,91,116,DHelmet
_tgnucgrpc,47,0,396,82,118,DHelmet
_gdinbtfsc,34,1250,406,92,108,DHelmetP1Helmet
_gdinbtfsc,35,1154,405,131,163,DHelmetP1Helmet
_gdinbtfsc,36,1089,405,138,160,DHelmetP1Helmet
_gdinbtfsc,37,1023,404,144,158,DHelmetP1Helmet
_gdinbtfsc,38,962,404,149,155,DHelmetP1Helmet
_gdinbtfsc,39,901,403,153,154,DHelmetP1Helmet
_gdinbtfsc,40,844,404,149,150,DHelmetP1Helmet
_gdinbtfsc,41,790,402,143,149,DHelmetP1Helmet
_gdinbtfsc,42,735,401,139,147,DHelmetP1Helmet
_gdinbtfsc,43,686,400,133,145,DHelmetP1Helmet
_gdinbtfsc,44,637,401,128,143,DHelmetP1Helmet
_gdinbtfsc,45,591,398,123,142,DHelmetP1Helmet
_gdinbtfsc,46,545,398,121,140,DHelmetP1Helmet
_gdinbtfsc,47,499,398,118,139,DHelmetP1Helmet
_gdinbtfsc,48,457,398,115,137,DHelmetP1Helmet
_gdinbtfsc,49,415,398,112,136,DHelmetP1Helmet
_gdinbtfsc,50,372,398,110,134,DHelmetP1Helmet
_gdinbtfsc,51,334,398,107,132,DHelmetP1Helmet
_gdinbtfsc,52,296,398,105,129,DHelmetP1Helmet
_gdinbtfsc,53,257,398,104,127,DHelmetP1Helmet
_gdinbtfsc,54,219,398,102,124,DHelmetP1Helmet
_gdinbtfsc,55,181,398,100,122,DHelmetP1Helmet
_83toqqopj,45,1766,414,154,179,DHelmetP1Helmet
_83toqqopj,46,1673,397,226,199,DHelmetP1Helmet
_83toqqopj,47,1586,394,216,199,DHelmetP1Helmet
_83toqqopj,48,1500,392,210,196,DHelmetP1Helmet
_83toqqopj,49,1422,391,202,192,DHelmetP1Helmet
_83toqqopj,50,1341,390,196,191,DHelmetP1Helmet
_83toqqopj,51,1267,391,189,185,DHelmetP1Helmet
_83toqqopj,52,1191,391,183,181,DHelmetP1Helmet
_83toqqopj,53,1122,390,176,178,DHelmetP1Helmet
_83toqqopj,54,1057,392,169,174,DHelmetP1Helmet
_83toqqopj,55,993,392,165,171,DHelmetP1Helmet
_83toqqopj,56,928,392,161,167,DHelmetP1Helmet
_83toqqopj,57,866,392,157,164,DHelmetP1Helmet
_83toqqopj,58,807,393,152,161,DHelmetP1Helmet
_83toqqopj,59,747,394,148,158,DHelmetP1Helmet
_83toqqopj,60,694,393,144,156,DHelmetP1Helmet
_83toqqopj,61,640,392,140,153,DHelmetP1Helmet
_83toqqopj,62,587,392,136,150,DHelmetP1Helmet
_83toqqopj,63,536,393,132,147,DHelmetP1Helmet
_83toqqopj,64,486,395,127,143,DHelmetP1Helmet
_83toqqopj,65,438,393,127,143,DHelmetP1Helmet
_83toqqopj,66,390,391,128,143,DHelmetP1Helmet
_83toqqopj,67,341,388,128,143,DHelmetP1Helmet
_83toqqopj,68,292,385,128,142,DHelmetP1Helmet
_83toqqopj,69,260,386,115,140,DHelmetP1Helmet
_83toqqopj,70,229,387,102,137,DHelmetP1Helmet
_83toqqopj,71,197,388,90,134,DHelmetP1Helmet
_j0gas9vkv,59,1785,415,135,177,DHelmet
_j0gas9vkv,60,1686,411,206,182,DHelmet
_j0gas9vkv,61,1590,408,198,182,DHelmet
_j0gas9vkv,62,1497,407,194,179,DHelmet
_j0gas9vkv,63,1413,407,181,175,DHelmet
_j0gas9vkv,64,1347,406,159,171,DHelmet
_j0gas9vkv,65,1275,406,146,167,DHelmet
_j0gas9vkv,66,1208,405,133,164,DHelmet
_j0gas9vkv,67,1141,403,120,160,DHelmet
_dgnhey7dd,1,1377,424,339,316,DNoHelmet
_dgnhey7dd,2,1636,432,284,311,DNoHelmet
_sak2sw1vv,1,498,450,308,350,DHelmetP1Helmet
_sak2sw1vv,2,654,456,338,371,DHelmetP1Helmet
_sak2sw1vv,3,832,458,366,399,DHelmetP1Helmet
_sak2sw1vv,4,1023,464,413,419,DHelmetP1Helmet
_sak2sw1vv,5,1255,476,458,439,DHelmetP1Helmet
_sak2sw1vv,6,1513,482,407,464,DHelmetP1Helmet
_1n7jhnckf,1,259,498,396,437,DHelmetP1Helmet
_1n7jhnckf,2,417,502,432,460,DHelmetP1Helmet
_1n7jhnckf,3,596,509,469,484,DHelmetP1Helmet
_1n7jhnckf,4,790,515,519,511,DHelmetP1Helmet
_1n7jhnckf,5,1007,529,575,539,DHelmetP1Helmet
_1n7jhnckf,6,1249,532,650,548,DHelmetP1Helmet
_1n7jhnckf,7,1523,539,397,541,DHelmetP1Helmet
_1tab8eac6,1,83,423,165,244,DHelmet
_1tab8eac6,2,191,426,161,251,DHelmet
_1tab8eac6,3,298,428,169,259,DHelmet
_1tab8eac6,4,364,439,228,266,DHelmet
_1tab8eac6,5,465,438,209,271,DHelmet
_1tab8eac6,6,592,437,188,277,DHelmet
_1tab8eac6,7,727,439,167,288,DHelmet
_1tab8eac6,8,877,442,183,304,DHelmet
_1tab8eac6,9,1038,449,326,320,DHelmet
_1tab8eac6,10,1214,454,382,354,DHelmet
_1tab8eac6,11,1416,455,426,380,DHelmet
_1tab8eac6,12,1635,461,285,367,DHelmet
_x9lsqxdx9,1,0,434,170,267,DHelmetP1Helmet
_x9lsqxdx9,2,58,424,244,293,DHelmetP1Helmet
_x9lsqxdx9,3,187,424,258,307,DHelmetP1Helmet
_x9lsqxdx9,4,319,427,286,321,DHelmetP1Helmet
_x9lsqxdx9,5,474,434,303,329,DHelmetP1Helmet
_x9lsqxdx9,6,627,432,345,356,DHelmetP1Helmet
_x9lsqxdx9,7,815,435,375,374,DHelmetP1Helmet
_x9lsqxdx9,8,1032,441,404,393,DHelmetP1Helmet
_x9lsqxdx9,9,1266,450,455,416,DHelmetP1Helmet
_x9lsqxdx9,10,1537,452,383,432,DHelmetP1Helmet
_5y2k5p9uy,14,3,431,151,259,DHelmetP1Helmet
_5y2k5p9uy,15,50,434,191,267,DHelmetP1Helmet
_5y2k5p9uy,16,147,438,188,275,DHelmetP1Helmet
_5y2k5p9uy,17,221,442,217,287,DHelmetP1Helmet
_5y2k5p9uy,18,296,443,245,297,DHelmetP1Helmet
_5y2k5p9uy,19,389,446,231,307,DHelmetP1Helmet
_5y2k5p9uy,20,496,448,250,316,DHelmetP1Helmet
_5y2k5p9uy,21,648,451,271,325,DHelmetP1Helmet
_5y2k5p9uy,22,780,453,290,344,DHelmetP1Helmet
_5y2k5p9uy,23,895,461,337,355,DHelmetP1Helmet
_5y2k5p9uy,24,1020,472,384,363,DHelmetP1Helmet
_5y2k5p9uy,25,1168,472,431,373,DHelmetP1Helmet
_235db228u,16,0,481,345,419,DHelmetP1NoHelmetP2Helmet
_235db228u,17,141,489,367,437,DHelmetP1NoHelmetP2Helmet
_235db228u,18,292,493,399,464,DHelmetP1NoHelmetP2Helmet
_235db228u,19,459,503,435,484,DHelmetP1NoHelmetP2Helmet
_235db228u,20,648,512,477,516,DHelmetP1NoHelmetP2Helmet
_235db228u,21,849,518,538,551,DHelmetP1NoHelmetP2Helmet
_235db228u,22,1078,527,611,553,DHelmetP1NoHelmetP2Helmet
_235db228u,23,1334,536,586,544,DHelmetP1NoHelmetP2Helmet
_ynrdzknn9,17,0,440,236,352,DHelmetP1Helmet
_ynrdzknn9,18,51,440,293,366,DHelmetP1Helmet
_ynrdzknn9,19,161,443,317,386,DHelmetP1Helmet
_ynrdzknn9,20,284,447,330,402,DHelmetP1Helmet
_ynrdzknn9,21,416,450,359,424,DHelmetP1Helmet
_ynrdzknn9,22,561,452,386,446,DHelmetP1Helmet
_ynrdzknn9,23,723,461,416,465,DHelmetP1Helmet
_ynrdzknn9,24,898,469,457,485,DHelmetP1Helmet
_ynrdzknn9,25,1090,476,511,515,DHelmetP1Helmet
_ynrdzknn9,26,1299,473,570,552,DHelmetP1Helmet
_ynrdzknn9,27,1538,477,382,534,DHelmetP1Helmet
_ulcife5gk,19,0,427,166,261,DHelmet
_ulcife5gk,20,29,429,238,270,DHelmet
_ulcife5gk,21,133,431,238,279,DHelmet
_ulcife5gk,22,235,437,251,287,DHelmet
_ulcife5gk,23,342,437,264,297,DHelmet
_ulcife5gk,24,458,440,280,307,DHelmet
_ulcife5gk,25,579,443,296,316,DHelmet
_ulcife5gk,26,709,446,321,331,DHelmet
_ulcife5gk,27,849,449,346,346,DHelmet
_ulcife5gk,28,1002,453,374,361,DHelmet
_ulcife5gk,29,1167,458,408,376,DHelmet
_ulcife5gk,30,1358,463,437,392,DHelmet
_ulcife5gk,31,1543,466,377,389,DHelmet
_lfevqy3jg,24,0,518,301,468,DHelmet
_lfevqy3jg,25,60,527,428,494,DHelmet
_lfevqy3jg,26,226,536,467,523,DHelmet
_lfevqy3jg,27,412,545,518,535,DHelmet
_lfevqy3jg,28,622,556,578,524,DHelmet
_lfevqy3jg,29,856,567,650,513,DHelmet
_lfevqy3jg,30,1118,580,711,500,DHelmet
_lfevqy3jg,31,1425,599,495,481,DHelmet
_2q1rmza2o,26,154,455,219,301,DHelmet
_2q1rmza2o,27,270,458,225,312,DHelmet
_2q1rmza2o,28,390,461,245,325,DHelmet
_2q1rmza2o,29,525,464,266,339,DHelmet
_2q1rmza2o,30,672,469,288,358,DHelmet
_2q1rmza2o,31,833,474,311,377,DHelmet
_2q1rmza2o,32,1014,480,335,395,DHelmet
_2q1rmza2o,33,1204,487,374,417,DHelmet
_2q1rmza2o,34,1425,495,412,438,DHelmet
_2q1rmza2o,35,1674,498,246,412,DHelmet
_zgk74orjt,26,0,446,259,383,DHelmetP1Helmet
_zgk74orjt,27,66,449,317,399,DHelmetP1Helmet
_zgk74orjt,28,183,453,335,419,DHelmetP1Helmet
_zgk74orjt,29,303,455,357,441,DHelmetP1Helmet
_zgk74orjt,30,434,462,385,456,DHelmetP1Helmet
_zgk74orjt,31,576,470,421,477,DHelmetP1Helmet
_zgk74orjt,32,737,475,455,503,DHelmetP1Helmet
_zgk74orjt,33,912,480,501,532,DHelmetP1Helmet
_zgk74orjt,34,1106,484,558,567,DHelmetP1Helmet
_zgk74orjt,35,1322,492,598,588,DHelmetP1Helmet
_zgk74orjt,36,1564,499,356,581,DHelmetP1Helmet
_yvfze0j58,28,0,420,177,302,DHelmetP1Helmet
_yvfze0j58,29,31,431,273,302,DHelmetP1Helmet
_yvfze0j58,30,149,432,291,316,DHelmetP1Helmet
_yvfze0j58,31,283,432,306,330,DHelmetP1Helmet
_yvfze0j58,32,422,435,324,344,DHelmetP1Helmet
_yvfze0j58,33,575,437,345,354,DHelmetP1Helmet
_yvfze0j58,34,745,440,369,373,DHelmetP1Helmet
_yvfze0j58,35,918,443,405,392,DHelmetP1Helmet
_yvfze0j58,36,1114,447,443,412,DHelmetP1Helmet
_yvfze0j58,37,1337,452,482,431,DHelmetP1Helmet
_yvfze0j58,38,1576,457,344,421,DHelmetP1Helmet
_cyfy25uwv,31,0,479,269,384,DHelmetP1Helmet
_cyfy25uwv,32,69,481,334,402,DHelmetP1Helmet
_cyfy25uwv,33,190,486,359,420,DHelmetP1Helmet
_cyfy25uwv,34,323,493,383,435,DHelmetP1Helmet
_cyfy25uwv,35,465,499,417,457,DHelmetP1Helmet
_cyfy25uwv,36,625,506,453,480,DHelmetP1Helmet
_cyfy25uwv,37,795,513,503,503,DHelmetP1Helmet
_cyfy25uwv,38,986,520,554,539,DHelmetP1Helmet
_cyfy25uwv,39,1197,527,618,553,DHelmetP1Helmet
_cyfy25uwv,40,1431,533,489,547,DHelmetP1Helmet
_lggsnnizb,39,0,438,217,319,DHelmet
_lggsnnizb,40,63,441,291,332,DHelmet
_lggsnnizb,41,195,444,313,346,DHelmet
_lggsnnizb,42,337,447,334,361,DHelmet
_lggsnnizb,43,491,450,359,379,DHelmet
_lggsnnizb,44,661,452,388,399,DHelmet
_lggsnnizb,45,846,460,424,417,DHelmet
_lggsnnizb,46,1050,465,465,440,DHelmet
_lggsnnizb,47,1279,470,513,463,DHelmet
_lggsnnizb,48,1527,473,393,456,DHelmet
_g1cslw2fj,48,0,430,152,287,DHelmetP1Helmet
_g1cslw2fj,49,23,433,223,299,DHelmetP1Helmet
_g1cslw2fj,50,98,437,249,305,DHelmetP1Helmet
_g1cslw2fj,51,191,438,264,316,DHelmetP1Helmet
_g1cslw2fj,52,290,443,280,325,DHelmetP1Helmet
_g1cslw2fj,53,397,446,297,335,DHelmetP1Helmet
_g1cslw2fj,54,513,449,316,349,DHelmetP1Helmet
_g1cslw2fj,55,637,452,336,363,DHelmetP1Helmet
_g1cslw2fj,56,755,457,375,380,DHelmetP1Helmet
_g1cslw2fj,57,909,461,396,397,DHelmetP1Helmet
_g1cslw2fj,58,1077,468,416,413,DHelmetP1Helmet
_g1cslw2fj,59,1268,473,438,430,DHelmetP1Helmet
_g1cslw2fj,60,1416,475,504,455,DHelmetP1Helmet
_g1cslw2fj,61,1616,478,304,455,DHelmetP1Helmet
_b9fdn0u8p,52,0,490,210,436,DHelmet
_b9fdn0u8p,53,54,497,305,459,DHelmet
_b9fdn0u8p,54,129,506,392,480,DHelmet
_b9fdn0u8p,55,276,515,426,503,DHelmet
_b9fdn0u8p,56,437,525,470,527,DHelmet
_b9fdn0u8p,57,617,535,520,545,DHelmet
_b9fdn0u8p,58,812,540,586,540,DHelmet
_b9fdn0u8p,59,1031,545,668,535,DHelmet
_b9fdn0u8p,60,1285,560,635,520,DHelmet
_b9fdn0u8p,61,1569,578,351,502,DHelmet
_3c2epijda,55,1,420,147,256,DHelmetP1Helmet
_3c2epijda,56,46,420,212,265,DHelmetP1Helmet
_3c2epijda,57,151,423,225,276,DHelmetP1Helmet
_3c2epijda,58,272,425,238,288,DHelmetP1Helmet
_3c2epijda,59,401,426,251,299,DHelmetP1Helmet
_3c2epijda,60,529,428,279,312,DHelmetP1Helmet
_3c2epijda,61,669,433,308,326,DHelmetP1Helmet
_3c2epijda,62,833,432,336,345,DHelmetP1Helmet
_3c2epijda,63,1017,437,365,365,DHelmetP1Helmet
_3c2epijda,64,1211,440,411,385,DHelmetP1Helmet
_3c2epijda,65,1439,447,456,407,DHelmetP1Helmet
_3c2epijda,66,1693,452,227,406,DHelmetP1Helmet
_spm2284on,56,0,449,213,317,DHelmetP1Helmet
_spm2284on,57,41,450,281,332,DHelmetP1Helmet
_spm2284on,58,149,455,296,344,DHelmetP1Helmet
_spm2284on,59,257,458,320,361,DHelmetP1Helmet
_spm2284on,60,381,461,341,378,DHelmetP1Helmet
_spm2284on,61,514,467,371,400,DHelmetP1Helmet
_spm2284on,62,656,473,408,422,DHelmetP1Helmet
_spm2284on,63,814,479,451,441,DHelmetP1Helmet
_spm2284on,64,989,487,499,462,DHelmetP1Helmet
_spm2284on,65,1183,496,564,490,DHelmetP1Helmet
_spm2284on,66,1402,499,518,525,DHelmetP1Helmet
_spm2284on,67,1648,504,272,508,DHelmetP1Helmet
_7xrsj7e9s,63,3,444,163,306,DHelmet
_7xrsj7e9s,64,89,450,218,316,DHelmet
_7xrsj7e9s,65,218,447,245,336,DHelmet
_7xrsj7e9s,66,373,448,257,351,DHelmet
_7xrsj7e9s,67,547,452,268,367,DHelmet
_7xrsj7e9s,68,653,457,368,378,DHelmet
_7xrsj7e9s,69,838,463,269,374,DHelmet
_7xrsj7e9s,70,1049,465,363,410,DHelmet
_7xrsj7e9s,71,1279,470,457,447,DHelmet
_7xrsj7e9s,72,1540,476,380,447,DHelmet
_fhu3ikokh,64,0,480,207,351,DHelmet
_fhu3ikokh,65,0,480,320,348,DHelmet
_fhu3ikokh,66,128,487,390,388,DHelmet
_fhu3ikokh,67,238,491,298,367,DHelmet
_fhu3ikokh,68,356,500,348,411,DHelmet
_fhu3ikokh,69,484,499,393,442,DHelmet
_fhu3ikokh,70,627,515,424,449,DHelmet
_fhu3ikokh,71,781,521,463,476,DHelmet
_fhu3ikokh,72,944,525,513,506,DHelmet
_fhu3ikokh,73,1129,538,564,530,DHelmet
_fhu3ikokh,74,1330,547,590,533,DHelmet
_fhu3ikokh,75,1555,553,365,527,DHelmet
_jsgqskmik,65,0,530,402,494,DHelmetP1Helmet
_jsgqskmik,66,182,545,460,523,DHelmetP1Helmet
_jsgqskmik,67,396,555,521,524,DHelmetP1Helmet
_jsgqskmik,68,640,565,594,515,DHelmetP1Helmet
_jsgqskmik,69,912,575,668,505,DHelmetP1Helmet
_jsgqskmik,70,1230,599,669,481,DHelmetP1Helmet
_sbgm3s7kk,70,202,430,181,244,DHelmet
_sbgm3s7kk,71,296,429,180,252,DHelmet
_sbgm3s7kk,72,402,431,180,259,DHelmet
_sbgm3s7kk,73,516,433,179,267,DHelmet
_sbgm3s7kk,74,636,438,178,275,DHelmet
_sbgm3s7kk,75,764,439,211,287,DHelmet
_sbgm3s7kk,76,905,440,244,300,DHelmet
_sbgm3s7kk,77,1057,442,305,322,DHelmet
_sbgm3s7kk,78,1220,444,367,344,DHelmet
_sbgm3s7kk,79,1398,448,412,348,DHelmet
_sbgm3s7kk,80,1596,452,324,351,DHelmet
_93m24qglk,67,0,437,166,294,DHelmetP1Helmet
_93m24qglk,68,4,440,275,307,DHelmetP1Helmet
_93m24qglk,69,130,443,269,319,DHelmetP1Helmet
_93m24qglk,70,242,446,286,330,DHelmetP1Helmet
_93m24qglk,71,360,449,304,340,DHelmetP1Helmet
_93m24qglk,72,489,453,325,358,DHelmetP1Helmet
_93m24qglk,73,628,457,345,376,DHelmetP1Helmet
_93m24qglk,74,774,462,371,393,DHelmetP1Helmet
_93m24qglk,75,933,466,406,411,DHelmetP1Helmet
_93m24qglk,76,1104,475,445,429,DHelmetP1Helmet
_93m24qglk,77,1287,484,497,448,DHelmetP1Helmet
_93m24qglk,78,1495,486,425,467,DHelmetP1Helmet
_mrq2czuv8,79,0,444,279,345,DHelmetP1Helmet
_mrq2czuv8,80,129,447,311,359,DHelmetP1Helmet
_mrq2czuv8,81,280,450,339,376,DHelmetP1Helmet
_mrq2czuv8,82,443,453,368,393,DHelmetP1Helmet
_mrq2czuv8,83,635,460,391,411,DHelmetP1Helmet
_mrq2czuv8,84,830,469,433,430,DHelmetP1Helmet
_mrq2czuv8,85,1047,477,484,449,DHelmetP1Helmet
_mrq2czuv8,86,1290,481,538,478,DHelmetP1Helmet
_mrq2czuv8,87,1563,476,357,474,DHelmetP1Helmet
_ylvyvlhg8,80,0,516,285,456,DHelmet
_ylvyvlhg8,81,47,520,380,481,DHelmet
_ylvyvlhg8,82,159,532,412,493,DHelmet
_ylvyvlhg8,83,291,539,446,520,DHelmet
_ylvyvlhg8,84,434,547,476,533,DHelmet
_ylvyvlhg8,85,583,554,526,526,DHelmet
_ylvyvlhg8,86,747,561,582,519,DHelmet
_ylvyvlhg8,87,930,568,638,512,DHelmet
_ylvyvlhg8,88,1132,584,685,496,DHelmet
_ylvyvlhg8,89,1356,593,564,487,DHelmet
_4hr7ylk4j,94,0,435,138,233,DHelmetP1Helmet
_4hr7ylk4j,95,12,423,228,259,DHelmetP1Helmet
_4hr7ylk4j,96,140,425,206,257,DHelmetP1Helmet
_4hr7ylk4j,97,242,427,222,272,DHelmetP1Helmet
_4hr7ylk4j,98,352,429,238,288,DHelmetP1Helmet
_4hr7ylk4j,99,468,431,254,303,DHelmetP1Helmet
_4hr7ylk4j,100,596,434,270,317,DHelmetP1Helmet
_e5og3ibzr,96,0,461,164,289,DHelmet
_e5og3ibzr,97,52,461,207,303,DHelmet
_e5og3ibzr,98,110,461,251,318,DHelmet
_e5og3ibzr,99,207,465,262,328,DHelmet
_e5og3ibzr,100,309,469,274,339,DHelmet
_0dwe0t2pk,99,0,463,301,382,DHelmetP1Helmet
_0dwe0t2pk,100,104,464,335,402,DHelmetP1Helmet
_2agcmj90l,95,0,509,281,431,DHelmet
_2agcmj90l,96,74,515,363,454,DHelmet
_2agcmj90l,97,213,527,399,472,DHelmet
_2agcmj90l,98,365,532,440,499,DHelmet
_2agcmj90l,99,541,542,482,528,DHelmet
_2agcmj90l,100,729,550,541,530,DHelmet
