track_id,frame_id,x,y,w,h,label
_m0jmelumj,1,481,554,388,526,DHelmet
_m0jmelumj,2,489,554,380,526,DHelmet
_m0jmelumj,3,514,554,346,526,DHelmet
_m0jmelumj,4,555,554,304,526,DHelmet
_m0jmelumj,5,562,554,297,526,DHelmet
_m0jmelumj,6,562,552,299,528,DHelmet
_m0jmelumj,7,562,550,302,530,DHelmet
_m0jmelumj,8,561,550,300,530,DHelmet
_m0jmelumj,9,560,550,298,530,DHelmet
_m0jmelumj,10,559,550,296,530,DHelmet
_m0jmelumj,11,559,552,296,528,DHelmet
_m0jmelumj,12,559,553,296,527,DHelmet
_m0jmelumj,13,559,555,296,525,DHelmet
_m0jmelumj,14,555,550,300,530,DHelmet
_m0jmelumj,15,551,546,304,534,DHelmet
_m0jmelumj,16,551,532,297,548,DHelmet
_m0jmelumj,17,551,518,292,562,DHelmet
_m0jmelumj,18,551,503,292,577,DHelmet
_m0jmelumj,19,551,495,299,585,DHelmet
_m0jmelumj,20,564,492,290,588,DHelmet
_m0jmelumj,21,564,487,290,593,DHelmet
_m0jmelumj,22,564,485,290,595,DHelmet
_m0jmelumj,23,564,483,290,597,DHelmet
_m0jmelumj,24,556,483,298,597,DHelmet
_m0jmelumj,25,549,483,305,597,DHelmet
_m0jmelumj,26,535,480,319,600,DHelmet
_m0jmelumj,27,539,481,315,599,DHelmet
_m0jmelumj,28,554,489,300,591,DHelmet
_m0jmelumj,29,565,501,289,579,DHelmet
_m0jmelumj,30,565,510,289,570,DHelmet
_m0jmelumj,31,565,517,289,563,DHelmet
_m0jmelumj,32,565,534,289,546,DHelmet
_m0jmelumj,33,565,557,304,523,DHelmet
_m0jmelumj,34,565,578,289,502,DHelmet
_m0jmelumj,35,565,595,289,485,DHelmet
_m0jmelumj,36,565,600,293,480,DHelmet
_m0jmelumj,37,565,597,293,483,DHelmet
_m0jmelumj,38,565,593,293,487,DHelmet
_m0jmelumj,39,565,577,288,503,DHelmet
_m0jmelumj,40,565,558,289,522,DHelmet
_m0jmelumj,41,565,544,291,536,DHelmet
_m0jmelumj,42,565,529,290,551,DHelmet
_m0jmelumj,43,565,521,293,559,DHelmet
_m0jmelumj,44,565,519,294,561,DHelmet
_m0jmelumj,45,565,517,296,563,DHelmet
_m0jmelumj,46,565,515,297,565,DHelmet
_m0jmelumj,47,565,515,302,565,DHelmet
_m0jmelumj,48,565,508,302,572,DHelmet
_m0jmelumj,49,565,508,312,572,DHelmet
_m0jmelumj,50,565,501,312,579,DHelmet
_m0jmelumj,51,565,497,312,583,DHelmet
_m0jmelumj,52,565,494,312,586,DHelmet
_m0jmelumj,53,565,492,312,588,DHelmet
_m0jmelumj,54,565,492,310,588,DHelmet
_m0jmelumj,55,565,492,308,588,DHelmet
_m0jmelumj,56,565,492,306,588,DHelmet
_m0jmelumj,57,565,490,300,590,DHelmet
_m0jmelumj,58,565,488,300,592,DHelmet
_m0jmelumj,59,565,486,299,594,DHelmet
_m0jmelumj,60,565,484,298,596,DHelmet
_m0jmelumj,61,565,483,298,597,DHelmet
_m0jmelumj,62,565,481,298,599,DHelmet
_m0jmelumj,63,565,480,298,600,DHelmet
_m0jmelumj,64,565,478,298,602,DHelmet
_m0jmelumj,65,565,477,298,603,DHelmet
_m0jmelumj,66,565,476,298,604,DHelmet
_m0jmelumj,67,565,474,298,606,DHelmet
_m0jmelumj,68,565,473,298,607,DHelmet
_m0jmelumj,69,565,473,298,607,DHelmet
_m0jmelumj,70,565,473,298,607,DHelmet
_m0jmelumj,71,565,473,298,607,DHelmet
_m0jmelumj,72,565,473,298,607,DHelmet
_m0jmelumj,73,565,473,298,607,DHelmet
_m0jmelumj,74,565,472,298,608,DHelmet
_m0jmelumj,75,565,472,298,608,DHelmet
_m0jmelumj,76,565,472,298,608,DHelmet
_m0jmelumj,77,565,472,298,608,DHelmet
_m0jmelumj,78,565,472,298,608,DHelmet
_m0jmelumj,79,565,472,298,608,DHelmet
_m0jmelumj,80,565,475,298,605,DHelmet
_m0jmelumj,81,565,496,308,584,DHelmet
_m0jmelumj,82,565,519,329,561,DHelmet
_m0jmelumj,83,565,524,308,556,DHelmet
_m0jmelumj,84,565,524,289,556,DHelmet
_m0jmelumj,85,560,538,290,542,DHelmet
_m0jmelumj,86,560,557,290,523,DHelmet
_m0jmelumj,87,558,562,282,518,DHelmet
_m0jmelumj,88,530,561,302,519,DHelmet
_m0jmelumj,89,502,556,334,524,DHelmet
_m0jmelumj,90,478,550,363,530,DHelmet
_m0jmelumj,91,463,547,384,533,DHelmet
_m0jmelumj,92,473,547,374,533,DHelmet
_m0jmelumj,93,491,544,351,536,DHelmet
_m0jmelumj,94,509,548,327,532,DHelmet
_m0jmelumj,95,524,548,301,532,DHelmet
_m0jmelumj,96,533,548,292,532,DHelmet
_m0jmelumj,97,534,550,292,530,DHelmet
_m0jmelumj,98,522,551,306,529,DHelmet
_m0jmelumj,99,502,551,329,529,DHelmet
_m0jmelumj,100,507,551,332,529,DHelmet
_3hlpxda20,1,148,548,222,339,DHelmetP1Helmet
_3hlpxda20,2,148,548,221,339,DHelmetP1Helmet
_3hlpxda20,3,148,548,221,340,DHelmetP1Helmet
_3hlpxda20,4,147,548,221,340,DHelmetP1Helmet
_3hlpxda20,5,147,548,221,341,DHelmetP1Helmet
_3hlpxda20,6,146,548,222,341,DHelmetP1Helmet
_3hlpxda20,7,146,548,221,342,DHelmetP1Helmet
_3hlpxda20,8,145,548,222,342,DHelmetP1Helmet
_3hlpxda20,9,145,548,221,343,DHelmetP1Helmet
_3hlpxda20,10,143,549,221,344,DHelmetP1Helmet
_3hlpxda20,11,141,549,221,346,DHelmetP1Helmet
_3hlpxda20,12,138,550,222,347,DHelmetP1Helmet
_3hlpxda20,13,136,550,222,349,DHelmetP1Helmet
_3hlpxda20,14,134,551,222,349,DHelmetP1Helmet
_3hlpxda20,15,132,551,222,351,DHelmetP1Helmet
_3hlpxda20,16,130,552,222,352,DHelmetP1Helmet
_3hlpxda20,17,126,552,224,356,DHelmetP1Helmet
_3hlpxda20,18,122,552,226,360,DHelmetP1Helmet
_3hlpxda20,19,117,554,227,361,DHelmetP1Helmet
_3hlpxda20,20,112,557,229,360,DHelmetP1Helmet
_3hlpxda20,21,112,557,225,365,DHelmetP1Helmet
_3hlpxda20,22,112,557,221,370,DHelmetP1Helmet
_3hlpxda20,23,116,557,215,375,DHelmetP1Helmet
_3hlpxda20,24,121,557,208,380,DHelmetP1Helmet
_3hlpxda20,25,127,559,202,384,DHelmetP1Helmet
_3hlpxda20,26,133,561,196,388,DHelmetP1Helmet
_3hlpxda20,27,138,562,191,390,DHelmetP1Helmet
_3hlpxda20,28,144,564,185,391,DHelmetP1Helmet
_3hlpxda20,29,141,565,188,395,DHelmetP1Helmet
_3hlpxda20,30,138,566,191,400,DHelmetP1Helmet
_3hlpxda20,31,131,567,206,407,DHelmetP1Helmet
_3hlpxda20,32,124,568,220,413,DHelmetP1Helmet
_3hlpxda20,33,117,571,232,420,DHelmetP1Helmet
_3hlpxda20,34,110,574,244,426,DHelmetP1Helmet
_3hlpxda20,35,100,577,258,436,DHelmetP1Helmet
_3hlpxda20,36,89,577,271,447,DHelmetP1Helmet
_3hlpxda20,37,77,577,280,458,DHelmetP1Helmet
_3hlpxda20,38,66,577,288,469,DHelmetP1Helmet
_3hlpxda20,39,58,580,287,481,DHelmetP1Helmet
_3hlpxda20,40,50,583,286,493,DHelmetP1Helmet
_3hlpxda20,41,46,583,280,497,DHelmetP1Helmet
_3hlpxda20,42,44,586,275,494,DHelmetP1Helmet
_3hlpxda20,43,44,593,269,487,DHelmetP1Helmet
_3hlpxda20,44,46,595,269,485,DHelmetP1Helmet
_3hlpxda20,45,49,598,267,482,DHelmetP1Helmet
_3hlpxda20,46,61,604,261,476,DHelmetP1Helmet
_3hlpxda20,47,73,610,255,470,DHelmetP1Helmet
_3hlpxda20,48,93,613,255,467,DHelmetP1Helmet
_3hlpxda20,49,102,617,267,463,DHelmetP1Helmet
_3hlpxda20,50,115,623,282,457,DHelmetP1Helmet
_3hlpxda20,51,125,630,306,450,DHelmetP1Helmet
_3hlpxda20,52,141,635,321,445,DHelmetP1Helmet
_3hlpxda20,53,159,638,333,442,DHelmetP1Helmet
_3hlpxda20,54,181,647,344,433,DHelmetP1Helmet
_3hlpxda20,55,207,651,356,429,DHelmetP1Helmet
_3hlpxda20,56,237,660,358,420,DHelmetP1Helmet
_3hlpxda20,57,262,669,382,411,DHelmetP1Helmet
_3hlpxda20,58,298,677,398,403,DHelmetP1Helmet
_3hlpxda20,59,334,687,432,393,DHelmetP1Helmet
_3hlpxda20,60,373,697,462,383,DHelmetP1Helmet
_vpk4egojo,1,269,516,106,247,DHelmet
_vpk4egojo,2,282,520,112,255,DHelmet
_vpk4egojo,3,302,522,112,264,DHelmet
_vpk4egojo,4,318,524,117,272,DHelmet
_vpk4egojo,5,339,527,122,280,DHelmet
_vpk4egojo,6,350,532,135,288,DHelmet
_vpk4egojo,7,370,531,144,303,DHelmet
_vpk4egojo,8,394,537,154,311,DHelmet
_vpk4egojo,9,421,542,158,322,DHelmet
_vpk4egojo,10,449,546,164,334,DHelmet
_vpk4egojo,11,480,550,178,340,DHelmet
_vpk4egojo,12,513,553,201,354,DHelmet
_vpk4egojo,13,552,555,207,362,DHelmet
_vpk4egojo,14,584,561,217,400,DHelmet
_vpk4egojo,15,638,551,224,437,DHelmet
_vpk4egojo,16,675,572,252,440,DHelmet
_vpk4egojo,17,727,576,268,466,DHelmet
_vpk4egojo,18,792,586,276,490,DHelmet
_vpk4egojo,19,846,591,295,489,DHelmet
_vpk4egojo,20,903,595,319,485,DHelmet
_vpk4egojo,21,963,609,338,471,DHelmet
_vpk4egojo,22,1029,621,338,459,DHelmet
_vpk4egojo,23,1096,631,353,449,DHelmet
_vpk4egojo,24,1170,645,380,435,DHelmet
_vpk4egojo,25,1248,661,384,419,DHelmet
_vpk4egojo,26,1331,676,410,404,DHelmet
_vpk4egojo,27,1422,695,457,385,DHelmet
_acao6cjyz,1,511,510,160,297,DHelmetP1Helmet
_acao6cjyz,2,533,512,171,318,DHelmetP1Helmet
_acao6cjyz,3,558,511,176,336,DHelmetP1Helmet
_acao6cjyz,4,585,512,185,349,DHelmetP1Helmet
_acao6cjyz,5,611,516,185,350,DHelmetP1Helmet
_acao6cjyz,6,632,519,191,352,DHelmetP1Helmet
_acao6cjyz,7,656,521,207,359,DHelmetP1Helmet
_acao6cjyz,8,693,521,210,372,DHelmetP1Helmet
_acao6cjyz,9,724,526,222,385,DHelmetP1Helmet
_acao6cjyz,10,769,527,222,398,DHelmetP1Helmet
_acao6cjyz,11,805,529,236,413,DHelmetP1Helmet
_acao6cjyz,12,844,533,250,426,DHelmetP1Helmet
_acao6cjyz,13,887,538,267,442,DHelmetP1Helmet
_acao6cjyz,14,931,542,289,457,DHelmetP1Helmet
_acao6cjyz,15,979,542,313,478,DHelmetP1Helmet
_acao6cjyz,16,1031,545,335,495,DHelmetP1Helmet
_acao6cjyz,17,1087,548,363,520,DHelmetP1Helmet
_acao6cjyz,18,1147,555,388,525,DHelmetP1Helmet
_acao6cjyz,19,1212,557,417,523,DHelmetP1Helmet
_acao6cjyz,20,1283,559,450,521,DHelmetP1Helmet
_acao6cjyz,21,1358,567,487,513,DHelmetP1Helmet
_acao6cjyz,22,1440,578,480,502,DHelmetP1Helmet
_acao6cjyz,23,1531,581,389,499,DHelmetP1Helmet
_1hvmagj8n,1,104,482,87,196,DHelmetP1Helmet
_1hvmagj8n,2,110,483,88,199,DHelmetP1Helmet
_1hvmagj8n,3,116,485,90,201,DHelmetP1Helmet
_1hvmagj8n,4,122,486,91,204,DHelmetP1Helmet
_1hvmagj8n,5,128,487,93,207,DHelmetP1Helmet
_1hvmagj8n,6,134,488,95,210,DHelmetP1Helmet
_1hvmagj8n,7,145,489,99,216,DHelmetP1Helmet
_1hvmagj8n,8,156,489,103,223,DHelmetP1Helmet
_1hvmagj8n,9,167,490,108,230,DHelmetP1Helmet
_1hvmagj8n,10,179,491,111,236,DHelmetP1Helmet
_1hvmagj8n,11,192,492,113,242,DHelmetP1Helmet
_1hvmagj8n,12,205,493,116,248,DHelmetP1Helmet
_1hvmagj8n,13,218,494,118,254,DHelmetP1Helmet
_1hvmagj8n,14,233,495,122,261,DHelmetP1Helmet
_1hvmagj8n,15,249,496,125,268,DHelmetP1Helmet
_1hvmagj8n,16,264,498,129,274,DHelmetP1Helmet
_1hvmagj8n,17,283,499,132,280,DHelmetP1Helmet
_1hvmagj8n,18,301,501,135,286,DHelmetP1Helmet
_1hvmagj8n,19,319,502,139,293,DHelmetP1Helmet
_1hvmagj8n,20,339,505,144,301,DHelmetP1Helmet
_1hvmagj8n,21,359,509,148,308,DHelmetP1Helmet
_1hvmagj8n,22,381,510,153,317,DHelmetP1Helmet
_1hvmagj8n,23,404,511,157,326,DHelmetP1Helmet
_1hvmagj8n,24,432,514,170,336,DHelmetP1Helmet
_1hvmagj8n,25,460,515,173,354,DHelmetP1Helmet
_1hvmagj8n,26,492,516,184,368,DHelmetP1Helmet
_1hvmagj8n,27,522,519,200,379,DHelmetP1Helmet
_1hvmagj8n,28,561,521,207,391,DHelmetP1Helmet
_1hvmagj8n,29,600,523,213,403,DHelmetP1Helmet
_1hvmagj8n,30,639,525,220,415,DHelmetP1Helmet
_1hvmagj8n,31,674,532,240,427,DHelmetP1Helmet
_1hvmagj8n,32,708,539,261,439,DHelmetP1Helmet
_1hvmagj8n,33,755,542,273,460,DHelmetP1Helmet
_1hvmagj8n,34,802,546,286,480,DHelmetP1Helmet
_1hvmagj8n,35,853,551,297,502,DHelmetP1Helmet
_1hvmagj8n,36,899,557,316,523,DHelmetP1Helmet
_1hvmagj8n,37,951,564,334,516,DHelmetP1Helmet
_1hvmagj8n,38,1006,570,348,510,DHelmetP1Helmet
_1hvmagj8n,39,1063,576,359,504,DHelmetP1Helmet
_1hvmagj8n,40,1126,589,361,491,DHelmetP1Helmet
_1hvmagj8n,41,1189,600,376,480,DHelmetP1Helmet
_1hvmagj8n,42,1257,613,399,467,DHelmetP1Helmet
_1hvmagj8n,43,1330,628,421,452,DHelmetP1Helmet
_1hvmagj8n,44,1408,642,460,438,DHelmetP1Helmet
_ezo2l389c,23,0,507,172,232,DHelmet
_ezo2l389c,24,4,507,184,236,DHelmet
_ezo2l389c,25,2,507,195,236,DHelmet
_ezo2l389c,26,3,507,194,234,DHelmet
_ezo2l389c,27,3,507,194,232,DHelmet
_ezo2l389c,28,22,508,176,229,DHelmet
_ezo2l389c,29,34,507,176,229,DHelmet
_ezo2l389c,30,40,503,174,229,DHelmet
_ezo2l389c,31,57,500,161,229,DHelmet
_ezo2l389c,32,78,500,142,223,DHelmet
_ezo2l389c,33,99,501,124,216,DHelmet
_ezo2l389c,34,103,499,117,210,DHelmet
_ezo2l389c,35,107,498,111,203,DHelmet
_ezo2l389c,36,104,497,111,203,DHelmet
_ezo2l389c,37,102,496,110,203,DHelmet
_ezo2l389c,38,100,495,109,203,DHelmet
_ezo2l389c,39,98,494,108,203,DHelmet
_ezo2l389c,40,96,493,107,203,DHelmet
_ezo2l389c,41,94,492,107,203,DHelmet
_ezo2l389c,42,92,491,106,203,DHelmet
_ezo2l389c,43,87,490,104,200,DHelmet
_ezo2l389c,44,83,489,101,197,DHelmet
_ezo2l389c,45,78,488,98,194,DHelmet
_ezo2l389c,46,73,487,96,191,DHelmet
_ezo2l389c,47,72,487,94,188,DHelmet
_ezo2l389c,48,71,487,92,185,DHelmet
_ezo2l389c,49,71,487,89,182,DHelmet
_ezo2l389c,50,70,487,87,179,DHelmet
_ezo2l389c,51,69,487,85,176,DHelmet
_ezo2l389c,52,67,486,84,175,DHelmet
_ezo2l389c,53,65,486,83,173,DHelmet
_ezo2l389c,54,63,485,83,172,DHelmet
_ezo2l389c,55,61,485,82,170,DHelmet
_ezo2l389c,56,59,485,82,167,DHelmet
_ezo2l389c,57,57,484,81,166,DHelmet
_ezo2l389c,58,55,484,80,164,DHelmet
_ezo2l389c,59,53,483,80,163,DHelmet
_ezo2l389c,60,50,483,80,161,DHelmet
_ezo2l389c,61,48,482,79,160,DHelmet
_ezo2l389c,62,46,481,78,160,DHelmet
_ezo2l389c,63,44,481,77,158,DHelmet
_ezo2l389c,64,42,480,77,157,DHelmet
_ezo2l389c,65,40,480,76,155,DHelmet
_ezo2l389c,66,38,479,75,154,DHelmet
_ezo2l389c,67,36,478,74,153,DHelmet
_ezo2l389c,68,33,478,74,151,DHelmet
_ezo2l389c,69,31,477,73,150,DHelmet
_ezo2l389c,70,29,476,72,149,DHelmet
_ezo2l389c,71,27,476,72,147,DHelmet
_ezo2l389c,72,26,476,70,145,DHelmet
_ezo2l389c,73,25,476,68,143,DHelmet
_ezo2l389c,74,24,476,67,141,DHelmet
_ezo2l389c,75,23,476,65,139,DHelmet
_ezo2l389c,76,22,476,66,136,DHelmet
_ezo2l389c,77,21,476,67,134,DHelmet
_ezo2l389c,78,20,476,67,132,DHelmet
_kak8nfsej,4,512,501,97,191,DHelmet
_kak8nfsej,5,487,500,94,187,DHelmet
_kak8nfsej,6,465,498,91,183,DHelmet
_kak8nfsej,7,442,497,89,178,DHelmet
_kak8nfsej,8,420,495,86,174,DHelmet
_kak8nfsej,9,401,493,82,170,DHelmet
_kak8nfsej,10,381,492,80,165,DHelmet
_kak8nfsej,11,366,491,76,160,DHelmet
_kak8nfsej,12,350,489,73,157,DHelmet
_kak8nfsej,13,334,488,71,152,DHelmet
_kak8nfsej,14,321,488,69,148,DHelmet
_kak8nfsej,15,308,487,68,146,DHelmet
_kak8nfsej,16,295,487,66,142,DHelmet
_kak8nfsej,17,282,486,65,139,DHelmet
_kak8nfsej,18,269,486,63,135,DHelmet
_kak8nfsej,19,257,485,61,133,DHelmet
_kak8nfsej,20,244,484,60,130,DHelmet
_n138zulx6,1,765,507,112,193,DHelmet
_n138zulx6,2,734,505,109,188,DHelmet
_n138zulx6,3,703,503,107,184,DHelmet
_n138zulx6,4,680,501,103,180,DHelmet
_n138zulx6,5,657,500,100,175,DHelmet
_n138zulx6,6,633,499,98,171,DHelmet
_n138zulx6,7,610,498,94,166,DHelmet
_n138zulx6,8,588,497,92,161,DHelmet
_n138zulx6,9,567,495,88,157,DHelmet
_n138zulx6,10,545,495,87,152,DHelmet
_n138zulx6,11,523,494,86,148,DHelmet
_n138zulx6,12,505,493,80,145,DHelmet
_n138zulx6,13,488,493,74,140,DHelmet
_n138zulx6,14,473,492,72,140,DHelmet
_n138zulx6,15,459,490,70,141,DHelmet
_n138zulx6,16,445,489,67,142,DHelmet
_n138zulx6,17,430,488,65,142,DHelmet
_n138zulx6,18,414,489,64,139,DHelmet
_n138zulx6,19,397,489,63,136,DHelmet
_n138zulx6,20,384,488,61,133,DHelmet
_n138zulx6,21,371,487,60,130,DHelmet
_n138zulx6,22,358,485,58,128,DHelmet
_n138zulx6,23,344,484,58,126,DHelmet
_n138zulx6,24,331,484,55,123,DHelmet
_n138zulx6,25,317,483,53,121,DHelmet
_n138zulx6,26,303,482,51,119,DHelmet
_32k39upsj,1,870,509,142,238,DHelmet
_32k39upsj,2,827,507,134,230,DHelmet
_32k39upsj,3,790,508,126,222,DHelmet
_32k39upsj,4,755,505,121,216,DHelmet
_32k39upsj,5,719,502,118,210,DHelmet
_32k39upsj,6,687,501,113,205,DHelmet
_32k39upsj,7,656,500,107,201,DHelmet
_32k39upsj,8,624,499,102,196,DHelmet
_32k39upsj,9,592,498,97,191,DHelmet
_32k39upsj,10,566,496,93,186,DHelmet
_32k39upsj,11,539,495,91,181,DHelmet
_32k39upsj,12,512,493,88,176,DHelmet
_32k39upsj,13,489,493,85,171,DHelmet
_32k39upsj,14,467,491,82,166,DHelmet
_32k39upsj,15,447,490,80,163,DHelmet
_32k39upsj,16,427,489,79,160,DHelmet
_32k39upsj,17,407,488,77,157,DHelmet
_32k39upsj,18,387,487,75,154,DHelmet
_32k39upsj,19,367,486,73,151,DHelmet
_32k39upsj,20,349,485,71,148,DHelmet
_32k39upsj,21,330,484,70,145,DHelmet
_32k39upsj,22,312,483,68,142,DHelmet
_32k39upsj,23,297,482,66,140,DHelmet
_32k39upsj,24,282,481,64,137,DHelmet
_32k39upsj,25,267,481,63,133,DHelmet
_32k39upsj,26,253,480,60,131,DHelmet
_zgvp1mayi,1,1100,537,218,291,DHelmet
_zgvp1mayi,2,1049,533,205,280,DHelmet
_zgvp1mayi,3,1004,529,190,270,DHelmet
_zgvp1mayi,4,962,526,180,262,DHelmet
_zgvp1mayi,5,920,523,170,254,DHelmet
_zgvp1mayi,6,883,520,160,247,DHelmet
_zgvp1mayi,7,850,519,150,239,DHelmet
_zgvp1mayi,8,813,515,148,236,DHelmet
_zgvp1mayi,9,781,514,141,229,DHelmet
_zgvp1mayi,10,749,512,143,223,DHelmet
_zgvp1mayi,11,722,511,135,216,DHelmet
_zgvp1mayi,12,694,509,128,210,DHelmet
_zgvp1mayi,13,666,508,124,204,DHelmet
_zgvp1mayi,14,638,506,120,198,DHelmet
_zgvp1mayi,15,611,505,114,191,DHelmet
_zgvp1mayi,16,583,503,110,185,DHelmet
_zgvp1mayi,17,563,501,105,179,DHelmet
_zgvp1mayi,18,542,499,101,172,DHelmet
_zgvp1mayi,19,527,498,95,167,DHelmet
_zgvp1mayi,20,509,497,93,162,DHelmet
_zgvp1mayi,21,490,496,89,161,DHelmet
_zgvp1mayi,22,470,495,85,160,DHelmet
_zgvp1mayi,23,453,495,84,157,DHelmet
_zgvp1mayi,24,437,495,81,154,DHelmet
_zgvp1mayi,25,420,494,79,151,DHelmet
_zgvp1mayi,26,403,494,78,148,DHelmet
_zgvp1mayi,27,383,491,82,148,DHelmet
_zgvp1mayi,28,363,489,86,147,DHelmet
_zgvp1mayi,29,351,489,85,144,DHelmet
_zgvp1mayi,30,339,489,84,142,DHelmet
_zgvp1mayi,31,327,489,83,139,DHelmet
_zgvp1mayi,32,315,489,82,136,DHelmet
_zgvp1mayi,33,304,489,80,133,DHelmet
_zgvp1mayi,34,292,489,79,131,DHelmet
_zgvp1mayi,35,283,488,76,128,DHelmet
_zgvp1mayi,36,274,487,73,126,DHelmet
_zgvp1mayi,37,265,487,70,123,DHelmet
_m5mipl1gn,1,1368,555,301,397,DHelmetP1Helmet
_m5mipl1gn,2,1301,551,274,381,DHelmetP1Helmet
_m5mipl1gn,3,1240,547,249,365,DHelmetP1Helmet
_m5mipl1gn,4,1183,543,234,346,DHelmetP1Helmet
_m5mipl1gn,5,1132,537,219,330,DHelmetP1Helmet
_m5mipl1gn,6,1085,533,204,319,DHelmetP1Helmet
_m5mipl1gn,7,1037,529,190,307,DHelmetP1Helmet
_m5mipl1gn,8,995,527,178,295,DHelmetP1Helmet
_m5mipl1gn,9,954,525,165,283,DHelmetP1Helmet
_m5mipl1gn,10,920,520,159,275,DHelmetP1Helmet
_m5mipl1gn,11,884,519,154,267,DHelmetP1Helmet
_m5mipl1gn,12,847,518,149,260,DHelmetP1Helmet
_m5mipl1gn,13,818,515,143,252,DHelmetP1Helmet
_m5mipl1gn,14,789,512,138,244,DHelmetP1Helmet
_m5mipl1gn,15,760,510,132,237,DHelmetP1Helmet
_m5mipl1gn,16,737,508,127,229,DHelmetP1Helmet
_m5mipl1gn,17,713,507,121,226,DHelmetP1Helmet
_m5mipl1gn,18,689,506,116,222,DHelmetP1Helmet
_m5mipl1gn,19,666,504,116,218,DHelmetP1Helmet
_m5mipl1gn,20,644,503,115,213,DHelmetP1Helmet
_m5mipl1gn,21,622,502,114,208,DHelmetP1Helmet
_m5mipl1gn,22,601,501,110,201,DHelmetP1Helmet
_m5mipl1gn,23,580,499,105,195,DHelmetP1Helmet
_m5mipl1gn,24,559,498,101,189,DHelmetP1Helmet
_m5mipl1gn,25,542,497,97,184,DHelmetP1Helmet
_m5mipl1gn,26,524,496,94,180,DHelmetP1Helmet
_m5mipl1gn,27,507,495,89,176,DHelmetP1Helmet
_m5mipl1gn,28,489,493,86,173,DHelmetP1Helmet
_m5mipl1gn,29,471,492,83,168,DHelmetP1Helmet
_m5mipl1gn,30,455,492,81,165,DHelmetP1Helmet
_m5mipl1gn,31,439,491,79,162,DHelmetP1Helmet
_m5mipl1gn,32,422,490,78,160,DHelmetP1Helmet
_m5mipl1gn,33,406,489,76,157,DHelmetP1Helmet
_m5mipl1gn,34,390,489,74,154,DHelmetP1Helmet
_m5mipl1gn,35,379,488,72,151,DHelmetP1Helmet
_m5mipl1gn,36,367,487,71,148,DHelmetP1Helmet
_m5mipl1gn,37,356,486,69,146,DHelmetP1Helmet
_m5mipl1gn,38,342,486,68,143,DHelmetP1Helmet
_m5mipl1gn,39,328,485,67,141,DHelmetP1Helmet
_m5mipl1gn,40,316,484,66,139,DHelmetP1Helmet
_m5mipl1gn,41,303,484,67,136,DHelmetP1Helmet
_m5mipl1gn,42,290,483,67,134,DHelmetP1Helmet
_m5mipl1gn,43,280,482,64,132,DHelmetP1Helmet
_m5mipl1gn,44,270,481,62,130,DHelmetP1Helmet
_m5mipl1gn,45,258,481,61,128,DHelmetP1Helmet
_m5mipl1gn,46,246,480,61,126,DHelmetP1Helmet
_m5mipl1gn,47,234,480,60,124,DHelmetP1Helmet
_snhr06qwa,1,1665,578,255,502,DHelmet
_snhr06qwa,2,1557,568,363,506,DHelmet
_snhr06qwa,3,1459,564,370,476,DHelmet
_snhr06qwa,4,1364,557,340,445,DHelmet
_snhr06qwa,5,1281,551,308,421,DHelmet
_snhr06qwa,6,1198,545,286,400,DHelmet
_snhr06qwa,7,1125,541,271,381,DHelmet
_snhr06qwa,8,1051,537,257,361,DHelmet
_snhr06qwa,9,977,532,243,342,DHelmet
_snhr06qwa,10,914,526,229,328,DHelmet
_snhr06qwa,11,851,520,215,314,DHelmet
_snhr06qwa,12,800,521,202,304,DHelmet
_snhr06qwa,13,739,515,188,289,DHelmet
_snhr06qwa,14,698,513,177,279,DHelmet
_snhr06qwa,15,663,511,165,269,DHelmet
_snhr06qwa,16,627,509,154,259,DHelmet
_snhr06qwa,17,592,507,143,249,DHelmet
_snhr06qwa,18,556,504,132,240,DHelmet
_snhr06qwa,19,521,502,120,230,DHelmet
_snhr06qwa,20,489,500,114,225,DHelmet
_snhr06qwa,21,457,498,109,213,DHelmet
_snhr06qwa,22,429,496,105,206,DHelmet
_snhr06qwa,23,401,494,102,200,DHelmet
_snhr06qwa,24,373,491,99,194,DHelmet
_snhr06qwa,25,352,489,95,188,DHelmet
_snhr06qwa,26,332,487,90,181,DHelmet
_snhr06qwa,27,310,486,87,176,DHelmet
_snhr06qwa,28,288,486,84,170,DHelmet
_snhr06qwa,29,270,485,81,166,DHelmet
_snhr06qwa,30,252,484,78,161,DHelmet
_snhr06qwa,31,233,484,76,155,DHelmet
_mmawnih7b,4,1628,546,292,400,DHelmetP1Helmet
_mmawnih7b,5,1549,541,296,383,DHelmetP1Helmet
_mmawnih7b,6,1479,539,271,366,DHelmetP1Helmet
_mmawnih7b,7,1413,540,256,346,DHelmetP1Helmet
_mmawnih7b,8,1351,533,239,340,DHelmetP1Helmet
_mmawnih7b,9,1293,531,230,323,DHelmetP1Helmet
_mmawnih7b,10,1237,528,211,314,DHelmetP1Helmet
_mmawnih7b,11,1187,522,203,308,DHelmetP1Helmet
_mmawnih7b,12,1139,523,190,297,DHelmetP1Helmet
_mmawnih7b,13,1094,520,185,289,DHelmetP1Helmet
_mmawnih7b,14,1054,518,180,280,DHelmetP1Helmet
_mmawnih7b,15,1014,515,174,272,DHelmetP1Helmet
_mmawnih7b,16,974,512,169,264,DHelmetP1Helmet
_mmawnih7b,17,940,511,163,256,DHelmetP1Helmet
_mmawnih7b,18,905,508,152,248,DHelmetP1Helmet
_mmawnih7b,19,875,506,140,239,DHelmetP1Helmet
_mmawnih7b,20,846,504,128,231,DHelmetP1Helmet
_mmawnih7b,21,816,501,116,223,DHelmetP1Helmet
_mmawnih7b,22,784,501,115,219,DHelmetP1Helmet
_mmawnih7b,23,752,500,115,215,DHelmetP1Helmet
_mmawnih7b,24,727,499,113,211,DHelmetP1Helmet
_mmawnih7b,25,702,498,112,207,DHelmetP1Helmet
_mmawnih7b,26,677,497,111,203,DHelmetP1Helmet
_mmawnih7b,27,651,496,110,199,DHelmetP1Helmet
_mmawnih7b,28,626,495,109,194,DHelmetP1Helmet
_mmawnih7b,29,601,493,107,191,DHelmetP1Helmet
_mmawnih7b,30,576,492,106,187,DHelmetP1Helmet
_mmawnih7b,31,553,491,106,183,DHelmetP1Helmet
_mmawnih7b,32,531,489,104,179,DHelmetP1Helmet
_mmawnih7b,33,509,488,103,175,DHelmetP1Helmet
_mmawnih7b,34,490,488,101,172,DHelmetP1Helmet
_mmawnih7b,35,472,489,98,169,DHelmetP1Helmet
_mmawnih7b,36,456,487,95,167,DHelmetP1Helmet
_mmawnih7b,37,440,486,93,164,DHelmetP1Helmet
_mmawnih7b,38,424,485,90,161,DHelmetP1Helmet
_mmawnih7b,39,411,484,89,159,DHelmetP1Helmet
_mmawnih7b,40,399,484,87,155,DHelmetP1Helmet
_mmawnih7b,41,386,483,86,153,DHelmetP1Helmet
_mmawnih7b,42,373,483,85,150,DHelmetP1Helmet
_mmawnih7b,43,362,483,84,147,DHelmetP1Helmet
_mmawnih7b,44,351,483,82,144,DHelmetP1Helmet
_mmawnih7b,45,340,483,81,142,DHelmetP1Helmet
_mmawnih7b,46,328,484,81,138,DHelmetP1Helmet
_mmawnih7b,47,319,481,80,139,DHelmetP1Helmet
_mmawnih7b,48,309,479,80,138,DHelmetP1Helmet
_vbxkqmhfe,6,1706,579,214,426,DHelmet
_vbxkqmhfe,7,1612,575,308,425,DHelmet
_vbxkqmhfe,8,1525,564,328,410,DHelmet
_vbxkqmhfe,9,1446,560,292,386,DHelmet
_vbxkqmhfe,10,1369,557,271,365,DHelmet
_vbxkqmhfe,11,1300,553,248,349,DHelmet
_vbxkqmhfe,12,1234,548,234,335,DHelmet
_vbxkqmhfe,13,1172,546,221,316,DHelmet
_vbxkqmhfe,14,1111,536,215,311,DHelmet
_vbxkqmhfe,15,1055,534,199,299,DHelmet
_vbxkqmhfe,16,1004,531,185,286,DHelmet
_vbxkqmhfe,17,954,528,169,273,DHelmet
_vbxkqmhfe,18,908,525,165,266,DHelmet
_vbxkqmhfe,19,863,522,159,258,DHelmet
_vbxkqmhfe,20,817,520,155,249,DHelmet
_vbxkqmhfe,21,782,518,149,243,DHelmet
_vbxkqmhfe,22,747,516,144,237,DHelmet
_vbxkqmhfe,23,713,514,138,231,DHelmet
_vbxkqmhfe,24,678,512,133,225,DHelmet
_vbxkqmhfe,25,644,510,126,219,DHelmet
_vbxkqmhfe,26,609,509,121,212,DHelmet
_vbxkqmhfe,27,574,507,116,206,DHelmet
_vbxkqmhfe,28,540,505,110,200,DHelmet
_vbxkqmhfe,29,511,503,105,194,DHelmet
_vbxkqmhfe,30,485,501,98,188,DHelmet
_vbxkqmhfe,31,458,501,98,181,DHelmet
_vbxkqmhfe,32,432,500,96,175,DHelmet
_vbxkqmhfe,33,409,498,94,172,DHelmet
_vbxkqmhfe,34,387,496,90,169,DHelmet
_vbxkqmhfe,35,367,494,87,164,DHelmet
_vbxkqmhfe,36,348,492,83,160,DHelmet
_vbxkqmhfe,37,329,492,81,156,DHelmet
_vbxkqmhfe,38,310,491,79,153,DHelmet
_vbxkqmhfe,39,291,490,77,150,DHelmet
_vbxkqmhfe,40,275,489,75,147,DHelmet
_vbxkqmhfe,41,258,488,73,144,DHelmet
_vbxkqmhfe,42,241,486,72,141,DHelmet
_vbxkqmhfe,43,226,486,70,138,DHelmet
_vbxkqmhfe,44,211,486,68,134,DHelmet
_vbxkqmhfe,45,195,484,68,133,DHelmet
_vbxkqmhfe,46,178,483,68,130,DHelmet
_vbxkqmhfe,47,161,481,68,129,DHelmet
_3zfe7tck2,14,1208,531,179,256,DHelmet
_3zfe7tck2,15,1158,530,175,249,DHelmet
_3zfe7tck2,16,1107,528,172,242,DHelmet
_3zfe7tck2,17,1065,526,168,235,DHelmet
_3zfe7tck2,18,1023,523,164,228,DHelmet
_3zfe7tck2,19,981,521,160,221,DHelmet
_3zfe7tck2,20,951,519,153,216,DHelmet
_3zfe7tck2,21,921,518,146,210,DHelmet
_3zfe7tck2,22,892,516,138,205,DHelmet
_3zfe7tck2,23,862,514,131,200,DHelmet
_3zfe7tck2,24,831,513,126,195,DHelmet
_3zfe7tck2,25,801,511,120,191,DHelmet
_c5swj5u9n,11,1655,549,265,349,DHelmetP1Helmet
_c5swj5u9n,12,1577,536,295,349,DHelmetP1Helmet
_c5swj5u9n,13,1507,542,276,327,DHelmetP1Helmet
_c5swj5u9n,14,1438,540,264,312,DHelmetP1Helmet
_c5swj5u9n,15,1378,539,248,297,DHelmetP1Helmet
_c5swj5u9n,16,1317,534,235,291,DHelmetP1Helmet
_c5swj5u9n,17,1262,531,220,283,DHelmetP1Helmet
_c5swj5u9n,18,1207,527,206,275,DHelmetP1Helmet
_c5swj5u9n,19,1163,524,192,267,DHelmetP1Helmet
_c5swj5u9n,20,1120,522,177,258,DHelmetP1Helmet
_c5swj5u9n,21,1084,521,171,251,DHelmetP1Helmet
_c5swj5u9n,22,1040,518,167,244,DHelmetP1Helmet
_c5swj5u9n,23,997,515,162,238,DHelmetP1Helmet
_c5swj5u9n,24,961,513,155,232,DHelmetP1Helmet
_c5swj5u9n,25,926,511,148,226,DHelmetP1Helmet
_c5swj5u9n,26,894,510,140,220,DHelmetP1Helmet
_c5swj5u9n,27,861,509,134,214,DHelmetP1Helmet
_c5swj5u9n,28,834,508,127,207,DHelmetP1Helmet
_c5swj5u9n,29,809,506,122,204,DHelmetP1Helmet
_c5swj5u9n,30,783,505,119,199,DHelmetP1Helmet
_c5swj5u9n,31,757,504,115,194,DHelmetP1Helmet
_c5swj5u9n,32,731,502,112,190,DHelmetP1Helmet
_c5swj5u9n,33,706,501,107,185,DHelmetP1Helmet
_c5swj5u9n,34,680,500,104,181,DHelmetP1Helmet
_c5swj5u9n,35,654,498,100,177,DHelmetP1Helmet
_c5swj5u9n,36,628,497,97,172,DHelmetP1Helmet
_c5swj5u9n,37,603,496,92,167,DHelmetP1Helmet
_c5swj5u9n,38,579,495,89,163,DHelmetP1Helmet
_c5swj5u9n,39,555,494,85,159,DHelmetP1Helmet
_c5swj5u9n,40,540,493,82,154,DHelmetP1Helmet
_c5swj5u9n,41,525,492,79,148,DHelmetP1Helmet
_c5swj5u9n,42,507,491,82,155,DHelmetP1Helmet
_c5swj5u9n,43,494,490,81,153,DHelmetP1Helmet
_c5swj5u9n,44,480,488,80,153,DHelmetP1Helmet
_c5swj5u9n,45,466,487,79,151,DHelmetP1Helmet
_c5swj5u9n,46,453,487,77,148,DHelmetP1Helmet
_c5swj5u9n,47,439,487,75,144,DHelmetP1Helmet
_c5swj5u9n,48,426,487,73,141,DHelmetP1Helmet
_c5swj5u9n,49,412,487,72,137,DHelmetP1Helmet
_c5swj5u9n,50,400,486,71,136,DHelmetP1Helmet
_c5swj5u9n,51,387,485,72,135,DHelmetP1Helmet
_c5swj5u9n,52,375,484,72,135,DHelmetP1Helmet
_c5swj5u9n,53,363,483,71,133,DHelmetP1Helmet
_c5swj5u9n,54,352,482,70,131,DHelmetP1Helmet
_c5swj5u9n,55,340,481,69,130,DHelmetP1Helmet
_c5swj5u9n,56,329,480,68,128,DHelmetP1Helmet
_c5swj5u9n,57,319,479,67,127,DHelmetP1Helmet
_c5swj5u9n,58,309,479,66,125,DHelmetP1Helmet
_c5swj5u9n,59,299,478,65,124,DHelmetP1Helmet
_c5swj5u9n,60,290,478,63,122,DHelmetP1Helmet
_c5swj5u9n,61,280,477,61,121,DHelmetP1Helmet
_jty8shols,20,1568,556,344,358,DHelmetP1Helmet
_jty8shols,21,1479,550,314,340,DHelmetP1Helmet
_jty8shols,22,1396,546,285,321,DHelmetP1Helmet
_jty8shols,23,1320,543,255,302,DHelmetP1Helmet
_jty8shols,24,1249,538,242,292,DHelmetP1Helmet
_jty8shols,25,1178,533,229,281,DHelmetP1Helmet
_jty8shols,26,1111,531,217,271,DHelmetP1Helmet
_jty8shols,27,1053,526,202,263,DHelmetP1Helmet
_jty8shols,28,999,524,187,254,DHelmetP1Helmet
_jty8shols,29,946,519,177,245,DHelmetP1Helmet
_jty8shols,30,899,518,168,237,DHelmetP1Helmet
_jty8shols,31,857,516,158,230,DHelmetP1Helmet
_jty8shols,32,816,515,147,222,DHelmetP1Helmet
_jty8shols,33,780,513,139,213,DHelmetP1Helmet
_jty8shols,34,745,511,130,205,DHelmetP1Helmet
_jty8shols,35,710,508,120,198,DHelmetP1Helmet
_jty8shols,36,675,506,106,190,DHelmetP1Helmet
_jty8shols,37,644,505,104,186,DHelmetP1Helmet
_jty8shols,38,614,504,101,182,DHelmetP1Helmet
_jty8shols,39,584,502,97,178,DHelmetP1Helmet
_jty8shols,40,555,501,105,174,DHelmetP1Helmet
_jty8shols,41,524,493,107,177,DHelmetP1Helmet
_jty8shols,42,503,495,100,171,DHelmetP1Helmet
_jty8shols,43,481,497,94,166,DHelmetP1Helmet
_jty8shols,44,458,496,90,162,DHelmetP1Helmet
_jty8shols,45,434,495,88,158,DHelmetP1Helmet
_jty8shols,46,414,494,86,155,DHelmetP1Helmet
_jty8shols,47,393,493,84,151,DHelmetP1Helmet
_jty8shols,48,373,492,82,148,DHelmetP1Helmet
_jty8shols,49,354,491,79,144,DHelmetP1Helmet
_jty8shols,50,335,489,77,142,DHelmetP1Helmet
_jty8shols,51,315,488,75,138,DHelmetP1Helmet
_jty8shols,52,299,488,72,134,DHelmetP1Helmet
_jty8shols,53,282,488,70,130,DHelmetP1Helmet
_gkt4eedqh,44,1679,551,241,343,DHelmetP1Helmet
_gkt4eedqh,45,1639,547,258,330,DHelmetP1Helmet
_gkt4eedqh,46,1531,545,258,307,DHelmetP1Helmet
_gkt4eedqh,47,1463,541,259,306,DHelmetP1Helmet
_gkt4eedqh,48,1401,536,244,296,DHelmetP1Helmet
_gkt4eedqh,49,1342,534,230,286,DHelmetP1Helmet
_gkt4eedqh,50,1286,531,217,279,DHelmetP1Helmet
_gkt4eedqh,51,1233,528,206,271,DHelmetP1Helmet
_gkt4eedqh,52,1180,526,195,261,DHelmetP1Helmet
_gkt4eedqh,53,1134,525,184,252,DHelmetP1Helmet
_gkt4eedqh,54,1090,522,176,245,DHelmetP1Helmet
_gkt4eedqh,55,1047,519,168,238,DHelmetP1Helmet
_gkt4eedqh,56,1009,516,161,235,DHelmetP1Helmet
_gkt4eedqh,57,971,514,153,230,DHelmetP1Helmet
_gkt4eedqh,58,936,513,146,223,DHelmetP1Helmet
_gkt4eedqh,59,900,512,140,216,DHelmetP1Helmet
_gkt4eedqh,60,870,510,135,212,DHelmetP1Helmet
_gkt4eedqh,61,840,509,131,206,DHelmetP1Helmet
_gkt4eedqh,62,809,506,126,202,DHelmetP1Helmet
_gkt4eedqh,63,778,503,122,198,DHelmetP1Helmet
_gkt4eedqh,64,757,502,118,194,DHelmetP1Helmet
_gkt4eedqh,65,735,501,114,189,DHelmetP1Helmet
_gkt4eedqh,66,714,500,110,185,DHelmetP1Helmet
_gkt4eedqh,67,693,499,106,181,DHelmetP1Helmet
_gkt4eedqh,68,672,498,101,177,DHelmetP1Helmet
_gkt4eedqh,69,651,497,97,173,DHelmetP1Helmet
_gkt4eedqh,70,630,496,93,168,DHelmetP1Helmet
_gkt4eedqh,71,609,495,88,164,DHelmetP1Helmet
_gkt4eedqh,72,588,494,84,160,DHelmetP1Helmet
_gkt4eedqh,73,569,493,84,160,DHelmetP1Helmet
_gkt4eedqh,74,550,493,84,159,DHelmetP1Helmet
_gkt4eedqh,75,535,493,81,155,DHelmetP1Helmet
_gkt4eedqh,76,520,492,78,152,DHelmetP1Helmet
_gkt4eedqh,77,505,491,78,150,DHelmetP1Helmet
_gkt4eedqh,78,491,491,76,146,DHelmetP1Helmet
_gkt4eedqh,79,476,490,75,144,DHelmetP1Helmet
_gkt4eedqh,80,464,489,74,142,DHelmetP1Helmet
_gkt4eedqh,81,452,489,72,138,DHelmetP1Helmet
_gkt4eedqh,82,441,488,70,136,DHelmetP1Helmet
_gkt4eedqh,83,428,488,69,133,DHelmetP1Helmet
_gkt4eedqh,84,416,488,66,130,DHelmetP1Helmet
_gkt4eedqh,85,403,488,65,127,DHelmetP1Helmet
_1py26m28w,49,1650,564,270,370,DHelmet
_1py26m28w,50,1573,557,283,371,DHelmet
_1py26m28w,51,1505,553,275,363,DHelmet
_1py26m28w,52,1439,548,258,350,DHelmet
_1py26m28w,53,1380,544,235,340,DHelmet
_1py26m28w,54,1343,540,211,330,DHelmet
_1py26m28w,55,1287,535,195,321,DHelmet
_1py26m28w,56,1234,533,187,312,DHelmet
_1py26m28w,57,1189,530,177,302,DHelmet
_1py26m28w,58,1143,526,168,293,DHelmet
_1py26m28w,59,1088,524,173,283,DHelmet
_1py26m28w,60,1054,521,161,273,DHelmet
_1py26m28w,61,1022,522,149,264,DHelmet
_1py26m28w,62,988,520,143,255,DHelmet
_1py26m28w,63,954,518,137,247,DHelmet
_1py26m28w,64,925,517,130,236,DHelmet
_1py26m28w,65,893,513,126,236,DHelmet
_1py26m28w,66,863,513,124,225,DHelmet
_1py26m28w,67,834,512,122,220,DHelmet
_1py26m28w,68,807,509,119,216,DHelmet
_1py26m28w,69,780,507,116,211,DHelmet
_1py26m28w,70,753,505,114,206,DHelmet
_1py26m28w,71,730,504,111,202,DHelmet
_1py26m28w,72,706,502,108,198,DHelmet
_1py26m28w,73,682,501,106,193,DHelmet
_1py26m28w,74,658,500,103,188,DHelmet
_1py26m28w,75,634,499,101,183,DHelmet
_1py26m28w,76,613,498,98,178,DHelmet
_1py26m28w,77,592,496,95,174,DHelmet
_1py26m28w,78,570,495,93,169,DHelmet
_1py26m28w,79,551,495,90,166,DHelmet
_1py26m28w,80,532,495,87,163,DHelmet
_1py26m28w,81,513,494,85,160,DHelmet
_1py26m28w,82,495,494,82,157,DHelmet
_1py26m28w,83,477,494,79,154,DHelmet
_1py26m28w,84,461,493,76,152,DHelmet
_1py26m28w,85,445,493,74,149,DHelmet
_1py26m28w,86,427,492,75,147,DHelmet
_1py26m28w,87,410,491,75,145,DHelmet
_1py26m28w,88,394,490,74,143,DHelmet
_1py26m28w,89,377,489,75,141,DHelmet
_1py26m28w,90,361,488,75,139,DHelmet
_1py26m28w,91,348,487,74,137,DHelmet
_1py26m28w,92,335,486,72,135,DHelmet
_1py26m28w,93,323,485,70,133,DHelmet
_1py26m28w,94,312,484,68,132,DHelmet
_1py26m28w,95,302,483,66,130,DHelmet
_1py26m28w,96,291,483,65,128,DHelmet
_1py26m28w,97,281,482,62,126,DHelmet
_1py26m28w,98,270,482,62,124,DHelmet
_1py26m28w,99,260,481,61,122,DHelmet
_1py26m28w,100,249,480,61,121,DHelmet
_71negz96o,51,1556,593,364,481,DNoHelmetP1NoHelmet
_71negz96o,52,1454,580,358,452,DNoHelmetP1NoHelmet
_71negz96o,53,1362,570,321,424,DNoHelmetP1NoHelmet
_71negz96o,54,1282,563,288,404,DNoHelmetP1NoHelmet
_71negz96o,55,1205,560,263,376,DNoHelmetP1NoHelmet
_71negz96o,56,1135,554,240,359,DNoHelmetP1NoHelmet
_71negz96o,57,1067,548,224,343,DNoHelmetP1NoHelmet
_71negz96o,58,1011,543,208,326,DNoHelmetP1NoHelmet
_71negz96o,59,958,537,191,310,DNoHelmetP1NoHelmet
_71negz96o,60,905,535,179,295,DNoHelmetP1NoHelmet
_71negz96o,61,859,533,168,279,DNoHelmetP1NoHelmet
_71negz96o,62,815,528,161,271,DNoHelmetP1NoHelmet
_71negz96o,63,771,523,154,263,DNoHelmetP1NoHelmet
_71negz96o,64,728,519,146,255,DNoHelmetP1NoHelmet
_71negz96o,65,697,516,139,247,DNoHelmetP1NoHelmet
_71negz96o,66,666,513,132,239,DNoHelmetP1NoHelmet
_71negz96o,67,634,511,126,231,DNoHelmetP1NoHelmet
_71negz96o,68,607,509,118,223,DNoHelmetP1NoHelmet
_71negz96o,69,580,508,111,215,DNoHelmetP1NoHelmet
_71negz96o,70,554,507,104,206,DNoHelmetP1NoHelmet
_71negz96o,71,529,506,96,198,DNoHelmetP1NoHelmet
_71negz96o,72,504,502,94,194,DNoHelmetP1NoHelmet
_71negz96o,73,484,501,91,188,DNoHelmetP1NoHelmet
_71negz96o,74,463,499,88,184,DNoHelmetP1NoHelmet
_71negz96o,75,443,497,86,179,DNoHelmetP1NoHelmet
_71negz96o,76,424,495,83,173,DNoHelmetP1NoHelmet
_71negz96o,77,406,495,81,168,DNoHelmetP1NoHelmet
_71negz96o,78,389,494,77,163,DNoHelmetP1NoHelmet
_71negz96o,79,373,493,75,160,DNoHelmetP1NoHelmet
_71negz96o,80,357,492,74,157,DNoHelmetP1NoHelmet
_71negz96o,81,343,491,71,154,DNoHelmetP1NoHelmet
_71negz96o,82,328,489,70,151,DNoHelmetP1NoHelmet
_71negz96o,83,314,487,68,149,DNoHelmetP1NoHelmet
_71negz96o,84,299,486,67,145,DNoHelmetP1NoHelmet
_71negz96o,85,286,485,66,143,DNoHelmetP1NoHelmet
_71negz96o,86,273,485,65,139,DNoHelmetP1NoHelmet
_71negz96o,87,261,484,62,137,DNoHelmetP1NoHelmet
_71negz96o,88,248,484,61,133,DNoHelmetP1NoHelmet
_71negz96o,89,237,483,59,131,DNoHelmetP1NoHelmet
_71negz96o,90,225,483,58,128,DNoHelmetP1NoHelmet
_71negz96o,91,214,483,57,124,DNoHelmetP1NoHelmet
_907olseha,57,1675,551,245,319,DNoHelmetP1Helmet
_907olseha,58,1614,547,267,312,DNoHelmetP1Helmet
_907olseha,59,1558,548,248,300,DNoHelmetP1Helmet
_907olseha,60,1505,546,239,289,DNoHelmetP1Helmet
_907olseha,61,1451,543,231,279,DNoHelmetP1Helmet
_907olseha,62,1402,542,220,270,DNoHelmetP1Helmet
_907olseha,63,1352,541,209,260,DNoHelmetP1Helmet
_907olseha,64,1306,536,201,255,DNoHelmetP1Helmet
_907olseha,65,1260,531,193,250,DNoHelmetP1Helmet
_907olseha,66,1218,529,186,244,DNoHelmetP1Helmet
_907olseha,67,1176,526,178,239,DNoHelmetP1Helmet
_907olseha,68,1136,523,173,234,DNoHelmetP1Helmet
_907olseha,69,1096,520,167,228,DNoHelmetP1Helmet
_907olseha,70,1056,517,162,223,DNoHelmetP1Helmet
_907olseha,71,1019,515,155,217,DNoHelmetP1Helmet
_907olseha,72,983,513,148,212,DNoHelmetP1Helmet
_907olseha,73,945,512,147,205,DNoHelmetP1Helmet
_907olseha,74,908,510,144,200,DNoHelmetP1Helmet
_907olseha,75,877,512,143,194,DNoHelmetP1Helmet
_907olseha,76,847,509,138,191,DNoHelmetP1Helmet
_907olseha,77,818,507,133,187,DNoHelmetP1Helmet
_907olseha,78,788,504,128,184,DNoHelmetP1Helmet
_907olseha,79,764,503,124,180,DNoHelmetP1Helmet
_907olseha,80,740,501,119,177,DNoHelmetP1Helmet
_907olseha,81,717,499,114,174,DNoHelmetP1Helmet
_907olseha,82,696,499,110,170,DNoHelmetP1Helmet
_907olseha,83,676,498,105,167,DNoHelmetP1Helmet
_907olseha,84,656,498,100,163,DNoHelmetP1Helmet
_907olseha,85,635,497,96,160,DNoHelmetP1Helmet
_907olseha,86,615,496,91,157,DNoHelmetP1Helmet
_907olseha,87,600,496,85,154,DNoHelmetP1Helmet
_907olseha,88,582,494,85,151,DNoHelmetP1Helmet
_907olseha,89,565,491,83,149,DNoHelmetP1Helmet
_l3l8tb7ru,68,1680,563,240,417,DHelmet
_l3l8tb7ru,69,1588,553,329,418,DHelmet
_l3l8tb7ru,70,1505,547,300,393,DHelmet
_l3l8tb7ru,71,1433,542,270,374,DHelmet
_l3l8tb7ru,72,1363,540,249,352,DHelmet
_l3l8tb7ru,73,1301,537,229,335,DHelmet
_l3l8tb7ru,74,1240,529,213,326,DHelmet
_l3l8tb7ru,75,1186,528,196,305,DHelmet
_l3l8tb7ru,76,1131,523,188,296,DHelmet
_l3l8tb7ru,77,1081,521,180,283,DHelmet
_l3l8tb7ru,78,1031,520,172,269,DHelmet
_l3l8tb7ru,79,986,517,164,261,DHelmet
_l3l8tb7ru,80,940,514,157,252,DHelmet
_l3l8tb7ru,81,900,512,150,244,DHelmet
_l3l8tb7ru,82,861,510,143,235,DHelmet
_l3l8tb7ru,83,824,508,137,228,DHelmet
_l3l8tb7ru,84,787,505,132,222,DHelmet
_l3l8tb7ru,85,751,503,126,215,DHelmet
_l3l8tb7ru,86,716,501,123,210,DHelmet
_l3l8tb7ru,87,682,498,120,206,DHelmet
_l3l8tb7ru,88,648,496,116,201,DHelmet
_l3l8tb7ru,89,614,494,112,196,DHelmet
_l3l8tb7ru,90,589,492,108,191,DHelmet
_l3l8tb7ru,91,563,490,104,185,DHelmet
_l3l8tb7ru,92,538,488,99,180,DHelmet
_l3l8tb7ru,93,513,486,95,174,DHelmet
_l3l8tb7ru,94,489,486,93,170,DHelmet
_l3l8tb7ru,95,465,485,91,167,DHelmet
_l3l8tb7ru,96,441,484,89,164,DHelmet
_l3l8tb7ru,97,423,484,86,160,DHelmet
_l3l8tb7ru,98,404,483,84,157,DHelmet
_l3l8tb7ru,99,386,483,80,152,DHelmet
_l3l8tb7ru,100,367,482,78,149,DHelmet
