track_id,frame_id,x,y,w,h,label
_5kfcpvbd8,1,775,330,181,314,DHelmet
_5kfcpvbd8,2,734,325,178,304,DHelmet
_5kfcpvbd8,3,693,321,175,294,DHelmet
_5kfcpvbd8,4,652,316,172,285,DHelmet
_5kfcpvbd8,5,619,312,164,276,DHelmet
_5kfcpvbd8,6,586,307,157,268,DHelmet
_5kfcpvbd8,7,552,303,150,258,DHelmet
_5kfcpvbd8,8,522,299,146,252,DHelmet
_5kfcpvbd8,9,492,295,141,245,DHelmet
_5kfcpvbd8,10,466,291,136,238,DHelmet
_5kfcpvbd8,11,440,288,131,230,DHelmet
_5kfcpvbd8,12,414,284,127,223,DHelmet
_5kfcpvbd8,13,392,281,123,218,DHelmet
_5kfcpvbd8,14,371,278,118,212,DHelmet
_5kfcpvbd8,15,350,275,113,206,DHelmet
_5kfcpvbd8,16,331,274,109,200,DHelmet
_5kfcpvbd8,17,312,273,105,193,DHelmet
_5kfcpvbd8,18,296,271,102,188,DHelmet
_5kfcpvbd8,19,280,269,99,183,DHelmet
_5kfcpvbd8,20,265,267,96,178,DHelmet
_5kfcpvbd8,21,250,266,94,172,DHelmet
_5kfcpvbd8,22,238,264,92,169,DHelmet
_5kfcpvbd8,23,226,262,89,167,DHelmet
_5kfcpvbd8,24,214,260,87,164,DHelmet
_5kfcpvbd8,25,202,258,85,161,DHelmet
_5kfcpvbd8,26,190,257,83,157,DHelmet
_5kfcpvbd8,27,182,255,81,155,DHelmet
_5kfcpvbd8,28,174,253,79,153,DHelmet
_5kfcpvbd8,29,164,251,79,151,DHelmet
_5kfcpvbd8,30,155,250,78,148,DHelmet
_5kfcpvbd8,31,146,248,77,146,DHelmet
_5kfcpvbd8,32,137,246,76,144,DHelmet
_5kfcpvbd8,33,128,245,75,140,DHelmet
_5kfcpvbd8,34,119,243,74,138,DHelmet
_5kfcpvbd8,35,110,241,73,136,DHelmet
_5kfcpvbd8,36,101,240,72,133,DHelmet
_tyq28ipis,1,929,323,179,303,DHelmet
_tyq28ipis,2,898,320,169,295,DHelmet
_tyq28ipis,3,866,316,160,288,DHelmet
_tyq28ipis,4,835,312,150,281,DHelmet
_tyq28ipis,5,807,308,144,273,DHelmet
_tyq28ipis,6,779,304,137,266,DHelmet
_tyq28ipis,7,752,301,129,258,DHelmet
_tyq28ipis,8,726,299,126,250,DHelmet
_tyq28ipis,9,701,296,121,243,DHelmet
_tyq28ipis,10,675,294,117,236,DHelmet
_tyq28ipis,11,651,292,115,231,DHelmet
_tyq28ipis,12,627,291,113,224,DHelmet
_tyq28ipis,13,603,289,111,219,DHelmet
_tyq28ipis,14,582,286,108,215,DHelmet
_tyq28ipis,15,561,283,104,210,DHelmet
_tyq28ipis,16,539,280,102,205,DHelmet
_tyq28ipis,17,518,277,99,200,DHelmet
_tyq28ipis,18,497,276,98,195,DHelmet
_tyq28ipis,19,475,274,97,192,DHelmet
_tyq28ipis,20,454,272,96,188,DHelmet
_tyq28ipis,21,433,270,95,184,DHelmet
_tyq28ipis,22,411,269,95,179,DHelmet
_tyq28ipis,23,392,267,91,175,DHelmet
_tyq28ipis,24,373,265,88,171,DHelmet
_tyq28ipis,25,354,263,85,167,DHelmet
_tyq28ipis,26,334,262,83,162,DHelmet
_tyq28ipis,27,317,260,80,159,DHelmet
_tyq28ipis,28,300,258,77,156,DHelmet
_tyq28ipis,29,282,256,76,153,DHelmet
_tyq28ipis,30,270,255,74,150,DHelmet
_tyq28ipis,31,258,254,72,147,DHelmet
_tyq28ipis,32,247,252,69,145,DHelmet
_tyq28ipis,33,235,251,67,142,DHelmet
_tyq28ipis,34,223,250,65,138,DHelmet
_tyq28ipis,35,211,249,63,135,DHelmet
_sjrkos9lc,1,1355,379,325,345,DHelmetP1Helmet
_sjrkos9lc,2,1324,376,311,339,DHelmetP1Helmet
_sjrkos9lc,3,1293,372,296,333,DHelmetP1Helmet
_sjrkos9lc,4,1267,369,282,326,DHelmetP1Helmet
_sjrkos9lc,5,1240,366,269,319,DHelmetP1Helmet
_sjrkos9lc,6,1217,364,254,313,DHelmetP1Helmet
_sjrkos9lc,7,1194,362,240,306,DHelmetP1Helmet
_sjrkos9lc,8,1171,360,226,299,DHelmetP1Helmet
_sjrkos9lc,9,1151,357,223,299,DHelmetP1Helmet
_sjrkos9lc,10,1130,355,222,299,DHelmetP1Helmet
_sjrkos9lc,11,1109,353,220,298,DHelmetP1Helmet
_sjrkos9lc,12,1109,349,219,298,DHelmetP1Helmet
_sjrkos9lc,13,1091,347,223,296,DHelmetP1Helmet
_sjrkos9lc,14,1073,346,227,293,DHelmetP1Helmet
_sjrkos9lc,15,1056,344,230,291,DHelmetP1Helmet
_sjrkos9lc,16,1038,342,234,290,DHelmetP1Helmet
_sjrkos9lc,17,1020,341,238,287,DHelmetP1Helmet
_sjrkos9lc,18,1002,339,242,285,DHelmetP1Helmet
_sjrkos9lc,19,984,338,247,282,DHelmetP1Helmet
_sjrkos9lc,20,968,336,243,280,DHelmetP1Helmet
_sjrkos9lc,21,952,334,239,278,DHelmetP1Helmet
_sjrkos9lc,22,935,332,236,276,DHelmetP1Helmet
_sjrkos9lc,23,920,330,231,273,DHelmetP1Helmet
_sjrkos9lc,24,904,328,227,269,DHelmetP1Helmet
_sjrkos9lc,25,888,326,222,266,DHelmetP1Helmet
_sjrkos9lc,26,877,325,207,264,DHelmetP1Helmet
_sjrkos9lc,27,866,324,192,263,DHelmetP1Helmet
_sjrkos9lc,28,857,323,182,261,DHelmetP1Helmet
_sjrkos9lc,29,854,322,166,260,DHelmetP1Helmet
_sjrkos9lc,30,851,321,150,258,DHelmetP1Helmet
_sjrkos9lc,31,849,321,133,256,DHelmetP1Helmet
_sjrkos9lc,32,831,319,135,253,DHelmetP1Helmet
_sjrkos9lc,33,814,317,135,250,DHelmetP1Helmet
_sjrkos9lc,34,797,315,135,247,DHelmetP1Helmet
_sjrkos9lc,35,780,313,136,244,DHelmetP1Helmet
_sjrkos9lc,36,767,311,133,241,DHelmetP1Helmet
_sjrkos9lc,37,754,309,130,238,DHelmetP1Helmet
_sjrkos9lc,38,740,307,128,235,DHelmetP1Helmet
_sjrkos9lc,39,725,306,127,232,DHelmetP1Helmet
_sjrkos9lc,40,711,304,125,229,DHelmetP1Helmet
_sjrkos9lc,41,696,303,124,225,DHelmetP1Helmet
_sjrkos9lc,42,682,301,122,222,DHelmetP1Helmet
_sjrkos9lc,43,667,300,121,219,DHelmetP1Helmet
_sjrkos9lc,44,653,298,118,216,DHelmetP1Helmet
_sjrkos9lc,45,638,297,117,212,DHelmetP1Helmet
_sjrkos9lc,46,624,295,115,209,DHelmetP1Helmet
_sjrkos9lc,47,609,294,114,206,DHelmetP1Helmet
_sjrkos9lc,48,595,292,112,203,DHelmetP1Helmet
_sjrkos9lc,49,580,291,111,199,DHelmetP1Helmet
_sjrkos9lc,50,566,289,108,196,DHelmetP1Helmet
_sjrkos9lc,51,551,288,107,192,DHelmetP1Helmet
_sjrkos9lc,52,537,286,105,190,DHelmetP1Helmet
_sjrkos9lc,53,522,285,104,186,DHelmetP1Helmet
_sjrkos9lc,54,508,283,102,183,DHelmetP1Helmet
_sjrkos9lc,55,493,282,101,179,DHelmetP1Helmet
_sjrkos9lc,56,479,280,98,177,DHelmetP1Helmet
_sjrkos9lc,57,464,279,97,173,DHelmetP1Helmet
_sjrkos9lc,58,450,277,95,171,DHelmetP1Helmet
_sjrkos9lc,59,437,276,93,169,DHelmetP1Helmet
_sjrkos9lc,60,423,275,91,166,DHelmetP1Helmet
_sjrkos9lc,61,409,273,89,164,DHelmetP1Helmet
_sjrkos9lc,62,395,272,87,161,DHelmetP1Helmet
_sjrkos9lc,63,382,270,85,160,DHelmetP1Helmet
_sjrkos9lc,64,368,269,83,157,DHelmetP1Helmet
_sjrkos9lc,65,354,267,81,153,DHelmetP1Helmet
_sjrkos9lc,66,341,265,78,150,DHelmetP1Helmet
_sjrkos9lc,67,328,263,75,146,DHelmetP1Helmet
_sjrkos9lc,68,314,262,73,141,DHelmetP1Helmet
_sjrkos9lc,69,304,260,72,140,DHelmetP1Helmet
_sjrkos9lc,70,294,259,71,138,DHelmetP1Helmet
_sjrkos9lc,71,283,258,71,137,DHelmetP1Helmet
_sjrkos9lc,72,273,257,70,135,DHelmetP1Helmet
_sjrkos9lc,73,262,255,70,134,DHelmetP1Helmet
_sjrkos9lc,74,252,254,69,132,DHelmetP1Helmet
_sjrkos9lc,75,241,253,70,130,DHelmetP1Helmet
_sjrkos9lc,76,231,252,69,128,DHelmetP1Helmet
_sjrkos9lc,77,220,250,69,128,DHelmetP1Helmet
_pzgja87al,12,1201,373,304,328,DHelmet
_pzgja87al,13,1174,375,304,319,DHelmet
_pzgja87al,14,1148,376,304,311,DHelmet
_pzgja87al,15,1143,375,300,310,DHelmet
_pzgja87al,16,1138,374,296,310,DHelmet
_pzgja87al,17,1133,373,293,309,DHelmet
_pzgja87al,18,1127,371,290,310,DHelmet
_pzgja87al,19,1122,370,287,309,DHelmet
_pzgja87al,20,1121,367,285,311,DHelmet
_pzgja87al,21,1120,364,284,313,DHelmet
_pzgja87al,22,1119,361,283,315,DHelmet
_pzgja87al,23,1118,358,282,317,DHelmet
_pzgja87al,24,1113,358,280,316,DHelmet
_pzgja87al,25,1109,357,276,316,DHelmet
_pzgja87al,26,1105,357,273,315,DHelmet
_pzgja87al,27,1096,355,263,313,DHelmet
_pzgja87al,28,1088,353,252,312,DHelmet
_pzgja87al,29,1076,351,245,310,DHelmet
_pzgja87al,30,1060,350,242,308,DHelmet
_pzgja87al,31,1040,348,243,306,DHelmet
_pzgja87al,32,1013,347,241,301,DHelmet
_pzgja87al,33,987,346,238,297,DHelmet
_pzgja87al,34,959,343,231,291,DHelmet
_pzgja87al,35,930,341,225,285,DHelmet
_pzgja87al,36,902,339,218,279,DHelmet
_pzgja87al,37,872,335,208,275,DHelmet
_pzgja87al,38,842,330,198,273,DHelmet
_pzgja87al,39,812,326,188,269,DHelmet
_pzgja87al,40,787,323,175,263,DHelmet
_pzgja87al,41,762,320,161,257,DHelmet
_pzgja87al,42,736,316,148,252,DHelmet
_pzgja87al,43,706,313,144,246,DHelmet
_pzgja87al,44,676,309,140,241,DHelmet
_pzgja87al,45,646,306,136,235,DHelmet
_pzgja87al,46,616,303,132,230,DHelmet
_pzgja87al,47,586,300,129,224,DHelmet
_pzgja87al,48,557,296,124,220,DHelmet
_pzgja87al,49,530,293,120,214,DHelmet
_pzgja87al,50,504,290,115,209,DHelmet
_pzgja87al,51,478,287,110,204,DHelmet
_pzgja87al,52,457,285,106,200,DHelmet
_pzgja87al,53,436,282,102,197,DHelmet
_pzgja87al,54,414,281,99,192,DHelmet
_pzgja87al,55,395,279,96,188,DHelmet
_pzgja87al,56,377,277,93,184,DHelmet
_pzgja87al,57,358,275,90,180,DHelmet
_pzgja87al,58,342,273,87,176,DHelmet
_pzgja87al,59,326,271,85,171,DHelmet
_pzgja87al,60,310,269,82,167,DHelmet
_pzgja87al,61,294,267,79,163,DHelmet
_pzgja87al,62,279,266,82,161,DHelmet
_pzgja87al,63,263,265,86,158,DHelmet
_pzgja87al,64,251,263,78,156,DHelmet
_pzgja87al,65,238,262,76,152,DHelmet
_pzgja87al,66,226,260,74,150,DHelmet
_pzgja87al,67,213,258,72,147,DHelmet
_pzgja87al,68,202,257,72,144,DHelmet
_pzgja87al,69,191,255,71,141,DHelmet
_pzgja87al,70,180,254,70,138,DHelmet
_pzgja87al,71,169,252,70,135,DHelmet
_pzgja87al,72,157,251,69,133,DHelmet
_pzgja87al,73,145,250,69,130,DHelmet
_pzgja87al,74,138,247,67,129,DHelmet
_pzgja87al,75,130,244,65,128,DHelmet
_66brsfz21,3,1603,414,317,418,DHelmet
_66brsfz21,4,1523,403,397,399,DHelmet
_66brsfz21,5,1446,401,410,398,DHelmet
_66brsfz21,6,1375,394,410,398,DHelmet
_66brsfz21,7,1310,385,392,387,DHelmet
_66brsfz21,8,1245,375,374,377,DHelmet
_66brsfz21,9,1182,370,357,366,DHelmet
_66brsfz21,10,1122,365,340,354,DHelmet
_66brsfz21,11,1069,359,322,344,DHelmet
_66brsfz21,12,1016,353,305,338,DHelmet
_66brsfz21,13,968,347,287,332,DHelmet
_66brsfz21,14,922,340,270,327,DHelmet
_66brsfz21,15,878,335,253,317,DHelmet
_66brsfz21,16,839,330,235,308,DHelmet
_66brsfz21,17,801,325,218,299,DHelmet
_66brsfz21,18,764,320,200,290,DHelmet
_66brsfz21,19,731,316,183,281,DHelmet
_66brsfz21,20,697,312,168,272,DHelmet
_66brsfz21,21,667,308,157,268,DHelmet
_66brsfz21,22,637,305,147,262,DHelmet
_66brsfz21,23,609,300,141,254,DHelmet
_66brsfz21,24,581,295,134,245,DHelmet
_66brsfz21,25,557,292,130,241,DHelmet
_66brsfz21,26,533,290,125,236,DHelmet
_66brsfz21,27,509,287,120,232,DHelmet
_66brsfz21,28,489,285,114,226,DHelmet
_66brsfz21,29,470,283,106,220,DHelmet
_66brsfz21,30,450,281,104,214,DHelmet
_66brsfz21,31,432,279,102,209,DHelmet
_66brsfz21,32,414,278,100,203,DHelmet
_66brsfz21,33,397,276,97,198,DHelmet
_66brsfz21,34,379,274,95,193,DHelmet
_66brsfz21,35,361,272,93,188,DHelmet
_66brsfz21,36,343,271,91,188,DHelmet
_66brsfz21,37,329,269,89,184,DHelmet
_66brsfz21,38,315,267,86,180,DHelmet
_66brsfz21,39,301,265,84,175,DHelmet
_66brsfz21,40,286,262,82,171,DHelmet
_66brsfz21,41,272,260,80,167,DHelmet
_66brsfz21,42,258,258,77,162,DHelmet
_66brsfz21,43,246,257,76,159,DHelmet
_66brsfz21,44,233,255,76,157,DHelmet
_66brsfz21,45,221,254,74,154,DHelmet
_66brsfz21,46,209,252,73,151,DHelmet
_66brsfz21,47,197,251,71,148,DHelmet
_66brsfz21,48,185,250,70,145,DHelmet
_66brsfz21,49,172,248,69,143,DHelmet
_66brsfz21,50,160,247,68,139,DHelmet
_66brsfz21,51,148,246,67,136,DHelmet
_wbf4tasuz,6,1544,458,376,509,DNoHelmet
_wbf4tasuz,7,1461,445,459,501,DNoHelmet
_wbf4tasuz,8,1385,438,449,478,DNoHelmet
_wbf4tasuz,9,1313,428,418,463,DNoHelmet
_wbf4tasuz,10,1246,419,387,447,DNoHelmet
_wbf4tasuz,11,1187,408,360,433,DNoHelmet
_wbf4tasuz,12,1128,396,333,420,DNoHelmet
_wbf4tasuz,13,1077,390,313,408,DNoHelmet
_wbf4tasuz,14,1026,383,293,397,DNoHelmet
_wbf4tasuz,15,978,379,279,383,DNoHelmet
_wbf4tasuz,16,930,376,264,367,DNoHelmet
_wbf4tasuz,17,884,369,256,360,DNoHelmet
_wbf4tasuz,18,838,362,247,354,DNoHelmet
_wbf4tasuz,19,797,358,236,342,DNoHelmet
_wbf4tasuz,20,760,354,222,331,DNoHelmet
_wbf4tasuz,21,725,350,213,322,DNoHelmet
_wbf4tasuz,22,695,345,200,314,DNoHelmet
_wbf4tasuz,23,669,341,187,308,DNoHelmet
_wbf4tasuz,24,643,337,173,301,DNoHelmet
_wbf4tasuz,25,619,333,164,294,DNoHelmet
_wbf4tasuz,26,596,328,153,288,DNoHelmet
_wbf4tasuz,27,576,325,146,281,DNoHelmet
_wbf4tasuz,28,556,322,139,274,DNoHelmet
_wbf4tasuz,29,536,319,132,267,DNoHelmet
_wbf4tasuz,30,510,315,134,262,DNoHelmet
_wbf4tasuz,31,485,312,135,255,DNoHelmet
_wbf4tasuz,32,467,309,131,249,DNoHelmet
_wbf4tasuz,33,448,307,128,242,DNoHelmet
_wbf4tasuz,34,430,303,125,238,DNoHelmet
_wbf4tasuz,35,413,300,120,233,DNoHelmet
_wbf4tasuz,36,395,296,117,229,DNoHelmet
_wbf4tasuz,37,380,294,113,224,DNoHelmet
_wbf4tasuz,38,365,292,109,220,DNoHelmet
_wbf4tasuz,39,349,289,106,216,DNoHelmet
_wbf4tasuz,40,334,287,102,211,DNoHelmet
_wbf4tasuz,41,321,284,100,207,DNoHelmet
_wbf4tasuz,42,308,282,99,202,DNoHelmet
_wbf4tasuz,43,295,279,98,198,DNoHelmet
_wbf4tasuz,44,282,276,97,193,DNoHelmet
_wbf4tasuz,45,270,274,94,189,DNoHelmet
_wbf4tasuz,46,258,273,91,184,DNoHelmet
_wbf4tasuz,47,246,271,88,180,DNoHelmet
_wbf4tasuz,48,234,269,86,177,DNoHelmet
_wbf4tasuz,49,223,267,83,175,DNoHelmet
_wbf4tasuz,50,211,266,81,171,DNoHelmet
_wbf4tasuz,51,199,264,79,168,DNoHelmet
_wbf4tasuz,52,188,262,76,165,DNoHelmet
_wbf4tasuz,53,176,261,75,162,DNoHelmet
_wbf4tasuz,54,165,260,73,158,DNoHelmet
_wbf4tasuz,55,153,258,72,156,DNoHelmet
_wbf4tasuz,56,141,257,72,152,DNoHelmet
_wbf4tasuz,57,131,256,70,149,DNoHelmet
_wbf4tasuz,58,121,255,69,146,DNoHelmet
_wbf4tasuz,59,110,254,68,142,DNoHelmet
_wbf4tasuz,60,100,252,67,140,DNoHelmet
_wbf4tasuz,61,90,250,67,138,DNoHelmet
_wbf4tasuz,62,79,248,69,136,DNoHelmet
_wbf4tasuz,63,69,246,70,134,DNoHelmet
_hoi97razm,11,1632,417,288,448,DNoHelmet
_hoi97razm,12,1559,410,361,448,DNoHelmet
_hoi97razm,13,1490,399,384,433,DNoHelmet
_hoi97razm,14,1424,394,360,418,DNoHelmet
_hoi97razm,15,1365,391,337,400,DNoHelmet
_hoi97razm,16,1313,379,317,393,DNoHelmet
_hoi97razm,17,1262,376,302,381,DNoHelmet
_hoi97razm,18,1213,376,299,368,DNoHelmet
_hoi97razm,19,1165,373,300,358,DNoHelmet
_hoi97razm,20,1118,366,300,355,DNoHelmet
_hoi97razm,21,1070,361,311,348,DNoHelmet
_hoi97razm,22,1028,357,315,348,DNoHelmet
_hoi97razm,23,991,354,309,338,DNoHelmet
_hoi97razm,24,958,348,302,336,DNoHelmet
_hoi97razm,25,929,350,289,327,DNoHelmet
_hoi97razm,26,900,346,275,321,DNoHelmet
_hoi97razm,27,873,342,258,317,DNoHelmet
_hoi97razm,28,847,339,245,312,DNoHelmet
_hoi97razm,29,819,332,231,308,DNoHelmet
_hoi97razm,30,797,329,214,302,DNoHelmet
_hoi97razm,31,774,326,198,297,DNoHelmet
_hoi97razm,32,749,323,187,291,DNoHelmet
_hoi97razm,33,724,319,176,286,DNoHelmet
_hoi97razm,34,697,316,168,280,DNoHelmet
_hoi97razm,35,670,313,167,274,DNoHelmet
_hoi97razm,36,645,309,164,269,DNoHelmet
_hoi97razm,37,615,306,162,263,DNoHelmet
_hoi97razm,38,585,302,159,257,DNoHelmet
_hoi97razm,39,558,300,156,250,DNoHelmet
_hoi97razm,40,531,298,152,244,DNoHelmet
_hoi97razm,41,504,296,148,237,DNoHelmet
_hoi97razm,42,480,294,144,231,DNoHelmet
_hoi97razm,43,457,291,139,227,DNoHelmet
_hoi97razm,44,437,287,132,223,DNoHelmet
_hoi97razm,45,417,284,126,217,DNoHelmet
_hoi97razm,46,405,282,114,213,DNoHelmet
_hoi97razm,47,392,280,104,208,DNoHelmet
_hoi97razm,48,375,278,101,203,DNoHelmet
_hoi97razm,49,358,276,98,199,DNoHelmet
_hoi97razm,50,341,273,95,195,DNoHelmet
_hoi97razm,51,329,271,93,190,DNoHelmet
_hoi97razm,52,318,269,89,186,DNoHelmet
_hoi97razm,53,306,267,87,181,DNoHelmet
_hoi97razm,54,294,265,84,177,DNoHelmet
_hoi97razm,55,282,263,82,172,DNoHelmet
_hoi97razm,56,270,261,79,168,DNoHelmet
_hoi97razm,57,257,259,79,165,DNoHelmet
_hoi97razm,58,244,258,79,161,DNoHelmet
_hoi97razm,59,231,257,80,158,DNoHelmet
_hoi97razm,60,218,255,80,155,DNoHelmet
_hoi97razm,61,207,254,78,151,DNoHelmet
_hoi97razm,62,196,252,76,148,DNoHelmet
_hoi97razm,63,184,251,76,145,DNoHelmet
_hoi97razm,64,173,250,74,141,DNoHelmet
_hoi97razm,65,162,248,72,138,DNoHelmet
_hoi97razm,66,152,246,71,137,DNoHelmet
_hoi97razm,67,142,244,69,135,DNoHelmet
_hoi97razm,68,131,242,68,133,DNoHelmet
_hoi97razm,69,121,240,67,132,DNoHelmet
_lc35s1ou9,19,1607,408,313,384,DHelmetP1Helmet
_lc35s1ou9,20,1572,405,348,379,DHelmetP1Helmet
_lc35s1ou9,21,1541,402,373,375,DHelmetP1Helmet
_lc35s1ou9,22,1516,400,373,372,DHelmetP1Helmet
_lc35s1ou9,23,1491,399,372,367,DHelmetP1Helmet
_lc35s1ou9,24,1467,398,370,363,DHelmetP1Helmet
_lc35s1ou9,25,1451,396,368,362,DHelmetP1Helmet
_lc35s1ou9,26,1434,394,367,361,DHelmetP1Helmet
_lc35s1ou9,27,1418,392,365,360,DHelmetP1Helmet
_lc35s1ou9,28,1402,390,363,358,DHelmetP1Helmet
_lc35s1ou9,29,1389,390,361,355,DHelmetP1Helmet
_lc35s1ou9,30,1376,390,358,352,DHelmetP1Helmet
_lc35s1ou9,31,1361,388,352,350,DHelmetP1Helmet
_lc35s1ou9,32,1345,387,346,348,DHelmetP1Helmet
_lc35s1ou9,33,1325,383,344,348,DHelmetP1Helmet
_lc35s1ou9,34,1305,380,342,348,DHelmetP1Helmet
_lc35s1ou9,35,1285,377,334,345,DHelmetP1Helmet
_lc35s1ou9,36,1265,373,326,344,DHelmetP1Helmet
_lc35s1ou9,37,1249,372,312,339,DHelmetP1Helmet
_lc35s1ou9,38,1232,370,299,335,DHelmetP1Helmet
_lc35s1ou9,39,1210,367,287,330,DHelmetP1Helmet
_lc35s1ou9,40,1187,364,276,326,DHelmetP1Helmet
_lc35s1ou9,41,1165,362,265,321,DHelmetP1Helmet
_lc35s1ou9,42,1140,359,253,316,DHelmetP1Helmet
_lc35s1ou9,43,1115,356,242,312,DHelmetP1Helmet
_lc35s1ou9,44,1086,353,234,307,DHelmetP1Helmet
_lc35s1ou9,45,1056,350,227,303,DHelmetP1Helmet
_lc35s1ou9,46,1026,347,221,299,DHelmetP1Helmet
_lc35s1ou9,47,999,344,220,293,DHelmetP1Helmet
_lc35s1ou9,48,971,341,220,288,DHelmetP1Helmet
_lc35s1ou9,49,943,337,212,283,DHelmetP1Helmet
_lc35s1ou9,50,916,334,203,277,DHelmetP1Helmet
_lc35s1ou9,51,888,331,195,272,DHelmetP1Helmet
_lc35s1ou9,52,861,327,190,268,DHelmetP1Helmet
_lc35s1ou9,53,834,324,185,263,DHelmetP1Helmet
_lc35s1ou9,54,807,321,180,258,DHelmetP1Helmet
_lc35s1ou9,55,778,318,175,253,DHelmetP1Helmet
_lc35s1ou9,56,749,316,170,248,DHelmetP1Helmet
_lc35s1ou9,57,720,314,165,243,DHelmetP1Helmet
_lc35s1ou9,58,691,311,159,238,DHelmetP1Helmet
_lc35s1ou9,59,662,308,154,233,DHelmetP1Helmet
_lc35s1ou9,60,632,305,149,229,DHelmetP1Helmet
_lc35s1ou9,61,607,302,144,224,DHelmetP1Helmet
_lc35s1ou9,62,582,299,138,219,DHelmetP1Helmet
_lc35s1ou9,63,556,296,134,215,DHelmetP1Helmet
_lc35s1ou9,64,531,294,128,209,DHelmetP1Helmet
_lc35s1ou9,65,509,291,122,205,DHelmetP1Helmet
_lc35s1ou9,66,488,289,115,199,DHelmetP1Helmet
_lc35s1ou9,67,466,286,109,195,DHelmetP1Helmet
_lc35s1ou9,68,439,284,108,190,DHelmetP1Helmet
_lc35s1ou9,69,418,281,107,187,DHelmetP1Helmet
_lc35s1ou9,70,397,279,106,183,DHelmetP1Helmet
_lc35s1ou9,71,379,276,103,179,DHelmetP1Helmet
_lc35s1ou9,72,361,273,99,176,DHelmetP1Helmet
_lc35s1ou9,73,343,271,95,172,DHelmetP1Helmet
_lc35s1ou9,74,325,268,91,169,DHelmetP1Helmet
_lc35s1ou9,75,307,267,91,166,DHelmetP1Helmet
_lc35s1ou9,76,289,267,91,161,DHelmetP1Helmet
_lc35s1ou9,77,271,266,91,158,DHelmetP1Helmet
_lc35s1ou9,78,259,264,86,155,DHelmetP1Helmet
_lc35s1ou9,79,248,262,80,151,DHelmetP1Helmet
_lc35s1ou9,80,236,261,75,147,DHelmetP1Helmet
_lc35s1ou9,81,224,259,74,145,DHelmetP1Helmet
_lc35s1ou9,82,212,257,72,143,DHelmetP1Helmet
_lc35s1ou9,83,201,255,70,141,DHelmetP1Helmet
_lc35s1ou9,84,189,253,69,139,DHelmetP1Helmet
_lc35s1ou9,85,177,251,68,136,DHelmetP1Helmet
_lc35s1ou9,86,165,249,67,134,DHelmetP1Helmet
_lc35s1ou9,87,153,247,66,132,DHelmetP1Helmet
_fx7ia7fyq,45,1547,395,373,524,DNoHelmet
_fx7ia7fyq,46,1457,388,388,492,DNoHelmet
_fx7ia7fyq,47,1372,376,358,471,DNoHelmet
_fx7ia7fyq,48,1295,368,328,445,DNoHelmet
_fx7ia7fyq,49,1223,362,301,424,DNoHelmet
_fx7ia7fyq,50,1154,353,282,408,DNoHelmet
_fx7ia7fyq,51,1092,347,262,389,DNoHelmet
_fx7ia7fyq,52,1031,342,243,371,DNoHelmet
_fx7ia7fyq,53,973,337,228,355,DNoHelmet
_fx7ia7fyq,54,917,327,218,343,DNoHelmet
_fx7ia7fyq,55,864,320,206,332,DNoHelmet
_fx7ia7fyq,56,814,316,195,320,DNoHelmet
_fx7ia7fyq,57,763,312,186,308,DNoHelmet
_fx7ia7fyq,58,715,306,180,298,DNoHelmet
_fx7ia7fyq,59,667,301,173,287,DNoHelmet
_fx7ia7fyq,60,622,296,166,279,DNoHelmet
_fx7ia7fyq,61,577,290,159,272,DNoHelmet
_fx7ia7fyq,62,536,287,149,262,DNoHelmet
_fx7ia7fyq,63,496,283,139,253,DNoHelmet
_fx7ia7fyq,64,459,278,131,248,DNoHelmet
_fx7ia7fyq,65,424,275,129,240,DNoHelmet
_fx7ia7fyq,66,389,272,126,233,DNoHelmet
_fx7ia7fyq,67,359,269,117,225,DNoHelmet
_fx7ia7fyq,68,330,266,111,217,DNoHelmet
_fx7ia7fyq,69,301,263,105,208,DNoHelmet
_fx7ia7fyq,70,276,261,100,203,DNoHelmet
_fx7ia7fyq,71,252,258,95,200,DNoHelmet
_fx7ia7fyq,72,233,256,87,195,DNoHelmet
_fx7ia7fyq,73,214,253,83,191,DNoHelmet
_fx7ia7fyq,74,195,251,80,186,DNoHelmet
_fx7ia7fyq,75,176,249,79,180,DNoHelmet
_fx7ia7fyq,76,158,247,77,175,DNoHelmet
_fx7ia7fyq,77,143,247,76,169,DNoHelmet
_fx7ia7fyq,78,129,246,75,164,DNoHelmet
_fx7ia7fyq,79,115,244,74,160,DNoHelmet
_fx7ia7fyq,80,102,242,72,156,DNoHelmet
_fx7ia7fyq,81,91,239,71,156,DNoHelmet
_fx7ia7fyq,82,80,236,71,155,DNoHelmet
_y8nixje0i,52,1529,418,391,396,DHelmetP1Helmet
_y8nixje0i,53,1456,412,401,384,DHelmetP1Helmet
_y8nixje0i,54,1391,403,374,372,DHelmetP1Helmet
_y8nixje0i,55,1334,396,350,362,DHelmetP1Helmet
_y8nixje0i,56,1276,390,326,352,DHelmetP1Helmet
_y8nixje0i,57,1224,383,307,342,DHelmetP1Helmet
_y8nixje0i,58,1172,376,287,333,DHelmetP1Helmet
_y8nixje0i,59,1127,371,268,323,DHelmetP1Helmet
_y8nixje0i,60,1081,365,251,314,DHelmetP1Helmet
_y8nixje0i,61,1038,360,239,305,DHelmetP1Helmet
_y8nixje0i,62,995,356,227,296,DHelmetP1Helmet
_y8nixje0i,63,956,349,215,288,DHelmetP1Helmet
_y8nixje0i,64,918,346,205,278,DHelmetP1Helmet
_y8nixje0i,65,881,342,195,270,DHelmetP1Helmet
_y8nixje0i,66,847,337,186,264,DHelmetP1Helmet
_y8nixje0i,67,812,332,177,259,DHelmetP1Helmet
_y8nixje0i,68,781,329,171,253,DHelmetP1Helmet
_y8nixje0i,69,750,325,166,247,DHelmetP1Helmet
_y8nixje0i,70,719,321,160,242,DHelmetP1Helmet
_y8nixje0i,71,692,317,154,236,DHelmetP1Helmet
_y8nixje0i,72,666,312,146,231,DHelmetP1Helmet
_y8nixje0i,73,639,308,140,224,DHelmetP1Helmet
_y8nixje0i,74,617,306,133,219,DHelmetP1Helmet
_y8nixje0i,75,595,305,127,214,DHelmetP1Helmet
_y8nixje0i,76,575,301,120,208,DHelmetP1Helmet
_y8nixje0i,77,555,297,114,202,DHelmetP1Helmet
_y8nixje0i,78,537,295,110,198,DHelmetP1Helmet
_y8nixje0i,79,520,294,105,193,DHelmetP1Helmet
_y8nixje0i,80,503,292,101,189,DHelmetP1Helmet
_y8nixje0i,81,488,290,97,185,DHelmetP1Helmet
_y8nixje0i,82,473,288,92,181,DHelmetP1Helmet
_y8nixje0i,83,458,286,88,177,DHelmetP1Helmet
_y8nixje0i,84,443,284,84,173,DHelmetP1Helmet
_y8nixje0i,85,428,282,83,170,DHelmetP1Helmet
_y8nixje0i,86,414,280,82,168,DHelmetP1Helmet
_y8nixje0i,87,399,278,81,166,DHelmetP1Helmet
_y8nixje0i,88,385,276,79,163,DHelmetP1Helmet
_y8nixje0i,89,370,274,79,161,DHelmetP1Helmet
_y8nixje0i,90,356,273,77,158,DHelmetP1Helmet
_y8nixje0i,91,343,271,78,155,DHelmetP1Helmet
_y8nixje0i,92,331,269,77,152,DHelmetP1Helmet
_y8nixje0i,93,318,268,78,149,DHelmetP1Helmet
_y8nixje0i,94,306,266,77,146,DHelmetP1Helmet
_7pu9nxwfz,61,1501,421,419,505,DHelmet
_7pu9nxwfz,62,1397,409,430,478,DHelmet
_7pu9nxwfz,63,1302,395,391,452,DHelmet
_7pu9nxwfz,64,1215,386,356,433,DHelmet
_7pu9nxwfz,65,1141,376,327,414,DHelmet
_7pu9nxwfz,66,1066,365,300,396,DHelmet
_7pu9nxwfz,67,1006,359,275,377,DHelmet
_7pu9nxwfz,68,946,353,250,358,DHelmet
_7pu9nxwfz,69,896,343,232,347,DHelmet
_7pu9nxwfz,70,847,334,214,335,DHelmet
_7pu9nxwfz,71,806,329,198,323,DHelmet
_7pu9nxwfz,72,765,325,182,309,DHelmet
_7pu9nxwfz,73,728,320,172,298,DHelmet
_7pu9nxwfz,74,691,314,161,288,DHelmet
_7pu9nxwfz,75,655,309,156,280,DHelmet
_7pu9nxwfz,76,620,305,149,271,DHelmet
_7pu9nxwfz,77,588,301,145,263,DHelmet
_7pu9nxwfz,78,556,297,141,255,DHelmet
_7pu9nxwfz,79,527,294,138,246,DHelmet
_7pu9nxwfz,80,498,291,134,238,DHelmet
_7pu9nxwfz,81,471,289,130,230,DHelmet
_7pu9nxwfz,82,444,287,126,221,DHelmet
_7pu9nxwfz,83,419,283,121,216,DHelmet
_7pu9nxwfz,84,394,278,117,212,DHelmet
_7pu9nxwfz,85,374,276,112,207,DHelmet
_7pu9nxwfz,86,353,274,108,202,DHelmet
_7pu9nxwfz,87,335,272,103,197,DHelmet
_7pu9nxwfz,88,316,270,100,191,DHelmet
_7pu9nxwfz,89,297,267,101,187,DHelmet
_7pu9nxwfz,90,278,264,102,183,DHelmet
_7pu9nxwfz,91,262,263,99,178,DHelmet
_7pu9nxwfz,92,245,261,96,174,DHelmet
_7pu9nxwfz,93,229,259,92,171,DHelmet
_7pu9nxwfz,94,216,257,90,168,DHelmet
_7pu9nxwfz,95,203,256,88,164,DHelmet
_7pu9nxwfz,96,190,254,85,161,DHelmet
_7pu9nxwfz,97,177,252,83,158,DHelmet
_7pu9nxwfz,98,164,251,81,154,DHelmet
_7pu9nxwfz,99,153,249,79,152,DHelmet
_7pu9nxwfz,100,141,247,78,150,DHelmet
_eba5t5ham,22,0,272,73,222,DNoHelmet
_eba5t5ham,23,0,278,92,231,DNoHelmet
_eba5t5ham,24,5,285,106,239,DNoHelmet
_eba5t5ham,25,11,291,120,247,DNoHelmet
_eba5t5ham,26,26,295,128,261,DNoHelmet
_eba5t5ham,27,46,302,134,276,DNoHelmet
_eba5t5ham,28,66,309,140,290,DNoHelmet
_eba5t5ham,29,90,314,148,306,DNoHelmet
_eba5t5ham,30,115,320,154,321,DNoHelmet
_eba5t5ham,31,143,325,161,340,DNoHelmet
_eba5t5ham,32,177,336,168,359,DNoHelmet
_eba5t5ham,33,211,347,179,380,DNoHelmet
_eba5t5ham,34,246,358,190,401,DNoHelmet
_eba5t5ham,35,287,366,206,436,DNoHelmet
_eba5t5ham,36,328,375,223,470,DNoHelmet
_eba5t5ham,37,381,392,241,506,DNoHelmet
_eba5t5ham,38,435,410,259,542,DNoHelmet
_eba5t5ham,39,495,430,284,589,DNoHelmet
_eba5t5ham,40,565,450,325,630,DNoHelmet
_eba5t5ham,41,645,466,374,614,DNoHelmet
_eba5t5ham,42,735,502,422,578,DNoHelmet
_eba5t5ham,43,840,535,457,545,DNoHelmet
_eba5t5ham,44,969,572,521,508,DNoHelmet
_eba5t5ham,45,1110,626,581,454,DNoHelmet
_ydz4iszau,72,1555,445,365,509,DNoHelmetP1NoHelmet
_ydz4iszau,73,1433,429,401,472,DNoHelmetP1NoHelmet
_ydz4iszau,74,1323,409,345,444,DNoHelmetP1NoHelmet
_ydz4iszau,75,1227,394,335,417,DNoHelmetP1NoHelmet
_ydz4iszau,76,1140,380,286,397,DNoHelmetP1NoHelmet
_ydz4iszau,77,1069,372,267,376,DNoHelmetP1NoHelmet
_ydz4iszau,78,998,364,247,354,DNoHelmetP1NoHelmet
_ydz4iszau,79,939,354,225,339,DNoHelmetP1NoHelmet
_ydz4iszau,80,881,344,201,323,DNoHelmetP1NoHelmet
_ydz4iszau,81,830,338,188,310,DNoHelmetP1NoHelmet
_ydz4iszau,82,779,332,175,296,DNoHelmetP1NoHelmet
_ydz4iszau,83,735,327,167,283,DNoHelmetP1NoHelmet
_ydz4iszau,84,692,321,158,271,DNoHelmetP1NoHelmet
_ydz4iszau,85,649,315,154,263,DNoHelmetP1NoHelmet
_ydz4iszau,86,606,309,151,256,DNoHelmetP1NoHelmet
_ydz4iszau,87,563,303,154,249,DNoHelmetP1NoHelmet
_ydz4iszau,88,531,298,146,240,DNoHelmetP1NoHelmet
_ydz4iszau,89,498,294,151,233,DNoHelmetP1NoHelmet
_ydz4iszau,90,466,291,154,224,DNoHelmetP1NoHelmet
_ydz4iszau,91,433,288,159,215,DNoHelmetP1NoHelmet
_ydz4iszau,92,401,285,162,210,DNoHelmetP1NoHelmet
_ydz4iszau,93,377,282,157,205,DNoHelmetP1NoHelmet
_ydz4iszau,94,359,278,147,200,DNoHelmetP1NoHelmet
_ydz4iszau,95,346,275,131,194,DNoHelmetP1NoHelmet
_ydz4iszau,96,331,272,118,191,DNoHelmetP1NoHelmet
_ydz4iszau,97,318,269,102,185,DNoHelmetP1NoHelmet
_ydz4iszau,98,295,266,97,183,DNoHelmetP1NoHelmet
_ydz4iszau,99,280,261,92,178,DNoHelmetP1NoHelmet
_ydz4iszau,100,262,262,87,172,DNoHelmetP1NoHelmet
_vraokx1lu,83,3,262,98,210,DHelmet
_vraokx1lu,84,8,263,105,216,DHelmet
_vraokx1lu,85,13,264,112,222,DHelmet
_vraokx1lu,86,26,265,112,227,DHelmet
_vraokx1lu,87,37,267,116,227,DHelmet
_vraokx1lu,88,49,269,119,232,DHelmet
_vraokx1lu,89,63,271,123,238,DHelmet
_vraokx1lu,90,76,273,129,244,DHelmet
_vraokx1lu,91,94,276,132,250,DHelmet
_vraokx1lu,92,111,280,136,255,DHelmet
_vraokx1lu,93,131,283,144,261,DHelmet
_vraokx1lu,94,151,285,153,267,DHelmet
_vraokx1lu,95,171,287,150,272,DHelmet
_vraokx1lu,96,193,290,157,278,DHelmet
_vraokx1lu,97,215,293,164,284,DHelmet
_vraokx1lu,98,243,296,168,289,DHelmet
_vraokx1lu,99,269,297,176,296,DHelmet
_vraokx1lu,100,298,302,184,301,DHelmet
_h0d91vlpp,78,1647,405,273,365,DHelmet
_h0d91vlpp,79,1619,401,301,363,DHelmet
_h0d91vlpp,80,1589,398,331,363,DHelmet
_h0d91vlpp,81,1563,396,357,363,DHelmet
_h0d91vlpp,82,1534,391,386,363,DHelmet
_h0d91vlpp,83,1505,388,395,360,DHelmet
_h0d91vlpp,84,1472,386,383,357,DHelmet
_h0d91vlpp,85,1441,382,371,354,DHelmet
_h0d91vlpp,86,1409,378,361,351,DHelmet
_h0d91vlpp,87,1377,375,350,348,DHelmet
_h0d91vlpp,88,1345,371,339,345,DHelmet
_h0d91vlpp,89,1315,369,332,341,DHelmet
_h0d91vlpp,90,1286,367,324,337,DHelmet
_h0d91vlpp,91,1257,365,316,333,DHelmet
_h0d91vlpp,92,1228,362,310,329,DHelmet
_h0d91vlpp,93,1199,359,305,325,DHelmet
_h0d91vlpp,94,1177,356,292,321,DHelmet
_h0d91vlpp,95,1154,354,280,316,DHelmet
_h0d91vlpp,96,1131,352,269,312,DHelmet
_h0d91vlpp,97,1105,350,260,308,DHelmet
_h0d91vlpp,98,1080,348,251,304,DHelmet
_h0d91vlpp,99,1054,346,242,300,DHelmet
_h0d91vlpp,100,1028,344,234,296,DHelmet
