track_id,frame_id,x,y,w,h,label
_bew2vpuiv,1,126,251,79,170,DHelmetP1Helmet
_bew2vpuiv,2,141,252,83,175,DHelmetP1Helmet
_bew2vpuiv,3,157,253,85,179,DHelmetP1Helmet
_bew2vpuiv,4,176,255,87,184,DHelmetP1Helmet
_bew2vpuiv,5,194,257,90,189,DHelmetP1Helmet
_bew2vpuiv,6,213,259,92,193,DHelmetP1Helmet
_bew2vpuiv,7,232,262,95,198,DHelmetP1Helmet
_bew2vpuiv,8,252,264,97,203,DHelmetP1Helmet
_bew2vpuiv,9,272,267,99,207,DHelmetP1Helmet
_bew2vpuiv,10,292,269,102,212,DHelmetP1Helmet
_bew2vpuiv,11,314,272,105,217,DHelmetP1Helmet
_bew2vpuiv,12,336,274,108,223,DHelmetP1Helmet
_bew2vpuiv,13,358,277,111,228,DHelmetP1Helmet
_bew2vpuiv,14,381,279,113,234,DHelmetP1Helmet
_bew2vpuiv,15,407,282,118,240,DHelmetP1Helmet
_bew2vpuiv,16,432,285,123,247,DHelmetP1Helmet
_bew2vpuiv,17,458,288,128,253,DHelmetP1Helmet
_bew2vpuiv,18,487,291,133,260,DHelmetP1Helmet
_bew2vpuiv,19,515,294,138,266,DHelmetP1Helmet
_bew2vpuiv,20,548,299,143,273,DHelmetP1Helmet
_bew2vpuiv,21,580,303,149,282,DHelmetP1Helmet
_bew2vpuiv,22,614,306,157,291,DHelmetP1Helmet
_bew2vpuiv,23,647,310,165,298,DHelmetP1Helmet
_bew2vpuiv,24,684,314,174,307,DHelmetP1Helmet
_bew2vpuiv,25,722,319,181,315,DHelmetP1Helmet
_bew2vpuiv,26,759,323,189,323,DHelmetP1Helmet
_bew2vpuiv,27,798,327,198,334,DHelmetP1Helmet
_bew2vpuiv,28,838,332,206,344,DHelmetP1Helmet
_bew2vpuiv,29,878,336,214,355,DHelmetP1Helmet
_bew2vpuiv,30,921,341,222,366,DHelmetP1Helmet
_bew2vpuiv,31,963,346,231,377,DHelmetP1Helmet
_bew2vpuiv,32,1006,352,245,389,DHelmetP1Helmet
_bew2vpuiv,33,1049,357,260,402,DHelmetP1Helmet
_bew2vpuiv,34,1096,363,275,414,DHelmetP1Helmet
_bew2vpuiv,35,1143,369,290,427,DHelmetP1Helmet
_bew2vpuiv,36,1190,375,305,439,DHelmetP1Helmet
_bew2vpuiv,37,1240,380,320,456,DHelmetP1Helmet
_bew2vpuiv,38,1290,386,335,471,DHelmetP1Helmet
_bew2vpuiv,39,1341,389,351,490,DHelmetP1Helmet
_bew2vpuiv,40,1395,398,370,505,DHelmetP1Helmet
_bew2vpuiv,41,1448,406,391,521,DHelmetP1Helmet
_bew2vpuiv,42,1508,412,412,541,DHelmetP1Helmet
_bew2vpuiv,43,1566,420,354,553,DHelmetP1Helmet
_bew2vpuiv,44,1624,426,296,509,DHelmetP1Helmet
_2h06bpkvv,10,97,253,88,169,DHelmetP1Helmet
_2h06bpkvv,11,113,254,90,173,DHelmetP1Helmet
_2h06bpkvv,12,128,256,92,177,DHelmetP1Helmet
_2h06bpkvv,13,143,257,94,182,DHelmetP1Helmet
_2h06bpkvv,14,158,259,96,186,DHelmetP1Helmet
_2h06bpkvv,15,176,261,97,189,DHelmetP1Helmet
_2h06bpkvv,16,193,263,98,193,DHelmetP1Helmet
_2h06bpkvv,17,210,265,100,197,DHelmetP1Helmet
_2h06bpkvv,18,227,267,101,201,DHelmetP1Helmet
_2h06bpkvv,19,244,269,103,205,DHelmetP1Helmet
_2h06bpkvv,20,262,271,107,210,DHelmetP1Helmet
_2h06bpkvv,21,281,273,110,214,DHelmetP1Helmet
_2h06bpkvv,22,299,275,114,219,DHelmetP1Helmet
_2h06bpkvv,23,317,277,118,224,DHelmetP1Helmet
_2h06bpkvv,24,336,279,121,228,DHelmetP1Helmet
_2h06bpkvv,25,357,282,125,233,DHelmetP1Helmet
_2h06bpkvv,26,379,285,129,238,DHelmetP1Helmet
_2h06bpkvv,27,400,288,134,242,DHelmetP1Helmet
_2h06bpkvv,28,424,290,138,248,DHelmetP1Helmet
_2h06bpkvv,29,447,292,143,253,DHelmetP1Helmet
_2h06bpkvv,30,472,295,145,260,DHelmetP1Helmet
_2h06bpkvv,31,498,297,146,268,DHelmetP1Helmet
_2h06bpkvv,32,523,300,149,274,DHelmetP1Helmet
_2h06bpkvv,33,548,303,153,280,DHelmetP1Helmet
_2h06bpkvv,34,575,307,156,286,DHelmetP1Helmet
_2h06bpkvv,35,602,310,159,292,DHelmetP1Helmet
_2h06bpkvv,36,629,313,163,299,DHelmetP1Helmet
_2h06bpkvv,37,655,316,169,306,DHelmetP1Helmet
_2h06bpkvv,38,682,319,174,312,DHelmetP1Helmet
_2h06bpkvv,39,709,322,178,319,DHelmetP1Helmet
_2h06bpkvv,40,739,326,185,327,DHelmetP1Helmet
_2h06bpkvv,41,768,329,193,336,DHelmetP1Helmet
_2h06bpkvv,42,798,332,200,345,DHelmetP1Helmet
_2h06bpkvv,43,827,336,211,354,DHelmetP1Helmet
_2h06bpkvv,44,857,339,221,363,DHelmetP1Helmet
_2h06bpkvv,45,890,341,230,372,DHelmetP1Helmet
_2h06bpkvv,46,923,346,240,379,DHelmetP1Helmet
_2h06bpkvv,47,956,351,250,386,DHelmetP1Helmet
_2h06bpkvv,48,992,357,259,394,DHelmetP1Helmet
_2h06bpkvv,49,1027,363,270,401,DHelmetP1Helmet
_2h06bpkvv,50,1065,368,282,409,DHelmetP1Helmet
_2h06bpkvv,51,1102,372,295,419,DHelmetP1Helmet
_2h06bpkvv,52,1138,377,311,429,DHelmetP1Helmet
_2h06bpkvv,53,1175,382,326,439,DHelmetP1Helmet
_2h06bpkvv,54,1215,387,342,449,DHelmetP1Helmet
_2h06bpkvv,55,1256,392,358,460,DHelmetP1Helmet
_2h06bpkvv,56,1294,395,376,472,DHelmetP1Helmet
_2h06bpkvv,57,1332,398,394,484,DHelmetP1Helmet
_2h06bpkvv,58,1377,404,409,495,DHelmetP1Helmet
_2h06bpkvv,59,1421,411,424,505,DHelmetP1Helmet
_2h06bpkvv,60,1465,417,439,516,DHelmetP1Helmet
_2h06bpkvv,61,1514,420,406,531,DHelmetP1Helmet
_2h06bpkvv,62,1563,424,357,536,DHelmetP1Helmet
_2h06bpkvv,63,1615,430,305,536,DHelmetP1Helmet
_1oxa98hv2,8,1236,363,195,249,DHelmetP1Helmet
_1oxa98hv2,9,1183,358,189,240,DHelmetP1Helmet
_1oxa98hv2,10,1132,353,181,233,DHelmetP1Helmet
_1oxa98hv2,11,1081,347,174,227,DHelmetP1Helmet
_1oxa98hv2,12,1034,342,168,221,DHelmetP1Helmet
_1oxa98hv2,13,988,336,162,217,DHelmetP1Helmet
_1oxa98hv2,14,947,331,155,211,DHelmetP1Helmet
_1oxa98hv2,15,906,326,148,206,DHelmetP1Helmet
_1oxa98hv2,16,864,321,143,201,DHelmetP1Helmet
_1oxa98hv2,17,826,316,137,197,DHelmetP1Helmet
_1oxa98hv2,18,791,312,132,193,DHelmetP1Helmet
_1oxa98hv2,19,755,308,127,190,DHelmetP1Helmet
_1oxa98hv2,20,720,305,122,185,DHelmetP1Helmet
_1oxa98hv2,21,689,302,118,181,DHelmetP1Helmet
_1oxa98hv2,22,657,299,116,176,DHelmetP1Helmet
_1oxa98hv2,23,626,296,113,172,DHelmetP1Helmet
_1oxa98hv2,24,595,293,109,168,DHelmetP1Helmet
_1oxa98hv2,25,564,291,106,162,DHelmetP1Helmet
_1oxa98hv2,26,535,287,104,160,DHelmetP1Helmet
_1oxa98hv2,27,509,285,102,157,DHelmetP1Helmet
_1oxa98hv2,28,483,283,100,154,DHelmetP1Helmet
_1oxa98hv2,29,457,280,98,152,DHelmetP1Helmet
_1oxa98hv2,30,431,278,95,149,DHelmetP1Helmet
_1oxa98hv2,31,405,276,93,146,DHelmetP1Helmet
_1oxa98hv2,32,382,273,91,143,DHelmetP1Helmet
_1oxa98hv2,33,359,270,89,140,DHelmetP1Helmet
_1oxa98hv2,34,339,268,87,139,DHelmetP1Helmet
_ybmofvtl9,13,1278,365,222,295,DHelmetP1Helmet
_ybmofvtl9,14,1213,353,213,292,DHelmetP1Helmet
_ybmofvtl9,15,1151,347,201,280,DHelmetP1Helmet
_ybmofvtl9,16,1094,342,191,271,DHelmetP1Helmet
_ybmofvtl9,17,1036,337,183,262,DHelmetP1Helmet
_ybmofvtl9,18,985,332,174,253,DHelmetP1Helmet
_ybmofvtl9,19,934,328,165,243,DHelmetP1Helmet
_ybmofvtl9,20,889,323,157,235,DHelmetP1Helmet
_ybmofvtl9,21,843,318,149,228,DHelmetP1Helmet
_ybmofvtl9,22,800,312,145,224,DHelmetP1Helmet
_ybmofvtl9,23,752,306,145,221,DHelmetP1Helmet
_ybmofvtl9,24,719,304,139,213,DHelmetP1Helmet
_ybmofvtl9,25,686,301,132,206,DHelmetP1Helmet
_ybmofvtl9,26,651,298,126,201,DHelmetP1Helmet
_ybmofvtl9,27,616,295,121,196,DHelmetP1Helmet
_ybmofvtl9,28,582,292,114,190,DHelmetP1Helmet
_ybmofvtl9,29,555,289,110,186,DHelmetP1Helmet
_ybmofvtl9,30,528,287,106,181,DHelmetP1Helmet
_ybmofvtl9,31,501,284,102,177,DHelmetP1Helmet
_ybmofvtl9,32,474,282,97,172,DHelmetP1Helmet
_ybmofvtl9,33,452,279,88,168,DHelmetP1Helmet
_ybmofvtl9,34,430,275,85,166,DHelmetP1Helmet
_ybmofvtl9,35,409,272,81,163,DHelmetP1Helmet
_ybmofvtl9,36,388,268,77,160,DHelmetP1Helmet
_ybmofvtl9,37,363,266,80,158,DHelmetP1Helmet
_ybmofvtl9,38,338,265,83,154,DHelmetP1Helmet
_ybmofvtl9,39,319,262,82,153,DHelmetP1Helmet
_ybmofvtl9,40,301,259,80,153,DHelmetP1Helmet
_u8no23b5z,17,1356,370,242,307,DHelmetP1Helmet
_u8no23b5z,18,1282,367,229,289,DHelmetP1Helmet
_u8no23b5z,19,1214,360,213,278,DHelmetP1Helmet
_u8no23b5z,20,1152,349,196,272,DHelmetP1Helmet
_u8no23b5z,21,1093,344,185,262,DHelmetP1Helmet
_u8no23b5z,22,1041,339,172,252,DHelmetP1Helmet
_u8no23b5z,23,991,333,163,242,DHelmetP1Helmet
_u8no23b5z,24,946,329,151,234,DHelmetP1Helmet
_u8no23b5z,25,905,324,144,228,DHelmetP1Helmet
_u8no23b5z,26,865,319,135,222,DHelmetP1Helmet
_u8no23b5z,27,830,316,128,215,DHelmetP1Helmet
_u8no23b5z,28,796,312,120,210,DHelmetP1Helmet
_u8no23b5z,29,762,306,113,205,DHelmetP1Helmet
_u8no23b5z,30,729,301,105,199,DHelmetP1Helmet
_u8no23b5z,31,698,299,101,192,DHelmetP1Helmet
_u8no23b5z,32,667,298,97,185,DHelmetP1Helmet
_u8no23b5z,33,638,295,95,180,DHelmetP1Helmet
_u8no23b5z,34,610,291,92,177,DHelmetP1Helmet
_u8no23b5z,35,582,288,89,172,DHelmetP1Helmet
_u8no23b5z,36,556,286,87,168,DHelmetP1Helmet
_u8no23b5z,37,530,283,84,164,DHelmetP1Helmet
_u8no23b5z,38,506,281,82,160,DHelmetP1Helmet
_u8no23b5z,39,483,279,79,156,DHelmetP1Helmet
_u8no23b5z,40,460,276,77,153,DHelmetP1Helmet
_u8no23b5z,41,437,273,75,150,DHelmetP1Helmet
_u8no23b5z,42,416,271,74,147,DHelmetP1Helmet
_u8no23b5z,43,396,268,73,144,DHelmetP1Helmet
_b2wgbppo6,24,1589,399,303,339,DHelmetP1Helmet
_b2wgbppo6,25,1525,390,281,330,DHelmetP1Helmet
_b2wgbppo6,26,1464,385,263,318,DHelmetP1Helmet
_b2wgbppo6,27,1409,379,243,308,DHelmetP1Helmet
_b2wgbppo6,28,1358,374,227,295,DHelmetP1Helmet
_b2wgbppo6,29,1308,367,213,288,DHelmetP1Helmet
_b2wgbppo6,30,1261,362,200,277,DHelmetP1Helmet
_b2wgbppo6,31,1216,356,189,271,DHelmetP1Helmet
_b2wgbppo6,32,1173,351,181,264,DHelmetP1Helmet
_b2wgbppo6,33,1130,347,174,257,DHelmetP1Helmet
_b2wgbppo6,34,1092,343,166,249,DHelmetP1Helmet
_b2wgbppo6,35,1055,339,158,241,DHelmetP1Helmet
_b2wgbppo6,36,1019,335,150,234,DHelmetP1Helmet
_b2wgbppo6,37,984,331,145,228,DHelmetP1Helmet
_b2wgbppo6,38,950,327,140,223,DHelmetP1Helmet
_b2wgbppo6,39,917,324,135,216,DHelmetP1Helmet
_b2wgbppo6,40,885,321,132,211,DHelmetP1Helmet
_b2wgbppo6,41,857,317,128,207,DHelmetP1Helmet
_b2wgbppo6,42,829,313,124,204,DHelmetP1Helmet
_b2wgbppo6,43,800,309,121,200,DHelmetP1Helmet
_b2wgbppo6,44,772,305,117,196,DHelmetP1Helmet
_b2wgbppo6,45,747,304,113,192,DHelmetP1Helmet
_b2wgbppo6,46,722,301,111,189,DHelmetP1Helmet
_b2wgbppo6,47,698,298,108,185,DHelmetP1Helmet
_b2wgbppo6,48,677,295,105,182,DHelmetP1Helmet
_b2wgbppo6,49,657,293,101,179,DHelmetP1Helmet
_b2wgbppo6,50,637,291,99,175,DHelmetP1Helmet
_b2wgbppo6,51,618,290,96,171,DHelmetP1Helmet
_b2wgbppo6,52,598,288,94,168,DHelmetP1Helmet
_b2wgbppo6,53,579,286,91,165,DHelmetP1Helmet
_b2wgbppo6,54,562,285,89,161,DHelmetP1Helmet
_b2wgbppo6,55,545,283,87,158,DHelmetP1Helmet
_b2wgbppo6,56,528,282,86,154,DHelmetP1Helmet
_b2wgbppo6,57,511,280,84,151,DHelmetP1Helmet
_b2wgbppo6,58,497,277,83,149,DHelmetP1Helmet
_b2wgbppo6,59,483,275,83,146,DHelmetP1Helmet
_23s4q2pbb,47,1,261,156,205,DHelmetP1Helmet
_23s4q2pbb,48,8,262,157,206,DHelmetP1Helmet
_23s4q2pbb,49,15,263,159,208,DHelmetP1Helmet
_23s4q2pbb,50,29,264,153,209,DHelmetP1Helmet
_23s4q2pbb,51,43,265,149,211,DHelmetP1Helmet
_23s4q2pbb,52,58,266,148,213,DHelmetP1Helmet
_23s4q2pbb,53,72,267,148,215,DHelmetP1Helmet
_23s4q2pbb,54,87,269,147,216,DHelmetP1Helmet
_23s4q2pbb,55,101,270,147,218,DHelmetP1Helmet
_23s4q2pbb,56,115,271,148,219,DHelmetP1Helmet
_23s4q2pbb,57,130,272,147,221,DHelmetP1Helmet
_23s4q2pbb,58,146,273,146,225,DHelmetP1Helmet
_23s4q2pbb,59,162,275,146,228,DHelmetP1Helmet
_23s4q2pbb,60,179,276,145,231,DHelmetP1Helmet
_23s4q2pbb,61,195,278,144,234,DHelmetP1Helmet
_23s4q2pbb,62,211,280,142,237,DHelmetP1Helmet
_23s4q2pbb,63,228,281,139,241,DHelmetP1Helmet
_23s4q2pbb,64,243,283,139,245,DHelmetP1Helmet
_23s4q2pbb,65,258,285,140,249,DHelmetP1Helmet
_23s4q2pbb,66,273,286,140,254,DHelmetP1Helmet
_23s4q2pbb,67,288,288,140,259,DHelmetP1Helmet
_23s4q2pbb,68,304,290,141,263,DHelmetP1Helmet
_23s4q2pbb,69,319,291,142,268,DHelmetP1Helmet
_23s4q2pbb,70,334,293,149,273,DHelmetP1Helmet
_23s4q2pbb,71,349,295,155,277,DHelmetP1Helmet
_23s4q2pbb,72,369,298,162,282,DHelmetP1Helmet
_23s4q2pbb,73,389,301,169,286,DHelmetP1Helmet
_23s4q2pbb,74,409,304,176,291,DHelmetP1Helmet
_23s4q2pbb,75,433,306,183,298,DHelmetP1Helmet
_23s4q2pbb,76,457,308,191,305,DHelmetP1Helmet
_23s4q2pbb,77,484,312,200,311,DHelmetP1Helmet
_23s4q2pbb,78,511,315,209,318,DHelmetP1Helmet
_23s4q2pbb,79,542,317,218,325,DHelmetP1Helmet
_23s4q2pbb,80,573,320,228,332,DHelmetP1Helmet
_23s4q2pbb,81,608,325,240,338,DHelmetP1Helmet
_23s4q2pbb,82,644,329,251,346,DHelmetP1Helmet
_23s4q2pbb,83,684,334,262,355,DHelmetP1Helmet
_23s4q2pbb,84,724,338,273,364,DHelmetP1Helmet
_23s4q2pbb,85,764,342,284,374,DHelmetP1Helmet
_23s4q2pbb,86,812,347,294,383,DHelmetP1Helmet
_23s4q2pbb,87,859,352,305,392,DHelmetP1Helmet
_23s4q2pbb,88,908,357,319,404,DHelmetP1Helmet
_23s4q2pbb,89,957,362,333,415,DHelmetP1Helmet
_23s4q2pbb,90,1011,367,347,427,DHelmetP1Helmet
_23s4q2pbb,91,1067,373,365,441,DHelmetP1Helmet
_23s4q2pbb,92,1123,380,384,454,DHelmetP1Helmet
_23s4q2pbb,93,1185,385,405,473,DHelmetP1Helmet
_23s4q2pbb,94,1248,390,425,491,DHelmetP1Helmet
_23s4q2pbb,95,1318,396,450,509,DHelmetP1Helmet
_23s4q2pbb,96,1389,403,477,528,DHelmetP1Helmet
_23s4q2pbb,97,1469,413,451,546,DHelmetP1Helmet
_23s4q2pbb,98,1546,422,374,545,DHelmetP1Helmet
_23s4q2pbb,99,1626,429,294,545,DHelmetP1Helmet
_wdzjo465u,56,1676,403,244,339,DHelmet
_wdzjo465u,57,1588,398,307,325,DHelmet
_wdzjo465u,58,1510,389,278,315,DHelmet
_wdzjo465u,59,1422,380,258,292,DHelmet
_wdzjo465u,60,1346,374,235,285,DHelmet
_wdzjo465u,61,1277,367,226,282,DHelmet
_wdzjo465u,62,1213,360,217,274,DHelmet
_wdzjo465u,63,1154,354,205,264,DHelmet
_wdzjo465u,64,1100,347,189,255,DHelmet
_wdzjo465u,65,1049,341,172,247,DHelmet
_wdzjo465u,66,1003,336,160,238,DHelmet
_wdzjo465u,67,963,332,147,230,DHelmet
_wdzjo465u,68,922,328,135,222,DHelmet
_wdzjo465u,69,887,323,126,217,DHelmet
_wdzjo465u,70,852,317,117,214,DHelmet
_wdzjo465u,71,820,314,110,206,DHelmet
_wdzjo465u,72,789,310,103,199,DHelmet
_wdzjo465u,73,760,307,100,195,DHelmet
_wdzjo465u,74,731,303,97,191,DHelmet
_wdzjo465u,75,704,300,94,186,DHelmet
_wdzjo465u,76,676,296,92,181,DHelmet
_wdzjo465u,77,651,293,89,178,DHelmet
_wdzjo465u,78,625,291,87,174,DHelmet
_wdzjo465u,79,600,289,85,170,DHelmet
_wdzjo465u,80,575,287,83,166,DHelmet
_wdzjo465u,81,552,285,81,161,DHelmet
_wdzjo465u,82,530,282,78,158,DHelmet
_wdzjo465u,83,508,279,76,154,DHelmet
_5pck7rkac,68,1686,399,234,315,DHelmetP0NoHelmet
_5pck7rkac,69,1617,394,303,315,DHelmetP0NoHelmet
_5pck7rkac,70,1550,390,294,301,DHelmetP0NoHelmet
_5pck7rkac,71,1486,382,292,295,DHelmetP0NoHelmet
_5pck7rkac,72,1423,376,280,287,DHelmetP0NoHelmet
_5pck7rkac,73,1364,371,269,280,DHelmetP0NoHelmet
_5pck7rkac,74,1306,366,257,273,DHelmetP0NoHelmet
_5pck7rkac,75,1250,361,248,268,DHelmetP0NoHelmet
_5pck7rkac,76,1194,356,239,262,DHelmetP0NoHelmet
_5pck7rkac,77,1144,350,228,256,DHelmetP0NoHelmet
_5pck7rkac,78,1093,345,219,249,DHelmetP0NoHelmet
_5pck7rkac,79,1048,340,206,244,DHelmetP0NoHelmet
_5pck7rkac,80,1002,335,195,239,DHelmetP0NoHelmet
_5pck7rkac,81,960,332,177,236,DHelmetP0NoHelmet
_5pck7rkac,82,917,328,158,232,DHelmetP0NoHelmet
_5pck7rkac,83,878,324,140,224,DHelmetP0NoHelmet
_o2fk7ue3v,88,1654,388,266,345,DHelmet
_o2fk7ue3v,89,1574,382,307,331,DHelmet
_o2fk7ue3v,90,1497,375,268,319,DHelmet
_o2fk7ue3v,91,1426,370,269,308,DHelmet
_o2fk7ue3v,92,1355,362,250,297,DHelmet
_o2fk7ue3v,93,1291,357,240,286,DHelmet
_o2fk7ue3v,94,1231,350,235,279,DHelmet
_o2fk7ue3v,95,1172,345,227,270,DHelmet
_o2fk7ue3v,96,1115,338,218,258,DHelmet
_o2fk7ue3v,97,1062,332,203,248,DHelmet
_o2fk7ue3v,98,1010,325,197,245,DHelmet
_o2fk7ue3v,99,962,321,183,236,DHelmet
_o2fk7ue3v,100,917,318,172,231,DHelmet
_1wnfghko5,82,3,255,85,180,DHelmet
_1wnfghko5,83,17,258,80,186,DHelmet
_1wnfghko5,84,31,262,84,191,DHelmet
_1wnfghko5,85,45,266,88,195,DHelmet
_1wnfghko5,86,58,270,93,200,DHelmet
_1wnfghko5,87,76,275,92,205,DHelmet
_1wnfghko5,88,93,276,99,214,DHelmet
_1wnfghko5,89,112,277,102,226,DHelmet
_1wnfghko5,90,129,283,108,232,DHelmet
_1wnfghko5,91,151,285,111,243,DHelmet
_1wnfghko5,92,172,291,116,252,DHelmet
_1wnfghko5,93,194,296,122,262,DHelmet
_1wnfghko5,94,220,299,129,276,DHelmet
_1wnfghko5,95,249,302,135,289,DHelmet
_1wnfghko5,96,278,311,144,300,DHelmet
_1wnfghko5,97,307,319,141,313,DHelmet
_1wnfghko5,98,344,326,150,329,DHelmet
_1wnfghko5,99,382,328,160,349,DHelmet
_1wnfghko5,100,425,339,187,364,DHelmet
