track_id,frame_id,x,y,w,h,label
_09ysffanc,1,398,373,72,129,DHelmet
_09ysffanc,2,384,372,71,128,DHelmet
_09ysffanc,3,370,370,69,127,DHelmet
_i03tiwr1n,1,484,384,99,158,DNoHelmetP1NoHelmet
_i03tiwr1n,2,463,381,95,155,DNoHelmetP1NoHelmet
_i03tiwr1n,3,442,378,91,151,DNoHelmetP1NoHelmet
_i03tiwr1n,4,421,376,87,147,DNoHelmetP1NoHelmet
_i03tiwr1n,5,402,374,86,144,DNoHelmetP1NoHelmet
_i03tiwr1n,6,383,372,85,142,DNoHelmetP1NoHelmet
_i03tiwr1n,7,364,370,84,140,DNoHelmetP1NoHelmet
_sqmk9n4op,1,541,381,85,145,DHelmet
_sqmk9n4op,2,522,379,82,143,DHelmet
_sqmk9n4op,3,502,377,80,140,DHelmet
_sqmk9n4op,4,483,374,78,138,DHelmet
_sqmk9n4op,5,467,373,75,135,DHelmet
_sqmk9n4op,6,451,371,72,134,DHelmet
_sqmk9n4op,7,435,370,70,131,DHelmet
_e3346p5vw,1,750,400,112,199,DNoHelmet
_e3346p5vw,2,722,398,107,193,DNoHelmet
_e3346p5vw,3,694,395,102,187,DNoHelmet
_e3346p5vw,4,668,394,100,181,DNoHelmet
_e3346p5vw,5,641,392,98,175,DNoHelmet
_e3346p5vw,6,619,390,94,171,DNoHelmet
_e3346p5vw,7,598,388,89,167,DNoHelmet
_e3346p5vw,8,576,386,85,163,DNoHelmet
_e3346p5vw,9,554,383,83,160,DNoHelmet
_e3346p5vw,10,531,380,83,156,DNoHelmet
_e3346p5vw,11,509,377,82,153,DNoHelmet
_e3346p5vw,12,492,375,79,150,DNoHelmet
_e3346p5vw,13,474,374,77,147,DNoHelmet
_e3346p5vw,14,457,372,74,144,DNoHelmet
_e3346p5vw,15,439,371,72,140,DNoHelmet
_k3y5ewwd0,1,1110,443,179,253,DHelmetP1Helmet
_k3y5ewwd0,2,1058,438,172,245,DHelmetP1Helmet
_k3y5ewwd0,3,1007,432,163,237,DHelmetP1Helmet
_k3y5ewwd0,4,961,429,155,228,DHelmetP1Helmet
_k3y5ewwd0,5,915,425,146,220,DHelmetP1Helmet
_k3y5ewwd0,6,873,421,140,213,DHelmetP1Helmet
_k3y5ewwd0,7,830,416,135,207,DHelmetP1Helmet
_k3y5ewwd0,8,793,413,129,201,DHelmetP1Helmet
_k3y5ewwd0,9,755,411,124,194,DHelmetP1Helmet
_k3y5ewwd0,10,722,408,118,188,DHelmetP1Helmet
_k3y5ewwd0,11,690,405,114,184,DHelmetP1Helmet
_k3y5ewwd0,12,657,402,111,180,DHelmetP1Helmet
_k3y5ewwd0,13,628,399,108,176,DHelmetP1Helmet
_k3y5ewwd0,14,599,396,106,171,DHelmetP1Helmet
_k3y5ewwd0,15,570,393,103,167,DHelmetP1Helmet
_k3y5ewwd0,16,546,391,100,163,DHelmetP1Helmet
_k3y5ewwd0,17,521,388,98,160,DHelmetP1Helmet
_k3y5ewwd0,18,499,386,95,155,DHelmetP1Helmet
_k3y5ewwd0,19,477,384,92,151,DHelmetP1Helmet
_k3y5ewwd0,20,457,382,91,148,DHelmetP1Helmet
_k3y5ewwd0,21,438,380,89,144,DHelmetP1Helmet
_k3y5ewwd0,22,419,378,87,141,DHelmetP1Helmet
_gnulovj5k,12,1696,477,224,297,DNoHelmetP1NoHelmet
_gnulovj5k,13,1608,466,256,287,DNoHelmetP1NoHelmet
_gnulovj5k,14,1526,460,236,275,DNoHelmetP1NoHelmet
_gnulovj5k,15,1451,456,219,265,DNoHelmetP1NoHelmet
_gnulovj5k,16,1381,451,203,255,DNoHelmetP1NoHelmet
_gnulovj5k,17,1316,446,192,244,DNoHelmetP1NoHelmet
_gnulovj5k,18,1254,442,181,234,DNoHelmetP1NoHelmet
_gnulovj5k,19,1196,437,172,228,DNoHelmetP1NoHelmet
_gnulovj5k,20,1142,430,162,222,DNoHelmetP1NoHelmet
_gnulovj5k,21,1090,427,156,214,DNoHelmetP1NoHelmet
_gnulovj5k,22,1044,424,149,206,DNoHelmetP1NoHelmet
_gnulovj5k,23,1000,420,142,201,DNoHelmetP1NoHelmet
_gnulovj5k,24,960,416,135,196,DNoHelmetP1NoHelmet
_gnulovj5k,25,920,412,128,190,DNoHelmetP1NoHelmet
_gnulovj5k,26,885,408,122,186,DNoHelmetP1NoHelmet
_gnulovj5k,27,850,404,116,181,DNoHelmetP1NoHelmet
_gnulovj5k,28,818,401,110,176,DNoHelmetP1NoHelmet
_gnulovj5k,29,787,399,106,171,DNoHelmetP1NoHelmet
_gnulovj5k,30,758,397,101,166,DNoHelmetP1NoHelmet
_gnulovj5k,31,730,393,96,163,DNoHelmetP1NoHelmet
_gnulovj5k,32,704,391,92,160,DNoHelmetP1NoHelmet
_gnulovj5k,33,680,388,89,158,DNoHelmetP1NoHelmet
_gnulovj5k,34,657,386,86,155,DNoHelmetP1NoHelmet
_gnulovj5k,35,633,383,83,152,DNoHelmetP1NoHelmet
_gnulovj5k,36,610,381,81,149,DNoHelmetP1NoHelmet
_gnulovj5k,37,588,378,79,147,DNoHelmetP1NoHelmet
_gnulovj5k,38,569,377,77,143,DNoHelmetP1NoHelmet
_gnulovj5k,39,549,375,76,141,DNoHelmetP1NoHelmet
_gnulovj5k,40,530,374,74,138,DNoHelmetP1NoHelmet
_gnulovj5k,41,510,372,73,135,DNoHelmetP1NoHelmet
_gnulovj5k,42,491,371,71,132,DNoHelmetP1NoHelmet
_4vv5cz58r,47,1569,498,343,367,DHelmetP1Helmet
_4vv5cz58r,48,1471,489,310,346,DHelmetP1Helmet
_4vv5cz58r,49,1385,479,277,330,DHelmetP1Helmet
_4vv5cz58r,50,1307,470,256,309,DHelmetP1Helmet
_4vv5cz58r,51,1237,463,234,297,DHelmetP1Helmet
_4vv5cz58r,52,1174,456,215,284,DHelmetP1Helmet
_4vv5cz58r,53,1115,449,196,270,DHelmetP1Helmet
_4vv5cz58r,54,1063,444,173,258,DHelmetP1Helmet
_4vv5cz58r,55,1014,437,158,248,DHelmetP1Helmet
_4vv5cz58r,56,969,433,147,238,DHelmetP1Helmet
_4vv5cz58r,57,927,430,135,227,DHelmetP1Helmet
_4vv5cz58r,58,886,426,129,217,DHelmetP1Helmet
_4vv5cz58r,59,850,423,121,209,DHelmetP1Helmet
_4vv5cz58r,60,814,421,113,200,DHelmetP1Helmet
_4vv5cz58r,61,780,417,109,193,DHelmetP1Helmet
_4vv5cz58r,62,747,413,103,187,DHelmetP1Helmet
_4vv5cz58r,63,716,410,100,181,DHelmetP1Helmet
_4vv5cz58r,64,685,406,96,176,DHelmetP1Helmet
_4vv5cz58r,65,658,403,92,171,DHelmetP1Helmet
_4vv5cz58r,66,631,400,87,167,DHelmetP1Helmet
_4vv5cz58r,67,604,396,85,164,DHelmetP1Helmet
_4vv5cz58r,68,577,393,84,160,DHelmetP1Helmet
_4vv5cz58r,69,554,390,81,156,DHelmetP1Helmet
_4vv5cz58r,70,530,387,78,152,DHelmetP1Helmet
_4vv5cz58r,71,507,384,75,149,DHelmetP1Helmet
_4vv5cz58r,72,485,382,75,145,DHelmetP1Helmet
_4vv5cz58r,73,464,380,74,141,DHelmetP1Helmet
_4vv5cz58r,74,442,377,74,139,DHelmetP1Helmet
_4vv5cz58r,75,423,375,67,135,DHelmetP1Helmet
_12tk3bjfr,62,1667,500,253,338,DHelmet
_12tk3bjfr,63,1566,491,343,323,DHelmet
_12tk3bjfr,64,1471,482,318,309,DHelmet
_12tk3bjfr,65,1385,474,292,292,DHelmet
_12tk3bjfr,66,1308,466,271,280,DHelmet
_12tk3bjfr,67,1235,460,250,268,DHelmet
_12tk3bjfr,68,1170,455,231,254,DHelmet
_12tk3bjfr,69,1109,446,214,246,DHelmet
_12tk3bjfr,70,1052,441,192,237,DHelmet
_12tk3bjfr,71,1001,436,169,228,DHelmet
_12tk3bjfr,72,954,430,162,220,DHelmet
_12tk3bjfr,73,911,425,154,212,DHelmet
_12tk3bjfr,74,868,420,147,205,DHelmet
_12tk3bjfr,75,831,417,140,197,DHelmet
_12tk3bjfr,76,795,413,132,191,DHelmet
_12tk3bjfr,77,761,411,126,183,DHelmet
_12tk3bjfr,78,728,409,120,175,DHelmet
_12tk3bjfr,79,696,405,116,172,DHelmet
_12tk3bjfr,80,664,400,113,169,DHelmet
_12tk3bjfr,81,635,397,108,163,DHelmet
_12tk3bjfr,82,605,394,105,158,DHelmet
_12tk3bjfr,83,582,391,105,158,DHelmet
_y6ixeuane,49,3,387,95,239,DHelmet
_y6ixeuane,50,8,391,103,243,DHelmet
_y6ixeuane,51,13,395,111,248,DHelmet
_y6ixeuane,52,8,400,126,251,DHelmet
_y6ixeuane,53,29,402,116,258,DHelmet
_y6ixeuane,54,37,406,119,265,DHelmet
_y6ixeuane,55,52,410,131,283,DHelmet
_y6ixeuane,56,61,412,124,281,DHelmet
_y6ixeuane,57,75,417,128,288,DHelmet
_y6ixeuane,58,90,423,131,293,DHelmet
_y6ixeuane,59,100,419,138,313,DHelmet
_y6ixeuane,60,116,423,140,322,DHelmet
_y6ixeuane,61,131,427,143,332,DHelmet
_y6ixeuane,62,147,431,145,341,DHelmet
_y6ixeuane,63,161,436,151,354,DHelmet
_y6ixeuane,64,176,441,156,367,DHelmet
_y6ixeuane,65,190,446,162,380,DHelmet
_y6ixeuane,66,205,451,170,396,DHelmet
_y6ixeuane,67,220,456,178,412,DHelmet
_y6ixeuane,68,235,461,187,428,DHelmet
_y6ixeuane,69,254,466,194,447,DHelmet
_y6ixeuane,70,273,471,202,466,DHelmet
_y6ixeuane,71,290,478,213,487,DHelmet
_y6ixeuane,72,308,484,222,510,DHelmet
_y6ixeuane,73,330,492,232,532,DHelmet
_y6ixeuane,74,351,499,242,555,DHelmet
_y6ixeuane,75,374,512,248,568,DHelmet
_y6ixeuane,76,395,518,263,562,DHelmet
_y6ixeuane,77,418,528,273,552,DHelmet
_y6ixeuane,78,442,537,282,543,DHelmet
_y6ixeuane,79,467,550,298,530,DHelmet
_y6ixeuane,80,492,563,315,517,DHelmet
_y6ixeuane,81,517,576,332,504,DHelmet
_y6ixeuane,82,544,589,350,491,DHelmet
_y6ixeuane,83,568,601,380,479,DHelmet
_y6ixeuane,84,597,618,409,462,DHelmet
_y6ixeuane,85,626,636,439,444,DHelmet
_y6ixeuane,86,667,652,470,428,DHelmet
