track_id,frame_id,x,y,w,h,label
_i77itsv4p,1,1299,520,211,274,DHelmetP1Helmet
_i77itsv4p,2,1240,516,201,266,DHelmetP1Helmet
_i77itsv4p,3,1182,512,191,258,DHelmetP1Helmet
_i77itsv4p,4,1130,511,183,249,DHelmetP1Helmet
_i77itsv4p,5,1077,510,176,240,DHelmetP1Helmet
_i77itsv4p,6,1029,507,169,234,DHelmetP1Helmet
_i77itsv4p,7,980,505,163,227,DHelmetP1Helmet
_i77itsv4p,8,936,503,158,221,DHelmetP1Helmet
_i77itsv4p,9,892,500,152,217,DHelmetP1Helmet
_i77itsv4p,10,852,497,147,213,DHelmetP1Helmet
_i77itsv4p,11,812,494,142,208,DHelmetP1Helmet
_i77itsv4p,12,775,492,138,203,DHelmetP1Helmet
_i77itsv4p,13,738,489,133,199,DHelmetP1Helmet
_i77itsv4p,14,706,488,128,195,DHelmetP1Helmet
_i77itsv4p,15,674,487,123,191,DHelmetP1Helmet
_i77itsv4p,16,645,487,118,185,DHelmetP1Helmet
_i77itsv4p,17,615,486,114,181,DHelmetP1Helmet
_i77itsv4p,18,590,484,109,177,DHelmetP1Helmet
_i77itsv4p,19,565,483,105,172,DHelmetP1Helmet
_i77itsv4p,20,540,483,102,168,DHelmetP1Helmet
_i77itsv4p,21,514,484,100,163,DHelmetP1Helmet
_i77itsv4p,22,493,482,96,161,DHelmetP1Helmet
_i77itsv4p,23,472,481,93,157,DHelmetP1Helmet
_i77itsv4p,24,451,479,89,154,DHelmetP1Helmet
_i77itsv4p,25,433,479,86,151,DHelmetP1Helmet
_i77itsv4p,26,415,478,83,148,DHelmetP1Helmet
_i77itsv4p,27,399,478,80,144,DHelmetP1Helmet
_i77itsv4p,28,383,477,76,142,DHelmetP1Helmet
_i77itsv4p,29,366,477,73,138,DHelmetP1Helmet
_i77itsv4p,30,352,476,71,135,DHelmetP1Helmet
_i77itsv4p,31,339,475,67,132,DHelmetP1Helmet
_t9vi073o1,2,1662,550,258,370,DHelmet
_t9vi073o1,3,1567,547,305,355,DHelmet
_t9vi073o1,4,1481,542,282,339,DHelmet
_t9vi073o1,5,1395,537,259,323,DHelmet
_t9vi073o1,6,1319,532,242,311,DHelmet
_t9vi073o1,7,1250,529,226,298,DHelmet
_t9vi073o1,8,1183,525,210,287,DHelmet
_t9vi073o1,9,1123,522,195,274,DHelmet
_t9vi073o1,10,1064,517,184,266,DHelmet
_t9vi073o1,11,1009,514,173,257,DHelmet
_t9vi073o1,12,959,513,164,247,DHelmet
_t9vi073o1,13,909,512,156,237,DHelmet
_t9vi073o1,14,862,509,146,231,DHelmet
_t9vi073o1,15,821,508,136,225,DHelmet
_t9vi073o1,16,781,503,129,218,DHelmet
_t9vi073o1,17,743,503,122,210,DHelmet
_t9vi073o1,18,708,500,116,206,DHelmet
_t9vi073o1,19,673,498,110,200,DHelmet
_t9vi073o1,20,642,498,105,194,DHelmet
_t9vi073o1,21,611,497,100,189,DHelmet
_t9vi073o1,22,584,496,94,184,DHelmet
_t9vi073o1,23,558,494,88,179,DHelmet
_t9vi073o1,24,532,492,87,175,DHelmet
_t9vi073o1,25,507,489,84,172,DHelmet
_t9vi073o1,26,484,489,81,167,DHelmet
_t9vi073o1,27,461,488,79,162,DHelmet
_t9vi073o1,28,440,486,77,161,DHelmet
_t9vi073o1,29,419,484,74,159,DHelmet
_t9vi073o1,30,398,484,73,154,DHelmet
_t9vi073o1,31,378,484,71,150,DHelmet
_t9vi073o1,32,360,483,70,147,DHelmet
_t9vi073o1,33,343,482,68,143,DHelmet
_3o38dutzd,4,1646,539,246,301,DHelmet
_3o38dutzd,5,1559,538,236,288,DHelmet
_3o38dutzd,6,1471,537,227,276,DHelmet
_3o38dutzd,7,1399,533,216,266,DHelmet
_3o38dutzd,8,1326,529,206,256,DHelmet
_3o38dutzd,9,1265,526,197,249,DHelmet
_3o38dutzd,10,1205,523,186,242,DHelmet
_3o38dutzd,11,1154,520,175,236,DHelmet
_3o38dutzd,12,1103,517,164,230,DHelmet
_3o38dutzd,13,1057,514,155,224,DHelmet
_3o38dutzd,14,1010,510,148,218,DHelmet
_3o38dutzd,15,963,509,147,212,DHelmet
_3o38dutzd,16,916,509,146,204,DHelmet
_3o38dutzd,17,879,507,140,198,DHelmet
_3o38dutzd,18,842,506,134,191,DHelmet
_3o38dutzd,19,807,504,129,188,DHelmet
_3o38dutzd,20,772,502,125,185,DHelmet
_3o38dutzd,21,742,501,120,179,DHelmet
_3o38dutzd,22,712,500,116,173,DHelmet
_3o38dutzd,23,682,498,111,169,DHelmet
_3o38dutzd,24,653,497,106,163,DHelmet
_3o38dutzd,25,625,497,104,158,DHelmet
_3o38dutzd,26,597,496,102,154,DHelmet
_3o38dutzd,27,575,495,99,152,DHelmet
_3o38dutzd,28,552,493,97,151,DHelmet
_3o38dutzd,29,529,492,95,148,DHelmet
_3o38dutzd,30,507,490,92,147,DHelmet
_3o38dutzd,31,486,489,91,145,DHelmet
_3o38dutzd,32,466,489,88,143,DHelmet
_3o38dutzd,33,446,487,86,142,DHelmet
_3o38dutzd,34,427,486,83,139,DHelmet
_3o38dutzd,35,409,484,82,138,DHelmet
_3o38dutzd,36,392,483,80,136,DHelmet
_3o38dutzd,37,377,482,77,133,DHelmet
_3o38dutzd,38,361,481,74,131,DHelmet
_3o38dutzd,39,346,480,72,129,DHelmet
_3o38dutzd,40,331,480,70,126,DHelmet
_3o38dutzd,41,316,480,69,123,DHelmet
_3o38dutzd,42,301,479,67,121,DHelmet
_jmpwykfhw,11,1674,593,246,487,DHelmetP0Helmet
_jmpwykfhw,12,1545,581,375,499,DHelmetP0Helmet
_jmpwykfhw,13,1431,569,337,472,DHelmetP0Helmet
_jmpwykfhw,14,1328,561,303,436,DHelmetP0Helmet
_jmpwykfhw,15,1237,553,275,408,DHelmetP0Helmet
_jmpwykfhw,16,1152,547,254,385,DHelmetP0Helmet
_jmpwykfhw,17,1076,541,234,362,DHelmetP0Helmet
_jmpwykfhw,18,1005,535,220,346,DHelmetP0Helmet
_jmpwykfhw,19,933,529,207,329,DHelmetP0Helmet
_jmpwykfhw,20,876,526,194,313,DHelmetP0Helmet
_jmpwykfhw,21,819,523,180,296,DHelmetP0Helmet
_jmpwykfhw,22,768,521,170,284,DHelmetP0Helmet
_jmpwykfhw,23,716,518,160,272,DHelmetP0Helmet
_jmpwykfhw,24,675,515,149,260,DHelmetP0Helmet
_jmpwykfhw,25,635,511,136,249,DHelmetP0Helmet
_jmpwykfhw,26,585,508,141,241,DHelmetP0Helmet
_jmpwykfhw,27,547,505,136,233,DHelmetP0Helmet
_jmpwykfhw,28,510,502,131,225,DHelmetP0Helmet
_jmpwykfhw,29,484,500,119,219,DHelmetP0Helmet
_jmpwykfhw,30,458,499,107,211,DHelmetP0Helmet
_jmpwykfhw,31,418,497,111,205,DHelmetP0Helmet
_jmpwykfhw,32,379,494,115,200,DHelmetP0Helmet
_jmpwykfhw,33,353,493,110,194,DHelmetP0Helmet
_jmpwykfhw,34,328,493,103,187,DHelmetP0Helmet
_jmpwykfhw,35,302,493,98,179,DHelmetP0Helmet
_jmpwykfhw,36,282,491,93,176,DHelmetP0Helmet
_jmpwykfhw,37,261,490,88,172,DHelmetP0Helmet
_jmpwykfhw,38,243,489,88,168,DHelmetP0Helmet
_jmpwykfhw,39,224,487,90,165,DHelmetP0Helmet
_jmpwykfhw,40,210,486,85,160,DHelmetP0Helmet
_jmpwykfhw,41,195,485,81,156,DHelmetP0Helmet
_jmpwykfhw,42,184,484,79,154,DHelmetP0Helmet
_jmpwykfhw,43,173,483,78,151,DHelmetP0Helmet
_jmpwykfhw,44,162,482,76,149,DHelmetP0Helmet
_jmpwykfhw,45,151,481,74,146,DHelmetP0Helmet
_jmpwykfhw,46,144,480,73,144,DHelmetP0Helmet
_jmpwykfhw,47,137,479,72,141,DHelmetP0Helmet
_jmpwykfhw,48,130,478,70,139,DHelmetP0Helmet
_jmpwykfhw,49,125,478,68,135,DHelmetP0Helmet
_jmpwykfhw,50,119,477,67,133,DHelmetP0Helmet
_jmpwykfhw,51,113,477,66,130,DHelmetP0Helmet
_jmpwykfhw,52,108,476,64,128,DHelmetP0Helmet
_jmpwykfhw,53,105,475,64,127,DHelmetP0Helmet
_jmpwykfhw,54,102,473,65,127,DHelmetP0Helmet
_jmpwykfhw,55,100,472,64,127,DHelmetP0Helmet
_jmpwykfhw,56,97,470,64,127,DHelmetP0Helmet
_c8i3da8p5,26,1545,603,375,477,DHelmet
_c8i3da8p5,27,1406,586,324,440,DHelmet
_c8i3da8p5,28,1285,571,283,404,DHelmet
_c8i3da8p5,29,1189,562,242,376,DHelmet
_c8i3da8p5,30,1095,554,221,349,DHelmet
_c8i3da8p5,31,1015,548,200,323,DHelmet
_c8i3da8p5,32,948,542,186,305,DHelmet
_c8i3da8p5,33,881,536,171,286,DHelmet
_c8i3da8p5,34,831,531,158,272,DHelmet
_c8i3da8p5,35,781,527,145,258,DHelmet
_c8i3da8p5,36,738,522,136,247,DHelmet
_c8i3da8p5,37,696,518,126,235,DHelmet
_c8i3da8p5,38,659,517,119,225,DHelmet
_c8i3da8p5,39,622,516,113,215,DHelmet
_c8i3da8p5,40,592,512,107,207,DHelmet
_c8i3da8p5,41,561,508,103,200,DHelmet
_c8i3da8p5,42,535,506,100,194,DHelmet
_c8i3da8p5,43,509,504,96,188,DHelmet
_c8i3da8p5,44,483,502,93,182,DHelmet
_c8i3da8p5,45,461,501,90,176,DHelmet
_c8i3da8p5,46,439,500,87,170,DHelmet
_c8i3da8p5,47,420,498,85,167,DHelmet
_c8i3da8p5,48,401,496,83,164,DHelmet
_c8i3da8p5,49,382,495,81,159,DHelmet
_c8i3da8p5,50,363,493,79,156,DHelmet
_c8i3da8p5,51,350,492,76,152,DHelmet
_c8i3da8p5,52,336,491,74,149,DHelmet
_c8i3da8p5,53,323,490,71,145,DHelmet
_c8i3da8p5,54,310,489,68,141,DHelmet
_c8i3da8p5,55,296,488,67,137,DHelmet
_c8i3da8p5,56,287,488,64,134,DHelmet
_c8i3da8p5,57,277,488,62,131,DHelmet
_c8i3da8p5,58,268,488,59,128,DHelmet
_c8i3da8p5,59,260,487,58,126,DHelmet
_c8i3da8p5,60,253,486,57,124,DHelmet
_c8i3da8p5,61,245,485,56,122,DHelmet
_c8i3da8p5,62,238,485,54,120,DHelmet
_c8i3da8p5,63,232,484,53,118,DHelmet
_c8i3da8p5,64,226,483,52,116,DHelmet
_c8i3da8p5,65,220,482,51,114,DHelmet
_c8i3da8p5,66,214,482,49,111,DHelmet
_0idtlo0vc,40,1610,556,310,416,DHelmetP1Helmet
_0idtlo0vc,41,1519,548,323,397,DHelmetP1Helmet
_0idtlo0vc,42,1435,544,301,376,DHelmetP1Helmet
_0idtlo0vc,43,1357,541,279,356,DHelmetP1Helmet
_0idtlo0vc,44,1286,536,262,341,DHelmetP1Helmet
_0idtlo0vc,45,1215,532,245,326,DHelmetP1Helmet
_0idtlo0vc,46,1155,528,229,313,DHelmetP1Helmet
_0idtlo0vc,47,1094,523,215,302,DHelmetP1Helmet
_0idtlo0vc,48,1040,520,203,292,DHelmetP1Helmet
_0idtlo0vc,49,986,517,191,281,DHelmetP1Helmet
_0idtlo0vc,50,940,514,183,273,DHelmetP1Helmet
_0idtlo0vc,51,894,511,174,264,DHelmetP1Helmet
_0idtlo0vc,52,848,508,165,256,DHelmetP1Helmet
_0idtlo0vc,53,809,507,156,247,DHelmetP1Helmet
_0idtlo0vc,54,770,505,148,239,DHelmetP1Helmet
_0idtlo0vc,55,736,504,138,230,DHelmetP1Helmet
_0idtlo0vc,56,701,503,130,222,DHelmetP1Helmet
_0idtlo0vc,57,670,502,126,216,DHelmetP1Helmet
_0idtlo0vc,58,639,500,121,210,DHelmetP1Helmet
_0idtlo0vc,59,611,498,118,205,DHelmetP1Helmet
_0idtlo0vc,60,584,497,113,199,DHelmetP1Helmet
_0idtlo0vc,61,559,495,108,195,DHelmetP1Helmet
_0idtlo0vc,62,533,493,105,191,DHelmetP1Helmet
_0idtlo0vc,63,511,491,101,188,DHelmetP1Helmet
_0idtlo0vc,64,489,490,97,183,DHelmetP1Helmet
_0idtlo0vc,65,470,486,94,179,DHelmetP1Helmet
_0idtlo0vc,66,452,482,89,175,DHelmetP1Helmet
_0idtlo0vc,67,436,482,85,172,DHelmetP1Helmet
_0idtlo0vc,68,420,483,81,167,DHelmetP1Helmet
_0idtlo0vc,69,404,482,79,164,DHelmetP1Helmet
_0idtlo0vc,70,389,481,77,161,DHelmetP1Helmet
_0idtlo0vc,71,374,480,75,157,DHelmetP1Helmet
_0idtlo0vc,72,361,480,73,154,DHelmetP1Helmet
_0idtlo0vc,73,349,480,70,151,DHelmetP1Helmet
_0idtlo0vc,74,337,480,69,147,DHelmetP1Helmet
_0idtlo0vc,75,326,479,66,144,DHelmetP1Helmet
_0idtlo0vc,76,314,479,65,140,DHelmetP1Helmet
_0idtlo0vc,77,305,478,64,138,DHelmetP1Helmet
_0idtlo0vc,78,296,477,62,136,DHelmetP1Helmet
_0idtlo0vc,79,287,477,61,134,DHelmetP1Helmet
_0idtlo0vc,80,277,476,61,132,DHelmetP1Helmet
_0idtlo0vc,81,268,475,60,130,DHelmetP1Helmet
_0idtlo0vc,82,259,475,59,127,DHelmetP1Helmet
_0idtlo0vc,83,249,474,59,126,DHelmetP1Helmet
_0idtlo0vc,84,241,474,57,123,DHelmetP1Helmet
_0idtlo0vc,85,232,474,57,121,DHelmetP1Helmet
_0idtlo0vc,86,224,473,55,119,DHelmetP1Helmet
_0idtlo0vc,87,215,473,55,117,DHelmetP1Helmet
_0idtlo0vc,88,207,473,53,115,DHelmetP1Helmet
_0idtlo0vc,89,198,472,53,113,DHelmetP1Helmet
_8vj8sflo6,53,1654,555,266,306,DHelmet
_8vj8sflo6,54,1528,546,274,295,DHelmet
_8vj8sflo6,55,1414,542,252,277,DHelmet
_8vj8sflo6,56,1313,536,231,265,DHelmet
_8vj8sflo6,57,1219,530,209,253,DHelmet
_8vj8sflo6,58,1136,524,194,244,DHelmet
_8vj8sflo6,59,1059,521,179,234,DHelmet
_8vj8sflo6,60,988,517,168,225,DHelmet
_8vj8sflo6,61,924,513,157,217,DHelmet
_8vj8sflo6,62,863,510,147,209,DHelmet
_8vj8sflo6,63,810,507,138,201,DHelmet
_8vj8sflo6,64,761,504,132,197,DHelmet
_8vj8sflo6,65,713,502,124,192,DHelmet
_8vj8sflo6,66,672,500,119,186,DHelmet
_8vj8sflo6,67,632,499,114,179,DHelmet
_8vj8sflo6,68,598,498,108,174,DHelmet
_8vj8sflo6,69,565,496,101,169,DHelmet
_8vj8sflo6,70,539,495,93,165,DHelmet
_8vj8sflo6,71,513,494,85,161,DHelmet
_8vj8sflo6,72,491,492,82,157,DHelmet
_8vj8sflo6,73,468,490,80,153,DHelmet
_8vj8sflo6,74,449,490,78,148,DHelmet
_8vj8sflo6,75,430,490,76,144,DHelmet
_8vj8sflo6,76,414,489,73,141,DHelmet
_8vj8sflo6,77,398,487,70,138,DHelmet
_8vj8sflo6,78,385,486,67,136,DHelmet
_8vj8sflo6,79,372,486,65,132,DHelmet
_8vj8sflo6,80,363,485,62,130,DHelmet
_8vj8sflo6,81,353,485,60,127,DHelmet
_8vj8sflo6,82,344,484,58,125,DHelmet
_8vj8sflo6,83,334,484,58,122,DHelmet
_8vj8sflo6,84,324,483,58,120,DHelmet
_8vj8sflo6,85,315,482,57,118,DHelmet
_8vj8sflo6,86,305,482,57,115,DHelmet
_8vj8sflo6,87,296,481,56,113,DHelmet
_8vj8sflo6,88,286,481,56,110,DHelmet
_8vj8sflo6,89,277,480,55,108,DHelmet
_8vj8sflo6,90,267,479,55,106,DHelmet
_8vj8sflo6,91,257,479,55,103,DHelmet
_8vj8sflo6,92,248,478,54,101,DHelmet
_8vj8sflo6,93,235,478,53,99,DHelmet
_8vj8sflo6,94,223,477,55,99,DHelmet
_8vj8sflo6,95,212,476,55,99,DHelmet
_8vj8sflo6,96,200,476,57,98,DHelmet
_d1bvxonmx,56,1571,544,337,433,DHelmetP1Helmet
_d1bvxonmx,57,1481,540,298,407,DHelmetP1Helmet
_d1bvxonmx,58,1398,534,279,388,DHelmetP1Helmet
_d1bvxonmx,59,1323,530,254,366,DHelmetP1Helmet
_d1bvxonmx,60,1253,528,236,347,DHelmetP1Helmet
_d1bvxonmx,61,1193,524,218,332,DHelmetP1Helmet
_d1bvxonmx,62,1132,520,202,317,DHelmetP1Helmet
_d1bvxonmx,63,1078,517,190,302,DHelmetP1Helmet
_d1bvxonmx,64,1023,513,179,289,DHelmetP1Helmet
_d1bvxonmx,65,979,510,167,279,DHelmetP1Helmet
_d1bvxonmx,66,934,508,156,268,DHelmetP1Helmet
_d1bvxonmx,67,891,506,151,259,DHelmetP1Helmet
_d1bvxonmx,68,847,504,146,249,DHelmetP1Helmet
_d1bvxonmx,69,812,502,138,242,DHelmetP1Helmet
_d1bvxonmx,70,776,499,131,236,DHelmetP1Helmet
_d1bvxonmx,71,744,498,125,227,DHelmetP1Helmet
_d1bvxonmx,72,712,497,119,218,DHelmetP1Helmet
_d1bvxonmx,73,680,495,116,213,DHelmetP1Helmet
_d1bvxonmx,74,648,492,113,208,DHelmetP1Helmet
_d1bvxonmx,75,621,492,111,202,DHelmetP1Helmet
_d1bvxonmx,76,594,492,108,195,DHelmetP1Helmet
_d1bvxonmx,77,569,490,104,192,DHelmetP1Helmet
_d1bvxonmx,78,544,488,100,188,DHelmetP1Helmet
_d1bvxonmx,79,523,486,96,185,DHelmetP1Helmet
_d1bvxonmx,80,501,485,94,181,DHelmetP1Helmet
_d1bvxonmx,81,478,484,93,177,DHelmetP1Helmet
_d1bvxonmx,82,459,483,92,174,DHelmetP1Helmet
_d1bvxonmx,83,440,482,90,170,DHelmetP1Helmet
_d1bvxonmx,84,421,481,88,166,DHelmetP1Helmet
_d1bvxonmx,85,404,480,87,163,DHelmetP1Helmet
_d1bvxonmx,86,387,479,86,160,DHelmetP1Helmet
_d1bvxonmx,87,374,478,84,157,DHelmetP1Helmet
_d1bvxonmx,88,360,478,82,152,DHelmetP1Helmet
_d1bvxonmx,89,347,477,80,149,DHelmetP1Helmet
_d1bvxonmx,90,335,476,77,146,DHelmetP1Helmet
_d1bvxonmx,91,322,477,77,142,DHelmetP1Helmet
_d1bvxonmx,92,309,477,77,139,DHelmetP1Helmet
_d1bvxonmx,93,299,476,75,136,DHelmetP1Helmet
_d1bvxonmx,94,288,475,74,134,DHelmetP1Helmet
_d1bvxonmx,95,278,476,73,130,DHelmetP1Helmet
_d1bvxonmx,96,269,476,70,128,DHelmetP1Helmet
_d1bvxonmx,97,261,475,69,126,DHelmetP1Helmet
_d1bvxonmx,98,253,474,67,124,DHelmetP1Helmet
_d1bvxonmx,99,244,475,66,120,DHelmetP1Helmet
_d1bvxonmx,100,235,475,64,118,DHelmetP1Helmet
_21pf9otnn,57,1720,559,200,351,DHelmet
_21pf9otnn,58,1638,556,282,335,DHelmet
_21pf9otnn,59,1565,550,277,324,DHelmet
_21pf9otnn,60,1491,545,260,311,DHelmet
_21pf9otnn,61,1423,541,246,302,DHelmet
_21pf9otnn,62,1361,537,229,286,DHelmet
_21pf9otnn,63,1306,534,215,277,DHelmet
_21pf9otnn,64,1251,532,200,267,DHelmet
_21pf9otnn,65,1201,528,189,260,DHelmet
_21pf9otnn,66,1151,523,178,254,DHelmet
_21pf9otnn,67,1106,521,172,245,DHelmet
_21pf9otnn,68,1061,518,166,237,DHelmet
_21pf9otnn,69,1020,517,162,230,DHelmet
_21pf9otnn,70,980,515,156,224,DHelmet
_21pf9otnn,71,944,515,152,217,DHelmet
_21pf9otnn,72,909,514,147,211,DHelmet
_21pf9otnn,73,871,512,148,207,DHelmet
_21pf9otnn,74,840,510,142,203,DHelmet
_21pf9otnn,75,808,508,138,199,DHelmet
_21pf9otnn,76,780,506,134,194,DHelmet
_21pf9otnn,77,752,504,131,190,DHelmet
_21pf9otnn,78,725,503,128,186,DHelmet
_21pf9otnn,79,698,503,125,182,DHelmet
_21pf9otnn,80,678,501,118,178,DHelmet
_21pf9otnn,81,658,500,112,173,DHelmet
_21pf9otnn,82,633,499,110,170,DHelmet
_21pf9otnn,83,609,498,108,168,DHelmet
_21pf9otnn,84,588,497,106,165,DHelmet
_21pf9otnn,85,567,496,104,163,DHelmet
_21pf9otnn,86,544,495,104,161,DHelmet
_21pf9otnn,87,521,493,104,159,DHelmet
_21pf9otnn,88,502,492,103,156,DHelmet
_21pf9otnn,89,482,491,102,153,DHelmet
_21pf9otnn,90,468,491,97,151,DHelmet
_21pf9otnn,91,455,490,92,149,DHelmet
_21pf9otnn,92,437,490,91,145,DHelmet
_21pf9otnn,93,420,490,89,142,DHelmet
_21pf9otnn,94,407,488,85,141,DHelmet
_21pf9otnn,95,393,486,82,141,DHelmet
_slt28wvt7,65,1642,562,278,421,DNoHelmet
_slt28wvt7,66,1557,553,317,401,DNoHelmet
_slt28wvt7,67,1475,549,294,377,DNoHelmet
_slt28wvt7,68,1402,545,271,359,DNoHelmet
_slt28wvt7,69,1336,540,246,343,DNoHelmet
_slt28wvt7,70,1276,535,228,329,DNoHelmet
_slt28wvt7,71,1217,531,209,315,DNoHelmet
_slt28wvt7,72,1163,528,198,303,DNoHelmet
_slt28wvt7,73,1110,525,185,290,DNoHelmet
_slt28wvt7,74,1064,522,175,279,DNoHelmet
_slt28wvt7,75,1019,518,164,269,DNoHelmet
_slt28wvt7,76,972,516,159,261,DNoHelmet
_slt28wvt7,77,930,513,155,254,DNoHelmet
_slt28wvt7,78,889,510,150,247,DNoHelmet
_slt28wvt7,79,854,508,145,240,DNoHelmet
_slt28wvt7,80,819,506,141,232,DNoHelmet
_slt28wvt7,81,784,504,136,225,DNoHelmet
_slt28wvt7,82,755,503,130,217,DNoHelmet
_slt28wvt7,83,726,501,124,210,DNoHelmet
_slt28wvt7,84,699,501,118,203,DNoHelmet
_slt28wvt7,85,671,500,114,196,DNoHelmet
_slt28wvt7,86,647,500,104,189,DNoHelmet
_slt28wvt7,87,622,499,95,184,DNoHelmet
_slt28wvt7,88,601,498,93,180,DNoHelmet
_slt28wvt7,89,579,497,91,177,DNoHelmet
_slt28wvt7,90,557,496,90,173,DNoHelmet
_slt28wvt7,91,535,495,88,170,DNoHelmet
_slt28wvt7,92,513,493,87,168,DNoHelmet
_slt28wvt7,93,492,492,84,164,DNoHelmet
_slt28wvt7,94,470,491,83,161,DNoHelmet
_slt28wvt7,95,448,490,81,157,DNoHelmet
_slt28wvt7,96,426,489,80,154,DNoHelmet
_slt28wvt7,97,404,487,78,152,DNoHelmet
_slt28wvt7,98,383,486,76,148,DNoHelmet
_slt28wvt7,99,361,485,74,145,DNoHelmet
_slt28wvt7,100,339,484,73,141,DNoHelmet
