track_id,frame_id,x,y,w,h,label
_iybnp501a,1,1232,640,547,440,DHelmet
_iybnp501a,2,1430,638,490,442,DHelmet
_iybnp501a,3,1641,637,279,443,DHelmet
_t6wp3yde8,1,447,646,308,325,DNoHelmetP1NoHelmet
_t6wp3yde8,2,584,642,329,341,DNoHelmetP1NoHelmet
_t6wp3yde8,3,721,638,349,357,DNoHelmetP1NoHelmet
_t6wp3yde8,4,878,636,380,370,DNoHelmetP1NoHelmet
_t6wp3yde8,5,1034,634,413,384,DNoHelmetP1NoHelmet
_t6wp3yde8,6,1223,631,454,402,DNoHelmetP1NoHelmet
_t6wp3yde8,7,1412,627,494,421,DNoHelmetP1NoHelmet
_t6wp3yde8,8,1625,619,295,429,DNoHelmetP1NoHelmet
_dhb1172vv,1,146,706,331,374,DHelmetP1Helmet
_dhb1172vv,2,253,707,353,373,DHelmetP1Helmet
_dhb1172vv,3,361,708,374,372,DHelmetP1Helmet
_dhb1172vv,4,485,708,399,372,DHelmetP1Helmet
_dhb1172vv,5,609,709,423,371,DHelmetP1Helmet
_dhb1172vv,6,760,708,455,372,DHelmetP1Helmet
_dhb1172vv,7,911,706,487,374,DHelmetP1Helmet
_dhb1172vv,8,1105,707,497,373,DHelmetP1Helmet
_dhb1172vv,9,1299,708,508,372,DHelmetP1Helmet
_dhb1172vv,10,1516,709,404,371,DHelmetP1Helmet
_8o080sbwb,2,1,668,149,289,DHelmet
_8o080sbwb,3,20,668,237,299,DHelmet
_8o080sbwb,4,102,665,272,312,DHelmet
_8o080sbwb,5,213,663,292,323,DHelmet
_8o080sbwb,6,325,661,311,334,DHelmet
_8o080sbwb,7,458,659,333,345,DHelmet
_8o080sbwb,8,590,657,355,357,DHelmet
_8o080sbwb,9,745,653,387,377,DHelmet
_8o080sbwb,10,901,649,418,398,DHelmet
_8o080sbwb,11,1085,647,463,415,DHelmet
_8o080sbwb,12,1270,645,508,431,DHelmet
_8o080sbwb,13,1488,642,432,438,DHelmet
_btomkzlzf,7,4,693,216,366,DNoHelmetP0NoHelmetP1NoHelmet
_btomkzlzf,8,41,689,305,386,DNoHelmetP0NoHelmetP1NoHelmet
_btomkzlzf,9,156,688,334,390,DNoHelmetP0NoHelmetP1NoHelmet
_btomkzlzf,10,270,686,364,394,DNoHelmetP0NoHelmetP1NoHelmet
_btomkzlzf,11,411,686,398,394,DNoHelmetP0NoHelmetP1NoHelmet
_btomkzlzf,12,553,685,430,395,DNoHelmetP0NoHelmetP1NoHelmet
_btomkzlzf,13,727,681,474,399,DNoHelmetP0NoHelmetP1NoHelmet
_btomkzlzf,14,901,678,519,402,DNoHelmetP0NoHelmetP1NoHelmet
_btomkzlzf,15,1076,674,563,406,DNoHelmetP0NoHelmetP1NoHelmet
_btomkzlzf,16,1295,672,601,408,DNoHelmetP0NoHelmetP1NoHelmet
_btomkzlzf,17,1530,666,390,414,DNoHelmetP0NoHelmetP1NoHelmet
_630x1lrxx,9,53,644,121,292,DHelmetP1Helmet
_630x1lrxx,10,147,641,143,302,DHelmetP1Helmet
_630x1lrxx,11,251,638,184,313,DHelmetP1Helmet
_630x1lrxx,12,356,634,224,325,DHelmetP1Helmet
_630x1lrxx,13,480,630,272,343,DHelmetP1Helmet
_630x1lrxx,14,603,625,321,363,DHelmetP1Helmet
_630x1lrxx,15,747,619,353,382,DHelmetP1Helmet
_630x1lrxx,16,890,614,386,400,DHelmetP1Helmet
_630x1lrxx,17,1072,611,419,417,DHelmetP1Helmet
_630x1lrxx,18,1254,609,452,433,DHelmetP1Helmet
_630x1lrxx,19,1436,606,484,450,DHelmetP1Helmet
_630x1lrxx,20,1663,598,257,456,DHelmetP1Helmet
_y00cp5rqv,10,2,684,189,330,DNoHelmetP1NoHelmet
_y00cp5rqv,11,18,670,284,350,DNoHelmetP1NoHelmet
_y00cp5rqv,12,119,668,307,366,DNoHelmetP1NoHelmet
_y00cp5rqv,13,221,666,330,381,DNoHelmetP1NoHelmet
_y00cp5rqv,14,341,666,353,396,DNoHelmetP1NoHelmet
_y00cp5rqv,15,462,666,376,412,DNoHelmetP1NoHelmet
_y00cp5rqv,16,609,665,407,414,DNoHelmetP1NoHelmet
_y00cp5rqv,17,756,665,437,415,DNoHelmetP1NoHelmet
_y00cp5rqv,18,903,664,468,416,DNoHelmetP1NoHelmet
_y00cp5rqv,19,1081,660,513,420,DNoHelmetP1NoHelmet
_y00cp5rqv,20,1258,656,559,424,DNoHelmetP1NoHelmet
_y00cp5rqv,21,1464,642,456,438,DNoHelmetP1NoHelmet
_2lh0ih98z,17,5,658,216,297,DHelmet
_2lh0ih98z,18,56,654,258,309,DHelmet
_2lh0ih98z,19,143,653,266,319,DHelmet
_2lh0ih98z,20,230,652,275,329,DHelmet
_2lh0ih98z,21,326,650,287,341,DHelmet
_2lh0ih98z,22,423,649,297,351,DHelmet
_2lh0ih98z,23,536,647,326,367,DHelmet
_2lh0ih98z,24,648,644,355,385,DHelmet
_2lh0ih98z,25,761,642,384,401,DHelmet
_2lh0ih98z,26,907,641,422,417,DHelmet
_2lh0ih98z,27,1052,640,462,434,DHelmet
_2lh0ih98z,28,1219,638,512,442,DHelmet
_2lh0ih98z,29,1412,630,508,449,DHelmet
_2lh0ih98z,30,1621,625,299,454,DHelmet
_9u9m9zbwn,21,2,658,221,302,DHelmetP1NoHelmetP2Helmet
_9u9m9zbwn,22,56,658,275,310,DHelmetP1NoHelmetP2Helmet
_9u9m9zbwn,23,160,656,292,317,DHelmetP1NoHelmetP2Helmet
_9u9m9zbwn,24,265,654,307,323,DHelmetP1NoHelmetP2Helmet
_9u9m9zbwn,25,383,650,331,335,DHelmetP1NoHelmetP2Helmet
_9u9m9zbwn,26,502,646,354,348,DHelmetP1NoHelmetP2Helmet
_9u9m9zbwn,27,640,643,380,361,DHelmetP1NoHelmetP2Helmet
_9u9m9zbwn,28,779,640,405,374,DHelmetP1NoHelmetP2Helmet
_9u9m9zbwn,29,944,637,436,387,DHelmetP1NoHelmetP2Helmet
_9u9m9zbwn,30,1109,634,468,400,DHelmetP1NoHelmetP2Helmet
_9u9m9zbwn,31,1295,629,507,417,DHelmetP1NoHelmetP2Helmet
_9u9m9zbwn,32,1499,622,421,424,DHelmetP1NoHelmetP2Helmet
_2uo2j4ly1,34,2,686,226,312,DHelmet
_2uo2j4ly1,35,65,682,285,326,DHelmet
_2uo2j4ly1,36,179,678,302,342,DHelmet
_2uo2j4ly1,37,306,676,325,357,DHelmet
_2uo2j4ly1,38,432,674,349,372,DHelmet
_2uo2j4ly1,39,587,674,380,389,DHelmet
_2uo2j4ly1,40,743,673,411,407,DHelmet
_2uo2j4ly1,41,928,672,459,408,DHelmet
_2uo2j4ly1,42,1113,672,507,408,DHelmet
_2uo2j4ly1,43,1330,666,566,414,DHelmet
_2uo2j4ly1,44,1578,661,342,419,DHelmet
_0609fgo8j,42,119,671,229,163,DHelmetP1NoHelmetP2Helmet
_0609fgo8j,43,231,669,316,358,DHelmetP1NoHelmetP2Helmet
_0609fgo8j,44,340,668,340,379,DHelmetP1NoHelmetP2Helmet
_0609fgo8j,45,458,664,364,404,DHelmetP1NoHelmetP2Helmet
_0609fgo8j,46,582,661,387,419,DHelmetP1NoHelmetP2Helmet
_0609fgo8j,47,714,658,427,422,DHelmetP1NoHelmetP2Helmet
_0609fgo8j,48,878,656,450,424,DHelmetP1NoHelmetP2Helmet
_0609fgo8j,49,1042,656,495,424,DHelmetP1NoHelmetP2Helmet
_0609fgo8j,50,1220,650,546,430,DHelmetP1NoHelmetP2Helmet
_0609fgo8j,51,1408,644,512,436,DHelmetP1NoHelmetP2Helmet
_0609fgo8j,52,1626,642,294,438,DHelmetP1NoHelmetP2Helmet
_t1ckfi0ns,39,2,727,193,353,DHelmetP0NoHelmetP1Helmet
_t1ckfi0ns,40,1,724,282,356,DHelmetP0NoHelmetP1Helmet
_t1ckfi0ns,41,48,725,321,355,DHelmetP0NoHelmetP1Helmet
_t1ckfi0ns,42,130,724,335,356,DHelmetP0NoHelmetP1Helmet
_t1ckfi0ns,43,216,724,353,356,DHelmetP0NoHelmetP1Helmet
_t1ckfi0ns,44,302,724,370,356,DHelmetP0NoHelmetP1Helmet
_t1ckfi0ns,45,401,725,382,355,DHelmetP0NoHelmetP1Helmet
_t1ckfi0ns,46,500,725,394,355,DHelmetP0NoHelmetP1Helmet
_t1ckfi0ns,47,614,727,429,353,DHelmetP0NoHelmetP1Helmet
_t1ckfi0ns,48,728,729,464,351,DHelmetP0NoHelmetP1Helmet
_t1ckfi0ns,49,864,728,500,352,DHelmetP0NoHelmetP1Helmet
_t1ckfi0ns,50,1000,727,537,353,DHelmetP0NoHelmetP1Helmet
_t1ckfi0ns,51,1160,733,575,346,DHelmetP0NoHelmetP1Helmet
_t1ckfi0ns,52,1327,740,593,340,DHelmetP0NoHelmetP1Helmet
_t1ckfi0ns,53,1521,741,399,339,DHelmetP0NoHelmetP1Helmet
_4u9kkyewo,48,3,735,266,345,DHelmetP1Helmet
_4u9kkyewo,49,27,735,338,345,DHelmetP1Helmet
_4u9kkyewo,50,95,733,369,347,DHelmetP1Helmet
_4u9kkyewo,51,182,731,390,349,DHelmetP1Helmet
_4u9kkyewo,52,290,733,399,347,DHelmetP1Helmet
_4u9kkyewo,53,399,735,407,345,DHelmetP1Helmet
_4u9kkyewo,54,526,734,429,346,DHelmetP1Helmet
_4u9kkyewo,55,654,733,449,347,DHelmetP1Helmet
_4u9kkyewo,56,799,730,475,350,DHelmetP1Helmet
_4u9kkyewo,57,943,727,502,353,DHelmetP1Helmet
_4u9kkyewo,58,1114,728,525,352,DHelmetP1Helmet
_4u9kkyewo,59,1285,729,549,351,DHelmetP1Helmet
_4u9kkyewo,60,1472,728,448,352,DHelmetP1Helmet
_59g2s458x,97,2,677,183,329,DHelmet
_59g2s458x,98,55,676,239,339,DHelmet
_59g2s458x,99,104,676,305,348,DHelmet
_59g2s458x,100,210,670,323,362,DHelmet
_ysvigl39p,100,3,684,208,396,DHelmet
_a3dudqimn,53,3,678,186,336,DHelmetP1NoHelmetP2Helmet
_a3dudqimn,54,1,673,287,341,DHelmetP1NoHelmetP2Helmet
_a3dudqimn,55,80,673,313,350,DHelmetP1NoHelmetP2Helmet
_a3dudqimn,56,178,672,331,362,DHelmetP1NoHelmetP2Helmet
_a3dudqimn,57,277,670,348,374,DHelmetP1NoHelmetP2Helmet
_a3dudqimn,58,388,667,371,392,DHelmetP1NoHelmetP2Helmet
_a3dudqimn,59,499,664,393,410,DHelmetP1NoHelmetP2Helmet
_a3dudqimn,60,625,664,422,413,DHelmetP1NoHelmetP2Helmet
_a3dudqimn,61,751,665,452,415,DHelmetP1NoHelmetP2Helmet
_a3dudqimn,62,901,664,491,416,DHelmetP1NoHelmetP2Helmet
_a3dudqimn,63,1052,664,529,416,DHelmetP1NoHelmetP2Helmet
_a3dudqimn,64,1227,660,572,420,DHelmetP1NoHelmetP2Helmet
_a3dudqimn,65,1417,654,503,425,DHelmetP1NoHelmetP2Helmet
_a3dudqimn,66,1630,649,290,430,DHelmetP1NoHelmetP2Helmet
_zjltakea0,56,1,760,274,320,DHelmet
_zjltakea0,57,57,760,326,320,DHelmet
_zjltakea0,58,98,760,388,320,DHelmet
_zjltakea0,59,197,760,392,320,DHelmet
_zjltakea0,60,304,759,402,320,DHelmet
_zjltakea0,61,411,757,411,321,DHelmet
_zjltakea0,62,532,759,436,320,DHelmet
_zjltakea0,63,653,760,461,320,DHelmet
_zjltakea0,64,793,759,490,321,DHelmet
_zjltakea0,65,933,757,520,322,DHelmet
_zjltakea0,66,1103,760,529,320,DHelmet
_zjltakea0,67,1274,763,537,317,DHelmet
_zjltakea0,68,1445,765,475,315,DHelmet
_q1743zibi,62,2,693,164,358,DHelmetP1Helmet
_q1743zibi,63,4,684,263,375,DHelmetP1Helmet
_q1743zibi,64,79,685,301,385,DHelmetP1Helmet
_q1743zibi,65,175,686,318,394,DHelmetP1Helmet
_q1743zibi,66,282,683,342,397,DHelmetP1Helmet
_q1743zibi,67,388,680,367,400,DHelmetP1Helmet
_q1743zibi,68,513,680,398,400,DHelmetP1Helmet
_q1743zibi,69,638,680,428,400,DHelmetP1Helmet
_q1743zibi,70,783,677,463,403,DHelmetP1Helmet
_q1743zibi,71,929,674,498,406,DHelmetP1Helmet
_q1743zibi,72,1101,672,540,408,DHelmetP1Helmet
_q1743zibi,73,1273,670,581,410,DHelmetP1Helmet
_q1743zibi,74,1476,668,444,412,DHelmetP1Helmet
_w8jw5xh4x,78,2,689,255,349,DHelmetP0NoHelmetP1Helmet
_w8jw5xh4x,79,55,688,307,362,DHelmetP0NoHelmetP1Helmet
_w8jw5xh4x,80,152,686,325,378,DHelmetP0NoHelmetP1Helmet
_w8jw5xh4x,81,258,684,347,388,DHelmetP0NoHelmetP1Helmet
_w8jw5xh4x,82,364,682,369,397,DHelmetP0NoHelmetP1Helmet
_w8jw5xh4x,83,486,685,394,395,DHelmetP0NoHelmetP1Helmet
_w8jw5xh4x,84,607,688,421,392,DHelmetP0NoHelmetP1Helmet
_w8jw5xh4x,85,751,687,451,393,DHelmetP0NoHelmetP1Helmet
_w8jw5xh4x,86,894,686,482,394,DHelmetP0NoHelmetP1Helmet
_w8jw5xh4x,87,1053,683,524,397,DHelmetP0NoHelmetP1Helmet
_w8jw5xh4x,88,1212,680,566,400,DHelmetP0NoHelmetP1Helmet
_w8jw5xh4x,89,1401,674,519,405,DHelmetP0NoHelmetP1Helmet
_w8jw5xh4x,90,1606,677,314,402,DHelmetP0NoHelmetP1Helmet
_nspcxg9kz,82,19,623,99,179,DHelmet
_nspcxg9kz,83,92,619,109,181,DHelmet
_nspcxg9kz,84,166,615,118,183,DHelmet
_nspcxg9kz,85,253,612,133,194,DHelmet
_nspcxg9kz,86,340,609,148,205,DHelmet
_nspcxg9kz,87,431,604,169,212,DHelmet
_nspcxg9kz,88,522,599,190,219,DHelmet
_nspcxg9kz,89,627,597,191,219,DHelmet
_nspcxg9kz,90,732,594,191,219,DHelmet
_nspcxg9kz,91,852,590,199,228,DHelmet
_nspcxg9kz,92,973,586,207,237,DHelmet
_nspcxg9kz,93,1118,581,236,252,DHelmet
_nspcxg9kz,94,1263,577,266,265,DHelmet
_nspcxg9kz,95,1426,572,289,276,DHelmet
_nspcxg9kz,96,1588,567,313,287,DHelmet
_nspcxg9kz,97,1796,566,124,272,DHelmet
_kmg57j53x,84,2,729,266,351,DNoHelmetP1NoHelmetP2NoHelmet
_kmg57j53x,85,48,712,359,368,DNoHelmetP1NoHelmetP2NoHelmet
_kmg57j53x,86,136,729,408,351,DNoHelmetP1NoHelmetP2NoHelmet
_kmg57j53x,87,274,720,424,360,DNoHelmetP1NoHelmetP2NoHelmet
_kmg57j53x,88,412,710,440,370,DNoHelmetP1NoHelmetP2NoHelmet
_kmg57j53x,89,571,713,467,367,DNoHelmetP1NoHelmetP2NoHelmet
_kmg57j53x,90,729,716,496,364,DNoHelmetP1NoHelmetP2NoHelmet
_kmg57j53x,91,925,706,507,374,DNoHelmetP1NoHelmetP2NoHelmet
_kmg57j53x,92,1120,697,519,383,DNoHelmetP1NoHelmetP2NoHelmet
_kmg57j53x,93,1342,697,560,383,DNoHelmetP1NoHelmetP2NoHelmet
_kmg57j53x,94,1564,697,356,383,DNoHelmetP1NoHelmetP2NoHelmet
_7b4pf0shi,83,4,666,209,318,DNoHelmetP1NoHelmetP2Helmet
_7b4pf0shi,84,36,665,259,330,DNoHelmetP1NoHelmetP2Helmet
_7b4pf0shi,85,112,664,274,338,DNoHelmetP1NoHelmetP2Helmet
_7b4pf0shi,86,193,662,284,340,DNoHelmetP1NoHelmetP2Helmet
_7b4pf0shi,87,278,660,267,229,DNoHelmetP1NoHelmetP2Helmet
_7b4pf0shi,88,374,654,214,355,DNoHelmetP1NoHelmetP2Helmet
_7b4pf0shi,89,468,648,163,374,DNoHelmetP1NoHelmetP2Helmet
_7b4pf0shi,90,575,649,212,385,DNoHelmetP1NoHelmetP2Helmet
_7b4pf0shi,91,681,650,262,397,DNoHelmetP1NoHelmetP2Helmet
_7b4pf0shi,92,802,652,343,411,DNoHelmetP1NoHelmetP2Helmet
_7b4pf0shi,93,923,653,425,426,DNoHelmetP1NoHelmetP2Helmet
_7b4pf0shi,94,1062,650,468,430,DNoHelmetP1NoHelmetP2Helmet
_7b4pf0shi,95,1200,646,512,434,DNoHelmetP1NoHelmetP2Helmet
_7b4pf0shi,96,1367,644,547,436,DNoHelmetP1NoHelmetP2Helmet
_7b4pf0shi,97,1534,642,386,437,DNoHelmetP1NoHelmetP2Helmet
_v9g1a4m5g,87,3,674,150,275,DNoHelmetP1NoHelmet
_v9g1a4m5g,88,1,654,240,302,DNoHelmetP1NoHelmet
_v9g1a4m5g,89,63,656,271,306,DNoHelmetP1NoHelmet
_v9g1a4m5g,90,156,658,270,310,DNoHelmetP1NoHelmet
_v9g1a4m5g,91,255,653,280,321,DNoHelmetP1NoHelmet
_v9g1a4m5g,92,353,648,290,333,DNoHelmetP1NoHelmet
_v9g1a4m5g,93,451,644,300,343,DNoHelmetP1NoHelmet
_v9g1a4m5g,94,549,643,329,356,DNoHelmetP1NoHelmet
_v9g1a4m5g,95,648,642,356,369,DNoHelmetP1NoHelmet
_v9g1a4m5g,96,775,640,377,383,DNoHelmetP1NoHelmet
_v9g1a4m5g,97,903,638,397,397,DNoHelmetP1NoHelmet
_v9g1a4m5g,98,1054,637,427,395,DNoHelmetP1NoHelmet
_v9g1a4m5g,99,1206,636,457,394,DNoHelmetP1NoHelmet
_v9g1a4m5g,100,1376,627,489,401,DNoHelmetP1NoHelmet
_xlrtw6q9r,89,3,685,229,359,DHelmetP1NoHelmetP2Helmet
_xlrtw6q9r,90,15,669,327,387,DHelmetP1NoHelmetP2Helmet
_xlrtw6q9r,91,108,669,346,399,DHelmetP1NoHelmetP2Helmet
_xlrtw6q9r,92,202,669,363,411,DHelmetP1NoHelmetP2Helmet
_xlrtw6q9r,93,312,669,384,411,DHelmetP1NoHelmetP2Helmet
_xlrtw6q9r,94,423,669,405,411,DHelmetP1NoHelmetP2Helmet
_xlrtw6q9r,95,543,666,437,414,DHelmetP1NoHelmetP2Helmet
_xlrtw6q9r,96,662,664,471,416,DHelmetP1NoHelmetP2Helmet
_xlrtw6q9r,97,806,660,511,420,DHelmetP1NoHelmetP2Helmet
_xlrtw6q9r,98,950,656,552,424,DHelmetP1NoHelmetP2Helmet
_xlrtw6q9r,99,1117,654,594,426,DHelmetP1NoHelmetP2Helmet
_xlrtw6q9r,100,1285,652,635,428,DHelmetP1NoHelmetP2Helmet
_v52tiqm72,1,652,592,126,142,DHelmet
_v52tiqm72,2,622,591,103,116,DHelmet
_v52tiqm72,3,562,595,116,140,DHelmet
_v52tiqm72,4,518,598,114,137,DHelmet
_v52tiqm72,5,474,601,111,134,DHelmet
_bxb56lq30,1,1462,557,207,189,DNoHelmetP1NoHelmet
_bxb56lq30,2,1352,559,188,184,DNoHelmetP1NoHelmet
_3y1ajwyin,3,1749,558,171,172,DNoHelmetP1NoHelmet
_3y1ajwyin,4,1659,555,220,175,DNoHelmetP1NoHelmet
_3y1ajwyin,5,1576,558,213,171,DNoHelmetP1NoHelmet
_3y1ajwyin,6,1492,561,207,168,DNoHelmetP1NoHelmet
_3y1ajwyin,7,1416,565,200,164,DNoHelmetP1NoHelmet
_3y1ajwyin,8,1340,570,193,159,DNoHelmetP1NoHelmet
_3y1ajwyin,9,1265,574,185,155,DNoHelmetP1NoHelmet
_3y1ajwyin,10,1201,576,176,152,DNoHelmetP1NoHelmet
_3y1ajwyin,11,1138,578,166,149,DNoHelmetP1NoHelmet
_3y1ajwyin,12,1074,581,158,145,DNoHelmetP1NoHelmet
_3y1ajwyin,13,1016,583,155,144,DNoHelmetP1NoHelmet
_3y1ajwyin,14,958,585,152,144,DNoHelmetP1NoHelmet
_3y1ajwyin,15,899,588,150,142,DNoHelmetP1NoHelmet
_3y1ajwyin,16,841,590,148,141,DNoHelmetP1NoHelmet
_3y1ajwyin,17,783,593,145,140,DNoHelmetP1NoHelmet
_3y1ajwyin,18,728,594,144,137,DNoHelmetP1NoHelmet
_3y1ajwyin,19,673,595,144,134,DNoHelmetP1NoHelmet
_3y1ajwyin,20,627,599,140,130,DNoHelmetP1NoHelmet
_3y1ajwyin,21,582,602,134,127,DNoHelmetP1NoHelmet
_3y1ajwyin,22,537,604,134,125,DNoHelmetP1NoHelmet
_3y1ajwyin,23,493,606,132,123,DNoHelmetP1NoHelmet
_3y1ajwyin,24,448,607,131,122,DNoHelmetP1NoHelmet
_3y1ajwyin,25,408,609,128,119,DNoHelmetP1NoHelmet
_3y1ajwyin,26,367,610,126,118,DNoHelmetP1NoHelmet
_3y1ajwyin,27,326,611,124,116,DNoHelmetP1NoHelmet
_3y1ajwyin,28,287,612,124,116,DNoHelmetP1NoHelmet
_3y1ajwyin,29,247,613,124,116,DNoHelmetP1NoHelmet
_q7pchi0jx,25,1780,549,140,194,DNoHelmet
_q7pchi0jx,26,1655,550,222,195,DNoHelmet
_q7pchi0jx,27,1543,554,203,189,DNoHelmet
_q7pchi0jx,28,1457,555,166,188,DNoHelmet
_q7pchi0jx,29,1377,558,126,188,DNoHelmet
_mwagq1nl5,33,1752,546,168,184,DNoHelmetP1NoHelmet
_mwagq1nl5,34,1659,543,199,187,DNoHelmetP1NoHelmet
_mwagq1nl5,35,1575,546,179,181,DNoHelmetP1NoHelmet
_mwagq1nl5,36,1491,549,160,174,DNoHelmetP1NoHelmet
_mwagq1nl5,37,1412,554,153,171,DNoHelmetP1NoHelmet
_mwagq1nl5,38,1334,559,145,167,DNoHelmetP1NoHelmet
_mwagq1nl5,39,1273,562,139,164,DNoHelmetP1NoHelmet
_mwagq1nl5,40,1213,564,132,162,DNoHelmetP1NoHelmet
_mwagq1nl5,41,1152,567,125,160,DNoHelmetP1NoHelmet
_mwagq1nl5,42,1091,569,119,158,DNoHelmetP1NoHelmet
_mwagq1nl5,43,1031,572,112,155,DNoHelmetP1NoHelmet
_mwagq1nl5,44,970,574,105,153,DNoHelmetP1NoHelmet
_mwagq1nl5,45,908,576,108,151,DNoHelmetP1NoHelmet
_mwagq1nl5,46,846,578,111,149,DNoHelmetP1NoHelmet
_mwagq1nl5,47,785,580,113,146,DNoHelmetP1NoHelmet
_mwagq1nl5,48,723,581,117,145,DNoHelmetP1NoHelmet
_mwagq1nl5,49,661,583,120,143,DNoHelmetP1NoHelmet
_mwagq1nl5,50,613,586,119,140,DNoHelmetP1NoHelmet
_mwagq1nl5,51,566,588,117,138,DNoHelmetP1NoHelmet
_mwagq1nl5,52,518,590,116,136,DNoHelmetP1NoHelmet
_mwagq1nl5,53,471,593,114,133,DNoHelmetP1NoHelmet
_mwagq1nl5,54,430,595,104,129,DNoHelmetP1NoHelmet
_mwagq1nl5,55,401,597,83,83,DNoHelmetP1NoHelmet
_mwagq1nl5,56,361,598,82,84,DNoHelmetP1NoHelmet
_mwagq1nl5,57,320,599,83,84,DNoHelmetP1NoHelmet
_mwagq1nl5,58,280,601,82,83,DNoHelmetP1NoHelmet
_mwagq1nl5,59,239,602,83,84,DNoHelmetP1NoHelmet
_mwagq1nl5,60,198,606,93,121,DNoHelmetP1NoHelmet
_mwagq1nl5,61,164,608,91,120,DNoHelmetP1NoHelmet
_mwagq1nl5,62,131,610,89,119,DNoHelmetP1NoHelmet
_mwagq1nl5,63,98,611,86,119,DNoHelmetP1NoHelmet
_mwagq1nl5,64,63,613,88,116,DNoHelmetP1NoHelmet
_mwagq1nl5,65,28,615,90,114,DNoHelmetP1NoHelmet
_mwagq1nl5,66,1,615,78,112,DNoHelmetP1NoHelmet
_x5k4wmy46,35,1689,546,225,200,DNoHelmetP1NoHelmetP2NoHelmet
_x5k4wmy46,36,1576,553,216,189,DNoHelmetP1NoHelmetP2NoHelmet
_x5k4wmy46,37,1463,559,208,179,DNoHelmetP1NoHelmetP2NoHelmet
_x5k4wmy46,38,1358,561,200,177,DNoHelmetP1NoHelmetP2NoHelmet
_x5k4wmy46,39,1285,563,160,178,DNoHelmetP1NoHelmetP2NoHelmet
_x5k4wmy46,40,1190,566,159,174,DNoHelmetP1NoHelmetP2NoHelmet
_x5k4wmy46,41,1095,569,159,171,DNoHelmetP1NoHelmetP2NoHelmet
_x5k4wmy46,42,1000,571,159,169,DNoHelmetP1NoHelmetP2NoHelmet
_x5k4wmy46,43,905,574,159,165,DNoHelmetP1NoHelmetP2NoHelmet
_x5k4wmy46,44,832,577,155,162,DNoHelmetP1NoHelmetP2NoHelmet
_x5k4wmy46,45,759,579,151,159,DNoHelmetP1NoHelmetP2NoHelmet
_x5k4wmy46,46,686,582,147,156,DNoHelmetP1NoHelmetP2NoHelmet
_x5k4wmy46,47,613,585,143,152,DNoHelmetP1NoHelmetP2NoHelmet
_x5k4wmy46,48,541,587,138,150,DNoHelmetP1NoHelmetP2NoHelmet
_x5k4wmy46,49,479,591,134,146,DNoHelmetP1NoHelmetP2NoHelmet
_x5k4wmy46,50,417,594,130,143,DNoHelmetP1NoHelmetP2NoHelmet
_x5k4wmy46,51,356,598,125,139,DNoHelmetP1NoHelmetP2NoHelmet
_x5k4wmy46,52,307,599,114,138,DNoHelmetP1NoHelmetP2NoHelmet
_x5k4wmy46,53,258,599,102,138,DNoHelmetP1NoHelmetP2NoHelmet
