track_id,frame_id,x,y,w,h,label
_xl9v53gx8,1,521,494,85,158,DHelmet
_xl9v53gx8,2,498,493,82,155,DHelmet
_xl9v53gx8,3,479,492,80,151,DHelmet
_xl9v53gx8,4,459,491,78,148,DHelmet
_xl9v53gx8,5,440,491,75,144,DHelmet
_xl9v53gx8,6,421,490,72,140,DHelmet
_xl9v53gx8,7,404,489,71,138,DHelmet
_xl9v53gx8,8,386,488,70,136,DHelmet
_xl9v53gx8,9,369,487,68,133,DHelmet
_xl9v53gx8,10,354,486,66,130,DHelmet
_xl9v53gx8,11,339,485,64,127,DHelmet
_xl9v53gx8,12,324,484,62,124,DHelmet
_n1vrjhmcg,1,783,517,130,230,DHelmet
_n1vrjhmcg,2,746,515,129,222,DHelmet
_n1vrjhmcg,3,709,513,128,214,DHelmet
_n1vrjhmcg,4,673,511,126,206,DHelmet
_n1vrjhmcg,5,647,509,120,200,DHelmet
_n1vrjhmcg,6,621,507,114,194,DHelmet
_n1vrjhmcg,7,596,506,107,187,DHelmet
_n1vrjhmcg,8,572,504,104,183,DHelmet
_n1vrjhmcg,9,548,502,102,178,DHelmet
_n1vrjhmcg,10,524,500,99,173,DHelmet
_n1vrjhmcg,11,500,498,97,169,DHelmet
_n1vrjhmcg,12,476,496,94,164,DHelmet
_n1vrjhmcg,13,457,496,91,158,DHelmet
_n1vrjhmcg,14,437,495,90,154,DHelmet
_n1vrjhmcg,15,417,494,88,151,DHelmet
_n1vrjhmcg,16,399,492,86,147,DHelmet
_n1vrjhmcg,17,381,490,83,144,DHelmet
_n1vrjhmcg,18,365,489,82,141,DHelmet
_n1vrjhmcg,19,350,488,80,138,DHelmet
_n1vrjhmcg,20,335,488,78,134,DHelmet
_n1vrjhmcg,21,320,487,76,131,DHelmet
_n1vrjhmcg,22,305,487,74,128,DHelmet
_g0rh1cqwp,5,1542,569,370,475,DHelmetP1Helmet
_g0rh1cqwp,6,1442,559,324,442,DHelmetP1Helmet
_g0rh1cqwp,7,1354,551,288,418,DHelmetP1Helmet
_g0rh1cqwp,8,1274,543,251,393,DHelmetP1Helmet
_g0rh1cqwp,9,1205,538,226,371,DHelmetP1Helmet
_g0rh1cqwp,10,1136,533,200,350,DHelmetP1Helmet
_g0rh1cqwp,11,1067,528,191,329,DHelmetP1Helmet
_g0rh1cqwp,12,1010,525,177,313,DHelmetP1Helmet
_g0rh1cqwp,13,954,521,169,298,DHelmetP1Helmet
_g0rh1cqwp,14,898,518,162,282,DHelmetP1Helmet
_g0rh1cqwp,15,849,515,152,270,DHelmetP1Helmet
_g0rh1cqwp,16,800,511,143,259,DHelmetP1Helmet
_g0rh1cqwp,17,755,509,139,248,DHelmetP1Helmet
_g0rh1cqwp,18,701,507,143,237,DHelmetP1Helmet
_g0rh1cqwp,19,666,504,133,225,DHelmetP1Helmet
_g0rh1cqwp,20,632,502,127,218,DHelmetP1Helmet
_g0rh1cqwp,21,599,500,120,210,DHelmetP1Helmet
_g0rh1cqwp,22,565,498,114,203,DHelmetP1Helmet
_g0rh1cqwp,23,531,495,108,197,DHelmetP1Helmet
_g0rh1cqwp,24,500,494,105,190,DHelmetP1Helmet
_g0rh1cqwp,25,469,493,102,183,DHelmetP1Helmet
_g0rh1cqwp,26,439,492,98,176,DHelmetP1Helmet
_g0rh1cqwp,27,414,490,95,172,DHelmetP1Helmet
_g0rh1cqwp,28,390,488,91,168,DHelmetP1Helmet
_g0rh1cqwp,29,366,486,87,163,DHelmetP1Helmet
_g0rh1cqwp,30,344,485,85,159,DHelmetP1Helmet
_g0rh1cqwp,31,322,484,83,155,DHelmetP1Helmet
_g0rh1cqwp,32,301,482,80,152,DHelmetP1Helmet
_g0rh1cqwp,33,280,481,78,147,DHelmetP1Helmet
_g0rh1cqwp,34,260,480,76,142,DHelmetP1Helmet
_da3w62af7,1,1298,548,248,344,DHelmetP1Helmet
_da3w62af7,2,1243,542,228,332,DHelmetP1Helmet
_da3w62af7,3,1190,534,206,321,DHelmetP1Helmet
_da3w62af7,4,1142,532,193,307,DHelmetP1Helmet
_da3w62af7,5,1098,530,181,293,DHelmetP1Helmet
_da3w62af7,6,1055,525,172,284,DHelmetP1Helmet
_da3w62af7,7,1015,523,165,273,DHelmetP1Helmet
_da3w62af7,8,976,522,157,262,DHelmetP1Helmet
_da3w62af7,9,938,521,152,252,DHelmetP1Helmet
_da3w62af7,10,901,520,146,243,DHelmetP1Helmet
_da3w62af7,11,868,517,139,235,DHelmetP1Helmet
_da3w62af7,12,835,514,132,227,DHelmetP1Helmet
_da3w62af7,13,804,513,128,221,DHelmetP1Helmet
_da3w62af7,14,773,512,124,214,DHelmetP1Helmet
_da3w62af7,15,744,510,118,208,DHelmetP1Helmet
_da3w62af7,16,709,508,112,201,DHelmetP1Helmet
_da3w62af7,17,687,506,111,199,DHelmetP1Helmet
_da3w62af7,18,666,504,109,196,DHelmetP1Helmet
_da3w62af7,19,644,502,108,193,DHelmetP1Helmet
_da3w62af7,20,620,500,105,189,DHelmetP1Helmet
_da3w62af7,21,597,499,101,184,DHelmetP1Helmet
_da3w62af7,22,573,497,98,180,DHelmetP1Helmet
_da3w62af7,23,550,496,94,175,DHelmetP1Helmet
_da3w62af7,24,526,494,91,171,DHelmetP1Helmet
_da3w62af7,25,506,493,88,166,DHelmetP1Helmet
_da3w62af7,26,487,492,84,161,DHelmetP1Helmet
_da3w62af7,27,467,490,81,158,DHelmetP1Helmet
_da3w62af7,28,446,490,80,154,DHelmetP1Helmet
_da3w62af7,29,426,489,78,151,DHelmetP1Helmet
_da3w62af7,30,407,488,78,148,DHelmetP1Helmet
_da3w62af7,31,389,488,76,145,DHelmetP1Helmet
_da3w62af7,32,370,487,76,142,DHelmetP1Helmet
_da3w62af7,33,352,487,74,138,DHelmetP1Helmet
_12vpaxqs8,1,1486,548,335,435,DHelmet
_12vpaxqs8,2,1415,545,302,411,DHelmet
_12vpaxqs8,3,1352,540,273,390,DHelmet
_12vpaxqs8,4,1299,538,243,369,DHelmet
_12vpaxqs8,5,1248,533,221,352,DHelmet
_12vpaxqs8,6,1208,528,199,336,DHelmet
_12vpaxqs8,7,1169,525,180,323,DHelmet
_12vpaxqs8,8,1135,522,162,310,DHelmet
_12vpaxqs8,9,1096,521,163,296,DHelmet
_12vpaxqs8,10,1057,519,163,283,DHelmet
_12vpaxqs8,11,1024,516,163,277,DHelmet
_12vpaxqs8,12,991,513,163,272,DHelmet
_12vpaxqs8,13,959,513,148,258,DHelmet
_12vpaxqs8,14,927,513,134,244,DHelmet
_12vpaxqs8,15,905,511,124,235,DHelmet
_12vpaxqs8,16,883,508,115,226,DHelmet
_12vpaxqs8,17,854,506,114,218,DHelmet
_12vpaxqs8,18,825,504,113,209,DHelmet
_12vpaxqs8,19,798,503,110,203,DHelmet
_12vpaxqs8,20,771,502,106,196,DHelmet
_12vpaxqs8,21,746,501,104,191,DHelmet
_12vpaxqs8,22,721,500,102,185,DHelmet
_12vpaxqs8,23,697,498,98,181,DHelmet
_12vpaxqs8,24,672,497,96,175,DHelmet
_12vpaxqs8,25,650,496,93,170,DHelmet
_12vpaxqs8,26,628,494,90,165,DHelmet
_12vpaxqs8,27,607,494,88,160,DHelmet
_12vpaxqs8,28,586,493,85,155,DHelmet
_12vpaxqs8,29,564,492,85,151,DHelmet
_12vpaxqs8,30,542,491,84,148,DHelmet
_12vpaxqs8,31,520,490,84,145,DHelmet
_12vpaxqs8,32,500,489,82,141,DHelmet
_12vpaxqs8,33,480,488,79,138,DHelmet
_12vpaxqs8,34,460,487,77,134,DHelmet
_12vpaxqs8,35,442,486,75,132,DHelmet
_12vpaxqs8,36,424,486,74,128,DHelmet
_osfscwxlr,10,1644,552,276,349,DHelmet
_osfscwxlr,11,1560,547,291,336,DHelmet
_osfscwxlr,12,1483,542,270,323,DHelmet
_osfscwxlr,13,1412,541,249,306,DHelmet
_osfscwxlr,14,1346,537,228,294,DHelmet
_osfscwxlr,15,1286,531,212,287,DHelmet
_osfscwxlr,16,1231,529,200,274,DHelmet
_osfscwxlr,17,1176,526,187,263,DHelmet
_osfscwxlr,18,1128,523,177,254,DHelmet
_osfscwxlr,19,1080,519,166,246,DHelmet
_osfscwxlr,20,1036,518,158,237,DHelmet
_osfscwxlr,21,993,517,149,228,DHelmet
_osfscwxlr,22,953,515,144,222,DHelmet
_osfscwxlr,23,913,513,138,216,DHelmet
_osfscwxlr,24,878,511,131,209,DHelmet
_osfscwxlr,25,843,509,124,202,DHelmet
_osfscwxlr,26,810,507,120,197,DHelmet
_osfscwxlr,27,778,504,115,193,DHelmet
_osfscwxlr,28,748,503,112,188,DHelmet
_osfscwxlr,29,718,502,109,183,DHelmet
_osfscwxlr,30,688,500,106,179,DHelmet
_osfscwxlr,31,664,499,102,175,DHelmet
_osfscwxlr,32,639,499,100,170,DHelmet
_osfscwxlr,33,615,498,96,166,DHelmet
_osfscwxlr,34,590,497,93,161,DHelmet
_osfscwxlr,35,568,496,91,157,DHelmet
_osfscwxlr,36,545,494,90,153,DHelmet
_osfscwxlr,37,524,492,88,151,DHelmet
_osfscwxlr,38,503,491,86,148,DHelmet
_osfscwxlr,39,483,489,82,145,DHelmet
_osfscwxlr,40,463,488,80,143,DHelmet
_osfscwxlr,41,443,487,79,141,DHelmet
_osfscwxlr,42,424,486,76,138,DHelmet
_nh0lsoz2v,13,1629,545,291,406,DHelmetP1Helmet
_nh0lsoz2v,14,1551,541,314,374,DHelmetP1Helmet
_nh0lsoz2v,15,1477,539,288,358,DHelmetP1Helmet
_nh0lsoz2v,16,1412,537,262,340,DHelmetP1Helmet
_nh0lsoz2v,17,1347,534,236,322,DHelmetP1Helmet
_nh0lsoz2v,18,1286,528,222,309,DHelmetP1Helmet
_nh0lsoz2v,19,1232,524,208,296,DHelmetP1Helmet
_nh0lsoz2v,20,1178,521,193,283,DHelmetP1Helmet
_nh0lsoz2v,21,1130,519,183,274,DHelmetP1Helmet
_nh0lsoz2v,22,1088,516,174,266,DHelmetP1Helmet
_nh0lsoz2v,23,1046,514,164,256,DHelmetP1Helmet
_nh0lsoz2v,24,1007,512,159,251,DHelmetP1Helmet
_nh0lsoz2v,25,968,509,154,246,DHelmetP1Helmet
_nh0lsoz2v,26,935,509,150,240,DHelmetP1Helmet
_nh0lsoz2v,27,900,508,145,234,DHelmetP1Helmet
_nh0lsoz2v,28,868,506,140,228,DHelmetP1Helmet
_nh0lsoz2v,29,836,504,136,223,DHelmetP1Helmet
_nh0lsoz2v,30,806,502,130,217,DHelmetP1Helmet
_nh0lsoz2v,31,775,500,126,212,DHelmetP1Helmet
_nh0lsoz2v,32,750,500,121,206,DHelmetP1Helmet
_nh0lsoz2v,33,725,501,115,200,DHelmetP1Helmet
_nh0lsoz2v,34,698,499,111,195,DHelmetP1Helmet
_nh0lsoz2v,35,672,498,106,189,DHelmetP1Helmet
_nh0lsoz2v,36,645,498,101,183,DHelmetP1Helmet
_nh0lsoz2v,37,623,496,97,180,DHelmetP1Helmet
_nh0lsoz2v,38,601,494,94,176,DHelmetP1Helmet
_nh0lsoz2v,39,578,493,91,171,DHelmetP1Helmet
_nh0lsoz2v,40,555,491,88,168,DHelmetP1Helmet
_fveql1xg9,26,1691,561,229,296,DHelmetP1Helmet
_fveql1xg9,27,1627,556,234,286,DHelmetP1Helmet
_fveql1xg9,28,1564,552,221,275,DHelmetP1Helmet
_fveql1xg9,29,1506,548,211,267,DHelmetP1Helmet
_fveql1xg9,30,1449,544,199,260,DHelmetP1Helmet
_fveql1xg9,31,1395,542,192,250,DHelmetP1Helmet
_fveql1xg9,32,1341,539,185,242,DHelmetP1Helmet
_fveql1xg9,33,1295,536,176,235,DHelmetP1Helmet
_fveql1xg9,34,1249,533,167,229,DHelmetP1Helmet
_fveql1xg9,35,1206,531,158,223,DHelmetP1Helmet
_fveql1xg9,36,1163,529,150,217,DHelmetP1Helmet
_fveql1xg9,37,1125,527,142,210,DHelmetP1Helmet
_fveql1xg9,38,1086,525,135,204,DHelmetP1Helmet
_fveql1xg9,39,1050,523,130,199,DHelmetP1Helmet
_fveql1xg9,40,1014,520,125,195,DHelmetP1Helmet
_fveql1xg9,41,980,517,121,192,DHelmetP1Helmet
_fveql1xg9,42,947,514,117,188,DHelmetP1Helmet
_fveql1xg9,43,914,512,115,185,DHelmetP1Helmet
_fveql1xg9,44,882,510,112,181,DHelmetP1Helmet
_fveql1xg9,45,850,508,110,177,DHelmetP1Helmet
_fveql1xg9,46,818,507,107,173,DHelmetP1Helmet
_fveql1xg9,47,789,506,105,169,DHelmetP1Helmet
_fveql1xg9,48,762,505,102,165,DHelmetP1Helmet
_fveql1xg9,49,737,504,100,161,DHelmetP1Helmet
_fveql1xg9,50,712,503,97,157,DHelmetP1Helmet
_fveql1xg9,51,686,503,95,153,DHelmetP1Helmet
_fveql1xg9,52,658,501,93,150,DHelmetP1Helmet
_fveql1xg9,53,636,500,90,147,DHelmetP1Helmet
_fveql1xg9,54,614,499,88,144,DHelmetP1Helmet
_fveql1xg9,55,592,498,85,142,DHelmetP1Helmet
_fveql1xg9,56,570,496,83,140,DHelmetP1Helmet
_fveql1xg9,57,548,495,81,137,DHelmetP1Helmet
_fveql1xg9,58,527,494,79,135,DHelmetP1Helmet
_fveql1xg9,59,507,493,77,133,DHelmetP1Helmet
_fveql1xg9,60,486,492,76,131,DHelmetP1Helmet
_21ofzf77l,33,1621,549,299,515,DHelmetP1Helmet
_21ofzf77l,34,1544,544,354,484,DHelmetP1Helmet
_21ofzf77l,35,1472,540,328,462,DHelmetP1Helmet
_21ofzf77l,36,1409,539,298,434,DHelmetP1Helmet
_21ofzf77l,37,1351,532,272,418,DHelmetP1Helmet
_21ofzf77l,38,1295,528,256,401,DHelmetP1Helmet
_21ofzf77l,39,1243,525,237,384,DHelmetP1Helmet
_21ofzf77l,40,1194,523,221,368,DHelmetP1Helmet
_21ofzf77l,41,1150,520,209,351,DHelmetP1Helmet
_21ofzf77l,42,1105,516,197,335,DHelmetP1Helmet
_21ofzf77l,43,1064,514,190,324,DHelmetP1Helmet
_21ofzf77l,44,1023,511,184,313,DHelmetP1Helmet
_21ofzf77l,45,981,508,178,303,DHelmetP1Helmet
_21ofzf77l,46,940,506,171,292,DHelmetP1Helmet
_21ofzf77l,47,903,505,166,282,DHelmetP1Helmet
_21ofzf77l,48,879,504,149,272,DHelmetP1Helmet
_21ofzf77l,49,849,503,143,263,DHelmetP1Helmet
_21ofzf77l,50,819,502,137,254,DHelmetP1Helmet
_21ofzf77l,51,789,501,131,246,DHelmetP1Helmet
_21ofzf77l,52,759,499,125,238,DHelmetP1Helmet
_21ofzf77l,53,729,498,119,229,DHelmetP1Helmet
_21ofzf77l,54,699,497,113,220,DHelmetP1Helmet
_21ofzf77l,55,673,496,119,219,DHelmetP1Helmet
_21ofzf77l,56,645,494,118,215,DHelmetP1Helmet
_21ofzf77l,57,620,493,115,209,DHelmetP1Helmet
_21ofzf77l,58,594,492,112,202,DHelmetP1Helmet
_21ofzf77l,59,570,492,110,197,DHelmetP1Helmet
_21ofzf77l,60,545,491,108,192,DHelmetP1Helmet
_21ofzf77l,61,522,489,105,187,DHelmetP1Helmet
_21ofzf77l,62,499,488,102,182,DHelmetP1Helmet
_21ofzf77l,63,477,487,99,178,DHelmetP1Helmet
_21ofzf77l,64,455,486,97,175,DHelmetP1Helmet
_21ofzf77l,65,433,485,94,171,DHelmetP1Helmet
_21ofzf77l,66,416,484,91,168,DHelmetP1Helmet
_21ofzf77l,67,398,483,89,164,DHelmetP1Helmet
_21ofzf77l,68,380,482,87,161,DHelmetP1Helmet
_21ofzf77l,69,363,481,83,157,DHelmetP1Helmet
_21ofzf77l,70,347,481,81,154,DHelmetP1Helmet
_21ofzf77l,71,331,481,78,150,DHelmetP1Helmet
_21ofzf77l,72,315,479,78,150,DHelmetP1Helmet
_21ofzf77l,73,299,476,78,150,DHelmetP1Helmet
_t7usfacte,38,1382,533,208,289,DHelmetP1Helmet
_t7usfacte,39,1340,531,191,280,DHelmetP1Helmet
_t7usfacte,40,1297,530,175,271,DHelmetP1Helmet
_t7usfacte,41,1253,526,168,264,DHelmetP1Helmet
_t7usfacte,42,1208,522,161,256,DHelmetP1Helmet
_t7usfacte,43,1171,522,155,248,DHelmetP1Helmet
_t7usfacte,44,1135,521,148,241,DHelmetP1Helmet
_t7usfacte,45,1100,519,144,235,DHelmetP1Helmet
_t7usfacte,46,1065,516,140,231,DHelmetP1Helmet
_t7usfacte,47,1029,513,138,226,DHelmetP1Helmet
_t7usfacte,48,999,512,133,220,DHelmetP1Helmet
_t7usfacte,49,968,512,129,213,DHelmetP1Helmet
_t7usfacte,50,938,511,124,207,DHelmetP1Helmet
_t7usfacte,51,907,508,122,204,DHelmetP1Helmet
_t7usfacte,52,875,506,121,199,DHelmetP1Helmet
_t7usfacte,53,849,504,118,196,DHelmetP1Helmet
_t7usfacte,54,823,503,115,192,DHelmetP1Helmet
_t7usfacte,55,797,502,112,188,DHelmetP1Helmet
_t7usfacte,56,771,501,109,184,DHelmetP1Helmet
_t7usfacte,57,745,500,106,180,DHelmetP1Helmet
_t7usfacte,58,719,499,103,176,DHelmetP1Helmet
_t7usfacte,59,697,499,98,172,DHelmetP1Helmet
_t7usfacte,60,675,498,93,169,DHelmetP1Helmet
_t7usfacte,61,651,497,91,166,DHelmetP1Helmet
_t7usfacte,62,628,497,88,161,DHelmetP1Helmet
_t7usfacte,63,604,496,86,158,DHelmetP1Helmet
_538r5015m,46,1644,542,276,292,DHelmet
_538r5015m,47,1547,536,260,285,DHelmet
_538r5015m,48,1457,536,243,268,DHelmet
_538r5015m,49,1375,534,228,256,DHelmet
_538r5015m,50,1302,529,212,249,DHelmet
_538r5015m,51,1231,524,201,243,DHelmet
_538r5015m,52,1166,521,191,236,DHelmet
_538r5015m,53,1107,519,181,229,DHelmet
_538r5015m,54,1052,516,173,223,DHelmet
_538r5015m,55,998,513,165,216,DHelmet
_538r5015m,56,946,511,158,208,DHelmet
_538r5015m,57,899,508,150,202,DHelmet
_538r5015m,58,851,505,144,195,DHelmet
_538r5015m,59,805,502,136,189,DHelmet
_538r5015m,60,764,499,134,191,DHelmet
_538r5015m,61,727,499,129,185,DHelmet
_538r5015m,62,689,499,125,179,DHelmet
_538r5015m,63,652,498,120,174,DHelmet
_538r5015m,64,619,496,115,171,DHelmet
_538r5015m,65,589,495,110,168,DHelmet
_538r5015m,66,559,493,106,165,DHelmet
_538r5015m,67,532,492,102,162,DHelmet
_538r5015m,68,510,490,97,159,DHelmet
_538r5015m,69,488,489,92,155,DHelmet
_538r5015m,70,465,488,88,151,DHelmet
_538r5015m,71,448,488,83,148,DHelmet
_538r5015m,72,430,488,79,144,DHelmet
_538r5015m,73,413,488,74,140,DHelmet
_0ugbd52mz,95,12,492,84,164,DHelmet
_0ugbd52mz,96,24,493,86,170,DHelmet
_0ugbd52mz,97,35,495,89,175,DHelmet
_0ugbd52mz,98,49,492,92,186,DHelmet
_0ugbd52mz,99,64,489,94,196,DHelmet
_0ugbd52mz,100,78,486,97,207,DHelmet
_jzrv6s6e5,1,409,499,93,197,DHelmet
_jzrv6s6e5,2,427,499,96,204,DHelmet
_jzrv6s6e5,3,446,500,97,209,DHelmet
_jzrv6s6e5,4,464,501,100,215,DHelmet
_jzrv6s6e5,5,482,501,103,221,DHelmet
_jzrv6s6e5,6,497,503,105,226,DHelmet
_jzrv6s6e5,7,511,504,108,231,DHelmet
_jzrv6s6e5,8,525,506,110,235,DHelmet
_jzrv6s6e5,9,539,507,113,241,DHelmet
_jzrv6s6e5,10,553,509,116,245,DHelmet
_jzrv6s6e5,11,567,510,118,251,DHelmet
_jzrv6s6e5,12,577,511,122,254,DHelmet
_jzrv6s6e5,13,586,513,126,256,DHelmet
_jzrv6s6e5,14,597,514,127,259,DHelmet
_jzrv6s6e5,15,608,516,128,261,DHelmet
_jzrv6s6e5,16,616,517,132,265,DHelmet
_jzrv6s6e5,17,624,519,136,267,DHelmet
_jzrv6s6e5,18,631,519,145,269,DHelmet
_jzrv6s6e5,19,638,519,154,271,DHelmet
_jzrv6s6e5,20,643,519,152,273,DHelmet
_jzrv6s6e5,21,647,519,152,274,DHelmet
_jzrv6s6e5,22,651,519,152,276,DHelmet
_jzrv6s6e5,23,656,519,146,277,DHelmet
_jzrv6s6e5,24,657,519,146,279,DHelmet
_jzrv6s6e5,25,658,519,145,280,DHelmet
_jzrv6s6e5,26,660,519,144,281,DHelmet
_jzrv6s6e5,27,660,521,144,279,DHelmet
_jzrv6s6e5,28,660,522,144,277,DHelmet
_jzrv6s6e5,29,660,524,144,275,DHelmet
_jzrv6s6e5,30,660,524,144,275,DHelmet
_jzrv6s6e5,31,660,524,144,275,DHelmet
_jzrv6s6e5,32,660,524,144,275,DHelmet
_jzrv6s6e5,33,661,524,143,275,DHelmet
_jzrv6s6e5,34,661,524,143,276,DHelmet
_jzrv6s6e5,35,662,525,142,275,DHelmet
_jzrv6s6e5,36,662,525,142,275,DHelmet
_jzrv6s6e5,37,663,525,142,275,DHelmet
_jzrv6s6e5,38,664,525,141,275,DHelmet
_jzrv6s6e5,39,664,525,141,275,DHelmet
_jzrv6s6e5,40,665,525,140,276,DHelmet
_jzrv6s6e5,41,667,525,142,277,DHelmet
_jzrv6s6e5,42,670,525,143,278,DHelmet
_jzrv6s6e5,43,672,525,146,279,DHelmet
_jzrv6s6e5,44,677,525,146,281,DHelmet
_jzrv6s6e5,45,681,526,147,283,DHelmet
_jzrv6s6e5,46,685,527,158,284,DHelmet
_jzrv6s6e5,47,690,528,168,285,DHelmet
_jzrv6s6e5,48,698,529,171,287,DHelmet
_jzrv6s6e5,49,707,529,173,290,DHelmet
_jzrv6s6e5,50,716,530,171,292,DHelmet
_jzrv6s6e5,51,724,530,170,295,DHelmet
_jzrv6s6e5,52,733,531,169,297,DHelmet
_jzrv6s6e5,53,745,531,174,301,DHelmet
_jzrv6s6e5,54,756,532,180,305,DHelmet
_jzrv6s6e5,55,769,533,188,308,DHelmet
_jzrv6s6e5,56,783,534,195,312,DHelmet
_jzrv6s6e5,57,800,535,205,316,DHelmet
_jzrv6s6e5,58,817,536,215,320,DHelmet
_jzrv6s6e5,59,837,538,223,324,DHelmet
_jzrv6s6e5,60,857,539,230,328,DHelmet
_jzrv6s6e5,61,882,540,232,337,DHelmet
_jzrv6s6e5,62,907,542,233,344,DHelmet
_jzrv6s6e5,63,935,543,231,352,DHelmet
_jzrv6s6e5,64,963,544,230,361,DHelmet
_jzrv6s6e5,65,993,548,230,369,DHelmet
_jzrv6s6e5,66,1024,553,229,375,DHelmet
_jzrv6s6e5,67,1055,557,228,383,DHelmet
_jzrv6s6e5,68,1088,560,238,395,DHelmet
_jzrv6s6e5,69,1120,562,249,408,DHelmet
_jzrv6s6e5,70,1153,565,258,420,DHelmet
_jzrv6s6e5,71,1193,568,272,437,DHelmet
_jzrv6s6e5,72,1234,571,298,454,DHelmet
_jzrv6s6e5,73,1274,573,324,471,DHelmet
_jzrv6s6e5,74,1322,578,351,492,DHelmet
_jzrv6s6e5,75,1375,581,380,499,DHelmet
_jzrv6s6e5,76,1435,589,414,491,DHelmet
_jzrv6s6e5,77,1501,593,419,487,DHelmet
_jzrv6s6e5,78,1579,604,341,476,DHelmet
