track_id,frame_id,x,y,w,h,label
_aqtivx968,1,592,364,59,124,DHelmet
_aqtivx968,2,584,361,56,124,DHelmet
_aqtivx968,3,576,359,53,124,DHelmet
_aqtivx968,4,565,358,53,124,DHelmet
_aqtivx968,5,554,357,53,125,DHelmet
_aqtivx968,6,547,359,49,118,DHelmet
_aqtivx968,7,539,360,47,113,DHelmet
_aqtivx968,8,530,359,46,112,DHelmet
_aqtivx968,9,522,358,43,111,DHelmet
_aqtivx968,10,513,357,41,110,DHelmet
_aqtivx968,11,504,357,39,108,DHelmet
_aqtivx968,12,495,356,38,107,DHelmet
_aqtivx968,13,487,355,35,105,DHelmet
_aqtivx968,14,477,355,42,105,DHelmet
_aqtivx968,15,467,354,50,105,DHelmet
_aqtivx968,16,459,354,47,103,DHelmet
_aqtivx968,17,451,354,45,101,DHelmet
_aqtivx968,18,444,354,45,101,DHelmet
_aqtivx968,19,437,354,45,101,DHelmet
_aqtivx968,20,430,353,44,101,DHelmet
_aqtivx968,21,423,352,44,101,DHelmet
_aqtivx968,22,415,352,44,100,DHelmet
_aqtivx968,23,407,352,43,98,DHelmet
_aqtivx968,24,399,352,43,96,DHelmet
_aqtivx968,25,391,351,42,95,DHelmet
_aqtivx968,26,383,350,42,95,DHelmet
_aqtivx968,27,375,348,42,95,DHelmet
_aqtivx968,28,369,348,40,95,DHelmet
_aqtivx968,29,364,348,37,95,DHelmet
_aqtivx968,30,358,348,38,95,DHelmet
_aqtivx968,31,353,347,38,95,DHelmet
_aqtivx968,32,348,347,36,93,DHelmet
_aqtivx968,33,343,346,34,92,DHelmet
_aqtivx968,34,337,346,33,91,DHelmet
_aqtivx968,35,332,345,31,90,DHelmet
_aqtivx968,36,327,345,29,88,DHelmet
_aqtivx968,37,321,344,28,87,DHelmet
_aqtivx968,38,316,343,26,86,DHelmet
_aqtivx968,39,311,342,27,86,DHelmet
_aqtivx968,40,305,341,29,86,DHelmet
_aqtivx968,41,300,340,30,86,DHelmet
_aqtivx968,42,294,341,32,84,DHelmet
_aqtivx968,43,289,342,33,82,DHelmet
_aqtivx968,44,283,343,34,80,DHelmet
_aqtivx968,45,278,343,34,80,DHelmet
_aqtivx968,46,273,343,34,80,DHelmet
_aqtivx968,47,269,343,35,80,DHelmet
_aqtivx968,48,266,343,34,80,DHelmet
_aqtivx968,49,261,343,34,80,DHelmet
_aqtivx968,50,256,343,34,80,DHelmet
_uftnunoum,6,430,351,63,119,DHelmet
_uftnunoum,7,423,349,63,119,DHelmet
_uftnunoum,8,416,349,59,119,DHelmet
_uftnunoum,9,409,348,56,119,DHelmet
_uftnunoum,10,398,348,57,117,DHelmet
_uftnunoum,11,388,347,56,115,DHelmet
_uftnunoum,12,381,348,55,112,DHelmet
_uftnunoum,13,375,348,52,110,DHelmet
_uftnunoum,14,368,346,51,110,DHelmet
_uftnunoum,15,361,343,50,110,DHelmet
_uftnunoum,16,354,343,51,109,DHelmet
_uftnunoum,17,348,343,51,108,DHelmet
_uftnunoum,18,342,343,51,107,DHelmet
_uftnunoum,19,336,343,51,106,DHelmet
_uftnunoum,20,330,343,51,104,DHelmet
_uftnunoum,21,324,342,51,104,DHelmet
_uftnunoum,22,317,342,51,104,DHelmet
_uftnunoum,23,310,342,51,104,DHelmet
_uftnunoum,24,307,342,49,103,DHelmet
_uftnunoum,25,304,342,47,101,DHelmet
_uftnunoum,26,299,341,47,101,DHelmet
_uftnunoum,27,294,339,47,101,DHelmet
_uftnunoum,28,288,340,48,99,DHelmet
_uftnunoum,29,283,341,47,97,DHelmet
_uftnunoum,30,278,340,47,97,DHelmet
_uftnunoum,31,273,339,47,97,DHelmet
_uftnunoum,32,267,340,48,95,DHelmet
_uftnunoum,33,262,340,47,93,DHelmet
_uftnunoum,34,257,340,45,88,DHelmet
_372bwqp0o,1,148,360,70,149,DNoHelmetP1NoHelmet
_372bwqp0o,2,157,362,73,152,DNoHelmetP1NoHelmet
_372bwqp0o,3,167,365,74,153,DNoHelmetP1NoHelmet
_372bwqp0o,4,176,365,76,158,DNoHelmetP1NoHelmet
_372bwqp0o,5,185,365,78,162,DNoHelmetP1NoHelmet
_372bwqp0o,6,195,366,79,165,DNoHelmetP1NoHelmet
_372bwqp0o,7,204,366,81,170,DNoHelmetP1NoHelmet
_372bwqp0o,8,213,366,83,174,DNoHelmetP1NoHelmet
_372bwqp0o,9,224,369,85,178,DNoHelmetP1NoHelmet
_372bwqp0o,10,235,371,86,182,DNoHelmetP1NoHelmet
_372bwqp0o,11,246,373,88,186,DNoHelmetP1NoHelmet
_372bwqp0o,12,257,375,89,191,DNoHelmetP1NoHelmet
_372bwqp0o,13,267,377,92,195,DNoHelmetP1NoHelmet
_372bwqp0o,14,278,379,94,199,DNoHelmetP1NoHelmet
_372bwqp0o,15,289,380,95,205,DNoHelmetP1NoHelmet
_372bwqp0o,16,301,383,97,210,DNoHelmetP1NoHelmet
_372bwqp0o,17,313,385,99,217,DNoHelmetP1NoHelmet
_372bwqp0o,18,325,387,101,224,DNoHelmetP1NoHelmet
_372bwqp0o,19,337,389,103,230,DNoHelmetP1NoHelmet
_372bwqp0o,20,349,392,105,236,DNoHelmetP1NoHelmet
_372bwqp0o,21,362,394,105,243,DNoHelmetP1NoHelmet
_372bwqp0o,22,372,397,110,251,DNoHelmetP1NoHelmet
_372bwqp0o,23,383,400,114,259,DNoHelmetP1NoHelmet
_372bwqp0o,24,394,404,118,266,DNoHelmetP1NoHelmet
_372bwqp0o,25,405,407,122,275,DNoHelmetP1NoHelmet
_372bwqp0o,26,416,410,126,283,DNoHelmetP1NoHelmet
_372bwqp0o,27,427,414,129,290,DNoHelmetP1NoHelmet
_372bwqp0o,28,438,417,133,298,DNoHelmetP1NoHelmet
_372bwqp0o,29,449,420,137,306,DNoHelmetP1NoHelmet
_372bwqp0o,30,460,424,141,314,DNoHelmetP1NoHelmet
_372bwqp0o,31,470,427,146,322,DNoHelmetP1NoHelmet
_372bwqp0o,32,479,431,151,334,DNoHelmetP1NoHelmet
_372bwqp0o,33,487,435,157,347,DNoHelmetP1NoHelmet
_372bwqp0o,34,495,439,164,360,DNoHelmetP1NoHelmet
_372bwqp0o,35,504,443,169,372,DNoHelmetP1NoHelmet
_372bwqp0o,36,512,447,176,385,DNoHelmetP1NoHelmet
_372bwqp0o,37,518,451,181,402,DNoHelmetP1NoHelmet
_372bwqp0o,38,525,455,185,420,DNoHelmetP1NoHelmet
_372bwqp0o,39,531,458,190,439,DNoHelmetP1NoHelmet
_372bwqp0o,40,538,462,195,456,DNoHelmetP1NoHelmet
_372bwqp0o,41,547,468,203,475,DNoHelmetP1NoHelmet
_372bwqp0o,42,555,474,213,495,DNoHelmetP1NoHelmet
_372bwqp0o,43,564,480,221,514,DNoHelmetP1NoHelmet
_372bwqp0o,44,577,487,233,536,DNoHelmetP1NoHelmet
_372bwqp0o,45,590,494,244,557,DNoHelmetP1NoHelmet
_372bwqp0o,46,610,502,254,576,DNoHelmetP1NoHelmet
_372bwqp0o,47,629,511,265,569,DNoHelmetP1NoHelmet
_372bwqp0o,48,653,520,282,560,DNoHelmetP1NoHelmet
_372bwqp0o,49,678,528,297,552,DNoHelmetP1NoHelmet
_372bwqp0o,50,702,537,314,543,DNoHelmetP1NoHelmet
_372bwqp0o,51,734,548,334,532,DNoHelmetP1NoHelmet
_372bwqp0o,52,765,560,355,520,DNoHelmetP1NoHelmet
_372bwqp0o,53,801,572,376,508,DNoHelmetP1NoHelmet
_372bwqp0o,54,838,584,396,496,DNoHelmetP1NoHelmet
_372bwqp0o,55,880,595,416,485,DNoHelmetP1NoHelmet
_372bwqp0o,56,922,606,437,474,DNoHelmetP1NoHelmet
_372bwqp0o,57,970,617,465,463,DNoHelmetP1NoHelmet
_372bwqp0o,58,1018,628,493,452,DNoHelmetP1NoHelmet
_372bwqp0o,59,1074,638,525,442,DNoHelmetP1NoHelmet
_372bwqp0o,60,1127,652,561,428,DNoHelmetP1NoHelmet
_cxjenbih5,1,412,357,138,142,DHelmet
_cxjenbih5,2,426,357,115,142,DHelmet
_cxjenbih5,3,439,357,111,142,DHelmet
_cxjenbih5,4,456,357,97,142,DHelmet
_cxjenbih5,5,472,357,83,142,DHelmet
_cxjenbih5,6,481,357,74,142,DHelmet
_cxjenbih5,7,486,359,75,139,DHelmet
_cxjenbih5,8,492,361,74,137,DHelmet
_cxjenbih5,9,499,359,67,137,DHelmet
_cxjenbih5,10,507,357,59,138,DHelmet
_cxjenbih5,11,509,357,59,135,DHelmet
_cxjenbih5,12,512,357,57,133,DHelmet
_cxjenbih5,13,513,357,58,132,DHelmet
_cxjenbih5,14,515,356,57,133,DHelmet
_cxjenbih5,15,513,356,58,131,DHelmet
_cxjenbih5,16,512,356,58,130,DHelmet
_cxjenbih5,17,511,356,57,128,DHelmet
_cxjenbih5,18,509,356,58,127,DHelmet
_cxjenbih5,19,508,356,58,125,DHelmet
_cxjenbih5,20,507,356,57,123,DHelmet
_cxjenbih5,21,504,356,55,121,DHelmet
_cxjenbih5,22,501,356,53,119,DHelmet
_cxjenbih5,23,498,356,51,117,DHelmet
_cxjenbih5,24,495,355,49,116,DHelmet
_cxjenbih5,25,491,355,47,115,DHelmet
_cxjenbih5,26,487,355,45,114,DHelmet
_cxjenbih5,27,483,354,44,114,DHelmet
_cxjenbih5,28,478,354,43,113,DHelmet
_cxjenbih5,29,474,354,42,112,DHelmet
_cxjenbih5,30,467,354,43,110,DHelmet
_cxjenbih5,31,459,353,46,110,DHelmet
_cxjenbih5,32,452,353,47,108,DHelmet
_cxjenbih5,33,445,353,49,106,DHelmet
_cxjenbih5,34,437,352,52,106,DHelmet
_cxjenbih5,35,430,352,53,104,DHelmet
_cxjenbih5,36,422,352,56,103,DHelmet
_cxjenbih5,37,415,351,57,102,DHelmet
_cxjenbih5,38,411,351,56,101,DHelmet
_cxjenbih5,39,407,351,54,100,DHelmet
_cxjenbih5,40,402,350,53,99,DHelmet
_cxjenbih5,41,398,350,51,98,DHelmet
_cxjenbih5,42,394,349,49,98,DHelmet
_cxjenbih5,43,390,349,47,96,DHelmet
_cxjenbih5,44,386,348,45,96,DHelmet
_cxjenbih5,45,383,348,45,89,DHelmet
_cxjenbih5,46,379,348,44,88,DHelmet
_cxjenbih5,47,375,348,43,87,DHelmet
_cxjenbih5,48,371,348,43,86,DHelmet
_cxjenbih5,49,368,347,41,86,DHelmet
_cxjenbih5,50,361,347,48,86,DHelmet
_cxjenbih5,51,357,347,47,86,DHelmet
_cxjenbih5,52,353,347,46,86,DHelmet
_cxjenbih5,53,349,347,45,86,DHelmet
_cxjenbih5,54,345,347,44,85,DHelmet
_cxjenbih5,55,341,347,44,85,DHelmet
_cxjenbih5,56,337,346,43,86,DHelmet
_cxjenbih5,57,334,346,42,85,DHelmet
_cxjenbih5,58,330,346,42,85,DHelmet
_cxjenbih5,59,327,346,41,84,DHelmet
_cxjenbih5,60,324,346,40,84,DHelmet
_cxjenbih5,61,320,345,39,84,DHelmet
_cxjenbih5,62,314,345,40,83,DHelmet
_cxjenbih5,63,308,344,40,83,DHelmet
_cxjenbih5,64,302,344,40,82,DHelmet
_cxjenbih5,65,297,343,40,82,DHelmet
_cxjenbih5,66,291,343,40,81,DHelmet
_cxjenbih5,67,285,342,40,81,DHelmet
_cxjenbih5,68,279,342,41,80,DHelmet
_cxjenbih5,69,273,341,41,80,DHelmet
_cxjenbih5,70,267,341,41,79,DHelmet
_cxjenbih5,71,261,340,42,79,DHelmet
_cxjenbih5,72,255,340,42,78,DHelmet
_cxjenbih5,73,249,339,42,78,DHelmet
_cxjenbih5,74,243,339,43,77,DHelmet
_cxjenbih5,75,237,338,43,77,DHelmet
_trp2lgyzd,1,301,348,41,100,DHelmet
_trp2lgyzd,2,296,349,41,97,DHelmet
_trp2lgyzd,3,292,349,40,95,DHelmet
_trp2lgyzd,4,287,349,40,93,DHelmet
_trp2lgyzd,5,282,349,40,91,DHelmet
_trp2lgyzd,6,278,349,39,89,DHelmet
_trp2lgyzd,7,273,349,38,87,DHelmet
_trp2lgyzd,8,268,349,38,85,DHelmet
_trp2lgyzd,9,265,349,37,84,DHelmet
_trp2lgyzd,10,262,349,35,82,DHelmet
_trp2lgyzd,11,259,348,34,82,DHelmet
_trp2lgyzd,12,256,348,32,80,DHelmet
_trp2lgyzd,13,253,347,31,80,DHelmet
_trp2lgyzd,14,248,347,32,81,DHelmet
_trp2lgyzd,15,243,346,33,83,DHelmet
_trp2lgyzd,16,239,346,33,83,DHelmet
_trp2lgyzd,17,234,345,34,84,DHelmet
_trp2lgyzd,18,229,345,35,83,DHelmet
_trp2lgyzd,19,225,344,35,83,DHelmet
_trp2lgyzd,20,220,344,36,82,DHelmet
_trp2lgyzd,21,215,343,37,82,DHelmet
_trp2lgyzd,22,211,343,37,81,DHelmet
_trp2lgyzd,23,206,342,38,81,DHelmet
_trp2lgyzd,24,201,341,38,81,DHelmet
_trp2lgyzd,25,197,341,38,80,DHelmet
_trp2lgyzd,26,192,340,39,80,DHelmet
_52deigm8t,3,1673,451,247,321,DNoHelmet
_52deigm8t,4,1567,443,251,305,DNoHelmet
_52deigm8t,5,1470,435,235,290,DNoHelmet
_52deigm8t,6,1382,427,210,274,DNoHelmet
_52deigm8t,7,1304,420,199,261,DNoHelmet
_52deigm8t,8,1226,412,188,249,DNoHelmet
_52deigm8t,9,1161,411,166,238,DNoHelmet
_52deigm8t,10,1097,409,154,225,DNoHelmet
_52deigm8t,11,1041,406,145,214,DNoHelmet
_52deigm8t,12,986,404,136,202,DNoHelmet
_52deigm8t,13,937,393,129,201,DNoHelmet
_52deigm8t,14,889,390,121,193,DNoHelmet
_52deigm8t,15,847,387,113,186,DNoHelmet
_52deigm8t,16,805,385,105,178,DNoHelmet
_52deigm8t,17,766,382,102,173,DNoHelmet
_52deigm8t,18,727,380,98,167,DNoHelmet
_52deigm8t,19,693,379,94,161,DNoHelmet
_52deigm8t,20,659,378,90,155,DNoHelmet
_52deigm8t,21,628,375,86,151,DNoHelmet
_52deigm8t,22,596,372,83,148,DNoHelmet
_52deigm8t,23,568,370,81,143,DNoHelmet
_52deigm8t,24,540,369,79,138,DNoHelmet
_52deigm8t,25,516,366,73,131,DNoHelmet
_52deigm8t,26,492,364,68,129,DNoHelmet
_52deigm8t,27,468,362,68,125,DNoHelmet
_52deigm8t,28,445,360,67,122,DNoHelmet
_52deigm8t,29,421,357,67,119,DNoHelmet
_52deigm8t,30,404,357,63,117,DNoHelmet
_52deigm8t,31,387,357,59,115,DNoHelmet
_52deigm8t,32,369,354,59,115,DNoHelmet
_52deigm8t,33,350,351,60,115,DNoHelmet
_52deigm8t,34,333,352,59,110,DNoHelmet
_52deigm8t,35,315,353,60,105,DNoHelmet
_52deigm8t,36,302,352,60,102,DNoHelmet
_52deigm8t,37,289,351,59,99,DNoHelmet
_52deigm8t,38,286,349,46,93,DNoHelmet
_52deigm8t,39,274,349,45,92,DNoHelmet
_52deigm8t,40,262,348,44,92,DNoHelmet
_52deigm8t,41,251,347,41,92,DNoHelmet
_52deigm8t,42,239,346,40,92,DNoHelmet
_52deigm8t,43,228,345,42,90,DNoHelmet
_52deigm8t,44,216,344,41,90,DNoHelmet
_52deigm8t,45,203,342,42,90,DNoHelmet
_reltsqdxa,1,201,345,47,101,DHelmet
_reltsqdxa,2,191,344,46,101,DHelmet
_reltsqdxa,3,181,343,46,100,DHelmet
_reltsqdxa,4,175,343,43,98,DHelmet
_reltsqdxa,5,168,343,40,96,DHelmet
_reltsqdxa,6,162,342,36,95,DHelmet
_gvdsalrgu,12,56,337,51,99,DHelmet
_gvdsalrgu,13,61,338,52,101,DHelmet
_gvdsalrgu,14,66,339,53,103,DHelmet
_gvdsalrgu,15,71,340,55,105,DHelmet
_gvdsalrgu,16,75,341,57,107,DHelmet
_gvdsalrgu,17,80,341,58,109,DHelmet
_gvdsalrgu,18,85,342,60,111,DHelmet
_gvdsalrgu,19,92,343,60,113,DHelmet
_gvdsalrgu,20,99,344,61,115,DHelmet
_gvdsalrgu,21,105,345,62,116,DHelmet
_gvdsalrgu,22,112,346,63,118,DHelmet
_gvdsalrgu,23,119,347,63,119,DHelmet
_gvdsalrgu,24,126,348,63,121,DHelmet
_gvdsalrgu,25,132,349,65,123,DHelmet
_gvdsalrgu,26,139,350,65,124,DHelmet
_gvdsalrgu,27,146,350,66,127,DHelmet
_gvdsalrgu,28,153,351,66,129,DHelmet
_gvdsalrgu,29,160,352,67,130,DHelmet
_gvdsalrgu,30,168,353,69,133,DHelmet
_gvdsalrgu,31,176,354,71,136,DHelmet
_gvdsalrgu,32,185,355,72,140,DHelmet
_gvdsalrgu,33,193,356,74,143,DHelmet
_gvdsalrgu,34,202,357,75,146,DHelmet
_gvdsalrgu,35,210,358,77,149,DHelmet
_gvdsalrgu,36,218,358,79,153,DHelmet
_gvdsalrgu,37,228,360,81,157,DHelmet
_gvdsalrgu,38,237,361,83,162,DHelmet
_gvdsalrgu,39,246,363,86,166,DHelmet
_gvdsalrgu,40,256,364,88,171,DHelmet
_gvdsalrgu,41,268,366,89,175,DHelmet
_gvdsalrgu,42,279,367,92,180,DHelmet
_gvdsalrgu,43,290,369,94,184,DHelmet
_gvdsalrgu,44,302,370,95,189,DHelmet
_gvdsalrgu,45,313,372,98,193,DHelmet
_gvdsalrgu,46,327,374,101,201,DHelmet
_gvdsalrgu,47,342,377,104,207,DHelmet
_gvdsalrgu,48,356,379,108,215,DHelmet
_gvdsalrgu,49,370,382,111,221,DHelmet
_gvdsalrgu,50,384,384,115,228,DHelmet
_gvdsalrgu,51,400,387,118,235,DHelmet
_gvdsalrgu,52,415,389,121,242,DHelmet
_gvdsalrgu,53,431,392,124,249,DHelmet
_gvdsalrgu,54,447,395,127,255,DHelmet
_gvdsalrgu,55,465,398,133,264,DHelmet
_gvdsalrgu,56,483,401,139,273,DHelmet
_gvdsalrgu,57,503,404,143,284,DHelmet
_gvdsalrgu,58,523,406,148,296,DHelmet
_gvdsalrgu,59,543,409,152,306,DHelmet
_gvdsalrgu,60,565,412,155,317,DHelmet
_gvdsalrgu,61,587,414,157,329,DHelmet
_gvdsalrgu,62,610,417,159,340,DHelmet
_gvdsalrgu,63,635,422,170,355,DHelmet
_gvdsalrgu,64,661,427,179,369,DHelmet
_gvdsalrgu,65,687,433,189,383,DHelmet
_gvdsalrgu,66,713,438,198,398,DHelmet
_gvdsalrgu,67,742,443,205,413,DHelmet
_gvdsalrgu,68,771,448,212,428,DHelmet
_gvdsalrgu,69,804,454,224,447,DHelmet
_gvdsalrgu,70,838,461,235,466,DHelmet
_gvdsalrgu,71,871,467,247,485,DHelmet
_gvdsalrgu,72,905,473,258,504,DHelmet
_gvdsalrgu,73,943,479,278,535,DHelmet
_gvdsalrgu,74,981,485,298,565,DHelmet
_gvdsalrgu,75,1019,492,318,588,DHelmet
_gvdsalrgu,76,1062,500,346,580,DHelmet
_gvdsalrgu,77,1105,508,374,572,DHelmet
_gvdsalrgu,78,1153,517,409,563,DHelmet
_gvdsalrgu,79,1201,526,444,554,DHelmet
_gvdsalrgu,80,1254,534,472,546,DHelmet
_gvdsalrgu,81,1307,543,500,537,DHelmet
_gvdsalrgu,82,1365,552,500,528,DHelmet
_gvdsalrgu,83,1423,561,497,519,DHelmet
_gvdsalrgu,84,1480,570,440,510,DHelmet
_gdleyq5iz,14,1749,448,171,311,DHelmet
_gdleyq5iz,15,1677,444,242,309,DHelmet
_gdleyq5iz,16,1604,440,273,308,DHelmet
_gdleyq5iz,17,1543,436,256,298,DHelmet
_gdleyq5iz,18,1482,432,240,289,DHelmet
_gdleyq5iz,19,1426,428,228,280,DHelmet
_gdleyq5iz,20,1370,424,216,272,DHelmet
_gdleyq5iz,21,1322,419,205,265,DHelmet
_gdleyq5iz,22,1274,413,194,259,DHelmet
_gdleyq5iz,23,1230,409,186,253,DHelmet
_gdleyq5iz,24,1187,406,176,246,DHelmet
_gdleyq5iz,25,1147,403,169,240,DHelmet
_gdleyq5iz,26,1107,401,162,233,DHelmet
_gdleyq5iz,27,1072,399,155,227,DHelmet
_gdleyq5iz,28,1037,397,149,221,DHelmet
_gdleyq5iz,29,1003,394,145,216,DHelmet
_gdleyq5iz,30,970,391,140,212,DHelmet
_gdleyq5iz,31,942,388,133,208,DHelmet
_gdleyq5iz,32,914,386,127,203,DHelmet
_gdleyq5iz,33,886,384,124,199,DHelmet
_gdleyq5iz,34,859,383,119,195,DHelmet
_gdleyq5iz,35,835,381,115,191,DHelmet
_gdleyq5iz,36,811,380,112,185,DHelmet
_gdleyq5iz,37,791,379,108,181,DHelmet
_gdleyq5iz,38,771,378,103,177,DHelmet
_gdleyq5iz,39,751,377,99,172,DHelmet
_gdleyq5iz,40,731,376,95,168,DHelmet
_gdleyq5iz,41,714,375,94,164,DHelmet
_gdleyq5iz,42,698,373,92,162,DHelmet
_gdleyq5iz,43,682,372,89,158,DHelmet
_gdleyq5iz,44,665,371,88,155,DHelmet
_gdleyq5iz,45,649,370,85,154,DHelmet
_gdleyq5iz,46,633,369,83,154,DHelmet
_gdleyq5iz,47,616,368,84,151,DHelmet
_gdleyq5iz,48,600,367,83,148,DHelmet
_gdleyq5iz,49,584,366,83,146,DHelmet
_gdleyq5iz,50,567,365,84,143,DHelmet
_gdleyq5iz,51,551,364,84,141,DHelmet
_gdleyq5iz,52,539,363,81,137,DHelmet
_gdleyq5iz,53,526,362,80,133,DHelmet
_gdleyq5iz,54,514,361,77,130,DHelmet
_gdleyq5iz,55,500,360,74,127,DHelmet
_gdleyq5iz,56,487,359,70,125,DHelmet
_gdleyq5iz,57,473,359,67,122,DHelmet
_gdleyq5iz,58,460,356,72,123,DHelmet
_gdleyq5iz,59,447,354,77,124,DHelmet
_gdleyq5iz,60,439,353,72,124,DHelmet
_gdleyq5iz,61,430,352,69,124,DHelmet
_gdleyq5iz,62,422,352,63,121,DHelmet
_gdleyq5iz,63,414,352,57,118,DHelmet
_gdleyq5iz,64,407,352,50,115,DHelmet
_gdleyq5iz,65,399,352,44,112,DHelmet
_gdleyq5iz,66,392,352,52,111,DHelmet
_gdleyq5iz,67,383,351,56,110,DHelmet
_gdleyq5iz,68,373,351,61,109,DHelmet
_gdleyq5iz,69,367,350,60,108,DHelmet
_gdleyq5iz,70,360,349,59,108,DHelmet
_gdleyq5iz,71,353,349,59,106,DHelmet
_gdleyq5iz,72,347,348,57,105,DHelmet
_gdleyq5iz,73,340,347,57,105,DHelmet
_gdleyq5iz,74,333,347,57,103,DHelmet
_gdleyq5iz,75,327,346,55,103,DHelmet
_gdleyq5iz,76,320,345,55,102,DHelmet
_gdleyq5iz,77,313,345,54,101,DHelmet
_gdleyq5iz,78,306,345,54,100,DHelmet
_gdleyq5iz,79,299,344,53,100,DHelmet
_gdleyq5iz,80,292,344,53,98,DHelmet
_gdleyq5iz,81,285,344,52,97,DHelmet
_gdleyq5iz,82,278,343,52,97,DHelmet
_gdleyq5iz,83,270,343,53,96,DHelmet
_gdleyq5iz,84,265,342,51,95,DHelmet
_gdleyq5iz,85,259,342,51,94,DHelmet
_gdleyq5iz,86,253,341,51,94,DHelmet
_gdleyq5iz,87,247,341,50,93,DHelmet
_gdleyq5iz,88,241,340,50,92,DHelmet
_gdleyq5iz,89,235,340,50,91,DHelmet
_gdleyq5iz,90,229,339,50,91,DHelmet
_gdleyq5iz,91,223,339,49,89,DHelmet
_gdleyq5iz,92,217,338,49,89,DHelmet
_ugz0y76nn,39,87,334,47,104,DHelmet
_ugz0y76nn,40,95,335,49,106,DHelmet
_ugz0y76nn,41,103,336,50,108,DHelmet
_ugz0y76nn,42,112,337,51,110,DHelmet
_ugz0y76nn,43,120,337,52,112,DHelmet
_ugz0y76nn,44,130,337,53,114,DHelmet
_ugz0y76nn,45,140,336,55,117,DHelmet
_ugz0y76nn,46,152,337,55,119,DHelmet
_ugz0y76nn,47,163,338,56,121,DHelmet
_ugz0y76nn,48,174,338,57,124,DHelmet
_ugz0y76nn,49,185,339,59,126,DHelmet
_ugz0y76nn,50,197,340,60,128,DHelmet
_ugz0y76nn,51,209,341,61,130,DHelmet
_ugz0y76nn,52,222,342,61,133,DHelmet
_ugz0y76nn,53,234,343,63,135,DHelmet
_ugz0y76nn,54,246,344,64,137,DHelmet
_ugz0y76nn,55,261,346,65,139,DHelmet
_ugz0y76nn,56,276,348,66,141,DHelmet
_ugz0y76nn,57,291,350,67,144,DHelmet
_ugz0y76nn,58,306,352,69,146,DHelmet
_ugz0y76nn,59,321,353,70,149,DHelmet
_ugz0y76nn,60,335,353,72,153,DHelmet
_ugz0y76nn,61,349,353,75,158,DHelmet
_ugz0y76nn,62,364,353,78,164,DHelmet
_ugz0y76nn,63,379,353,80,169,DHelmet
_ugz0y76nn,64,397,354,83,174,DHelmet
_ugz0y76nn,65,415,355,85,179,DHelmet
_ugz0y76nn,66,432,355,89,185,DHelmet
_ugz0y76nn,67,450,356,91,190,DHelmet
_ugz0y76nn,68,468,358,94,195,DHelmet
_ugz0y76nn,69,487,359,96,201,DHelmet
_ugz0y76nn,70,506,360,99,206,DHelmet
_ugz0y76nn,71,524,362,102,211,DHelmet
_ugz0y76nn,72,546,364,105,217,DHelmet
_ugz0y76nn,73,568,367,108,222,DHelmet
_ugz0y76nn,74,590,370,110,226,DHelmet
_ugz0y76nn,75,614,371,114,235,DHelmet
_ugz0y76nn,76,637,372,118,244,DHelmet
_ugz0y76nn,77,662,374,127,253,DHelmet
_ugz0y76nn,78,688,376,135,261,DHelmet
_ugz0y76nn,79,716,378,139,270,DHelmet
_ugz0y76nn,80,745,380,141,279,DHelmet
_ugz0y76nn,81,776,385,149,285,DHelmet
_ugz0y76nn,82,807,391,158,290,DHelmet
_ugz0y76nn,83,842,393,171,300,DHelmet
_ugz0y76nn,84,877,395,183,311,DHelmet
_ugz0y76nn,85,912,397,196,321,DHelmet
_ugz0y76nn,86,953,399,208,334,DHelmet
_ugz0y76nn,87,994,402,220,346,DHelmet
_ugz0y76nn,88,1040,405,236,358,DHelmet
_ugz0y76nn,89,1086,408,251,370,DHelmet
_ugz0y76nn,90,1138,413,269,382,DHelmet
_ugz0y76nn,91,1191,417,287,395,DHelmet
_ugz0y76nn,92,1243,422,305,406,DHelmet
_ugz0y76nn,93,1303,426,327,422,DHelmet
_ugz0y76nn,94,1363,430,349,437,DHelmet
_ugz0y76nn,95,1422,434,371,453,DHelmet
_ugz0y76nn,96,1490,438,390,468,DHelmet
_ugz0y76nn,97,1557,442,363,486,DHelmet
_ugz0y76nn,98,1625,446,295,435,DHelmet
_4x587ofx9,73,1645,448,275,330,DHelmetP1Helmet
_4x587ofx9,74,1561,448,324,315,DHelmetP1Helmet
_4x587ofx9,75,1487,443,300,303,DHelmetP1Helmet
_4x587ofx9,76,1414,437,275,292,DHelmetP1Helmet
_4x587ofx9,77,1347,430,257,285,DHelmetP1Helmet
_4x587ofx9,78,1290,425,239,275,DHelmetP1Helmet
_4x587ofx9,79,1234,419,219,266,DHelmetP1Helmet
_4x587ofx9,80,1177,414,200,256,DHelmetP1Helmet
_4x587ofx9,81,1129,409,188,252,DHelmetP1Helmet
_4x587ofx9,82,1082,404,176,247,DHelmetP1Helmet
_4x587ofx9,83,1041,402,166,239,DHelmetP1Helmet
_4x587ofx9,84,1005,399,159,232,DHelmetP1Helmet
_4x587ofx9,85,970,397,150,225,DHelmetP1Helmet
_4x587ofx9,86,934,394,143,218,DHelmetP1Helmet
_4x587ofx9,87,899,391,134,212,DHelmetP1Helmet
_4x587ofx9,88,872,389,124,207,DHelmetP1Helmet
_4x587ofx9,89,846,388,113,201,DHelmetP1Helmet
_4x587ofx9,90,822,386,108,196,DHelmetP1Helmet
_4x587ofx9,91,798,385,102,190,DHelmetP1Helmet
_4x587ofx9,92,776,383,100,186,DHelmetP1Helmet
_4x587ofx9,93,753,382,99,181,DHelmetP1Helmet
_4x587ofx9,94,731,380,96,177,DHelmetP1Helmet
_4x587ofx9,95,708,379,95,172,DHelmetP1Helmet
_4x587ofx9,96,689,377,93,168,DHelmetP1Helmet
_4x587ofx9,97,670,376,91,164,DHelmetP1Helmet
_4x587ofx9,98,650,374,90,160,DHelmetP1Helmet
_4x587ofx9,99,631,372,88,156,DHelmetP1Helmet
_4x587ofx9,100,612,371,86,152,DHelmetP1Helmet
