track_id,frame_id,x,y,w,h,label
_z6ju5tgq3,5,279,518,80,149,DHelmetP1NoHelmetP2NoHelmet
_z6ju5tgq3,6,292,519,82,153,DHelmetP1NoHelmetP2NoHelmet
_z6ju5tgq3,7,305,521,84,157,DHelmetP1NoHelmetP2NoHelmet
_z6ju5tgq3,8,318,522,86,161,DHelmetP1NoHelmetP2NoHelmet
_z6ju5tgq3,9,332,523,87,166,DHelmetP1NoHelmetP2NoHelmet
_z6ju5tgq3,10,347,525,90,169,DHelmetP1NoHelmetP2NoHelmet
_z6ju5tgq3,11,361,526,93,173,DHelmetP1NoHelmetP2NoHelmet
_z6ju5tgq3,12,376,527,96,177,DHelmetP1NoHelmetP2NoHelmet
_z6ju5tgq3,13,393,528,98,185,DHelmetP1NoHelmetP2NoHelmet
_z6ju5tgq3,14,410,528,101,194,DHelmetP1NoHelmetP2NoHelmet
_z6ju5tgq3,15,427,531,104,198,DHelmetP1NoHelmetP2NoHelmet
_z6ju5tgq3,16,444,534,107,202,DHelmetP1NoHelmetP2NoHelmet
_z6ju5tgq3,17,466,536,111,209,DHelmetP1NoHelmetP2NoHelmet
_z6ju5tgq3,18,488,537,115,217,DHelmetP1NoHelmetP2NoHelmet
_z6ju5tgq3,19,509,539,120,224,DHelmetP1NoHelmetP2NoHelmet
_z6ju5tgq3,20,533,541,125,232,DHelmetP1NoHelmetP2NoHelmet
_z6ju5tgq3,21,557,543,130,240,DHelmetP1NoHelmetP2NoHelmet
_z6ju5tgq3,22,583,546,138,250,DHelmetP1NoHelmetP2NoHelmet
_z6ju5tgq3,23,609,549,145,260,DHelmetP1NoHelmetP2NoHelmet
_z6ju5tgq3,24,640,552,152,271,DHelmetP1NoHelmetP2NoHelmet
_z6ju5tgq3,25,670,554,159,284,DHelmetP1NoHelmetP2NoHelmet
_z6ju5tgq3,26,703,558,171,296,DHelmetP1NoHelmetP2NoHelmet
_z6ju5tgq3,27,737,561,182,310,DHelmetP1NoHelmetP2NoHelmet
_z6ju5tgq3,28,778,564,195,325,DHelmetP1NoHelmetP2NoHelmet
_z6ju5tgq3,29,819,567,209,340,DHelmetP1NoHelmetP2NoHelmet
_z6ju5tgq3,30,867,574,226,358,DHelmetP1NoHelmetP2NoHelmet
_z6ju5tgq3,31,916,580,242,378,DHelmetP1NoHelmetP2NoHelmet
_z6ju5tgq3,32,970,584,264,401,DHelmetP1NoHelmetP2NoHelmet
_z6ju5tgq3,33,1028,590,287,425,DHelmetP1NoHelmetP2NoHelmet
_z6ju5tgq3,34,1090,596,317,449,DHelmetP1NoHelmetP2NoHelmet
_z6ju5tgq3,35,1161,603,352,477,DHelmetP1NoHelmetP2NoHelmet
_z6ju5tgq3,36,1239,608,389,472,DHelmetP1NoHelmetP2NoHelmet
_z6ju5tgq3,37,1327,616,429,464,DHelmetP1NoHelmetP2NoHelmet
_z6ju5tgq3,38,1425,624,468,456,DHelmetP1NoHelmetP2NoHelmet
_z6ju5tgq3,39,1534,638,386,442,DHelmetP1NoHelmetP2NoHelmet
_flq11pbnf,46,1711,606,209,359,DHelmet
_flq11pbnf,47,1601,601,301,347,DHelmet
_flq11pbnf,48,1502,595,272,326,DHelmet
_flq11pbnf,49,1409,589,251,308,DHelmet
_flq11pbnf,50,1324,583,230,291,DHelmet
_flq11pbnf,51,1247,578,212,277,DHelmet
_flq11pbnf,52,1175,573,195,264,DHelmet
_flq11pbnf,53,1108,567,182,253,DHelmet
_flq11pbnf,54,1047,564,169,240,DHelmet
_flq11pbnf,55,990,561,157,230,DHelmet
_flq11pbnf,56,937,558,146,220,DHelmet
_flq11pbnf,57,885,553,140,213,DHelmet
_flq11pbnf,58,840,550,134,207,DHelmet
_flq11pbnf,59,800,548,128,200,DHelmet
_flq11pbnf,60,759,545,122,195,DHelmet
_flq11pbnf,61,721,543,116,188,DHelmet
_flq11pbnf,62,682,541,111,182,DHelmet
_flq11pbnf,63,653,539,104,176,DHelmet
_flq11pbnf,64,622,538,93,166,DHelmet
_flq11pbnf,65,594,536,92,162,DHelmet
_flq11pbnf,66,567,534,89,158,DHelmet
_flq11pbnf,67,540,533,87,153,DHelmet
_flq11pbnf,68,513,531,84,149,DHelmet
_flq11pbnf,69,489,531,83,144,DHelmet
_flq11pbnf,70,465,530,81,139,DHelmet
_flq11pbnf,71,442,530,79,133,DHelmet
_odxub93oc,54,1635,589,285,348,DHelmet
_odxub93oc,55,1542,585,284,330,DHelmet
_odxub93oc,56,1456,580,259,313,DHelmet
_odxub93oc,57,1376,575,239,299,DHelmet
_odxub93oc,58,1302,570,220,286,DHelmet
_odxub93oc,59,1234,567,201,272,DHelmet
_odxub93oc,60,1169,564,187,258,DHelmet
_odxub93oc,61,1110,560,177,250,DHelmet
_odxub93oc,62,1051,557,168,242,DHelmet
_odxub93oc,63,1008,554,159,234,DHelmet
_odxub93oc,64,966,552,149,225,DHelmet
_odxub93oc,65,924,550,141,218,DHelmet
_odxub93oc,66,882,549,132,209,DHelmet
_odxub93oc,67,849,546,122,202,DHelmet
_odxub93oc,68,816,544,113,193,DHelmet
_odxub93oc,69,786,540,108,188,DHelmet
_odxub93oc,70,758,539,103,184,DHelmet
_odxub93oc,71,729,538,99,179,DHelmet
_odxub93oc,72,704,537,96,174,DHelmet
_odxub93oc,73,677,536,94,169,DHelmet
_odxub93oc,74,652,534,91,166,DHelmet
_odxub93oc,75,627,533,89,162,DHelmet
_odxub93oc,76,602,531,87,159,DHelmet
_odxub93oc,77,577,530,85,155,DHelmet
_odxub93oc,78,556,528,79,151,DHelmet
_odxub93oc,79,535,526,73,148,DHelmet
_odxub93oc,80,513,524,72,144,DHelmet
_1epxftnwe,58,1684,595,236,378,DHelmet
_1epxftnwe,59,1589,590,282,362,DHelmet
_1epxftnwe,60,1501,588,257,338,DHelmet
_1epxftnwe,61,1420,582,233,323,DHelmet
_1epxftnwe,62,1344,577,214,305,DHelmet
_1epxftnwe,63,1258,571,215,294,DHelmet
_1epxftnwe,64,1189,567,201,282,DHelmet
_1epxftnwe,65,1138,564,187,271,DHelmet
_1epxftnwe,66,1087,560,173,261,DHelmet
_1epxftnwe,67,1035,557,159,249,DHelmet
_1epxftnwe,68,985,556,145,239,DHelmet
_1epxftnwe,69,936,556,132,228,DHelmet
_1epxftnwe,70,894,552,121,217,DHelmet
_1epxftnwe,71,852,547,115,210,DHelmet
_1epxftnwe,72,814,545,112,203,DHelmet
_1epxftnwe,73,775,543,110,196,DHelmet
_1epxftnwe,74,744,540,105,192,DHelmet
_1epxftnwe,75,713,538,101,186,DHelmet
_1epxftnwe,76,682,536,96,180,DHelmet
_1epxftnwe,77,655,535,93,176,DHelmet
_1epxftnwe,78,627,533,90,172,DHelmet
_1epxftnwe,79,600,532,87,168,DHelmet
_1epxftnwe,80,573,531,86,163,DHelmet
_1epxftnwe,81,546,530,86,158,DHelmet
_1epxftnwe,82,523,530,83,153,DHelmet
_1epxftnwe,83,500,530,81,149,DHelmet
_1epxftnwe,84,479,528,79,146,DHelmet
_1epxftnwe,85,458,527,76,142,DHelmet
_k9du6boxs,60,1685,607,234,284,DHelmetP1Helmet
_k9du6boxs,61,1604,602,225,272,DHelmetP1Helmet
_k9du6boxs,62,1522,598,220,263,DHelmetP1Helmet
_k9du6boxs,63,1460,593,205,253,DHelmetP1Helmet
_k9du6boxs,64,1397,588,196,245,DHelmetP1Helmet
_k9du6boxs,65,1325,584,197,236,DHelmetP1Helmet
_k9du6boxs,66,1279,581,186,232,DHelmetP1Helmet
_k9du6boxs,67,1234,578,175,229,DHelmetP1Helmet
_k9du6boxs,68,1188,575,164,225,DHelmetP1Helmet
_k9du6boxs,69,1143,572,152,221,DHelmetP1Helmet
_k9du6boxs,70,1096,569,139,209,DHelmetP1Helmet
_k9du6boxs,71,1056,567,130,198,DHelmetP1Helmet
_k9du6boxs,72,1016,565,121,187,DHelmetP1Helmet
_k9du6boxs,73,978,562,115,182,DHelmetP1Helmet
_k9du6boxs,74,944,560,110,177,DHelmetP1Helmet
_k9du6boxs,75,909,557,107,173,DHelmetP1Helmet
_k9du6boxs,76,876,555,104,168,DHelmetP1Helmet
_k9du6boxs,77,843,552,102,164,DHelmetP1Helmet
_k9du6boxs,78,814,550,97,160,DHelmetP1Helmet
_k9du6boxs,79,785,548,92,156,DHelmetP1Helmet
_k9du6boxs,80,756,546,87,152,DHelmetP1Helmet
_k9du6boxs,81,732,545,84,148,DHelmetP1Helmet
_k9du6boxs,82,707,543,83,146,DHelmetP1Helmet
_k9du6boxs,83,683,542,80,142,DHelmetP1Helmet
_k9du6boxs,84,658,541,78,138,DHelmetP1Helmet
_k9du6boxs,85,631,535,78,138,DHelmetP1Helmet
_lvd0n2o59,72,1505,589,285,366,DHelmetP1Helmet
_lvd0n2o59,73,1406,585,259,346,DHelmetP1Helmet
_lvd0n2o59,74,1307,582,250,324,DHelmetP1Helmet
_lvd0n2o59,75,1234,578,227,312,DHelmetP1Helmet
_lvd0n2o59,76,1167,572,209,295,DHelmetP1Helmet
_lvd0n2o59,77,1101,567,189,278,DHelmetP1Helmet
_lvd0n2o59,78,1041,564,179,263,DHelmetP1Helmet
_lvd0n2o59,79,980,560,169,250,DHelmetP1Helmet
_lvd0n2o59,80,927,556,158,239,DHelmetP1Helmet
_lvd0n2o59,81,876,551,153,230,DHelmetP1Helmet
_lvd0n2o59,82,822,549,148,219,DHelmetP1Helmet
_lvd0n2o59,83,780,547,138,208,DHelmetP1Helmet
_lvd0n2o59,84,737,543,132,202,DHelmetP1Helmet
_lvd0n2o59,85,695,539,126,195,DHelmetP1Helmet
_lvd0n2o59,86,655,537,122,188,DHelmetP1Helmet
_lvd0n2o59,87,619,535,118,181,DHelmetP1Helmet
_lvd0n2o59,88,582,534,115,174,DHelmetP1Helmet
_lvd0n2o59,89,554,532,108,169,DHelmetP1Helmet
_lvd0n2o59,90,526,530,101,163,DHelmetP1Helmet
_lvd0n2o59,91,502,528,96,160,DHelmetP1Helmet
_lvd0n2o59,92,477,526,92,156,DHelmetP1Helmet
_lvd0n2o59,93,454,525,89,150,DHelmetP1Helmet
_lvd0n2o59,94,431,524,85,144,DHelmetP1Helmet
_lvd0n2o59,95,412,524,82,140,DHelmetP1Helmet
_lvd0n2o59,96,393,523,79,138,DHelmetP1Helmet
_lvd0n2o59,97,376,522,77,133,DHelmetP1Helmet
_lvd0n2o59,98,359,521,76,129,DHelmetP1Helmet
_326i4xn23,69,1712,603,208,307,DHelmet
_326i4xn23,70,1639,601,223,307,DHelmet
_326i4xn23,71,1572,595,247,329,DHelmet
_326i4xn23,72,1515,592,233,305,DHelmet
_326i4xn23,73,1458,589,218,281,DHelmet
_326i4xn23,74,1401,586,204,257,DHelmet
_326i4xn23,75,1344,583,189,232,DHelmet
_326i4xn23,76,1299,579,180,226,DHelmet
_326i4xn23,77,1253,577,169,219,DHelmet
_326i4xn23,78,1208,576,162,211,DHelmet
_326i4xn23,79,1167,571,152,207,DHelmet
_326i4xn23,80,1129,570,144,202,DHelmet
_326i4xn23,81,1093,566,136,197,DHelmet
_326i4xn23,82,1057,564,129,192,DHelmet
_326i4xn23,83,1026,562,122,187,DHelmet
_326i4xn23,84,995,560,115,182,DHelmet
_326i4xn23,85,967,559,110,177,DHelmet
_326i4xn23,86,939,558,104,172,DHelmet
_326i4xn23,87,913,556,101,170,DHelmet
_326i4xn23,88,887,554,98,167,DHelmet
_326i4xn23,89,862,553,97,163,DHelmet
_326i4xn23,90,838,551,94,161,DHelmet
_326i4xn23,91,815,550,92,157,DHelmet
_326i4xn23,92,793,548,88,154,DHelmet
_326i4xn23,93,771,547,86,151,DHelmet
_326i4xn23,94,749,545,84,148,DHelmet
_326i4xn23,95,730,543,82,145,DHelmet
_326i4xn23,96,711,542,79,142,DHelmet
_326i4xn23,97,693,540,76,139,DHelmet
_326i4xn23,98,675,539,74,137,DHelmet
_326i4xn23,99,658,538,72,135,DHelmet
_326i4xn23,100,641,537,70,133,DHelmet
_9gfuuh0g2,77,1651,600,269,354,DHelmet
_9gfuuh0g2,78,1564,596,306,355,DHelmet
_9gfuuh0g2,79,1482,592,279,337,DHelmet
_9gfuuh0g2,80,1401,585,261,322,DHelmet
_9gfuuh0g2,81,1331,581,239,304,DHelmet
_9gfuuh0g2,82,1263,576,221,293,DHelmet
_9gfuuh0g2,83,1201,571,203,281,DHelmet
_9gfuuh0g2,84,1144,568,189,269,DHelmet
_9gfuuh0g2,85,1089,564,175,258,DHelmet
_9gfuuh0g2,86,1038,561,165,248,DHelmet
_9gfuuh0g2,87,989,557,155,239,DHelmet
_9gfuuh0g2,88,943,556,144,229,DHelmet
_9gfuuh0g2,89,899,554,138,220,DHelmet
_9gfuuh0g2,90,858,551,134,212,DHelmet
_9gfuuh0g2,91,820,548,126,205,DHelmet
_9gfuuh0g2,92,785,546,120,199,DHelmet
_9gfuuh0g2,93,751,544,113,192,DHelmet
_9gfuuh0g2,94,717,542,110,187,DHelmet
_9gfuuh0g2,95,683,541,107,181,DHelmet
_9gfuuh0g2,96,655,539,103,176,DHelmet
_9gfuuh0g2,97,626,537,100,171,DHelmet
_9gfuuh0g2,98,599,536,97,166,DHelmet
_9gfuuh0g2,99,574,535,93,161,DHelmet
_9gfuuh0g2,100,548,534,91,156,DHelmet
_41uvxyq4r,83,1671,596,249,318,DNoHelmetP1Helmet
_41uvxyq4r,84,1616,596,278,304,DNoHelmetP1Helmet
_41uvxyq4r,85,1563,592,264,298,DNoHelmetP1Helmet
_41uvxyq4r,86,1513,589,250,290,DNoHelmetP1Helmet
_41uvxyq4r,87,1465,584,238,282,DNoHelmetP1Helmet
_41uvxyq4r,88,1418,583,230,275,DNoHelmetP1Helmet
_41uvxyq4r,89,1374,580,221,268,DNoHelmetP1Helmet
_41uvxyq4r,90,1329,577,213,261,DNoHelmetP1Helmet
_41uvxyq4r,91,1290,574,204,254,DNoHelmetP1Helmet
_41uvxyq4r,92,1250,572,195,246,DNoHelmetP1Helmet
_41uvxyq4r,93,1213,570,189,241,DNoHelmetP1Helmet
_41uvxyq4r,94,1177,569,182,234,DNoHelmetP1Helmet
_41uvxyq4r,95,1144,567,175,229,DNoHelmetP1Helmet
_41uvxyq4r,96,1112,565,167,224,DNoHelmetP1Helmet
_41uvxyq4r,97,1081,562,161,219,DNoHelmetP1Helmet
_41uvxyq4r,98,1051,560,154,214,DNoHelmetP1Helmet
_41uvxyq4r,99,1023,558,149,210,DNoHelmetP1Helmet
_41uvxyq4r,100,996,556,143,206,DNoHelmetP1Helmet
_soosctrna,96,200,514,68,137,DHelmetP1Helmet
_soosctrna,97,209,515,69,138,DHelmetP1Helmet
_soosctrna,98,218,515,71,141,DHelmetP1Helmet
_soosctrna,99,227,516,72,143,DHelmetP1Helmet
_soosctrna,100,236,516,73,146,DHelmetP1Helmet
