track_id,frame_id,x,y,w,h,label
_0bhqrb304,1,146,251,77,131,DHelmetP1Helmet
_0bhqrb304,2,135,250,75,129,DHelmetP1Helmet
_0bhqrb304,3,124,249,73,127,DHelmetP1Helmet
_0bhqrb304,4,114,248,70,125,DHelmetP1Helmet
_0bhqrb304,5,103,248,68,122,DHelmetP1Helmet
_0bhqrb304,6,92,247,66,120,DHelmetP1Helmet
_t244y1zjm,1,910,317,148,222,DHelmet
_t244y1zjm,2,870,313,142,216,DHelmet
_t244y1zjm,3,832,309,137,211,DHelmet
_t244y1zjm,4,795,306,131,205,DHelmet
_t244y1zjm,5,761,303,126,201,DHelmet
_t244y1zjm,6,727,301,122,195,DHelmet
_t244y1zjm,7,696,298,117,190,DHelmet
_t244y1zjm,8,666,295,114,186,DHelmet
_t244y1zjm,9,637,291,109,183,DHelmet
_t244y1zjm,10,610,289,106,179,DHelmet
_t244y1zjm,11,584,287,102,175,DHelmet
_t244y1zjm,12,557,284,100,172,DHelmet
_t244y1zjm,13,530,281,97,168,DHelmet
_t244y1zjm,14,505,278,96,167,DHelmet
_t244y1zjm,15,480,276,94,164,DHelmet
_t244y1zjm,16,458,275,91,159,DHelmet
_t244y1zjm,17,436,273,88,156,DHelmet
_t244y1zjm,18,413,271,87,154,DHelmet
_t244y1zjm,19,390,270,85,151,DHelmet
_t244y1zjm,20,369,267,84,149,DHelmet
_t244y1zjm,21,348,265,83,147,DHelmet
_t244y1zjm,22,328,262,82,145,DHelmet
_t244y1zjm,23,308,260,80,143,DHelmet
_t244y1zjm,24,290,258,78,141,DHelmet
_t244y1zjm,25,271,257,77,138,DHelmet
_t244y1zjm,26,253,255,75,137,DHelmet
_t244y1zjm,27,234,253,74,135,DHelmet
_uh04yjgv0,10,1593,408,327,369,DHelmet
_uh04yjgv0,11,1493,396,319,351,DHelmet
_uh04yjgv0,12,1401,389,294,334,DHelmet
_uh04yjgv0,13,1321,379,272,321,DHelmet
_uh04yjgv0,14,1242,369,249,307,DHelmet
_uh04yjgv0,15,1176,363,230,293,DHelmet
_uh04yjgv0,16,1111,356,210,280,DHelmet
_uh04yjgv0,17,1055,349,196,270,DHelmet
_uh04yjgv0,18,1000,342,181,260,DHelmet
_uh04yjgv0,19,952,337,170,250,DHelmet
_uh04yjgv0,20,905,331,158,241,DHelmet
_uh04yjgv0,21,864,326,148,233,DHelmet
_uh04yjgv0,22,823,321,138,225,DHelmet
_uh04yjgv0,23,785,316,131,219,DHelmet
_uh04yjgv0,24,747,312,125,213,DHelmet
_uh04yjgv0,25,712,308,122,207,DHelmet
_uh04yjgv0,26,677,304,118,201,DHelmet
_uh04yjgv0,27,643,300,115,195,DHelmet
_uh04yjgv0,28,611,296,113,190,DHelmet
_uh04yjgv0,29,579,292,111,185,DHelmet
_uh04yjgv0,30,549,288,108,181,DHelmet
_uh04yjgv0,31,518,284,106,178,DHelmet
_uh04yjgv0,32,487,279,105,176,DHelmet
_uh04yjgv0,33,457,275,103,173,DHelmet
_uh04yjgv0,34,430,275,99,167,DHelmet
_uh04yjgv0,35,403,275,95,160,DHelmet
_uh04yjgv0,36,378,272,92,157,DHelmet
_uh04yjgv0,37,353,269,89,153,DHelmet
_uh04yjgv0,38,328,266,87,151,DHelmet
_uh04yjgv0,39,303,264,84,148,DHelmet
_uh04yjgv0,40,282,263,82,144,DHelmet
_uh04yjgv0,41,262,263,78,139,DHelmet
_8l9ykgilw,17,1593,423,327,436,DHelmet
_8l9ykgilw,18,1486,408,344,410,DHelmet
_8l9ykgilw,19,1385,395,312,388,DHelmet
_8l9ykgilw,20,1295,385,284,366,DHelmet
_8l9ykgilw,21,1214,374,256,347,DHelmet
_8l9ykgilw,22,1138,366,236,332,DHelmet
_8l9ykgilw,23,1068,356,218,318,DHelmet
_8l9ykgilw,24,1005,349,198,302,DHelmet
_8l9ykgilw,25,947,341,181,290,DHelmet
_8l9ykgilw,26,891,335,170,279,DHelmet
_8l9ykgilw,27,843,328,157,268,DHelmet
_8l9ykgilw,28,797,323,148,258,DHelmet
_8l9ykgilw,29,751,318,139,249,DHelmet
_8l9ykgilw,30,709,312,133,241,DHelmet
_8l9ykgilw,31,668,307,126,232,DHelmet
_8l9ykgilw,32,631,304,122,223,DHelmet
_8l9ykgilw,33,595,300,116,215,DHelmet
_8l9ykgilw,34,560,296,114,208,DHelmet
_8l9ykgilw,35,526,292,111,202,DHelmet
_8l9ykgilw,36,497,289,107,196,DHelmet
_8l9ykgilw,37,467,286,104,190,DHelmet
_8l9ykgilw,38,438,282,102,186,DHelmet
_8l9ykgilw,39,410,279,99,180,DHelmet
_8l9ykgilw,40,386,278,95,174,DHelmet
_8l9ykgilw,41,363,276,89,169,DHelmet
_8l9ykgilw,42,339,272,88,166,DHelmet
_8l9ykgilw,43,316,268,87,164,DHelmet
_8l9ykgilw,44,296,266,84,159,DHelmet
_8l9ykgilw,45,277,264,81,154,DHelmet
_8l9ykgilw,46,257,263,80,151,DHelmet
_8l9ykgilw,47,238,262,78,147,DHelmet
_8l9ykgilw,48,221,260,76,144,DHelmet
_8l9ykgilw,49,204,257,74,141,DHelmet
_f85jpg7vv,22,1652,393,268,315,DHelmet
_f85jpg7vv,23,1567,387,300,304,DHelmet
_f85jpg7vv,24,1488,380,304,294,DHelmet
_f85jpg7vv,25,1417,372,284,285,DHelmet
_f85jpg7vv,26,1349,365,267,277,DHelmet
_f85jpg7vv,27,1285,358,249,267,DHelmet
_f85jpg7vv,28,1223,352,240,260,DHelmet
_f85jpg7vv,29,1168,346,229,254,DHelmet
_f85jpg7vv,30,1113,341,219,246,DHelmet
_f85jpg7vv,31,1062,335,209,240,DHelmet
_f85jpg7vv,32,1014,331,198,233,DHelmet
_f85jpg7vv,33,965,327,188,226,DHelmet
_f85jpg7vv,34,917,322,180,221,DHelmet
_f85jpg7vv,35,875,318,172,214,DHelmet
_f85jpg7vv,36,832,313,162,209,DHelmet
_f85jpg7vv,37,799,309,153,205,DHelmet
_f85jpg7vv,38,759,306,147,200,DHelmet
_f85jpg7vv,39,727,302,140,196,DHelmet
_f85jpg7vv,40,694,299,137,189,DHelmet
_f85jpg7vv,41,662,295,133,184,DHelmet
_f85jpg7vv,42,630,292,128,181,DHelmet
_f85jpg7vv,43,597,288,124,179,DHelmet
_f85jpg7vv,44,570,286,117,174,DHelmet
_f85jpg7vv,45,542,284,111,169,DHelmet
_f85jpg7vv,46,513,281,110,167,DHelmet
_f85jpg7vv,47,485,277,109,166,DHelmet
_f85jpg7vv,48,461,276,107,161,DHelmet
_f85jpg7vv,49,438,274,103,158,DHelmet
_f85jpg7vv,50,413,272,102,154,DHelmet
_f85jpg7vv,51,389,270,99,150,DHelmet
_f85jpg7vv,52,367,267,96,149,DHelmet
_f85jpg7vv,53,344,265,95,148,DHelmet
_f85jpg7vv,54,321,263,94,144,DHelmet
_f85jpg7vv,55,298,261,94,140,DHelmet
_f85jpg7vv,56,279,260,92,137,DHelmet
_f85jpg7vv,57,261,259,88,134,DHelmet
_asjnqdz6f,26,1539,408,381,408,DHelmet
_asjnqdz6f,27,1431,393,371,392,DHelmet
_asjnqdz6f,28,1331,381,338,373,DHelmet
_asjnqdz6f,29,1237,372,308,356,DHelmet
_asjnqdz6f,30,1151,363,278,339,DHelmet
_asjnqdz6f,31,1072,353,254,325,DHelmet
_asjnqdz6f,32,1001,341,234,313,DHelmet
_asjnqdz6f,33,935,335,217,298,DHelmet
_asjnqdz6f,34,874,330,204,287,DHelmet
_asjnqdz6f,35,819,324,188,274,DHelmet
_asjnqdz6f,36,768,319,175,262,DHelmet
_asjnqdz6f,37,721,312,162,256,DHelmet
_asjnqdz6f,38,679,308,150,246,DHelmet
_asjnqdz6f,39,641,303,140,238,DHelmet
_asjnqdz6f,40,602,298,131,230,DHelmet
_asjnqdz6f,41,569,294,125,223,DHelmet
_asjnqdz6f,42,535,291,120,215,DHelmet
_asjnqdz6f,43,502,287,114,207,DHelmet
_asjnqdz6f,44,472,283,111,202,DHelmet
_asjnqdz6f,45,443,279,106,197,DHelmet
_asjnqdz6f,46,415,276,105,192,DHelmet
_asjnqdz6f,47,388,273,102,187,DHelmet
_asjnqdz6f,48,362,271,101,181,DHelmet
_asjnqdz6f,49,336,269,100,174,DHelmet
_asjnqdz6f,50,313,267,97,169,DHelmet
_asjnqdz6f,51,290,265,93,165,DHelmet
_asjnqdz6f,52,266,263,92,160,DHelmet
_asjnqdz6f,53,242,262,92,154,DHelmet
_asjnqdz6f,54,222,258,88,153,DHelmet
_asjnqdz6f,55,203,255,84,150,DHelmet
_xtenoclcs,28,1602,394,167,320,DHelmetP1Helmet
_xtenoclcs,29,1486,390,206,308,DHelmetP1Helmet
_xtenoclcs,30,1396,384,226,299,DHelmetP1Helmet
_xtenoclcs,31,1305,377,248,291,DHelmetP1Helmet
_xtenoclcs,32,1253,372,236,283,DHelmetP1Helmet
_xtenoclcs,33,1200,366,225,276,DHelmetP1Helmet
_xtenoclcs,34,1151,361,218,268,DHelmetP1Helmet
_xtenoclcs,35,1109,356,206,262,DHelmetP1Helmet
_xtenoclcs,36,1066,351,195,255,DHelmetP1Helmet
_xtenoclcs,37,1029,346,184,249,DHelmetP1Helmet
_xtenoclcs,38,992,341,174,244,DHelmetP1Helmet
_xtenoclcs,39,957,336,167,239,DHelmetP1Helmet
_xtenoclcs,40,923,331,159,235,DHelmetP1Helmet
_xtenoclcs,41,889,327,154,230,DHelmetP1Helmet
_xtenoclcs,42,855,323,150,225,DHelmetP1Helmet
_xtenoclcs,43,824,320,145,220,DHelmetP1Helmet
_xtenoclcs,44,793,317,141,215,DHelmetP1Helmet
_xtenoclcs,45,764,314,136,211,DHelmetP1Helmet
_xtenoclcs,46,735,310,132,207,DHelmetP1Helmet
_xtenoclcs,47,706,307,130,203,DHelmetP1Helmet
_xtenoclcs,48,678,304,127,199,DHelmetP1Helmet
_xtenoclcs,49,652,301,124,196,DHelmetP1Helmet
_xtenoclcs,50,626,298,120,192,DHelmetP1Helmet
_xtenoclcs,51,602,296,116,188,DHelmetP1Helmet
_xtenoclcs,52,577,294,113,184,DHelmetP1Helmet
_xtenoclcs,53,555,291,110,181,DHelmetP1Helmet
_xtenoclcs,54,532,287,107,180,DHelmetP1Helmet
_xtenoclcs,55,512,286,103,176,DHelmetP1Helmet
_xtenoclcs,56,491,285,99,172,DHelmetP1Helmet
_xtenoclcs,57,471,283,96,170,DHelmetP1Helmet
_xtenoclcs,58,451,281,94,167,DHelmetP1Helmet
_xtenoclcs,59,433,279,92,163,DHelmetP1Helmet
_xtenoclcs,60,415,276,89,160,DHelmetP1Helmet
_xtenoclcs,61,398,274,87,159,DHelmetP1Helmet
_xtenoclcs,62,381,272,84,157,DHelmetP1Helmet
_xtenoclcs,63,365,270,82,154,DHelmetP1Helmet
_xtenoclcs,64,350,268,79,151,DHelmetP1Helmet
_xtenoclcs,65,334,266,78,150,DHelmetP1Helmet
_xtenoclcs,66,318,264,77,148,DHelmetP1Helmet
_xtenoclcs,67,302,262,76,147,DHelmetP1Helmet
_xtenoclcs,68,286,260,75,145,DHelmetP1Helmet
_xtenoclcs,69,271,259,73,143,DHelmetP1Helmet
_djrimxw90,40,1585,414,314,322,DHelmetP1Helmet
_djrimxw90,41,1515,407,295,312,DHelmetP1Helmet
_djrimxw90,42,1449,401,280,301,DHelmetP1Helmet
_djrimxw90,43,1383,395,265,290,DHelmetP1Helmet
_djrimxw90,44,1325,388,251,282,DHelmetP1Helmet
_djrimxw90,45,1266,382,237,273,DHelmetP1Helmet
_djrimxw90,46,1214,375,224,266,DHelmetP1Helmet
_djrimxw90,47,1161,369,213,258,DHelmetP1Helmet
_djrimxw90,48,1116,364,203,251,DHelmetP1Helmet
_djrimxw90,49,1071,359,193,244,DHelmetP1Helmet
_djrimxw90,50,1030,352,183,240,DHelmetP1Helmet
_djrimxw90,51,989,344,173,237,DHelmetP1Helmet
_djrimxw90,52,951,342,167,230,DHelmetP1Helmet
_djrimxw90,53,913,340,160,223,DHelmetP1Helmet
_djrimxw90,54,874,336,157,218,DHelmetP1Helmet
_djrimxw90,55,835,331,153,213,DHelmetP1Helmet
_djrimxw90,56,801,327,149,209,DHelmetP1Helmet
_djrimxw90,57,766,324,145,204,DHelmetP1Helmet
_djrimxw90,58,735,320,140,201,DHelmetP1Helmet
_djrimxw90,59,704,317,134,197,DHelmetP1Helmet
_djrimxw90,60,676,313,126,195,DHelmetP1Helmet
_djrimxw90,61,649,309,122,191,DHelmetP1Helmet
_djrimxw90,62,623,305,117,187,DHelmetP1Helmet
_djrimxw90,63,599,304,114,182,DHelmetP1Helmet
_djrimxw90,64,576,302,109,178,DHelmetP1Helmet
_djrimxw90,65,553,301,104,173,DHelmetP1Helmet
_djrimxw90,66,531,298,102,170,DHelmetP1Helmet
_djrimxw90,67,510,295,99,168,DHelmetP1Helmet
_djrimxw90,68,489,293,95,165,DHelmetP1Helmet
_djrimxw90,69,470,290,93,163,DHelmetP1Helmet
_djrimxw90,70,451,288,91,160,DHelmetP1Helmet
_djrimxw90,71,433,285,87,158,DHelmetP1Helmet
_djrimxw90,72,417,283,85,156,DHelmetP1Helmet
_djrimxw90,73,401,282,82,152,DHelmetP1Helmet
_djrimxw90,74,385,280,80,150,DHelmetP1Helmet
_djrimxw90,75,369,278,78,148,DHelmetP1Helmet
_djrimxw90,76,354,276,75,145,DHelmetP1Helmet
_djrimxw90,77,339,274,73,143,DHelmetP1Helmet
_djrimxw90,78,326,273,71,141,DHelmetP1Helmet
_djrimxw90,79,312,271,71,139,DHelmetP1Helmet
_djrimxw90,80,299,270,69,137,DHelmetP1Helmet
_djrimxw90,81,285,268,69,136,DHelmetP1Helmet
_djrimxw90,82,272,267,67,134,DHelmetP1Helmet
_djrimxw90,83,258,266,67,132,DHelmetP1Helmet
_djrimxw90,84,245,264,65,131,DHelmetP1Helmet
_1sm5uain3,44,1295,357,236,277,DHelmet
_1sm5uain3,45,1236,351,222,267,DHelmet
_1sm5uain3,46,1178,346,207,257,DHelmet
_1sm5uain3,47,1124,340,192,247,DHelmet
_1sm5uain3,48,1071,333,177,237,DHelmet
_1sm5uain3,49,1022,331,162,227,DHelmet
_1sm5uain3,50,973,326,159,222,DHelmet
_1sm5uain3,51,926,321,154,219,DHelmet
_1sm5uain3,52,881,317,151,214,DHelmet
_1sm5uain3,53,839,311,146,210,DHelmet
_1sm5uain3,54,798,308,142,205,DHelmet
_1sm5uain3,55,757,305,138,201,DHelmet
_1sm5uain3,56,718,301,136,197,DHelmet
_1sm5uain3,57,679,298,133,192,DHelmet
_1sm5uain3,58,644,294,131,191,DHelmet
_1sm5uain3,59,608,290,131,189,DHelmet
_1sm5uain3,60,573,286,129,188,DHelmet
_1sm5uain3,61,540,283,125,185,DHelmet
_1sm5uain3,62,506,280,122,181,DHelmet
_1sm5uain3,63,473,277,118,178,DHelmet
_1sm5uain3,64,441,275,118,174,DHelmet
_1sm5uain3,65,409,273,118,171,DHelmet
_1sm5uain3,66,378,270,115,168,DHelmet
_1sm5uain3,67,346,268,113,163,DHelmet
_1sm5uain3,68,319,265,110,161,DHelmet
_1sm5uain3,69,291,263,107,158,DHelmet
_1sm5uain3,70,266,261,103,155,DHelmet
_1sm5uain3,71,241,258,98,153,DHelmet
_1sm5uain3,72,216,256,96,151,DHelmet
_1sm5uain3,73,192,253,93,150,DHelmet
_1sm5uain3,74,171,251,88,148,DHelmet
_1sm5uain3,75,151,248,83,146,DHelmet
_1sm5uain3,76,131,247,81,143,DHelmet
_1sm5uain3,77,110,245,80,141,DHelmet
_1sm5uain3,78,88,243,82,140,DHelmet
_0032wjdg8,45,1608,393,312,348,DHelmetP1Helmet
_0032wjdg8,46,1538,388,299,333,DHelmetP1Helmet
_0032wjdg8,47,1475,381,276,323,DHelmetP1Helmet
_0032wjdg8,48,1414,374,259,314,DHelmetP1Helmet
_0032wjdg8,49,1357,370,242,302,DHelmetP1Helmet
_0032wjdg8,50,1304,363,228,294,DHelmetP1Helmet
_0032wjdg8,51,1252,357,217,285,DHelmetP1Helmet
_0032wjdg8,52,1203,354,206,274,DHelmetP1Helmet
_0032wjdg8,53,1154,348,198,268,DHelmetP1Helmet
_0032wjdg8,54,1109,344,190,261,DHelmetP1Helmet
_0032wjdg8,55,1066,338,183,256,DHelmetP1Helmet
_0032wjdg8,56,1024,333,177,251,DHelmetP1Helmet
_0032wjdg8,57,983,330,172,243,DHelmetP1Helmet
_0032wjdg8,58,942,326,168,237,DHelmetP1Helmet
_0032wjdg8,59,903,322,164,232,DHelmetP1Helmet
_0032wjdg8,60,864,318,160,227,DHelmetP1Helmet
_0032wjdg8,61,829,314,154,223,DHelmetP1Helmet
_0032wjdg8,62,794,310,148,219,DHelmetP1Helmet
_0032wjdg8,63,764,307,143,214,DHelmetP1Helmet
_0032wjdg8,64,735,305,136,209,DHelmetP1Helmet
_0032wjdg8,65,708,300,131,207,DHelmetP1Helmet
_0032wjdg8,66,682,295,125,205,DHelmetP1Helmet
_0032wjdg8,67,657,294,121,200,DHelmetP1Helmet
_0032wjdg8,68,632,293,117,194,DHelmetP1Helmet
_0032wjdg8,69,608,290,114,191,DHelmetP1Helmet
_0032wjdg8,70,584,286,112,189,DHelmetP1Helmet
_0032wjdg8,71,563,285,108,185,DHelmetP1Helmet
_0032wjdg8,72,542,283,105,181,DHelmetP1Helmet
_0032wjdg8,73,521,282,102,177,DHelmetP1Helmet
_0032wjdg8,74,499,281,101,173,DHelmetP1Helmet
_0032wjdg8,75,477,278,100,172,DHelmetP1Helmet
_0032wjdg8,76,454,276,101,169,DHelmetP1Helmet
_0032wjdg8,77,437,274,99,167,DHelmetP1Helmet
_0032wjdg8,78,419,273,98,164,DHelmetP1Helmet
_0032wjdg8,79,401,270,94,163,DHelmetP1Helmet
_0032wjdg8,80,382,268,92,161,DHelmetP1Helmet
_0032wjdg8,81,368,267,89,157,DHelmetP1Helmet
_0032wjdg8,82,354,265,86,154,DHelmetP1Helmet
_0032wjdg8,83,339,263,85,152,DHelmetP1Helmet
_0032wjdg8,84,324,261,84,150,DHelmetP1Helmet
_0032wjdg8,85,305,262,85,145,DHelmetP1Helmet
_0032wjdg8,86,285,262,87,142,DHelmetP1Helmet
_0032wjdg8,87,271,259,87,142,DHelmetP1Helmet
_f6qgd2sco,52,1629,407,291,347,DHelmetP1Helmet
_f6qgd2sco,53,1574,399,297,340,DHelmetP1Helmet
_f6qgd2sco,54,1522,395,283,327,DHelmetP1Helmet
_f6qgd2sco,55,1473,390,268,316,DHelmetP1Helmet
_f6qgd2sco,56,1425,384,254,309,DHelmetP1Helmet
_f6qgd2sco,57,1379,379,241,301,DHelmetP1Helmet
_f6qgd2sco,58,1339,374,229,292,DHelmetP1Helmet
_f6qgd2sco,59,1298,370,219,283,DHelmetP1Helmet
_f6qgd2sco,60,1262,365,207,275,DHelmetP1Helmet
_f6qgd2sco,61,1227,361,198,269,DHelmetP1Helmet
_f6qgd2sco,62,1192,357,188,263,DHelmetP1Helmet
_f6qgd2sco,63,1160,353,179,257,DHelmetP1Helmet
_f6qgd2sco,64,1127,350,171,250,DHelmetP1Helmet
_f6qgd2sco,65,1098,347,164,243,DHelmetP1Helmet
_f6qgd2sco,66,1068,343,158,238,DHelmetP1Helmet
_f6qgd2sco,67,1041,340,151,233,DHelmetP1Helmet
_f6qgd2sco,68,1013,336,145,228,DHelmetP1Helmet
_f6qgd2sco,69,986,334,141,223,DHelmetP1Helmet
_f6qgd2sco,70,959,331,137,219,DHelmetP1Helmet
_f6qgd2sco,71,935,328,132,215,DHelmetP1Helmet
_f6qgd2sco,72,911,325,126,212,DHelmetP1Helmet
_f6qgd2sco,73,884,324,128,205,DHelmetP1Helmet
_f6qgd2sco,74,856,321,129,202,DHelmetP1Helmet
_f6qgd2sco,75,829,319,128,198,DHelmetP1Helmet
_f6qgd2sco,76,802,317,128,194,DHelmetP1Helmet
_f6qgd2sco,77,774,314,129,192,DHelmetP1Helmet
_f6qgd2sco,78,752,312,127,189,DHelmetP1Helmet
_f6qgd2sco,79,729,309,126,186,DHelmetP1Helmet
_ol44e9d0r,68,1532,446,388,476,DHelmetP1NoHelmet
_ol44e9d0r,69,1422,432,420,449,DHelmetP1NoHelmet
_ol44e9d0r,70,1326,420,378,421,DHelmetP1NoHelmet
_ol44e9d0r,71,1239,405,341,402,DHelmetP1NoHelmet
_ol44e9d0r,72,1156,394,312,382,DHelmetP1NoHelmet
_ol44e9d0r,73,1080,384,285,368,DHelmetP1NoHelmet
_ol44e9d0r,74,1009,376,265,352,DHelmetP1NoHelmet
_ol44e9d0r,75,946,368,244,335,DHelmetP1NoHelmet
_ol44e9d0r,76,886,356,224,324,DHelmetP1NoHelmet
_ol44e9d0r,77,829,346,211,310,DHelmetP1NoHelmet
_ol44e9d0r,78,775,343,198,296,DHelmetP1NoHelmet
_ol44e9d0r,79,728,339,184,284,DHelmetP1NoHelmet
_ol44e9d0r,80,683,332,172,275,DHelmetP1NoHelmet
_ol44e9d0r,81,638,325,163,266,DHelmetP1NoHelmet
_ol44e9d0r,82,599,320,153,256,DHelmetP1NoHelmet
_ol44e9d0r,83,562,316,143,246,DHelmetP1NoHelmet
_ol44e9d0r,84,523,309,138,240,DHelmetP1NoHelmet
_ol44e9d0r,85,489,303,133,236,DHelmetP1NoHelmet
_ol44e9d0r,86,452,301,132,226,DHelmetP1NoHelmet
_ol44e9d0r,87,423,299,124,216,DHelmetP1NoHelmet
_ol44e9d0r,88,391,296,122,211,DHelmetP1NoHelmet
_ol44e9d0r,89,366,290,117,206,DHelmetP1NoHelmet
_ol44e9d0r,90,342,285,112,202,DHelmetP1NoHelmet
_ol44e9d0r,91,319,282,110,196,DHelmetP1NoHelmet
_ol44e9d0r,92,293,280,108,188,DHelmetP1NoHelmet
_ol44e9d0r,93,274,277,101,186,DHelmetP1NoHelmet
_ol44e9d0r,94,253,276,98,180,DHelmetP1NoHelmet
_ol44e9d0r,95,232,273,96,176,DHelmetP1NoHelmet
_ol44e9d0r,96,212,270,94,171,DHelmetP1NoHelmet
_ol44e9d0r,97,191,268,92,166,DHelmetP1NoHelmet
_ol44e9d0r,98,172,265,91,163,DHelmetP1NoHelmet
_ol44e9d0r,99,154,262,89,161,DHelmetP1NoHelmet
_ol44e9d0r,100,135,259,87,159,DHelmetP1NoHelmet
_4cgzqib9b,77,1,256,101,200,DHelmetP1NoHelmet
_4cgzqib9b,78,11,257,109,205,DHelmetP1NoHelmet
_4cgzqib9b,79,24,261,116,204,DHelmetP1NoHelmet
_4cgzqib9b,80,36,261,115,212,DHelmetP1NoHelmet
_4cgzqib9b,81,45,263,127,217,DHelmetP1NoHelmet
_4cgzqib9b,82,63,265,129,222,DHelmetP1NoHelmet
_4cgzqib9b,83,80,267,133,229,DHelmetP1NoHelmet
_4cgzqib9b,84,103,270,131,233,DHelmetP1NoHelmet
_4cgzqib9b,85,128,274,131,237,DHelmetP1NoHelmet
_4cgzqib9b,86,151,276,130,245,DHelmetP1NoHelmet
_4cgzqib9b,87,180,278,128,253,DHelmetP1NoHelmet
_4cgzqib9b,88,205,282,133,259,DHelmetP1NoHelmet
_4cgzqib9b,89,229,286,139,265,DHelmetP1NoHelmet
_4cgzqib9b,90,255,287,146,274,DHelmetP1NoHelmet
_4cgzqib9b,91,283,294,151,277,DHelmetP1NoHelmet
_4cgzqib9b,92,313,296,157,288,DHelmetP1NoHelmet
_4cgzqib9b,93,343,299,166,296,DHelmetP1NoHelmet
_4cgzqib9b,94,375,303,174,303,DHelmetP1NoHelmet
_4cgzqib9b,95,412,306,181,314,DHelmetP1NoHelmet
_4cgzqib9b,96,448,311,191,324,DHelmetP1NoHelmet
_4cgzqib9b,97,487,316,203,336,DHelmetP1NoHelmet
_4cgzqib9b,98,528,321,214,347,DHelmetP1NoHelmet
_4cgzqib9b,99,574,326,226,358,DHelmetP1NoHelmet
_4cgzqib9b,100,621,329,242,373,DHelmetP1NoHelmet
