track_id,frame_id,x,y,w,h,label
_6ia82rles,35,1777,565,143,183,DHelmetP1NoHelmet
_6ia82rles,36,1670,561,221,186,DHelmetP1NoHelmet
_6ia82rles,37,1571,560,212,184,DHelmetP1NoHelmet
_6ia82rles,38,1477,559,202,183,DHelmetP1NoHelmet
_6ia82rles,39,1381,561,196,184,DHelmetP1NoHelmet
_6ia82rles,40,1295,565,190,178,DHelmetP1NoHelmet
_6ia82rles,41,1213,569,183,172,DHelmetP1NoHelmet
_6ia82rles,42,1141,571,178,169,DHelmetP1NoHelmet
_6ia82rles,43,1067,574,171,164,DHelmetP1NoHelmet
_6ia82rles,44,996,576,165,161,DHelmetP1NoHelmet
_6ia82rles,45,925,579,158,158,DHelmetP1NoHelmet
_6ia82rles,46,856,582,153,154,DHelmetP1NoHelmet
_6ia82rles,47,800,582,143,154,DHelmetP1NoHelmet
_6ia82rles,48,740,585,137,151,DHelmetP1NoHelmet
_6ia82rles,49,682,586,137,149,DHelmetP1NoHelmet
_wtzd4s306,65,1760,565,160,171,DHelmet
_wtzd4s306,66,1628,582,160,150,DHelmet
_wtzd4s306,67,1531,567,189,162,DHelmet
_wtzd4s306,68,1440,570,181,163,DHelmet
_wtzd4s306,69,1349,572,176,160,DHelmet
_wtzd4s306,70,1268,575,169,156,DHelmet
_wtzd4s306,71,1189,578,163,152,DHelmet
_wtzd4s306,72,1113,581,157,149,DHelmet
_wtzd4s306,73,1043,584,151,146,DHelmet
_wtzd4s306,74,977,587,151,146,DHelmet
_wtzd4s306,75,921,587,150,146,DHelmet
_wtzd4s306,76,864,588,150,146,DHelmet
_wtzd4s306,77,806,590,151,146,DHelmet
_wtzd4s306,78,749,591,151,146,DHelmet
_wtzd4s306,79,686,593,151,146,DHelmet
_i6tveg0k0,1,1475,668,445,412,DHelmet
_x8htyold9,1,167,611,181,217,DHelmet
_x8htyold9,2,239,609,189,221,DHelmet
_x8htyold9,3,318,607,196,226,DHelmet
_x8htyold9,4,397,605,204,230,DHelmet
_x8htyold9,5,485,604,211,237,DHelmet
_x8htyold9,6,576,602,218,244,DHelmet
_x8htyold9,7,669,601,231,250,DHelmet
_x8htyold9,8,771,596,243,258,DHelmet
_x8htyold9,9,869,594,266,267,DHelmet
_x8htyold9,10,980,590,284,275,DHelmet
_x8htyold9,11,1104,587,301,283,DHelmet
_x8htyold9,12,1239,584,319,291,DHelmet
_x8htyold9,13,1382,580,352,299,DHelmet
_x8htyold9,14,1538,579,382,306,DHelmet
_x8htyold9,15,1705,571,215,292,DHelmet
_ti8e75w6x,1,120,728,348,352,DHelmet
_ti8e75w6x,2,235,729,362,351,DHelmet
_ti8e75w6x,3,360,731,385,349,DHelmet
_ti8e75w6x,4,495,739,421,341,DHelmet
_ti8e75w6x,5,641,737,421,343,DHelmet
_ti8e75w6x,6,800,738,412,342,DHelmet
_ti8e75w6x,7,982,743,426,337,DHelmet
_ti8e75w6x,8,1193,748,468,332,DHelmet
_ti8e75w6x,9,1588,751,332,329,DHelmet
_xgzbuk8nw,3,0,659,118,230,DHelmet
_xgzbuk8nw,4,30,656,193,241,DHelmet
_xgzbuk8nw,5,131,655,208,252,DHelmet
_xgzbuk8nw,6,242,654,223,263,DHelmet
_xgzbuk8nw,7,360,653,244,276,DHelmet
_xgzbuk8nw,8,496,652,258,284,DHelmet
_xgzbuk8nw,9,639,651,287,301,DHelmet
_xgzbuk8nw,10,799,650,316,313,DHelmet
_xgzbuk8nw,11,977,646,353,336,DHelmet
_xgzbuk8nw,12,1187,645,383,356,DHelmet
_xgzbuk8nw,13,1423,646,428,376,DHelmet
_xgzbuk8nw,14,1690,643,230,362,DHelmet
_96zyg48aw,12,130,639,117,268,DHelmet
_96zyg48aw,13,218,637,132,296,DHelmet
_96zyg48aw,14,316,636,147,305,DHelmet
_96zyg48aw,15,421,633,186,317,DHelmet
_96zyg48aw,16,535,630,225,329,DHelmet
_96zyg48aw,17,656,627,273,349,DHelmet
_96zyg48aw,18,789,624,321,369,DHelmet
_96zyg48aw,19,930,624,368,388,DHelmet
_96zyg48aw,20,1082,620,405,408,DHelmet
_96zyg48aw,21,1250,620,442,428,DHelmet
_96zyg48aw,22,1433,617,487,447,DHelmet
_96zyg48aw,23,1662,611,258,428,DHelmet
_lv6x4qcy9,13,280,654,140,328,DHelmet
_lv6x4qcy9,14,403,654,193,348,DHelmet
_lv6x4qcy9,15,536,654,342,362,DHelmet
_lv6x4qcy9,16,679,653,342,377,DHelmet
_lv6x4qcy9,17,850,653,396,417,DHelmet
_lv6x4qcy9,18,1033,653,445,427,DHelmet
_lv6x4qcy9,19,1232,650,493,430,DHelmet
_lv6x4qcy9,20,1453,647,467,433,DHelmet
_lv6x4qcy9,21,1693,645,227,435,DHelmet
_a1fvy570j,14,35,660,177,284,DHelmet
_a1fvy570j,15,136,662,186,276,DHelmet
_a1fvy570j,16,216,659,220,273,DHelmet
_a1fvy570j,17,320,659,204,202,DHelmet
_a1fvy570j,18,394,659,250,334,DHelmet
_a1fvy570j,19,513,654,250,347,DHelmet
_a1fvy570j,20,642,656,251,360,DHelmet
_a1fvy570j,21,786,654,253,376,DHelmet
_a1fvy570j,22,943,655,275,394,DHelmet
_a1fvy570j,23,1112,657,255,411,DHelmet
_a1fvy570j,24,1302,654,299,426,DHelmet
_a1fvy570j,25,1514,650,406,430,DHelmet
_vy4uoui5o,14,0,702,220,336,DHelmetP1Helmet
_vy4uoui5o,15,41,697,301,357,DHelmetP1Helmet
_vy4uoui5o,16,155,699,322,372,DHelmetP1Helmet
_vy4uoui5o,17,280,699,346,381,DHelmetP1Helmet
_vy4uoui5o,18,414,699,372,381,DHelmetP1Helmet
_vy4uoui5o,19,559,700,412,380,DHelmetP1Helmet
_vy4uoui5o,20,720,702,451,378,DHelmetP1Helmet
_vy4uoui5o,21,896,702,493,378,DHelmetP1Helmet
_vy4uoui5o,22,1087,703,536,377,DHelmetP1Helmet
_vy4uoui5o,23,1298,702,565,378,DHelmetP1Helmet
_vy4uoui5o,24,1535,703,385,377,DHelmetP1Helmet
_983w22p8w,21,0,699,341,381,DHelmetP1Helmet
_983w22p8w,22,135,697,373,383,DHelmetP1Helmet
_983w22p8w,23,287,699,406,381,DHelmetP1Helmet
_983w22p8w,24,458,699,434,381,DHelmetP1Helmet
_983w22p8w,25,641,700,472,380,DHelmetP1Helmet
_983w22p8w,26,840,696,504,384,DHelmetP1Helmet
_983w22p8w,27,1059,696,547,384,DHelmetP1Helmet
_983w22p8w,28,1312,694,574,386,DHelmetP1Helmet
_983w22p8w,29,1593,696,327,384,DHelmetP1Helmet
_5kuw7n9fq,23,0,620,123,226,DHelmet
_5kuw7n9fq,24,38,625,163,226,DHelmet
_5kuw7n9fq,25,113,627,171,233,DHelmet
_5kuw7n9fq,26,195,623,183,242,DHelmet
_5kuw7n9fq,27,282,622,193,252,DHelmet
_5kuw7n9fq,28,374,621,208,259,DHelmet
_5kuw7n9fq,29,475,617,223,269,DHelmet
_5kuw7n9fq,30,581,616,241,278,DHelmet
_5kuw7n9fq,31,700,612,254,290,DHelmet
_5kuw7n9fq,32,826,608,276,306,DHelmet
_5kuw7n9fq,33,965,606,300,312,DHelmet
_5kuw7n9fq,34,1117,606,327,329,DHelmet
_5kuw7n9fq,35,1281,605,359,341,DHelmet
_5kuw7n9fq,36,1465,598,393,361,DHelmet
_5kuw7n9fq,37,1665,591,255,361,DHelmet
_bvqgml7le,28,0,687,226,341,DNoHelmetP1NoHelmetP2NoHelmet
_bvqgml7le,29,52,689,292,356,DNoHelmetP1NoHelmetP2NoHelmet
_bvqgml7le,30,158,692,314,369,DNoHelmetP1NoHelmetP2NoHelmet
_bvqgml7le,31,279,692,336,388,DNoHelmetP1NoHelmetP2NoHelmet
_bvqgml7le,32,408,691,360,389,DNoHelmetP1NoHelmetP2NoHelmet
_bvqgml7le,33,552,692,385,388,DNoHelmetP1NoHelmetP2NoHelmet
_bvqgml7le,34,713,697,416,383,DNoHelmetP1NoHelmetP2NoHelmet
_bvqgml7le,35,875,702,472,378,DNoHelmetP1NoHelmetP2NoHelmet
_bvqgml7le,36,1065,706,516,374,DNoHelmetP1NoHelmetP2NoHelmet
_bvqgml7le,37,1273,702,517,378,DNoHelmetP1NoHelmetP2NoHelmet
_bvqgml7le,38,1512,699,408,381,DNoHelmetP1NoHelmetP2NoHelmet
_kvkrwem3g,31,0,749,269,331,DHelmet
_kvkrwem3g,32,71,749,384,331,DHelmet
_kvkrwem3g,33,265,755,387,325,DHelmet
_kvkrwem3g,34,493,758,420,322,DHelmet
_kvkrwem3g,35,754,760,454,320,DHelmet
_kvkrwem3g,36,1039,764,485,316,DHelmet
_kvkrwem3g,37,1371,771,531,309,DHelmet
_amc1790gd,31,0,665,155,239,DHelmetP1Helmet
_amc1790gd,32,23,659,229,315,DHelmetP1Helmet
_amc1790gd,33,103,660,267,338,DHelmetP1Helmet
_amc1790gd,34,204,660,278,350,DHelmetP1Helmet
_amc1790gd,35,304,659,296,364,DHelmetP1Helmet
_amc1790gd,36,410,658,318,379,DHelmetP1Helmet
_amc1790gd,37,529,657,339,397,DHelmetP1Helmet
_amc1790gd,38,652,659,367,414,DHelmetP1Helmet
_amc1790gd,39,791,661,400,419,DHelmetP1Helmet
_amc1790gd,40,941,665,435,415,DHelmetP1Helmet
_amc1790gd,41,1105,661,477,419,DHelmetP1Helmet
_amc1790gd,42,1284,660,526,420,DHelmetP1Helmet
_amc1790gd,43,1479,656,441,424,DHelmetP1Helmet
_tlx8wzqfn,36,0,668,207,347,DHelmetP1Helmet
_tlx8wzqfn,37,16,679,299,346,DHelmetP1Helmet
_tlx8wzqfn,38,111,680,314,358,DHelmetP1Helmet
_tlx8wzqfn,39,211,677,338,370,DHelmetP1Helmet
_tlx8wzqfn,40,321,678,357,382,DHelmetP1Helmet
_tlx8wzqfn,41,440,676,375,400,DHelmetP1Helmet
_tlx8wzqfn,42,568,679,398,401,DHelmetP1Helmet
_tlx8wzqfn,43,706,682,427,398,DHelmetP1Helmet
_tlx8wzqfn,44,858,680,458,400,DHelmetP1Helmet
_tlx8wzqfn,45,1025,677,498,403,DHelmetP1Helmet
_tlx8wzqfn,46,1208,677,536,403,DHelmetP1Helmet
_tlx8wzqfn,47,1406,671,514,409,DHelmetP1Helmet
_tlx8wzqfn,48,1636,669,284,411,DHelmetP1Helmet
_kodixjt0h,39,0,719,210,361,DHelmet
_kodixjt0h,40,32,713,294,367,DHelmet
_kodixjt0h,41,89,717,365,363,DHelmet
_kodixjt0h,42,204,719,383,361,DHelmet
_kodixjt0h,43,326,719,410,361,DHelmet
_kodixjt0h,44,455,720,436,360,DHelmet
_kodixjt0h,45,597,723,469,357,DHelmet
_kodixjt0h,46,754,729,498,351,DHelmet
_kodixjt0h,47,922,729,540,351,DHelmet
_kodixjt0h,48,1111,731,588,349,DHelmet
_kodixjt0h,49,1317,735,603,345,DHelmet
_kodixjt0h,50,1550,738,370,342,DHelmet
_4ei98fot9,45,0,768,302,312,DHelmetP1Helmet
_4ei98fot9,46,155,775,342,305,DHelmetP1Helmet
_4ei98fot9,47,354,777,365,303,DHelmetP1Helmet
_4ei98fot9,48,585,780,391,300,DHelmetP1Helmet
_4ei98fot9,49,859,786,453,294,DHelmetP1Helmet
_4ei98fot9,50,1188,801,437,279,DHelmetP1Helmet
_dd909izkn,46,38,646,152,246,DHelmet
_dd909izkn,47,139,646,172,264,DHelmet
_dd909izkn,48,247,647,191,271,DHelmet
_dd909izkn,49,366,645,211,287,DHelmet
_dd909izkn,50,504,641,226,299,DHelmet
_dd909izkn,51,624,637,277,318,DHelmet
_dd909izkn,52,781,634,307,332,DHelmet
_dd909izkn,53,954,636,341,349,DHelmet
_dd909izkn,54,1149,631,383,373,DHelmet
_dd909izkn,55,1357,629,443,394,DHelmet
_dd909izkn,56,1601,627,319,394,DHelmet
_z9jqm130f,46,0,677,207,347,DHelmet
_z9jqm130f,47,0,680,304,361,DHelmet
_z9jqm130f,48,28,666,386,388,DHelmet
_z9jqm130f,49,123,669,411,398,DHelmet
_z9jqm130f,50,233,672,429,408,DHelmet
_z9jqm130f,51,348,669,458,411,DHelmet
_z9jqm130f,52,466,671,492,409,DHelmet
_z9jqm130f,53,604,671,527,409,DHelmet
_z9jqm130f,54,745,674,571,406,DHelmet
_z9jqm130f,55,901,669,616,411,DHelmet
_z9jqm130f,56,1063,668,672,412,DHelmet
_z9jqm130f,57,1256,666,664,414,DHelmet
_z9jqm130f,58,1463,666,457,414,DHelmet
_qnp9kn688,50,0,666,160,267,DHelmetP1Helmet
_qnp9kn688,51,18,666,238,278,DHelmetP1Helmet
_qnp9kn688,52,123,665,238,288,DHelmetP1Helmet
_qnp9kn688,53,188,663,283,300,DHelmetP1Helmet
_qnp9kn688,54,305,663,286,309,DHelmetP1Helmet
_qnp9kn688,55,434,663,290,318,DHelmetP1Helmet
_qnp9kn688,56,559,659,302,333,DHelmetP1Helmet
_qnp9kn688,57,688,660,329,348,DHelmetP1Helmet
_qnp9kn688,58,832,660,354,364,DHelmetP1Helmet
_qnp9kn688,59,983,662,390,378,DHelmetP1Helmet
_qnp9kn688,60,1149,660,436,390,DHelmetP1Helmet
_qnp9kn688,61,1337,657,474,391,DHelmetP1Helmet
_qnp9kn688,62,1544,657,376,410,DHelmetP1Helmet
_r9xfzzrju,52,0,726,197,354,DHelmet
_r9xfzzrju,53,0,731,324,349,DHelmet
_r9xfzzrju,54,109,735,359,345,DHelmet
_r9xfzzrju,55,234,738,375,342,DHelmet
_r9xfzzrju,56,373,741,387,339,DHelmet
_r9xfzzrju,57,527,744,399,336,DHelmet
_r9xfzzrju,58,700,748,438,332,DHelmet
_r9xfzzrju,59,902,754,470,326,DHelmet
_r9xfzzrju,60,1132,761,488,319,DHelmet
_r9xfzzrju,61,1383,769,506,311,DHelmet
_5uvq8pexs,58,0,622,115,195,DHelmetP1Helmet
_5uvq8pexs,59,44,620,156,200,DHelmetP1Helmet
_5uvq8pexs,60,124,617,168,206,DHelmetP1Helmet
_5uvq8pexs,61,211,617,180,212,DHelmetP1Helmet
_5uvq8pexs,62,306,614,193,219,DHelmetP1Helmet
_5uvq8pexs,63,411,610,202,227,DHelmetP1Helmet
_5uvq8pexs,64,521,607,218,232,DHelmetP1Helmet
_5uvq8pexs,65,643,607,234,238,DHelmetP1Helmet
_5uvq8pexs,66,768,601,256,246,DHelmetP1Helmet
_5uvq8pexs,67,914,595,270,260,DHelmetP1Helmet
_5uvq8pexs,68,1067,592,298,271,DHelmetP1Helmet
_5uvq8pexs,69,1233,587,319,282,DHelmetP1Helmet
_5uvq8pexs,70,1419,581,348,290,DHelmetP1Helmet
_5uvq8pexs,71,1619,576,301,296,DHelmetP1Helmet
_tje0m38lk,62,12,705,263,375,DHelmet
_tje0m38lk,63,184,705,271,375,DHelmet
_tje0m38lk,64,363,705,298,375,DHelmet
_tje0m38lk,65,556,703,333,377,DHelmet
_tje0m38lk,66,755,705,390,375,DHelmet
_tje0m38lk,67,1010,700,420,380,DHelmet
_tje0m38lk,68,1278,700,460,380,DHelmet
_tje0m38lk,69,1607,697,313,383,DHelmet
_2mokk88ge,63,0,769,376,311,DHelmetP1Helmet
_2mokk88ge,64,170,772,396,308,DHelmetP1Helmet
_2mokk88ge,65,349,778,413,302,DHelmetP1Helmet
_2mokk88ge,66,549,778,434,302,DHelmetP1Helmet
_2mokk88ge,67,780,781,455,299,DHelmetP1Helmet
_2mokk88ge,68,1030,789,509,291,DHelmetP1Helmet
_2mokk88ge,69,1321,796,550,284,DHelmetP1Helmet
_wpb1ohlpa,64,0,679,200,303,DHelmet
_wpb1ohlpa,65,44,680,266,316,DHelmet
_wpb1ohlpa,66,142,677,287,328,DHelmet
_wpb1ohlpa,67,247,677,307,342,DHelmet
_wpb1ohlpa,68,362,677,326,356,DHelmet
_wpb1ohlpa,69,489,676,346,368,DHelmet
_wpb1ohlpa,70,625,677,373,387,DHelmet
_wpb1ohlpa,71,769,677,404,401,DHelmet
_wpb1ohlpa,72,931,680,439,400,DHelmet
_wpb1ohlpa,73,1105,679,483,401,DHelmet
_wpb1ohlpa,74,1297,677,536,403,DHelmet
_wpb1ohlpa,75,1511,676,409,404,DHelmet
_wx8g2trru,72,0,726,278,354,DHelmet
_wx8g2trru,73,84,729,353,351,DHelmet
_wx8g2trru,74,231,732,373,348,DHelmet
_wx8g2trru,75,394,732,406,348,DHelmet
_wx8g2trru,76,572,736,436,344,DHelmet
_wx8g2trru,77,781,740,434,340,DHelmet
_wx8g2trru,78,1015,738,458,342,DHelmet
_wx8g2trru,79,1273,743,511,337,DHelmet
_wx8g2trru,80,1582,748,338,332,DHelmet
_uauwsdaly,74,0,700,220,331,DHelmet
_uauwsdaly,75,25,702,297,340,DHelmet
_uauwsdaly,76,127,703,303,354,DHelmet
_uauwsdaly,77,228,704,321,366,DHelmet
_uauwsdaly,78,336,705,343,375,DHelmet
_uauwsdaly,79,449,703,365,377,DHelmet
_uauwsdaly,80,571,706,396,374,DHelmet
_uauwsdaly,81,708,709,428,371,DHelmet
_uauwsdaly,82,855,710,461,370,DHelmet
_uauwsdaly,83,1014,711,501,369,DHelmet
_uauwsdaly,84,1190,714,537,366,DHelmet
_uauwsdaly,85,1383,714,537,366,DHelmet
_uauwsdaly,86,1598,714,322,366,DHelmet
_xl88ncn19,81,0,651,172,279,DHelmetP1Helmet
_xl88ncn19,82,0,654,262,305,DHelmetP1Helmet
_xl88ncn19,83,113,651,261,305,DHelmetP1Helmet
_xl88ncn19,84,204,651,261,305,DHelmetP1Helmet
_xl88ncn19,85,308,651,261,305,DHelmetP1Helmet
_xl88ncn19,86,407,648,288,322,DHelmetP1Helmet
_xl88ncn19,87,512,645,316,339,DHelmetP1Helmet
_xl88ncn19,88,637,642,327,348,DHelmetP1Helmet
_xl88ncn19,89,761,641,349,362,DHelmetP1Helmet
_xl88ncn19,90,897,640,370,377,DHelmetP1Helmet
_xl88ncn19,91,1039,639,398,391,DHelmetP1Helmet
_xl88ncn19,92,1191,640,432,405,DHelmetP1Helmet
_xl88ncn19,93,1361,640,467,419,DHelmetP1Helmet
_xl88ncn19,94,1541,634,379,419,DHelmetP1Helmet
_r1lypsz86,81,0,719,239,361,DHelmet
_r1lypsz86,82,41,715,334,365,DHelmet
_r1lypsz86,83,128,717,396,363,DHelmet
_r1lypsz86,84,260,717,416,363,DHelmet
_r1lypsz86,85,409,720,442,360,DHelmet
_r1lypsz86,86,568,723,470,357,DHelmet
_r1lypsz86,87,741,725,503,355,DHelmet
_r1lypsz86,88,939,726,557,354,DHelmet
_r1lypsz86,89,1155,729,630,351,DHelmet
_r1lypsz86,90,1406,735,514,345,DHelmet
_alwh0gl43,89,0,645,215,293,DHelmetP1Helmet
_alwh0gl43,90,48,647,260,293,DHelmetP1Helmet
_alwh0gl43,91,118,647,264,299,DHelmetP1Helmet
_alwh0gl43,92,205,645,273,321,DHelmetP1Helmet
_alwh0gl43,93,295,647,271,331,DHelmetP1Helmet
_alwh0gl43,94,398,645,292,342,DHelmetP1Helmet
_alwh0gl43,95,506,642,306,357,DHelmetP1Helmet
_alwh0gl43,96,620,639,326,371,DHelmetP1Helmet
_alwh0gl43,97,729,640,364,370,DHelmetP1Helmet
_alwh0gl43,98,855,640,396,370,DHelmetP1Helmet
_alwh0gl43,99,993,636,385,389,DHelmetP1Helmet
_alwh0gl43,100,1143,636,408,405,DHelmetP1Helmet
_30j7cphri,87,0,689,187,341,DHelmetP1Helmet
_30j7cphri,88,0,688,289,353,DHelmetP1Helmet
_30j7cphri,89,101,691,295,365,DHelmetP1Helmet
_30j7cphri,90,199,689,313,378,DHelmetP1Helmet
_30j7cphri,91,302,689,334,391,DHelmetP1Helmet
_30j7cphri,92,412,688,362,392,DHelmetP1Helmet
_30j7cphri,93,532,689,388,391,DHelmetP1Helmet
_30j7cphri,94,661,691,420,389,DHelmetP1Helmet
_30j7cphri,95,800,692,452,388,DHelmetP1Helmet
_30j7cphri,96,949,692,493,388,DHelmetP1Helmet
_30j7cphri,97,1126,691,518,389,DHelmetP1Helmet
_30j7cphri,98,1309,686,547,394,DHelmetP1Helmet
_30j7cphri,99,1523,681,397,399,DHelmetP1Helmet
_ldoroaarw,92,0,709,269,371,DHelmetP1Helmet
_ldoroaarw,93,60,714,356,366,DHelmetP1Helmet
_ldoroaarw,94,196,714,384,366,DHelmetP1Helmet
_ldoroaarw,95,361,718,386,362,DHelmetP1Helmet
_ldoroaarw,96,532,722,426,358,DHelmetP1Helmet
_ldoroaarw,97,720,726,457,354,DHelmetP1Helmet
_ldoroaarw,98,946,723,496,357,DHelmetP1Helmet
_ldoroaarw,99,1191,723,535,357,DHelmetP1Helmet
_ldoroaarw,100,1472,731,448,349,DHelmetP1Helmet
_xykidhxpu,98,110,637,188,257,DHelmetP1Helmet
_xykidhxpu,99,202,640,188,257,DHelmetP1Helmet
_xykidhxpu,100,306,634,188,257,DHelmetP1Helmet
_45k5y55gj,97,0,660,140,269,DHelmet
_45k5y55gj,98,0,660,238,292,DHelmet
_45k5y55gj,99,43,659,293,302,DHelmet
_45k5y55gj,100,126,656,293,316,DHelmet
_toev8udq8,96,0,688,270,351,DHelmet
_toev8udq8,97,93,685,295,369,DHelmet
_toev8udq8,98,198,685,316,383,DHelmet
_toev8udq8,99,288,686,365,394,DHelmet
_toev8udq8,100,415,688,384,392,DHelmet
_tfo70dldm,27,1541,571,253,269,DHelmetP1Helmet
_tfo70dldm,28,1504,575,313,265,DHelmetP1Helmet
_tfo70dldm,29,1454,576,313,264,DHelmetP1Helmet
_tfo70dldm,30,1413,578,313,262,DHelmetP1Helmet
_tfo70dldm,31,1379,579,304,261,DHelmetP1Helmet
_tfo70dldm,32,1346,580,298,259,DHelmetP1Helmet
_tfo70dldm,33,1314,581,292,256,DHelmetP1Helmet
_tfo70dldm,34,1281,581,287,255,DHelmetP1Helmet
_tfo70dldm,35,1257,580,277,256,DHelmetP1Helmet
_tfo70dldm,36,1234,580,270,256,DHelmetP1Helmet
_tfo70dldm,37,1207,580,263,255,DHelmetP1Helmet
_tfo70dldm,38,1184,581,256,253,DHelmetP1Helmet
_tfo70dldm,39,1160,582,256,250,DHelmetP1Helmet
_tfo70dldm,40,1135,583,256,248,DHelmetP1Helmet
_tfo70dldm,41,1111,584,255,245,DHelmetP1Helmet
_tfo70dldm,42,1086,585,255,243,DHelmetP1Helmet
_tfo70dldm,43,1062,585,254,241,DHelmetP1Helmet
_tfo70dldm,44,1041,586,254,240,DHelmetP1Helmet
_tfo70dldm,45,1020,586,254,240,DHelmetP1Helmet
_tfo70dldm,46,1003,586,251,240,DHelmetP1Helmet
_tfo70dldm,47,985,587,248,239,DHelmetP1Helmet
_tfo70dldm,48,972,587,240,237,DHelmetP1Helmet
_tfo70dldm,49,958,587,234,235,DHelmetP1Helmet
_tfo70dldm,50,944,587,228,234,DHelmetP1Helmet
_tfo70dldm,51,930,587,226,233,DHelmetP1Helmet
_tfo70dldm,52,916,588,224,231,DHelmetP1Helmet
_tfo70dldm,53,903,588,221,229,DHelmetP1Helmet
_tfo70dldm,54,890,589,218,228,DHelmetP1Helmet
_tfo70dldm,55,876,589,216,227,DHelmetP1Helmet
_tfo70dldm,56,863,590,214,226,DHelmetP1Helmet
_tfo70dldm,57,853,590,213,226,DHelmetP1Helmet
_tfo70dldm,58,843,590,212,225,DHelmetP1Helmet
_tfo70dldm,59,833,590,211,225,DHelmetP1Helmet
_tfo70dldm,60,823,590,211,224,DHelmetP1Helmet
_tfo70dldm,61,813,591,210,223,DHelmetP1Helmet
_tfo70dldm,62,803,591,209,223,DHelmetP1Helmet
_tfo70dldm,63,794,591,207,222,DHelmetP1Helmet
_tfo70dldm,64,787,591,206,221,DHelmetP1Helmet
_tfo70dldm,65,776,591,206,221,DHelmetP1Helmet
_tfo70dldm,66,769,592,206,221,DHelmetP1Helmet
_tfo70dldm,67,762,593,206,221,DHelmetP1Helmet
_tfo70dldm,68,755,594,205,221,DHelmetP1Helmet
_tfo70dldm,69,747,595,206,221,DHelmetP1Helmet
_tfo70dldm,70,742,595,206,221,DHelmetP1Helmet
_tfo70dldm,71,736,595,206,221,DHelmetP1Helmet
_tfo70dldm,72,731,594,205,221,DHelmetP1Helmet
_tfo70dldm,73,729,594,206,221,DHelmetP1Helmet
_tfo70dldm,74,728,593,206,221,DHelmetP1Helmet
_tfo70dldm,75,727,593,206,221,DHelmetP1Helmet
_tfo70dldm,76,725,592,206,221,DHelmetP1Helmet
_tfo70dldm,77,724,592,206,221,DHelmetP1Helmet
_tfo70dldm,78,723,591,206,221,DHelmetP1Helmet
_tfo70dldm,79,722,591,205,221,DHelmetP1Helmet
