track_id,frame_id,x,y,w,h,label
_h8kk1idz1,1,492,358,72,147,DHelmet
_h8kk1idz1,2,481,361,69,142,DHelmet
_h8kk1idz1,3,468,359,68,140,DHelmet
_h8kk1idz1,4,456,358,66,138,DHelmet
_h8kk1idz1,5,444,356,64,137,DHelmet
_h8kk1idz1,6,431,355,63,134,DHelmet
_h8kk1idz1,7,419,353,61,133,DHelmet
_h8kk1idz1,8,406,353,61,129,DHelmet
_rpsg6esiw,1,765,385,103,186,DHelmet
_rpsg6esiw,2,734,383,99,181,DHelmet
_rpsg6esiw,3,702,381,97,176,DHelmet
_rpsg6esiw,4,676,379,93,171,DHelmet
_rpsg6esiw,5,650,377,90,166,DHelmet
_rpsg6esiw,6,623,375,87,161,DHelmet
_rpsg6esiw,7,602,374,84,156,DHelmet
_rpsg6esiw,8,581,373,81,151,DHelmet
_rpsg6esiw,9,563,371,80,148,DHelmet
_rpsg6esiw,10,545,369,78,146,DHelmet
_rpsg6esiw,11,526,368,77,142,DHelmet
_rpsg6esiw,12,508,366,75,140,DHelmet
_rpsg6esiw,13,489,364,74,137,DHelmet
_rpsg6esiw,14,476,362,72,136,DHelmet
_rpsg6esiw,15,462,361,71,134,DHelmet
_rpsg6esiw,16,449,359,69,133,DHelmet
_rpsg6esiw,17,436,357,67,132,DHelmet
_rpsg6esiw,18,422,355,66,131,DHelmet
_cmz5ng6wc,1,864,390,152,239,DHelmetP1Helmet
_cmz5ng6wc,2,827,387,148,232,DHelmetP1Helmet
_cmz5ng6wc,3,796,385,144,225,DHelmetP1Helmet
_cmz5ng6wc,4,764,383,140,219,DHelmetP1Helmet
_cmz5ng6wc,5,735,381,136,213,DHelmetP1Helmet
_cmz5ng6wc,6,705,378,132,208,DHelmetP1Helmet
_cmz5ng6wc,7,683,376,127,201,DHelmetP1Helmet
_cmz5ng6wc,8,660,373,124,195,DHelmetP1Helmet
_cmz5ng6wc,9,636,372,120,189,DHelmetP1Helmet
_cmz5ng6wc,10,612,371,115,183,DHelmetP1Helmet
_cmz5ng6wc,11,593,370,112,178,DHelmetP1Helmet
_cmz5ng6wc,12,574,368,109,174,DHelmetP1Helmet
_cmz5ng6wc,13,555,366,106,170,DHelmetP1Helmet
_cmz5ng6wc,14,536,364,104,166,DHelmetP1Helmet
_cmz5ng6wc,15,521,363,100,163,DHelmetP1Helmet
_cmz5ng6wc,16,505,361,98,160,DHelmetP1Helmet
_cmz5ng6wc,17,490,359,95,158,DHelmetP1Helmet
_cmz5ng6wc,18,475,358,91,155,DHelmetP1Helmet
_cmz5ng6wc,19,464,357,88,152,DHelmetP1Helmet
_cmz5ng6wc,20,452,356,86,148,DHelmetP1Helmet
_cmz5ng6wc,21,441,355,83,145,DHelmetP1Helmet
_cmz5ng6wc,22,430,354,80,141,DHelmetP1Helmet
_cmz5ng6wc,23,419,354,77,137,DHelmetP1Helmet
_cmz5ng6wc,24,407,352,78,136,DHelmetP1Helmet
_cmz5ng6wc,25,396,350,77,135,DHelmetP1Helmet
_cmz5ng6wc,26,384,348,78,134,DHelmetP1Helmet
_tf9m931a0,1,1096,405,162,238,DHelmet
_tf9m931a0,2,1060,402,153,232,DHelmet
_tf9m931a0,3,1024,400,145,225,DHelmet
_tf9m931a0,4,987,397,137,219,DHelmet
_tf9m931a0,5,955,394,132,213,DHelmet
_tf9m931a0,6,923,391,126,207,DHelmet
_tf9m931a0,7,894,389,121,203,DHelmet
_tf9m931a0,8,865,387,117,198,DHelmet
_tf9m931a0,9,836,385,112,193,DHelmet
_tf9m931a0,10,813,382,107,190,DHelmet
_tf9m931a0,11,787,380,103,185,DHelmet
_tf9m931a0,12,762,378,98,180,DHelmet
_tf9m931a0,13,740,377,94,176,DHelmet
_tf9m931a0,14,718,377,89,170,DHelmet
_tf9m931a0,15,697,374,88,168,DHelmet
_tf9m931a0,16,676,372,86,165,DHelmet
_tf9m931a0,17,655,370,85,163,DHelmet
_tf9m931a0,18,634,367,83,161,DHelmet
_tf9m931a0,19,617,367,81,156,DHelmet
_tf9m931a0,20,600,366,78,153,DHelmet
_tf9m931a0,21,584,365,75,149,DHelmet
_tf9m931a0,22,569,364,73,146,DHelmet
_tf9m931a0,23,554,363,72,143,DHelmet
_tf9m931a0,24,539,363,67,139,DHelmet
_tf9m931a0,25,524,362,62,136,DHelmet
_tf9m931a0,26,509,361,63,133,DHelmet
_tf9m931a0,27,495,360,63,130,DHelmet
_tf9m931a0,28,480,359,64,127,DHelmet
_cveyfvget,1,1361,429,238,325,DHelmet
_cveyfvget,2,1299,423,221,311,DHelmet
_cveyfvget,3,1241,420,204,297,DHelmet
_cveyfvget,4,1191,417,189,284,DHelmet
_cveyfvget,5,1142,413,176,274,DHelmet
_cveyfvget,6,1096,406,166,266,DHelmet
_cveyfvget,7,1055,404,154,255,DHelmet
_cveyfvget,8,1018,401,145,248,DHelmet
_cveyfvget,9,980,398,137,240,DHelmet
_cveyfvget,10,942,394,132,235,DHelmet
_cveyfvget,11,910,392,128,228,DHelmet
_cveyfvget,12,877,390,125,220,DHelmet
_cveyfvget,13,848,387,119,214,DHelmet
_cveyfvget,14,818,385,113,207,DHelmet
_cveyfvget,15,791,383,111,201,DHelmet
_cveyfvget,16,765,381,107,195,DHelmet
_cveyfvget,17,741,380,104,189,DHelmet
_cveyfvget,18,716,379,101,183,DHelmet
_cveyfvget,19,692,378,97,178,DHelmet
_cveyfvget,20,671,375,93,175,DHelmet
_cveyfvget,21,649,373,90,171,DHelmet
_cveyfvget,22,631,372,87,167,DHelmet
_cveyfvget,23,613,370,84,164,DHelmet
_cveyfvget,24,595,369,80,161,DHelmet
_cveyfvget,25,576,367,78,158,DHelmet
_cveyfvget,26,559,366,76,154,DHelmet
_cveyfvget,27,542,365,75,151,DHelmet
_cveyfvget,28,524,364,74,148,DHelmet
_cveyfvget,29,509,362,72,146,DHelmet
_cveyfvget,30,494,361,71,143,DHelmet
_cveyfvget,31,479,360,69,141,DHelmet
_cveyfvget,32,466,358,68,138,DHelmet
_cveyfvget,33,453,356,66,135,DHelmet
_cveyfvget,34,440,355,65,132,DHelmet
_tum0p6rhb,11,1720,460,200,339,DHelmet
_tum0p6rhb,12,1628,453,292,340,DHelmet
_tum0p6rhb,13,1542,446,282,325,DHelmet
_tum0p6rhb,14,1463,439,258,312,DHelmet
_tum0p6rhb,15,1389,433,238,298,DHelmet
_tum0p6rhb,16,1322,428,224,287,DHelmet
_tum0p6rhb,17,1255,423,210,275,DHelmet
_tum0p6rhb,18,1193,418,191,264,DHelmet
_tum0p6rhb,19,1137,412,178,256,DHelmet
_tum0p6rhb,20,1086,409,168,245,DHelmet
_tum0p6rhb,21,1039,405,155,235,DHelmet
_tum0p6rhb,22,995,401,145,229,DHelmet
_tum0p6rhb,23,955,397,136,223,DHelmet
_tum0p6rhb,24,921,394,126,216,DHelmet
_tum0p6rhb,25,889,391,119,210,DHelmet
_tum0p6rhb,26,857,389,112,203,DHelmet
_tum0p6rhb,27,828,387,108,198,DHelmet
_tum0p6rhb,28,800,385,103,192,DHelmet
_tum0p6rhb,29,774,384,100,187,DHelmet
_tum0p6rhb,30,748,382,96,182,DHelmet
_tum0p6rhb,31,727,380,92,178,DHelmet
_tum0p6rhb,32,705,379,89,172,DHelmet
_tum0p6rhb,33,684,377,85,168,DHelmet
_tum0p6rhb,34,664,376,84,165,DHelmet
_tum0p6rhb,35,645,374,81,162,DHelmet
_tum0p6rhb,36,626,373,78,159,DHelmet
_tum0p6rhb,37,609,371,77,157,DHelmet
_tum0p6rhb,38,591,369,77,154,DHelmet
_tum0p6rhb,39,574,368,76,151,DHelmet
_tum0p6rhb,40,557,366,75,148,DHelmet
_tum0p6rhb,41,540,365,74,145,DHelmet
_tum0p6rhb,42,523,363,73,142,DHelmet
_tum0p6rhb,43,507,361,72,139,DHelmet
_tum0p6rhb,44,491,360,71,136,DHelmet
_tum0p6rhb,45,476,358,70,133,DHelmet
_tum0p6rhb,46,460,357,69,130,DHelmet
_tum0p6rhb,47,446,355,69,129,DHelmet
_tum0p6rhb,48,433,354,68,127,DHelmet
_tum0p6rhb,49,419,353,67,125,DHelmet
_tum0p6rhb,50,406,352,66,123,DHelmet
_aa9roxr89,1,505,405,150,297,DNoHelmetP1NoHelmet
_aa9roxr89,2,528,410,160,313,DNoHelmetP1NoHelmet
_aa9roxr89,3,551,415,169,329,DNoHelmetP1NoHelmet
_aa9roxr89,4,575,419,179,346,DNoHelmetP1NoHelmet
_aa9roxr89,5,599,424,189,362,DNoHelmetP1NoHelmet
_aa9roxr89,6,628,430,199,381,DNoHelmetP1NoHelmet
_aa9roxr89,7,656,435,209,401,DNoHelmetP1NoHelmet
_aa9roxr89,8,689,443,224,423,DNoHelmetP1NoHelmet
_aa9roxr89,9,723,450,240,449,DNoHelmetP1NoHelmet
_aa9roxr89,10,763,458,259,478,DNoHelmetP1NoHelmet
_aa9roxr89,11,805,466,284,511,DNoHelmetP1NoHelmet
_aa9roxr89,12,854,478,321,543,DNoHelmetP1NoHelmet
_aa9roxr89,13,909,486,364,594,DNoHelmetP1NoHelmet
_aa9roxr89,14,973,501,414,579,DNoHelmetP1NoHelmet
_aa9roxr89,15,1048,513,471,567,DNoHelmetP1NoHelmet
_aa9roxr89,16,1133,525,522,555,DNoHelmetP1NoHelmet
_aa9roxr89,17,1233,543,565,537,DNoHelmetP1NoHelmet
_aa9roxr89,18,1344,565,576,515,DNoHelmetP1NoHelmet
_7u55yg9j5,1,338,381,107,219,DHelmet
_7u55yg9j5,2,359,383,110,226,DHelmet
_7u55yg9j5,3,380,385,112,232,DHelmet
_7u55yg9j5,4,399,389,114,238,DHelmet
_7u55yg9j5,5,419,392,114,244,DHelmet
_7u55yg9j5,6,437,396,117,250,DHelmet
_7u55yg9j5,7,454,399,121,257,DHelmet
_7u55yg9j5,8,473,402,126,267,DHelmet
_7u55yg9j5,9,491,405,131,277,DHelmet
_7u55yg9j5,10,509,408,134,290,DHelmet
_7u55yg9j5,11,526,410,138,303,DHelmet
_7u55yg9j5,12,545,415,143,316,DHelmet
_7u55yg9j5,13,565,419,147,330,DHelmet
_7u55yg9j5,14,588,425,152,343,DHelmet
_7u55yg9j5,15,611,430,157,358,DHelmet
_7u55yg9j5,16,629,436,170,376,DHelmet
_7u55yg9j5,17,654,441,182,394,DHelmet
_7u55yg9j5,18,680,446,197,415,DHelmet
_7u55yg9j5,19,709,452,212,438,DHelmet
_7u55yg9j5,20,739,459,230,462,DHelmet
_7u55yg9j5,21,778,470,248,485,DHelmet
_7u55yg9j5,22,822,477,270,514,DHelmet
_7u55yg9j5,23,875,488,291,543,DHelmet
_7u55yg9j5,24,929,499,326,579,DHelmet
_7u55yg9j5,25,1000,509,369,571,DHelmet
_7u55yg9j5,26,1080,523,420,557,DHelmet
_7u55yg9j5,27,1170,537,482,543,DHelmet
_7u55yg9j5,28,1274,553,513,527,DHelmet
_7u55yg9j5,29,1394,571,526,509,DHelmet
_ovvyoqj9k,46,1711,431,209,286,DHelmet
_ovvyoqj9k,47,1668,431,252,286,DHelmet
_ovvyoqj9k,48,1624,427,286,282,DHelmet
_ovvyoqj9k,49,1583,426,274,277,DHelmet
_ovvyoqj9k,50,1542,424,266,273,DHelmet
_ovvyoqj9k,51,1500,422,260,269,DHelmet
_ovvyoqj9k,52,1462,420,253,265,DHelmet
_ovvyoqj9k,53,1424,417,245,262,DHelmet
_ovvyoqj9k,54,1387,415,238,258,DHelmet
_ovvyoqj9k,55,1350,413,230,254,DHelmet
_ovvyoqj9k,56,1317,412,223,250,DHelmet
_ovvyoqj9k,57,1283,410,216,246,DHelmet
_ovvyoqj9k,58,1253,408,209,242,DHelmet
_ovvyoqj9k,59,1223,406,201,239,DHelmet
_ovvyoqj9k,60,1196,404,192,235,DHelmet
_ovvyoqj9k,61,1170,401,183,233,DHelmet
_ovvyoqj9k,62,1145,399,175,229,DHelmet
_ovvyoqj9k,63,1119,398,168,224,DHelmet
_ovvyoqj9k,64,1096,396,166,223,DHelmet
_ovvyoqj9k,65,1073,395,164,220,DHelmet
_ovvyoqj9k,66,1051,394,159,217,DHelmet
_ovvyoqj9k,67,1028,394,155,214,DHelmet
_ovvyoqj9k,68,1008,390,152,210,DHelmet
_ovvyoqj9k,69,988,387,148,206,DHelmet
_ovvyoqj9k,70,969,387,144,200,DHelmet
_ovvyoqj9k,71,950,387,139,194,DHelmet
_ovvyoqj9k,72,934,386,129,190,DHelmet
_ovvyoqj9k,73,917,385,120,185,DHelmet
_ovvyoqj9k,74,907,383,115,187,DHelmet
_ovvyoqj9k,75,897,381,109,190,DHelmet
_ovvyoqj9k,76,879,380,109,190,DHelmet
_ovvyoqj9k,77,861,379,109,190,DHelmet
_ovvyoqj9k,78,849,378,106,186,DHelmet
_ovvyoqj9k,79,838,378,102,181,DHelmet
_ovvyoqj9k,80,821,376,101,181,DHelmet
_ovvyoqj9k,81,804,374,100,181,DHelmet
_lkflmzaii,55,1712,452,208,353,DHelmet
_lkflmzaii,56,1641,445,279,353,DHelmet
_lkflmzaii,57,1572,441,280,339,DHelmet
_lkflmzaii,58,1512,437,262,325,DHelmet
_lkflmzaii,59,1455,432,246,313,DHelmet
_lkflmzaii,60,1402,431,231,300,DHelmet
_lkflmzaii,61,1353,425,217,292,DHelmet
_lkflmzaii,62,1309,421,204,283,DHelmet
_lkflmzaii,63,1266,416,195,280,DHelmet
_lkflmzaii,64,1225,413,186,270,DHelmet
_lkflmzaii,65,1188,411,178,262,DHelmet
_lkflmzaii,66,1151,409,170,254,DHelmet
_lkflmzaii,67,1116,407,165,247,DHelmet
_lkflmzaii,68,1080,405,161,241,DHelmet
_lkflmzaii,69,1047,403,157,236,DHelmet
_lkflmzaii,70,1015,400,152,232,DHelmet
_lkflmzaii,71,982,398,150,226,DHelmet
_lkflmzaii,72,950,395,147,221,DHelmet
_lkflmzaii,73,921,394,144,215,DHelmet
_lkflmzaii,74,891,392,143,211,DHelmet
_lkflmzaii,75,865,390,137,207,DHelmet
_lkflmzaii,76,838,387,133,203,DHelmet
_lkflmzaii,77,813,387,128,197,DHelmet
_lkflmzaii,78,788,387,124,191,DHelmet
_lkflmzaii,79,766,383,119,191,DHelmet
_lkflmzaii,80,749,383,113,187,DHelmet
_lkflmzaii,81,732,381,106,183,DHelmet
_lkflmzaii,82,716,380,103,179,DHelmet
_lkflmzaii,83,699,378,101,177,DHelmet
_lkflmzaii,84,683,377,98,174,DHelmet
_lkflmzaii,85,667,375,95,171,DHelmet
_lkflmzaii,86,651,374,92,168,DHelmet
_lkflmzaii,87,635,373,89,165,DHelmet
_lkflmzaii,88,618,371,87,162,DHelmet
_lkflmzaii,89,602,370,84,159,DHelmet
_lkflmzaii,90,586,369,81,156,DHelmet
_lkflmzaii,91,570,367,78,153,DHelmet
_lkflmzaii,92,557,366,75,150,DHelmet
_lkflmzaii,93,546,364,76,150,DHelmet
_lkflmzaii,94,535,363,77,148,DHelmet
_lkflmzaii,95,523,363,77,145,DHelmet
_lkflmzaii,96,511,362,78,143,DHelmet
_3edn7isq1,86,1653,442,267,372,DHelmet
_3edn7isq1,87,1579,437,305,359,DHelmet
_3edn7isq1,88,1508,431,287,344,DHelmet
_3edn7isq1,89,1445,426,269,332,DHelmet
_3edn7isq1,90,1387,422,250,318,DHelmet
_3edn7isq1,91,1333,418,237,307,DHelmet
_3edn7isq1,92,1282,415,225,299,DHelmet
_3edn7isq1,93,1238,411,212,290,DHelmet
