track_id,frame_id,x,y,w,h,label
_z8ugmbg7d,1,175,522,83,128,DHelmet
_z8ugmbg7d,2,164,521,83,128,DHelmet
_smnw77w9d,3,1741,517,179,200,DHelmetP1Helmet
_smnw77w9d,4,1671,513,244,203,DHelmetP1Helmet
_smnw77w9d,5,1610,510,235,201,DHelmetP1Helmet
_smnw77w9d,6,1547,511,229,198,DHelmetP1Helmet
_smnw77w9d,7,1485,511,222,195,DHelmetP1Helmet
_smnw77w9d,8,1431,512,216,192,DHelmetP1Helmet
_smnw77w9d,9,1377,512,210,189,DHelmetP1Helmet
_smnw77w9d,10,1323,513,204,186,DHelmetP1Helmet
_smnw77w9d,11,1274,513,200,184,DHelmetP1Helmet
_smnw77w9d,12,1227,513,197,182,DHelmetP1Helmet
_smnw77w9d,13,1180,512,193,181,DHelmetP1Helmet
_smnw77w9d,14,1137,513,187,178,DHelmetP1Helmet
_smnw77w9d,15,1093,513,181,176,DHelmetP1Helmet
_smnw77w9d,16,1051,513,177,174,DHelmetP1Helmet
_smnw77w9d,17,1013,514,173,172,DHelmetP1Helmet
_smnw77w9d,18,974,514,171,171,DHelmetP1Helmet
_smnw77w9d,19,936,515,168,169,DHelmetP1Helmet
_smnw77w9d,20,900,515,166,168,DHelmetP1Helmet
_smnw77w9d,21,863,516,164,165,DHelmetP1Helmet
_smnw77w9d,22,830,516,160,164,DHelmetP1Helmet
_smnw77w9d,23,796,516,159,163,DHelmetP1Helmet
_smnw77w9d,24,763,517,156,161,DHelmetP1Helmet
_smnw77w9d,25,732,517,155,160,DHelmetP1Helmet
_smnw77w9d,26,701,518,153,158,DHelmetP1Helmet
_smnw77w9d,27,671,518,150,157,DHelmetP1Helmet
_smnw77w9d,28,643,518,148,155,DHelmetP1Helmet
_smnw77w9d,29,616,518,145,154,DHelmetP1Helmet
_smnw77w9d,30,588,518,143,152,DHelmetP1Helmet
_smnw77w9d,31,563,518,141,151,DHelmetP1Helmet
_smnw77w9d,32,537,519,139,150,DHelmetP1Helmet
_smnw77w9d,33,514,519,137,149,DHelmetP1Helmet
_smnw77w9d,34,491,519,135,148,DHelmetP1Helmet
_smnw77w9d,35,468,520,133,147,DHelmetP1Helmet
_smnw77w9d,36,449,520,130,146,DHelmetP1Helmet
_smnw77w9d,37,429,520,129,145,DHelmetP1Helmet
_smnw77w9d,38,410,521,126,143,DHelmetP1Helmet
_smnw77w9d,39,392,521,125,143,DHelmetP1Helmet
_smnw77w9d,40,372,521,125,143,DHelmetP1Helmet
_smnw77w9d,41,353,521,124,143,DHelmetP1Helmet
_smnw77w9d,42,333,522,125,143,DHelmetP1Helmet
_smnw77w9d,43,328,520,111,141,DHelmetP1Helmet
_smnw77w9d,44,315,520,110,141,DHelmetP1Helmet
_smnw77w9d,45,302,520,108,141,DHelmetP1Helmet
_smnw77w9d,46,289,519,107,141,DHelmetP1Helmet
_smnw77w9d,47,275,519,107,141,DHelmetP1Helmet
_smnw77w9d,48,262,519,106,141,DHelmetP1Helmet
_smnw77w9d,49,249,519,105,141,DHelmetP1Helmet
_smnw77w9d,50,236,518,104,142,DHelmetP1Helmet
_smnw77w9d,51,223,518,103,141,DHelmetP1Helmet
_smnw77w9d,52,209,518,102,141,DHelmetP1Helmet
_smnw77w9d,53,196,518,101,141,DHelmetP1Helmet
_smnw77w9d,54,183,517,100,142,DHelmetP1Helmet
_smnw77w9d,55,174,516,100,142,DHelmetP1Helmet
_smnw77w9d,56,167,516,101,142,DHelmetP1Helmet
_smnw77w9d,57,162,516,100,141,DHelmetP1Helmet
_smnw77w9d,58,154,516,100,141,DHelmetP1Helmet
_15cx6llef,55,1745,512,175,193,DHelmet
_15cx6llef,56,1662,512,220,189,DHelmet
_15cx6llef,57,1585,512,211,185,DHelmet
_15cx6llef,58,1511,512,202,181,DHelmet
_15cx6llef,59,1441,512,198,179,DHelmet
_15cx6llef,60,1374,513,193,177,DHelmet
_15cx6llef,61,1308,515,189,175,DHelmet
_15cx6llef,62,1248,514,184,173,DHelmet
_15cx6llef,63,1191,514,180,171,DHelmet
_15cx6llef,64,1136,514,175,169,DHelmet
_15cx6llef,65,1082,513,170,167,DHelmet
_15cx6llef,66,1034,515,166,165,DHelmet
_15cx6llef,67,987,515,162,163,DHelmet
_15cx6llef,68,944,515,158,162,DHelmet
_15cx6llef,69,900,515,155,160,DHelmet
_15cx6llef,70,863,515,151,158,DHelmet
_15cx6llef,71,821,516,150,157,DHelmet
_15cx6llef,72,787,517,147,156,DHelmet
_15cx6llef,73,753,518,145,154,DHelmet
_15cx6llef,74,721,519,143,153,DHelmet
_15cx6llef,75,690,519,140,152,DHelmet
_15cx6llef,76,660,519,139,151,DHelmet
_15cx6llef,77,630,519,138,150,DHelmet
_15cx6llef,78,603,519,137,149,DHelmet
_15cx6llef,79,576,519,136,148,DHelmet
_15cx6llef,80,554,520,134,146,DHelmet
_15cx6llef,81,532,521,133,144,DHelmet
_15cx6llef,82,509,520,131,144,DHelmet
_15cx6llef,83,486,519,130,143,DHelmet
_15cx6llef,84,465,519,128,142,DHelmet
_15cx6llef,85,446,519,127,140,DHelmet
_15cx6llef,86,427,519,127,139,DHelmet
_15cx6llef,87,410,519,120,139,DHelmet
_15cx6llef,88,391,519,121,139,DHelmet
_15cx6llef,89,373,519,121,139,DHelmet
_15cx6llef,90,361,519,116,138,DHelmet
_15cx6llef,91,349,519,111,137,DHelmet
_15cx6llef,92,337,519,107,137,DHelmet
_15cx6llef,93,325,519,102,136,DHelmet
_ze09i3qgn,99,1734,524,186,226,DHelmet
_ze09i3qgn,100,1644,522,276,229,DHelmet
_nzdxg5p8t,1,237,518,146,181,DHelmet
_nzdxg5p8t,2,237,518,146,181,DHelmet
_nzdxg5p8t,3,238,518,146,181,DHelmet
_nzdxg5p8t,4,238,518,146,181,DHelmet
_nzdxg5p8t,5,238,518,146,181,DHelmet
_nzdxg5p8t,6,238,518,146,181,DHelmet
_nzdxg5p8t,7,238,518,146,181,DHelmet
_nzdxg5p8t,8,238,518,146,181,DHelmet
_nzdxg5p8t,9,238,518,146,181,DHelmet
_nzdxg5p8t,10,238,519,146,180,DHelmet
_nzdxg5p8t,11,238,519,146,180,DHelmet
_nzdxg5p8t,12,238,519,146,180,DHelmet
_nzdxg5p8t,13,238,519,146,180,DHelmet
_nzdxg5p8t,14,238,519,146,180,DHelmet
_nzdxg5p8t,15,238,519,146,180,DHelmet
_nzdxg5p8t,16,238,519,146,180,DHelmet
_nzdxg5p8t,17,238,519,146,180,DHelmet
_nzdxg5p8t,18,238,519,146,180,DHelmet
_nzdxg5p8t,19,238,519,146,180,DHelmet
_nzdxg5p8t,20,238,519,146,180,DHelmet
_nzdxg5p8t,21,238,519,146,180,DHelmet
_nzdxg5p8t,22,238,519,146,180,DHelmet
_nzdxg5p8t,23,238,519,146,180,DHelmet
_nzdxg5p8t,24,238,519,146,180,DHelmet
_nzdxg5p8t,25,238,519,146,180,DHelmet
_nzdxg5p8t,26,238,519,146,180,DHelmet
_nzdxg5p8t,27,238,519,146,180,DHelmet
_nzdxg5p8t,28,238,519,146,180,DHelmet
_nzdxg5p8t,29,238,519,146,180,DHelmet
_nzdxg5p8t,30,238,519,146,180,DHelmet
_nzdxg5p8t,31,238,520,146,179,DHelmet
_nzdxg5p8t,32,238,520,146,179,DHelmet
_nzdxg5p8t,33,238,520,146,179,DHelmet
_nzdxg5p8t,34,238,520,146,179,DHelmet
_nzdxg5p8t,35,238,520,146,179,DHelmet
_nzdxg5p8t,36,238,520,146,179,DHelmet
_nzdxg5p8t,37,238,520,146,179,DHelmet
_nzdxg5p8t,38,238,520,146,179,DHelmet
_nzdxg5p8t,39,238,520,146,179,DHelmet
_nzdxg5p8t,40,238,520,146,179,DHelmet
_nzdxg5p8t,41,238,520,146,179,DHelmet
_nzdxg5p8t,42,238,520,146,179,DHelmet
_nzdxg5p8t,43,238,520,146,179,DHelmet
_nzdxg5p8t,44,238,520,146,179,DHelmet
_nzdxg5p8t,45,238,520,146,179,DHelmet
_nzdxg5p8t,46,238,520,146,179,DHelmet
_nzdxg5p8t,47,238,520,146,179,DHelmet
_nzdxg5p8t,48,238,521,146,178,DHelmet
_nzdxg5p8t,49,238,521,146,178,DHelmet
_nzdxg5p8t,50,238,521,146,178,DHelmet
_nzdxg5p8t,51,238,521,146,178,DHelmet
_nzdxg5p8t,52,238,521,146,178,DHelmet
_nzdxg5p8t,53,238,521,146,178,DHelmet
_nzdxg5p8t,54,239,521,146,178,DHelmet
_nzdxg5p8t,55,239,521,146,178,DHelmet
_nzdxg5p8t,56,239,521,146,178,DHelmet
_nzdxg5p8t,57,239,521,146,178,DHelmet
_nzdxg5p8t,58,239,521,146,178,DHelmet
_nzdxg5p8t,59,239,521,146,178,DHelmet
_nzdxg5p8t,60,239,521,146,178,DHelmet
_nzdxg5p8t,61,239,521,146,178,DHelmet
_nzdxg5p8t,62,239,521,146,178,DHelmet
_nzdxg5p8t,63,239,521,146,178,DHelmet
_nzdxg5p8t,64,239,521,146,178,DHelmet
_nzdxg5p8t,65,239,522,146,177,DHelmet
_nzdxg5p8t,66,239,522,146,177,DHelmet
_nzdxg5p8t,67,239,522,146,177,DHelmet
_nzdxg5p8t,68,239,522,146,177,DHelmet
_nzdxg5p8t,69,239,522,146,177,DHelmet
_nzdxg5p8t,70,239,522,146,177,DHelmet
_nzdxg5p8t,71,239,522,146,177,DHelmet
_nzdxg5p8t,72,239,522,146,177,DHelmet
_nzdxg5p8t,73,239,522,146,177,DHelmet
_nzdxg5p8t,74,239,522,146,177,DHelmet
_nzdxg5p8t,75,239,522,146,177,DHelmet
_nzdxg5p8t,76,239,522,146,177,DHelmet
_nzdxg5p8t,77,239,522,146,177,DHelmet
_nzdxg5p8t,78,239,522,146,177,DHelmet
_nzdxg5p8t,79,239,522,146,177,DHelmet
_nzdxg5p8t,80,239,522,146,177,DHelmet
_nzdxg5p8t,81,239,522,146,177,DHelmet
_nzdxg5p8t,82,239,522,146,177,DHelmet
_nzdxg5p8t,83,239,522,146,177,DHelmet
_nzdxg5p8t,84,239,522,147,177,DHelmet
_nzdxg5p8t,85,239,522,147,177,DHelmet
_nzdxg5p8t,86,239,522,147,177,DHelmet
_nzdxg5p8t,87,239,522,147,177,DHelmet
_nzdxg5p8t,88,239,522,147,177,DHelmet
_nzdxg5p8t,89,239,522,147,177,DHelmet
_nzdxg5p8t,90,239,522,147,178,DHelmet
_nzdxg5p8t,91,239,522,147,178,DHelmet
_nzdxg5p8t,92,239,522,148,178,DHelmet
_nzdxg5p8t,93,239,522,148,178,DHelmet
_nzdxg5p8t,94,239,522,148,178,DHelmet
_nzdxg5p8t,95,239,522,148,178,DHelmet
_nzdxg5p8t,96,239,522,148,178,DHelmet
_nzdxg5p8t,97,239,522,148,178,DHelmet
_nzdxg5p8t,98,239,522,148,178,DHelmet
_nzdxg5p8t,99,239,522,149,178,DHelmet
_nzdxg5p8t,100,239,522,149,178,DHelmet
_e8xaz56qd,1,80,516,141,182,DHelmet
_e8xaz56qd,2,80,516,141,182,DHelmet
_e8xaz56qd,3,80,516,141,182,DHelmet
_e8xaz56qd,4,80,516,141,182,DHelmet
_e8xaz56qd,5,80,516,141,182,DHelmet
_e8xaz56qd,6,80,516,141,182,DHelmet
_e8xaz56qd,7,80,516,141,182,DHelmet
_e8xaz56qd,8,80,516,141,182,DHelmet
_e8xaz56qd,9,80,516,141,182,DHelmet
_e8xaz56qd,10,80,516,141,182,DHelmet
_e8xaz56qd,11,80,516,141,182,DHelmet
_e8xaz56qd,12,80,516,141,182,DHelmet
_e8xaz56qd,13,80,516,141,182,DHelmet
_e8xaz56qd,14,80,516,141,182,DHelmet
_e8xaz56qd,15,80,516,141,182,DHelmet
_e8xaz56qd,16,80,516,141,182,DHelmet
_e8xaz56qd,17,80,516,141,182,DHelmet
_e8xaz56qd,18,80,516,141,182,DHelmet
_e8xaz56qd,19,80,516,141,182,DHelmet
_e8xaz56qd,20,80,516,141,182,DHelmet
_e8xaz56qd,21,80,516,141,182,DHelmet
_e8xaz56qd,22,80,516,141,182,DHelmet
_e8xaz56qd,23,80,516,142,182,DHelmet
_e8xaz56qd,24,80,516,142,182,DHelmet
_e8xaz56qd,25,80,516,142,182,DHelmet
_e8xaz56qd,26,80,516,142,182,DHelmet
_e8xaz56qd,27,80,516,142,182,DHelmet
_e8xaz56qd,28,80,516,142,182,DHelmet
_e8xaz56qd,29,80,516,142,182,DHelmet
_e8xaz56qd,30,80,516,142,182,DHelmet
_e8xaz56qd,31,80,516,142,182,DHelmet
_e8xaz56qd,32,80,516,142,182,DHelmet
_e8xaz56qd,33,80,516,142,182,DHelmet
_e8xaz56qd,34,80,516,142,182,DHelmet
_e8xaz56qd,35,80,516,142,182,DHelmet
_e8xaz56qd,36,80,516,142,182,DHelmet
_e8xaz56qd,37,80,516,142,182,DHelmet
_e8xaz56qd,38,80,516,142,182,DHelmet
_e8xaz56qd,39,80,516,142,182,DHelmet
_e8xaz56qd,40,80,516,142,182,DHelmet
_e8xaz56qd,41,80,516,142,182,DHelmet
_e8xaz56qd,42,80,516,142,182,DHelmet
_e8xaz56qd,43,80,516,142,182,DHelmet
_e8xaz56qd,44,80,516,142,182,DHelmet
_e8xaz56qd,45,81,516,141,182,DHelmet
_e8xaz56qd,46,81,516,141,182,DHelmet
_e8xaz56qd,47,81,516,141,182,DHelmet
_e8xaz56qd,48,81,516,141,182,DHelmet
_e8xaz56qd,49,81,516,141,182,DHelmet
_e8xaz56qd,50,81,516,141,182,DHelmet
_e8xaz56qd,51,81,516,141,182,DHelmet
_e8xaz56qd,52,81,516,141,182,DHelmet
_e8xaz56qd,53,81,516,141,182,DHelmet
_e8xaz56qd,54,81,516,141,182,DHelmet
_e8xaz56qd,55,81,516,141,182,DHelmet
_e8xaz56qd,56,81,516,141,182,DHelmet
_e8xaz56qd,57,81,516,141,182,DHelmet
_e8xaz56qd,58,81,516,141,182,DHelmet
_e8xaz56qd,59,81,516,141,182,DHelmet
_e8xaz56qd,60,81,516,141,182,DHelmet
_e8xaz56qd,61,81,516,141,182,DHelmet
_e8xaz56qd,62,81,516,141,182,DHelmet
_e8xaz56qd,63,81,516,141,182,DHelmet
_e8xaz56qd,64,81,516,141,182,DHelmet
_e8xaz56qd,65,81,516,141,182,DHelmet
_e8xaz56qd,66,81,516,141,182,DHelmet
_e8xaz56qd,67,81,516,141,182,DHelmet
_e8xaz56qd,68,81,516,141,182,DHelmet
_e8xaz56qd,69,81,516,141,182,DHelmet
_e8xaz56qd,70,81,516,141,182,DHelmet
_e8xaz56qd,71,81,516,141,182,DHelmet
_e8xaz56qd,72,81,516,141,182,DHelmet
_e8xaz56qd,73,81,516,141,182,DHelmet
_e8xaz56qd,74,81,516,141,182,DHelmet
_e8xaz56qd,75,81,516,141,182,DHelmet
_e8xaz56qd,76,81,516,141,182,DHelmet
_e8xaz56qd,77,81,516,141,182,DHelmet
_e8xaz56qd,78,81,516,142,182,DHelmet
_e8xaz56qd,79,81,516,142,182,DHelmet
_e8xaz56qd,80,81,516,142,182,DHelmet
_e8xaz56qd,81,81,516,142,182,DHelmet
_e8xaz56qd,82,81,516,142,182,DHelmet
_e8xaz56qd,83,81,516,142,182,DHelmet
_e8xaz56qd,84,81,516,142,182,DHelmet
_e8xaz56qd,85,80,516,142,182,DHelmet
_e8xaz56qd,86,79,516,142,182,DHelmet
_e8xaz56qd,87,78,516,142,182,DHelmet
_e8xaz56qd,88,77,516,142,182,DHelmet
_e8xaz56qd,89,75,516,143,182,DHelmet
_e8xaz56qd,90,74,516,143,182,DHelmet
_e8xaz56qd,91,73,516,143,182,DHelmet
_e8xaz56qd,92,72,516,143,182,DHelmet
_e8xaz56qd,93,71,516,143,182,DHelmet
_e8xaz56qd,94,70,516,143,182,DHelmet
_e8xaz56qd,95,69,516,143,182,DHelmet
_e8xaz56qd,96,67,516,144,182,DHelmet
_e8xaz56qd,97,66,516,144,182,DHelmet
_e8xaz56qd,98,65,516,144,182,DHelmet
_e8xaz56qd,99,64,516,144,182,DHelmet
_e8xaz56qd,100,63,516,144,182,DHelmet
_wwahyv5dt,1,0,585,154,286,DHelmetP1Helmet
_wwahyv5dt,2,15,578,234,303,DHelmetP1Helmet
_wwahyv5dt,3,90,574,253,320,DHelmetP1Helmet
_wwahyv5dt,4,183,578,271,329,DHelmetP1Helmet
_wwahyv5dt,5,279,582,288,338,DHelmetP1Helmet
_wwahyv5dt,6,385,582,307,354,DHelmetP1Helmet
_wwahyv5dt,7,496,582,330,370,DHelmetP1Helmet
_wwahyv5dt,8,622,585,353,388,DHelmetP1Helmet
_wwahyv5dt,9,760,587,376,406,DHelmetP1Helmet
_wwahyv5dt,10,904,592,410,423,DHelmetP1Helmet
_wwahyv5dt,11,1067,599,446,437,DHelmetP1Helmet
_wwahyv5dt,12,1239,602,491,462,DHelmetP1Helmet
_wwahyv5dt,13,1430,602,490,478,DHelmetP1Helmet
_wwahyv5dt,14,1639,602,281,478,DHelmetP1Helmet
_87wmxvl2t,11,1,576,127,262,DHelmetP1Helmet
_87wmxvl2t,12,13,565,218,285,DHelmetP1Helmet
_87wmxvl2t,13,110,566,234,296,DHelmetP1Helmet
_87wmxvl2t,14,217,570,254,309,DHelmetP1Helmet
_87wmxvl2t,15,336,571,274,321,DHelmetP1Helmet
_87wmxvl2t,16,463,571,298,339,DHelmetP1Helmet
_87wmxvl2t,17,609,571,321,356,DHelmetP1Helmet
_87wmxvl2t,18,766,574,352,377,DHelmetP1Helmet
_87wmxvl2t,19,935,574,391,398,DHelmetP1Helmet
_87wmxvl2t,20,1132,581,430,415,DHelmetP1Helmet
_87wmxvl2t,21,1345,588,483,432,DHelmetP1Helmet
_87wmxvl2t,22,1587,588,333,431,DHelmetP1Helmet
