track_id,frame_id,x,y,w,h,label
_acsj1oh3y,2,840,585,122,139,DNoHelmetP1NoHelmet
_acsj1oh3y,3,808,588,108,136,DNoHelmetP1NoHelmet
_acsj1oh3y,4,754,590,115,132,DNoHelmetP1NoHelmet
_acsj1oh3y,5,709,591,123,129,DNoHelmetP1NoHelmet
_acsj1oh3y,6,692,593,97,127,DNoHelmetP1NoHelmet
_acsj1oh3y,7,654,594,93,126,DNoHelmetP1NoHelmet
_acsj1oh3y,8,611,596,93,124,DNoHelmetP1NoHelmet
_hz8asmewj,1,910,578,146,158,DHelmet
_hz8asmewj,2,888,580,143,161,DHelmet
_hz8asmewj,3,868,580,140,160,DHelmet
_hz8asmewj,4,847,580,138,160,DHelmet
_hz8asmewj,5,827,579,135,160,DHelmet
_hz8asmewj,6,804,580,131,160,DHelmet
_hz8asmewj,7,780,581,129,159,DHelmet
_hz8asmewj,8,757,582,126,158,DHelmet
_hz8asmewj,9,733,583,127,157,DHelmet
_hz8asmewj,10,710,584,126,156,DHelmet
_hz8asmewj,11,687,584,126,156,DHelmet
_hz8asmewj,12,663,585,126,155,DHelmet
_hz8asmewj,13,639,586,126,153,DHelmet
_hz8asmewj,14,614,587,126,151,DHelmet
_hz8asmewj,15,590,588,126,149,DHelmet
_hz8asmewj,16,566,589,126,147,DHelmet
_hz8asmewj,17,543,590,126,145,DHelmet
_hz8asmewj,18,519,591,126,143,DHelmet
_hz8asmewj,19,494,592,124,142,DHelmet
_hz8asmewj,20,468,593,123,141,DHelmet
_hz8asmewj,21,442,594,122,140,DHelmet
_hz8asmewj,22,417,594,120,140,DHelmet
_hz8asmewj,23,395,595,118,139,DHelmet
_hz8asmewj,24,372,596,117,138,DHelmet
_hz8asmewj,25,349,597,115,137,DHelmet
_hz8asmewj,26,326,598,112,136,DHelmet
_hz8asmewj,27,303,599,110,134,DHelmet
_hz8asmewj,28,281,600,106,133,DHelmet
_hz8asmewj,29,258,600,104,132,DHelmet
_hz8asmewj,30,235,601,102,131,DHelmet
_hz8asmewj,31,212,602,99,130,DHelmet
_hz8asmewj,32,189,603,97,128,DHelmet
_hz8asmewj,33,167,604,94,127,DHelmet
_hz8asmewj,34,142,605,91,125,DHelmet
_hz8asmewj,35,117,606,89,124,DHelmet
_hz8asmewj,36,92,607,86,123,DHelmet
_zsz8jh4hy,16,694,591,105,148,DHelmet
_zsz8jh4hy,17,650,590,104,147,DHelmet
_zsz8jh4hy,18,612,594,108,146,DHelmet
_zsz8jh4hy,19,581,594,110,145,DHelmet
_zsz8jh4hy,20,550,594,112,143,DHelmet
_zsz8jh4hy,21,519,595,114,141,DHelmet
_zsz8jh4hy,22,491,596,117,140,DHelmet
_zsz8jh4hy,23,464,597,119,139,DHelmet
_zsz8jh4hy,24,435,600,122,137,DHelmet
_zsz8jh4hy,25,406,602,124,135,DHelmet
_zsz8jh4hy,26,380,604,125,133,DHelmet
_zsz8jh4hy,27,354,605,126,132,DHelmet
_zsz8jh4hy,28,326,605,124,132,DHelmet
_zsz8jh4hy,29,298,606,123,130,DHelmet
_zsz8jh4hy,30,270,606,121,130,DHelmet
_zsz8jh4hy,31,243,606,119,129,DHelmet
_zsz8jh4hy,32,215,606,117,129,DHelmet
_zsz8jh4hy,33,187,607,115,127,DHelmet
_zsz8jh4hy,34,158,607,116,128,DHelmet
_zsz8jh4hy,35,129,607,116,128,DHelmet
_zsz8jh4hy,36,101,608,116,127,DHelmet
_zsz8jh4hy,37,72,608,116,128,DHelmet
_zsz8jh4hy,38,43,608,117,128,DHelmet
_zsz8jh4hy,39,13,609,117,125,DHelmet
_zsz8jh4hy,40,0,610,100,122,DHelmet
_2tch6ajot,1,1578,571,222,186,DHelmet
_2tch6ajot,2,1557,572,220,185,DHelmet
_2tch6ajot,3,1536,573,218,183,DHelmet
_2tch6ajot,4,1515,573,215,183,DHelmet
_2tch6ajot,5,1494,574,213,181,DHelmet
_2tch6ajot,6,1469,574,210,180,DHelmet
_2tch6ajot,7,1443,575,208,179,DHelmet
_2tch6ajot,8,1418,575,205,178,DHelmet
_2tch6ajot,9,1393,576,202,177,DHelmet
_2tch6ajot,10,1364,577,200,175,DHelmet
_2tch6ajot,11,1335,577,197,175,DHelmet
_2tch6ajot,12,1306,578,194,174,DHelmet
_2tch6ajot,13,1278,579,190,172,DHelmet
_2tch6ajot,14,1249,579,188,172,DHelmet
_2tch6ajot,15,1220,580,185,171,DHelmet
_2tch6ajot,16,1192,580,181,170,DHelmet
_2tch6ajot,17,1160,582,179,168,DHelmet
_2tch6ajot,18,1129,583,176,166,DHelmet
_2tch6ajot,19,1098,584,172,164,DHelmet
_2tch6ajot,20,1066,585,170,162,DHelmet
_2tch6ajot,21,1035,586,167,160,DHelmet
_2tch6ajot,22,1001,587,165,159,DHelmet
_2tch6ajot,23,968,587,162,159,DHelmet
_2tch6ajot,24,934,588,160,158,DHelmet
_2tch6ajot,25,899,588,159,158,DHelmet
_2tch6ajot,26,864,589,158,156,DHelmet
_2tch6ajot,27,830,589,156,156,DHelmet
_2tch6ajot,28,795,590,155,155,DHelmet
_2tch6ajot,29,762,591,152,153,DHelmet
_2tch6ajot,30,728,592,150,152,DHelmet
_2tch6ajot,31,695,593,147,150,DHelmet
_2tch6ajot,32,661,594,145,149,DHelmet
_2tch6ajot,33,628,595,141,147,DHelmet
_2tch6ajot,34,594,596,139,146,DHelmet
_2tch6ajot,35,561,597,136,144,DHelmet
_2tch6ajot,36,527,598,134,143,DHelmet
_2tch6ajot,37,494,599,131,141,DHelmet
_2tch6ajot,38,464,600,129,140,DHelmet
_2tch6ajot,39,435,601,126,138,DHelmet
_2tch6ajot,40,406,602,122,137,DHelmet
_2tch6ajot,41,379,603,120,135,DHelmet
_2tch6ajot,42,352,604,117,134,DHelmet
_2tch6ajot,43,325,605,115,132,DHelmet
_2tch6ajot,44,298,606,112,131,DHelmet
_2tch6ajot,45,280,607,100,130,DHelmet
_2tch6ajot,46,262,607,88,130,DHelmet
_2tch6ajot,47,219,607,105,129,DHelmet
_2tch6ajot,48,193,608,103,128,DHelmet
_2tch6ajot,49,166,609,103,126,DHelmet
_2tch6ajot,50,140,609,102,126,DHelmet
_2tch6ajot,51,114,610,101,125,DHelmet
_2tch6ajot,52,87,611,100,123,DHelmet
_2tch6ajot,53,61,613,100,121,DHelmet
_2tch6ajot,54,34,614,101,120,DHelmet
_2tch6ajot,55,8,616,100,118,DHelmet
_2tch6ajot,56,0,617,82,117,DHelmet
_io7ii5y52,6,1771,565,149,194,DHelmet
_io7ii5y52,7,1740,566,180,191,DHelmet
_io7ii5y52,8,1710,568,194,188,DHelmet
_io7ii5y52,9,1679,569,194,185,DHelmet
_io7ii5y52,10,1648,570,194,183,DHelmet
_io7ii5y52,11,1617,570,194,183,DHelmet
_io7ii5y52,12,1586,570,194,183,DHelmet
_io7ii5y52,13,1554,571,194,182,DHelmet
_io7ii5y52,14,1523,571,194,183,DHelmet
_io7ii5y52,15,1491,571,195,183,DHelmet
_io7ii5y52,16,1460,571,195,183,DHelmet
_io7ii5y52,17,1425,572,198,181,DHelmet
_io7ii5y52,18,1390,573,201,180,DHelmet
_io7ii5y52,19,1354,574,199,178,DHelmet
_io7ii5y52,20,1319,575,197,176,DHelmet
_io7ii5y52,21,1284,576,194,174,DHelmet
_io7ii5y52,22,1249,577,192,172,DHelmet
_io7ii5y52,23,1213,577,191,171,DHelmet
_io7ii5y52,24,1181,578,187,169,DHelmet
_io7ii5y52,25,1149,579,183,168,DHelmet
_io7ii5y52,26,1115,580,179,166,DHelmet
_io7ii5y52,27,1080,581,177,165,DHelmet
_io7ii5y52,28,1046,582,174,163,DHelmet
_io7ii5y52,29,1011,583,172,162,DHelmet
_io7ii5y52,30,977,584,168,160,DHelmet
_io7ii5y52,31,943,585,165,159,DHelmet
_io7ii5y52,32,908,586,163,157,DHelmet
_io7ii5y52,33,874,587,160,156,DHelmet
_io7ii5y52,34,838,588,157,155,DHelmet
_io7ii5y52,35,802,589,154,153,DHelmet
_io7ii5y52,36,766,590,152,152,DHelmet
_io7ii5y52,37,729,591,149,150,DHelmet
_io7ii5y52,38,692,592,145,149,DHelmet
_io7ii5y52,39,654,593,143,147,DHelmet
_io7ii5y52,40,618,594,141,146,DHelmet
_io7ii5y52,41,582,595,139,145,DHelmet
_io7ii5y52,42,546,596,136,144,DHelmet
_io7ii5y52,43,512,597,133,142,DHelmet
_io7ii5y52,44,478,598,131,141,DHelmet
_io7ii5y52,45,448,599,129,140,DHelmet
_io7ii5y52,46,419,600,126,138,DHelmet
_io7ii5y52,47,389,601,124,136,DHelmet
_io7ii5y52,48,360,602,121,134,DHelmet
_io7ii5y52,49,331,603,119,133,DHelmet
_io7ii5y52,50,301,604,117,131,DHelmet
_io7ii5y52,51,273,605,114,129,DHelmet
_io7ii5y52,52,245,606,111,127,DHelmet
_io7ii5y52,53,216,607,109,126,DHelmet
_io7ii5y52,54,187,608,109,125,DHelmet
_io7ii5y52,55,157,609,109,124,DHelmet
_io7ii5y52,56,128,610,109,123,DHelmet
_io7ii5y52,57,98,611,109,122,DHelmet
_io7ii5y52,58,71,612,109,121,DHelmet
_io7ii5y52,59,43,613,110,120,DHelmet
_io7ii5y52,60,9,614,109,119,DHelmet
_io7ii5y52,61,0,613,92,120,DHelmet
_io7ii5y52,62,0,614,66,119,DHelmet
_sd29kaac3,42,1697,565,206,168,DNoHelmet
_sd29kaac3,43,1610,565,198,165,DNoHelmet
_sd29kaac3,44,1525,568,190,162,DNoHelmet
_sd29kaac3,45,1446,570,182,158,DNoHelmet
_sd29kaac3,46,1368,571,174,156,DNoHelmet
_sd29kaac3,47,1291,573,166,152,DNoHelmet
_sd29kaac3,48,1216,578,166,147,DNoHelmet
_sd29kaac3,49,1140,582,166,143,DNoHelmet
_sd29kaac3,50,1065,582,166,143,DNoHelmet
_sd29kaac3,51,991,582,166,143,DNoHelmet
_sd29kaac3,52,920,580,162,142,DNoHelmet
_sd29kaac3,53,876,580,158,141,DNoHelmet
_sd29kaac3,54,833,581,153,138,DNoHelmet
_sd29kaac3,55,789,581,149,137,DNoHelmet
_sd29kaac3,56,746,581,144,136,DNoHelmet
_sd29kaac3,57,702,582,140,134,DNoHelmet
_sd29kaac3,58,658,582,136,133,DNoHelmet
_sd29kaac3,59,615,582,131,132,DNoHelmet
_sd29kaac3,60,571,582,127,131,DNoHelmet
_sd29kaac3,61,527,583,123,128,DNoHelmet
_sd29kaac3,62,484,583,118,127,DNoHelmet
_sd29kaac3,63,440,583,114,126,DNoHelmet
_sd29kaac3,64,396,584,110,124,DNoHelmet
_sd29kaac3,65,375,586,106,122,DNoHelmet
_sd29kaac3,66,353,587,102,122,DNoHelmet
_sd29kaac3,67,332,589,97,120,DNoHelmet
_sd29kaac3,68,310,591,93,119,DNoHelmet
_sd29kaac3,69,289,593,88,117,DNoHelmet
_sd29kaac3,70,267,595,84,116,DNoHelmet
_sd29kaac3,71,245,597,80,114,DNoHelmet
_sd29kaac3,72,224,599,75,113,DNoHelmet
_sd29kaac3,73,202,601,72,111,DNoHelmet
_sd29kaac3,74,181,603,67,110,DNoHelmet
_sd29kaac3,75,159,605,63,108,DNoHelmet
_sd29kaac3,76,137,606,59,108,DNoHelmet
_sd29kaac3,77,116,608,54,106,DNoHelmet
_sd29kaac3,78,94,610,50,105,DNoHelmet
_sd29kaac3,79,73,612,45,103,DNoHelmet
_sd29kaac3,80,55,615,47,101,DNoHelmet
_sd29kaac3,81,29,614,63,100,DNoHelmet
_sd29kaac3,82,17,611,63,100,DNoHelmet
_sd29kaac3,83,13,611,53,101,DNoHelmet
_iqp3rhpbs,62,1783,561,137,170,DHelmetP1Helmet
_iqp3rhpbs,63,1719,561,201,171,DHelmetP1Helmet
_iqp3rhpbs,64,1658,562,207,170,DHelmetP1Helmet
_iqp3rhpbs,65,1597,562,202,171,DHelmetP1Helmet
_iqp3rhpbs,66,1537,564,197,168,DHelmetP1Helmet
_iqp3rhpbs,67,1480,566,191,165,DHelmetP1Helmet
_iqp3rhpbs,68,1426,568,186,162,DHelmetP1Helmet
_iqp3rhpbs,69,1373,570,180,160,DHelmetP1Helmet
_iqp3rhpbs,70,1319,572,175,157,DHelmetP1Helmet
_iqp3rhpbs,71,1265,575,169,153,DHelmetP1Helmet
_iqp3rhpbs,72,1215,576,166,152,DHelmetP1Helmet
_iqp3rhpbs,73,1165,578,163,150,DHelmetP1Helmet
_iqp3rhpbs,74,1119,579,160,149,DHelmetP1Helmet
_iqp3rhpbs,75,1072,581,157,146,DHelmetP1Helmet
_iqp3rhpbs,76,1026,582,154,145,DHelmetP1Helmet
_iqp3rhpbs,77,979,584,151,143,DHelmetP1Helmet
_iqp3rhpbs,78,934,587,149,141,DHelmetP1Helmet
_iqp3rhpbs,79,890,590,145,140,DHelmetP1Helmet
_iqp3rhpbs,80,850,588,142,138,DHelmetP1Helmet
_iqp3rhpbs,81,812,589,139,136,DHelmetP1Helmet
_iqp3rhpbs,82,774,590,135,135,DHelmetP1Helmet
_iqp3rhpbs,83,736,591,132,133,DHelmetP1Helmet
_iqp3rhpbs,84,699,592,127,131,DHelmetP1Helmet
_iqp3rhpbs,85,661,592,124,130,DHelmetP1Helmet
_iqp3rhpbs,86,623,593,120,128,DHelmetP1Helmet
_iqp3rhpbs,87,584,596,121,126,DHelmetP1Helmet
_iqp3rhpbs,88,550,596,119,125,DHelmetP1Helmet
_iqp3rhpbs,89,517,596,115,124,DHelmetP1Helmet
_iqp3rhpbs,90,485,598,113,123,DHelmetP1Helmet
_iqp3rhpbs,91,454,599,109,123,DHelmetP1Helmet
_iqp3rhpbs,92,423,600,110,120,DHelmetP1Helmet
_iqp3rhpbs,93,394,601,105,118,DHelmetP1Helmet
_iqp3rhpbs,94,365,602,99,117,DHelmetP1Helmet
_iqp3rhpbs,95,336,603,94,115,DHelmetP1Helmet
_iqp3rhpbs,96,311,605,94,113,DHelmetP1Helmet
_iqp3rhpbs,97,288,607,86,110,DHelmetP1Helmet
_iqp3rhpbs,98,264,607,86,110,DHelmetP1Helmet
_wpr313zqc,92,1733,568,187,186,DHelmet
_wpr313zqc,93,1625,571,223,188,DHelmet
_wpr313zqc,94,1521,570,214,184,DHelmet
_wpr313zqc,95,1422,573,204,180,DHelmet
_wpr313zqc,96,1328,576,195,177,DHelmet
_wpr313zqc,97,1239,578,186,172,DHelmet
_wpr313zqc,98,1153,581,176,166,DHelmet
_wpr313zqc,99,1075,583,166,162,DHelmet
_wpr313zqc,100,999,585,157,157,DHelmet
_05k48r0te,95,1630,567,288,247,DHelmet
_05k48r0te,96,1500,571,271,240,DHelmet
_05k48r0te,97,1370,576,262,230,DHelmet
_05k48r0te,98,1261,579,241,223,DHelmet
_05k48r0te,99,1143,581,239,202,DHelmet
_05k48r0te,100,1051,584,215,213,DHelmet
_dtkh81h75,1,438,622,255,276,DHelmet
_dtkh81h75,2,565,620,270,288,DHelmet
_dtkh81h75,3,705,614,285,303,DHelmet
_dtkh81h75,4,849,613,310,316,DHelmet
_dtkh81h75,5,1009,610,334,333,DHelmet
_dtkh81h75,6,1180,606,368,351,DHelmet
_dtkh81h75,7,1365,605,409,365,DHelmet
_dtkh81h75,8,1576,602,344,366,DHelmet
_q8rvgahq9,1,0,651,218,272,DHelmet
_q8rvgahq9,2,98,651,232,280,DHelmet
_q8rvgahq9,3,204,649,246,292,DHelmet
_q8rvgahq9,4,319,646,263,305,DHelmet
_q8rvgahq9,5,439,643,285,317,DHelmet
_q8rvgahq9,6,565,642,313,330,DHelmet
_q8rvgahq9,7,715,639,329,348,DHelmet
_q8rvgahq9,8,872,637,360,365,DHelmet
_q8rvgahq9,9,1043,637,393,384,DHelmet
_q8rvgahq9,10,1230,636,437,400,DHelmet
_q8rvgahq9,11,1439,637,481,418,DHelmet
_q8rvgahq9,12,1671,630,249,421,DHelmet
_pe9nywx1z,4,0,663,163,321,DHelmet
_pe9nywx1z,5,37,658,245,340,DHelmet
_pe9nywx1z,6,143,663,269,357,DHelmet
_pe9nywx1z,7,267,660,291,376,DHelmet
_pe9nywx1z,8,400,659,321,400,DHelmet
_pe9nywx1z,9,556,660,345,420,DHelmet
_pe9nywx1z,10,724,664,387,416,DHelmet
_pe9nywx1z,11,913,667,441,413,DHelmet
_pe9nywx1z,12,1134,668,496,412,DHelmet
_pe9nywx1z,13,1380,663,540,417,DHelmet
_hehfj68bp,15,637,641,238,275,DHelmet
_hehfj68bp,16,795,637,255,298,DHelmet
_hehfj68bp,17,971,635,272,319,DHelmet
_hehfj68bp,18,1163,633,289,340,DHelmet
_hehfj68bp,19,1374,627,307,358,DHelmet
_hehfj68bp,20,1604,624,316,375,DHelmet
_5rzkr7akv,9,0,656,172,308,DHelmetP1Helmet
_5rzkr7akv,10,0,659,287,316,DHelmetP1Helmet
_5rzkr7akv,11,116,657,298,330,DHelmetP1Helmet
_5rzkr7akv,12,237,660,315,339,DHelmetP1Helmet
_5rzkr7akv,13,371,653,331,357,DHelmetP1Helmet
_5rzkr7akv,14,512,652,355,376,DHelmetP1Helmet
_5rzkr7akv,15,669,651,387,399,DHelmetP1Helmet
_5rzkr7akv,16,841,653,416,417,DHelmetP1Helmet
_5rzkr7akv,17,1030,660,460,420,DHelmetP1Helmet
_5rzkr7akv,18,1245,653,505,427,DHelmetP1Helmet
_5rzkr7akv,19,1475,650,445,430,DHelmetP1Helmet
_l9g75vjfd,11,0,616,175,215,DHelmet
_l9g75vjfd,12,95,611,215,220,DHelmet
_l9g75vjfd,13,193,607,199,231,DHelmet
_l9g75vjfd,14,306,604,201,241,DHelmet
_l9g75vjfd,15,423,602,215,250,DHelmet
_l9g75vjfd,16,547,599,235,259,DHelmet
_l9g75vjfd,17,687,595,246,272,DHelmet
_l9g75vjfd,18,834,590,268,286,DHelmet
_l9g75vjfd,19,994,584,296,300,DHelmet
_l9g75vjfd,20,1170,581,325,313,DHelmet
_l9g75vjfd,21,1362,581,362,323,DHelmet
_l9g75vjfd,22,1579,573,341,342,DHelmet
_ficjf69fi,14,0,647,187,257,DHelmetP1Helmet
_ficjf69fi,15,69,645,216,267,DHelmetP1Helmet
_ficjf69fi,16,158,648,227,273,DHelmetP1Helmet
_ficjf69fi,17,253,642,241,287,DHelmetP1Helmet
_ficjf69fi,18,359,645,254,290,DHelmetP1Helmet
_ficjf69fi,19,470,640,272,306,DHelmetP1Helmet
_ficjf69fi,20,590,639,288,317,DHelmetP1Helmet
_ficjf69fi,21,717,636,311,330,DHelmetP1Helmet
_ficjf69fi,22,861,633,333,345,DHelmetP1Helmet
_ficjf69fi,23,1005,630,368,362,DHelmetP1Helmet
_ficjf69fi,24,1167,631,406,378,DHelmetP1Helmet
_ficjf69fi,25,1348,630,446,394,DHelmetP1Helmet
_ficjf69fi,26,1544,627,376,394,DHelmetP1Helmet
_lp0uuiwyr,16,0,694,200,321,DHelmet
_lp0uuiwyr,17,38,692,284,335,DHelmet
_lp0uuiwyr,18,151,688,304,354,DHelmet
_lp0uuiwyr,19,276,689,322,370,DHelmet
_lp0uuiwyr,20,408,688,348,386,DHelmet
_lp0uuiwyr,21,558,684,376,396,DHelmet
_lp0uuiwyr,22,714,686,417,394,DHelmet
_lp0uuiwyr,23,890,692,458,388,DHelmet
_lp0uuiwyr,24,1087,694,507,386,DHelmet
_lp0uuiwyr,25,1305,689,566,391,DHelmet
_lp0uuiwyr,26,1552,686,368,394,DHelmet
_rx0ujnskt,17,0,640,108,215,DHelmet
_rx0ujnskt,18,26,637,204,244,DHelmet
_rx0ujnskt,19,117,635,222,251,DHelmet
_rx0ujnskt,20,219,633,234,261,DHelmet
_rx0ujnskt,21,323,631,247,270,DHelmet
_rx0ujnskt,22,436,628,258,279,DHelmet
_rx0ujnskt,23,557,624,269,289,DHelmet
_rx0ujnskt,24,674,620,292,301,DHelmet
_rx0ujnskt,25,809,614,309,314,DHelmet
_rx0ujnskt,26,953,611,327,327,DHelmet
_rx0ujnskt,27,1116,609,344,342,DHelmet
_rx0ujnskt,28,1279,605,381,356,DHelmet
_rx0ujnskt,29,1461,602,415,375,DHelmet
_rx0ujnskt,30,1662,599,258,370,DHelmet
_4a8x4qxss,19,0,715,223,365,DHelmet
_4a8x4qxss,20,0,718,341,362,DHelmet
_4a8x4qxss,21,115,720,348,360,DHelmet
_4a8x4qxss,22,228,719,368,361,DHelmet
_4a8x4qxss,23,349,722,390,358,DHelmet
_4a8x4qxss,24,480,723,412,357,DHelmet
_4a8x4qxss,25,627,725,440,355,DHelmet
_4a8x4qxss,26,783,724,469,356,DHelmet
_4a8x4qxss,27,954,726,517,354,DHelmet
_4a8x4qxss,28,1147,733,570,347,DHelmet
_4a8x4qxss,29,1362,739,558,341,DHelmet
_4a8x4qxss,30,1598,738,322,342,DHelmet
_m58useaid,31,129,617,137,199,DHelmet
_m58useaid,32,203,615,150,204,DHelmet
_m58useaid,33,280,613,163,208,DHelmet
_m58useaid,34,364,610,185,217,DHelmet
_m58useaid,35,447,607,209,227,DHelmet
_m58useaid,36,544,607,212,230,DHelmet
_m58useaid,37,639,603,223,239,DHelmet
_m58useaid,38,743,600,235,247,DHelmet
_m58useaid,39,849,596,251,256,DHelmet
_m58useaid,40,967,593,268,266,DHelmet
_m58useaid,41,1091,591,285,275,DHelmet
_m58useaid,42,1226,588,306,290,DHelmet
_m58useaid,43,1368,584,334,300,DHelmet
_m58useaid,44,1524,583,364,308,DHelmet
_m58useaid,45,1696,579,224,308,DHelmet
_32fwrjrng,33,0,604,137,207,DHelmet
_32fwrjrng,34,49,607,163,207,DHelmet
_32fwrjrng,35,117,604,171,214,DHelmet
_32fwrjrng,36,192,602,179,220,DHelmet
_32fwrjrng,37,270,597,189,228,DHelmet
_32fwrjrng,38,351,596,198,236,DHelmet
_32fwrjrng,39,437,594,208,239,DHelmet
_32fwrjrng,40,531,593,218,246,DHelmet
_32fwrjrng,41,631,591,229,254,DHelmet
_32fwrjrng,42,735,586,243,263,DHelmet
_32fwrjrng,43,849,581,257,272,DHelmet
_32fwrjrng,44,967,578,271,282,DHelmet
_32fwrjrng,45,1094,575,295,288,DHelmet
_32fwrjrng,46,1230,572,320,304,DHelmet
_32fwrjrng,47,1375,569,346,315,DHelmet
_32fwrjrng,48,1540,564,371,327,DHelmet
_32fwrjrng,49,1711,559,209,327,DHelmet
_amjw7u502,39,0,677,177,305,DHelmetP1Helmet
_amjw7u502,40,8,663,280,333,DHelmetP1Helmet
_amjw7u502,41,112,670,294,339,DHelmetP1Helmet
_amjw7u502,42,221,669,316,350,DHelmetP1Helmet
_amjw7u502,43,343,667,330,368,DHelmetP1Helmet
_amjw7u502,44,472,665,355,388,DHelmetP1Helmet
_amjw7u502,45,610,663,386,408,DHelmetP1Helmet
_amjw7u502,46,765,666,414,414,DHelmetP1Helmet
_amjw7u502,47,936,668,454,412,DHelmetP1Helmet
_amjw7u502,48,1123,671,502,409,DHelmetP1Helmet
_amjw7u502,49,1328,665,558,415,DHelmetP1Helmet
_amjw7u502,50,1561,660,359,420,DHelmetP1Helmet
_soldehpz6,43,0,640,233,275,DHelmetP1Helmet
_soldehpz6,44,112,642,233,284,DHelmetP1Helmet
_soldehpz6,45,216,642,247,291,DHelmetP1Helmet
_soldehpz6,46,327,640,265,304,DHelmetP1Helmet
_soldehpz6,47,445,639,283,312,DHelmetP1Helmet
_soldehpz6,48,578,636,300,328,DHelmetP1Helmet
_soldehpz6,49,715,634,327,339,DHelmetP1Helmet
_soldehpz6,50,869,630,352,363,DHelmetP1Helmet
_soldehpz6,51,1040,628,387,378,DHelmetP1Helmet
_soldehpz6,52,1230,630,422,392,DHelmetP1Helmet
_soldehpz6,53,1463,628,445,414,DHelmetP1Helmet
_soldehpz6,54,1690,624,230,414,DHelmetP1Helmet
_9dciy7tuk,44,0,705,209,375,DHelmetP1Helmet
_9dciy7tuk,45,0,692,330,388,DHelmetP1Helmet
_9dciy7tuk,46,128,692,333,388,DHelmetP1Helmet
_9dciy7tuk,47,245,692,356,388,DHelmetP1Helmet
_9dciy7tuk,48,375,693,378,387,DHelmetP1Helmet
_9dciy7tuk,49,510,697,411,383,DHelmetP1Helmet
_9dciy7tuk,50,662,700,434,380,DHelmetP1Helmet
_9dciy7tuk,51,821,700,471,380,DHelmetP1Helmet
_9dciy7tuk,52,1003,701,503,379,DHelmetP1Helmet
_9dciy7tuk,53,1203,702,535,378,DHelmetP1Helmet
_9dciy7tuk,54,1423,705,497,375,DHelmetP1Helmet
_b1kpj2afd,51,403,635,183,204,DHelmet
_b1kpj2afd,52,506,633,211,245,DHelmet
_b1kpj2afd,53,623,631,241,250,DHelmet
_b1kpj2afd,54,741,633,272,254,DHelmet
_b1kpj2afd,55,878,630,276,264,DHelmet
_b1kpj2afd,56,1023,624,309,311,DHelmet
_b1kpj2afd,57,1164,625,361,325,DHelmet
_b1kpj2afd,58,1347,622,387,343,DHelmet
_b1kpj2afd,59,1549,619,371,360,DHelmet
_qzmxyju8j,46,0,689,171,292,DHelmet
_qzmxyju8j,47,31,689,245,301,DHelmet
_qzmxyju8j,48,133,688,269,313,DHelmet
_qzmxyju8j,49,228,686,307,326,DHelmet
_qzmxyju8j,50,351,688,320,334,DHelmet
_qzmxyju8j,51,480,685,346,353,DHelmet
_qzmxyju8j,52,628,682,365,372,DHelmet
_qzmxyju8j,53,787,687,391,387,DHelmet
_qzmxyju8j,54,967,686,417,394,DHelmet
_qzmxyju8j,55,1189,687,422,393,DHelmet
_qzmxyju8j,56,1460,682,400,398,DHelmet
_qzmxyju8j,57,1555,682,365,398,DHelmet
_mor3co5xt,48,18,660,149,238,DHelmet
_mor3co5xt,49,121,660,126,238,DHelmet
_mor3co5xt,50,165,660,251,293,DHelmet
_mor3co5xt,51,260,660,251,293,DHelmet
_mor3co5xt,52,355,660,251,293,DHelmet
_mor3co5xt,53,458,659,223,305,DHelmet
_mor3co5xt,54,573,659,288,332,DHelmet
_mor3co5xt,55,698,656,334,352,DHelmet
_mor3co5xt,56,831,658,367,370,DHelmet
_mor3co5xt,57,983,657,396,389,DHelmet
_mor3co5xt,58,1147,660,434,407,DHelmet
_mor3co5xt,59,1330,657,478,423,DHelmet
_mor3co5xt,60,1527,657,393,423,DHelmet
_3n6beyjuf,49,0,735,316,345,DHelmet
_3n6beyjuf,50,101,737,358,343,DHelmet
_3n6beyjuf,51,234,740,379,340,DHelmet
_3n6beyjuf,52,382,750,410,330,DHelmet
_3n6beyjuf,53,548,748,442,332,DHelmet
_3n6beyjuf,54,736,752,476,328,DHelmet
_3n6beyjuf,55,945,754,535,326,DHelmet
_3n6beyjuf,56,1221,764,535,316,DHelmet
_rr6q6jzh3,52,0,666,138,293,DHelmet
_rr6q6jzh3,53,0,660,239,313,DHelmet
_rr6q6jzh3,54,93,663,254,323,DHelmet
_rr6q6jzh3,55,188,662,278,333,DHelmet
_rr6q6jzh3,56,293,660,296,347,DHelmet
_rr6q6jzh3,57,409,659,315,360,DHelmet
_rr6q6jzh3,58,533,650,338,388,DHelmet
_rr6q6jzh3,59,667,658,359,398,DHelmet
_rr6q6jzh3,60,810,657,393,420,DHelmet
_rr6q6jzh3,61,967,659,429,421,DHelmet
_rr6q6jzh3,62,1138,662,479,418,DHelmet
_rr6q6jzh3,63,1328,658,529,422,DHelmet
_rr6q6jzh3,64,1540,654,380,426,DHelmet
_udf8h18dq,57,0,659,166,278,DHelmetP1Helmet
_udf8h18dq,58,0,647,259,299,DHelmetP1Helmet
_udf8h18dq,59,93,647,274,305,DHelmetP1Helmet
_udf8h18dq,60,193,644,282,319,DHelmetP1Helmet
_udf8h18dq,61,299,642,297,331,DHelmetP1Helmet
_udf8h18dq,62,412,639,314,347,DHelmetP1Helmet
_udf8h18dq,63,533,637,330,361,DHelmetP1Helmet
_udf8h18dq,64,669,634,347,376,DHelmetP1Helmet
_udf8h18dq,65,806,633,379,394,DHelmetP1Helmet
_udf8h18dq,66,961,632,412,413,DHelmetP1Helmet
_udf8h18dq,67,1132,631,445,431,DHelmetP1Helmet
_udf8h18dq,68,1319,630,486,450,DHelmetP1Helmet
_udf8h18dq,69,1524,627,396,453,DHelmetP1Helmet
_8wwxyunb6,60,0,692,246,356,DHelmetP1Helmet
_8wwxyunb6,61,46,691,307,371,DHelmetP1Helmet
_8wwxyunb6,62,139,692,329,384,DHelmetP1Helmet
_8wwxyunb6,63,239,692,356,388,DHelmetP1Helmet
_8wwxyunb6,64,351,693,379,387,DHelmetP1Helmet
_8wwxyunb6,65,470,694,411,386,DHelmetP1Helmet
_8wwxyunb6,66,597,699,446,381,DHelmetP1Helmet
_8wwxyunb6,67,740,699,481,381,DHelmetP1Helmet
_8wwxyunb6,68,893,699,517,381,DHelmetP1Helmet
_8wwxyunb6,69,1058,695,562,385,DHelmetP1Helmet
_8wwxyunb6,70,1246,698,586,382,DHelmetP1Helmet
_8wwxyunb6,71,1457,702,463,378,DHelmetP1Helmet
_mf1cj6o82,69,0,696,287,384,DHelmet
_mf1cj6o82,70,74,700,346,380,DHelmet
_mf1cj6o82,71,188,697,370,383,DHelmet
_mf1cj6o82,72,311,699,396,381,DHelmet
_mf1cj6o82,73,445,702,427,378,DHelmet
_mf1cj6o82,74,595,704,458,376,DHelmet
_mf1cj6o82,75,754,700,493,380,DHelmet
_mf1cj6o82,76,931,700,502,380,DHelmet
_mf1cj6o82,77,1131,705,555,375,DHelmet
_mf1cj6o82,78,1350,705,570,375,DHelmet
_pmvmf31kd,67,0,674,224,315,DHelmet
_pmvmf31kd,68,83,671,256,327,DHelmet
_pmvmf31kd,69,178,671,287,338,DHelmet
_pmvmf31kd,70,305,671,298,348,DHelmet
_pmvmf31kd,71,421,670,328,365,DHelmet
_pmvmf31kd,72,559,668,348,383,DHelmet
_pmvmf31kd,73,705,669,372,401,DHelmet
_pmvmf31kd,74,862,669,409,411,DHelmet
_pmvmf31kd,75,1035,668,445,412,DHelmet
_pmvmf31kd,76,1221,673,492,407,DHelmet
_pmvmf31kd,77,1428,666,492,414,DHelmet
_pmvmf31kd,78,1659,663,261,417,DHelmet
_mqngnyaqi,80,9,656,178,276,DHelmet
_mqngnyaqi,81,103,653,178,285,DHelmet
_mqngnyaqi,82,201,653,186,297,DHelmet
_mqngnyaqi,83,307,651,199,307,DHelmet
_mqngnyaqi,84,421,650,210,317,DHelmet
_mqngnyaqi,85,544,647,222,328,DHelmet
_mqngnyaqi,86,676,643,233,339,DHelmet
_mqngnyaqi,87,820,647,244,348,DHelmet
_mqngnyaqi,88,968,644,271,367,DHelmet
_mqngnyaqi,89,1130,642,296,385,DHelmet
_mqngnyaqi,90,1310,642,323,403,DHelmet
_mqngnyaqi,91,1500,640,350,422,DHelmet
_27eo9kkuk,80,130,679,140,305,DHelmet
_27eo9kkuk,81,230,679,123,314,DHelmet
_27eo9kkuk,82,331,677,210,324,DHelmet
_27eo9kkuk,83,447,676,198,333,DHelmet
_27eo9kkuk,84,566,671,241,352,DHelmet
_27eo9kkuk,85,695,676,303,375,DHelmet
_27eo9kkuk,86,837,677,386,397,DHelmet
_27eo9kkuk,87,979,677,429,403,DHelmet
_27eo9kkuk,88,1137,675,473,405,DHelmet
_27eo9kkuk,89,1321,676,507,404,DHelmet
_27eo9kkuk,90,1512,672,408,408,DHelmet
_f5gpv15e9,78,0,694,224,374,DHelmetP1Helmet
_f5gpv15e9,79,44,697,317,383,DHelmetP1Helmet
_f5gpv15e9,80,167,694,341,386,DHelmetP1Helmet
_f5gpv15e9,81,302,699,368,381,DHelmetP1Helmet
_f5gpv15e9,82,446,699,402,381,DHelmetP1Helmet
_f5gpv15e9,83,608,702,437,378,DHelmetP1Helmet
_f5gpv15e9,84,783,705,478,375,DHelmetP1Helmet
_f5gpv15e9,85,980,696,510,384,DHelmetP1Helmet
_f5gpv15e9,86,1205,698,537,382,DHelmetP1Helmet
_f5gpv15e9,87,1448,697,472,383,DHelmetP1Helmet
_nk4qr5em6,88,0,657,186,266,DHelmet
_nk4qr5em6,89,58,660,227,266,DHelmet
_nk4qr5em6,90,153,662,243,259,DHelmet
_nk4qr5em6,91,251,660,243,260,DHelmet
_nk4qr5em6,92,359,660,226,288,DHelmet
_nk4qr5em6,93,473,660,243,307,DHelmet
_nk4qr5em6,94,599,658,165,321,DHelmet
_nk4qr5em6,95,735,657,199,331,DHelmet
_nk4qr5em6,96,881,659,232,342,DHelmet
_nk4qr5em6,97,1040,658,273,359,DHelmet
_nk4qr5em6,98,1220,658,291,376,DHelmet
_nk4qr5em6,99,1415,657,359,397,DHelmet
_nk4qr5em6,100,1632,653,288,415,DHelmet
_972bew4n4,88,0,686,215,391,DHelmet
_972bew4n4,89,0,689,333,391,DHelmet
_972bew4n4,90,112,691,347,389,DHelmet
_972bew4n4,91,222,691,374,389,DHelmet
_972bew4n4,92,346,686,399,394,DHelmet
_972bew4n4,93,483,689,426,391,DHelmet
_972bew4n4,94,624,690,462,390,DHelmet
_972bew4n4,95,787,688,488,392,DHelmet
_972bew4n4,96,962,690,515,390,DHelmet
_972bew4n4,97,1152,696,548,384,DHelmet
_972bew4n4,98,1364,688,556,392,DHelmet
_972bew4n4,99,1611,688,309,392,DHelmet
_gxofjjxcz,91,0,668,169,328,DHelmet
_gxofjjxcz,92,0,671,275,336,DHelmet
_gxofjjxcz,93,97,669,290,348,DHelmet
_gxofjjxcz,94,199,669,309,361,DHelmet
_gxofjjxcz,95,310,667,329,377,DHelmet
_gxofjjxcz,96,430,665,349,393,DHelmet
_gxofjjxcz,97,559,665,374,409,DHelmet
_gxofjjxcz,98,697,668,404,412,DHelmet
_gxofjjxcz,99,849,666,435,414,DHelmet
_gxofjjxcz,100,1010,665,478,415,DHelmet
_lzk6rocho,90,0,622,133,190,DHelmet
_lzk6rocho,91,77,619,159,198,DHelmet
_lzk6rocho,92,176,616,167,206,DHelmet
_lzk6rocho,93,284,614,175,213,DHelmet
_lzk6rocho,94,398,609,190,221,DHelmet
_lzk6rocho,95,522,608,205,229,DHelmet
_lzk6rocho,96,653,604,222,239,DHelmet
_lzk6rocho,97,796,601,239,249,DHelmet
_lzk6rocho,98,952,598,260,261,DHelmet
_lzk6rocho,99,1117,594,287,272,DHelmet
_lzk6rocho,100,1302,593,315,284,DHelmet
_w3eyidu8c,98,0,680,158,279,DHelmetP1Helmet
_w3eyidu8c,99,0,671,261,299,DHelmetP1Helmet
_w3eyidu8c,100,95,673,272,305,DHelmetP1Helmet
_v89g3qmpt,71,1632,564,200,185,DHelmet
_v89g3qmpt,72,1519,562,200,185,DHelmet
_v89g3qmpt,73,1411,572,192,173,DHelmet
_v89g3qmpt,74,1308,573,185,169,DHelmet
_v89g3qmpt,75,1219,576,177,166,DHelmet
_v89g3qmpt,76,1129,579,171,162,DHelmet
_v89g3qmpt,77,1040,582,163,159,DHelmet
_v89g3qmpt,78,951,585,156,155,DHelmet
_v89g3qmpt,79,871,586,150,151,DHelmet
_v89g3qmpt,80,802,585,140,153,DHelmet
_v89g3qmpt,81,769,585,90,107,DHelmet
