track_id,frame_id,x,y,w,h,label
_009m0r1y4,1,393,274,80,154,DHelmet
_009m0r1y4,2,366,270,78,151,DHelmet
_009m0r1y4,3,343,267,77,148,DHelmet
_009m0r1y4,4,320,265,75,144,DHelmet
_009m0r1y4,5,298,262,73,141,DHelmet
_ujom636px,1,879,325,163,259,DHelmetP1NoHelmet
_ujom636px,2,837,322,154,250,DHelmetP1NoHelmet
_ujom636px,3,794,319,147,241,DHelmetP1NoHelmet
_ujom636px,4,755,313,139,232,DHelmetP1NoHelmet
_ujom636px,5,719,309,133,226,DHelmetP1NoHelmet
_ujom636px,6,682,304,129,221,DHelmetP1NoHelmet
_ujom636px,7,646,299,124,216,DHelmetP1NoHelmet
_ujom636px,8,614,297,118,209,DHelmetP1NoHelmet
_ujom636px,9,581,294,113,204,DHelmetP1NoHelmet
_ujom636px,10,550,291,110,199,DHelmetP1NoHelmet
_ujom636px,11,519,289,108,192,DHelmetP1NoHelmet
_ujom636px,12,491,286,105,187,DHelmetP1NoHelmet
_ujom636px,13,463,283,102,181,DHelmetP1NoHelmet
_ujom636px,14,435,281,99,175,DHelmetP1NoHelmet
_ujom636px,15,413,278,96,172,DHelmetP1NoHelmet
_ujom636px,16,391,275,92,169,DHelmetP1NoHelmet
_ujom636px,17,369,272,89,166,DHelmetP1NoHelmet
_ujom636px,18,346,270,87,163,DHelmetP1NoHelmet
_ujom636px,19,324,268,85,159,DHelmetP1NoHelmet
_xw1ib07xi,1,1144,345,213,285,DHelmetP1NoHelmet
_xw1ib07xi,2,1097,339,200,278,DHelmetP1NoHelmet
_xw1ib07xi,3,1050,333,187,271,DHelmetP1NoHelmet
_xw1ib07xi,4,1006,329,177,264,DHelmetP1NoHelmet
_xw1ib07xi,5,962,326,166,256,DHelmetP1NoHelmet
_xw1ib07xi,6,921,322,160,249,DHelmetP1NoHelmet
_xw1ib07xi,7,880,318,153,242,DHelmetP1NoHelmet
_xw1ib07xi,8,843,314,146,235,DHelmetP1NoHelmet
_xw1ib07xi,9,805,310,140,228,DHelmetP1NoHelmet
_xw1ib07xi,10,771,307,135,222,DHelmetP1NoHelmet
_xw1ib07xi,11,736,303,130,217,DHelmetP1NoHelmet
_xw1ib07xi,12,704,300,125,212,DHelmetP1NoHelmet
_xw1ib07xi,13,671,296,121,208,DHelmetP1NoHelmet
_xw1ib07xi,14,641,293,116,203,DHelmetP1NoHelmet
_xw1ib07xi,15,611,290,112,198,DHelmetP1NoHelmet
_xw1ib07xi,16,585,287,107,193,DHelmetP1NoHelmet
_xw1ib07xi,17,559,283,102,189,DHelmetP1NoHelmet
_xw1ib07xi,18,533,280,97,184,DHelmetP1NoHelmet
_xw1ib07xi,19,508,278,94,178,DHelmetP1NoHelmet
_xw1ib07xi,20,484,276,90,173,DHelmetP1NoHelmet
_xw1ib07xi,21,460,273,86,168,DHelmetP1NoHelmet
_iy9szyyx0,1,1418,385,274,304,DHelmet
_iy9szyyx0,2,1354,378,257,296,DHelmet
_iy9szyyx0,3,1297,370,240,287,DHelmet
_iy9szyyx0,4,1241,364,223,278,DHelmet
_iy9szyyx0,5,1190,359,209,270,DHelmet
_iy9szyyx0,6,1140,354,195,261,DHelmet
_iy9szyyx0,7,1090,349,188,253,DHelmet
_iy9szyyx0,8,1041,344,181,246,DHelmet
_iy9szyyx0,9,996,340,176,239,DHelmet
_iy9szyyx0,10,950,336,172,232,DHelmet
_iy9szyyx0,11,905,332,168,226,DHelmet
_iy9szyyx0,12,859,328,164,220,DHelmet
_iy9szyyx0,13,815,323,161,216,DHelmet
_iy9szyyx0,14,770,318,159,211,DHelmet
_iy9szyyx0,15,729,313,152,207,DHelmet
_iy9szyyx0,16,687,309,146,202,DHelmet
_iy9szyyx0,17,647,305,144,198,DHelmet
_iy9szyyx0,18,607,301,142,194,DHelmet
_iy9szyyx0,19,570,296,136,190,DHelmet
_iy9szyyx0,20,532,292,131,186,DHelmet
_iy9szyyx0,21,498,288,126,182,DHelmet
_iy9szyyx0,22,463,285,121,177,DHelmet
_iy9szyyx0,23,432,282,115,173,DHelmet
_iy9szyyx0,24,400,280,110,169,DHelmet
_iy9szyyx0,25,373,277,105,165,DHelmet
_iy9szyyx0,26,346,274,101,162,DHelmet
_iy9szyyx0,27,320,271,95,158,DHelmet
_iy9szyyx0,28,295,268,91,155,DHelmet
_iy9szyyx0,29,270,265,86,151,DHelmet
_a0z0ztrde,22,665,294,91,171,DHelmet
_a0z0ztrde,23,642,292,90,168,DHelmet
_a0z0ztrde,24,619,290,89,165,DHelmet
_a0z0ztrde,25,595,289,89,161,DHelmet
_a0z0ztrde,26,572,287,88,158,DHelmet
_a0z0ztrde,27,549,285,87,156,DHelmet
_a0z0ztrde,28,531,282,84,154,DHelmet
_a0z0ztrde,29,513,279,82,152,DHelmet
_a0z0ztrde,30,495,278,80,148,DHelmet
_a0z0ztrde,31,477,277,79,144,DHelmet
_a0z0ztrde,32,462,275,77,142,DHelmet
_a0z0ztrde,33,446,273,75,140,DHelmet
_a0z0ztrde,34,430,271,74,138,DHelmet
_a0z0ztrde,35,414,269,73,136,DHelmet
_pdsrlpbac,3,1626,422,294,343,DHelmetP1NoHelmet
_pdsrlpbac,4,1542,414,327,327,DHelmetP1NoHelmet
_pdsrlpbac,5,1460,404,305,317,DHelmetP1NoHelmet
_pdsrlpbac,6,1386,396,283,305,DHelmetP1NoHelmet
_pdsrlpbac,7,1312,390,267,294,DHelmetP1NoHelmet
_pdsrlpbac,8,1244,382,251,284,DHelmetP1NoHelmet
_pdsrlpbac,9,1180,374,236,275,DHelmetP1NoHelmet
_pdsrlpbac,10,1119,368,225,266,DHelmetP1NoHelmet
_pdsrlpbac,11,1065,361,212,258,DHelmetP1NoHelmet
_pdsrlpbac,12,1011,354,200,250,DHelmetP1NoHelmet
_pdsrlpbac,13,962,349,189,242,DHelmetP1NoHelmet
_pdsrlpbac,14,912,343,179,234,DHelmetP1NoHelmet
_pdsrlpbac,15,866,338,171,228,DHelmetP1NoHelmet
_pdsrlpbac,16,820,333,164,222,DHelmetP1NoHelmet
_pdsrlpbac,17,780,328,157,216,DHelmetP1NoHelmet
_pdsrlpbac,18,741,323,149,210,DHelmetP1NoHelmet
_pdsrlpbac,19,703,320,143,204,DHelmetP1NoHelmet
_pdsrlpbac,20,666,316,136,199,DHelmetP1NoHelmet
_pdsrlpbac,21,632,312,129,194,DHelmetP1NoHelmet
_pdsrlpbac,22,598,308,122,189,DHelmetP1NoHelmet
_pdsrlpbac,23,568,305,119,185,DHelmetP1NoHelmet
_pdsrlpbac,24,538,301,115,181,DHelmetP1NoHelmet
_pdsrlpbac,25,509,297,111,177,DHelmetP1NoHelmet
_pdsrlpbac,26,483,294,107,173,DHelmetP1NoHelmet
_pdsrlpbac,27,456,291,104,169,DHelmetP1NoHelmet
_pdsrlpbac,28,430,288,100,166,DHelmetP1NoHelmet
_pdsrlpbac,29,406,286,95,161,DHelmetP1NoHelmet
_pdsrlpbac,30,382,283,91,158,DHelmetP1NoHelmet
_pdsrlpbac,31,361,280,87,155,DHelmetP1NoHelmet
_pdsrlpbac,32,340,278,83,151,DHelmetP1NoHelmet
_v9l7flci6,6,1653,398,267,318,DHelmet
_v9l7flci6,7,1584,393,291,306,DHelmet
_v9l7flci6,8,1513,385,278,299,DHelmet
_v9l7flci6,9,1449,379,263,290,DHelmet
_v9l7flci6,10,1388,374,249,281,DHelmet
_v9l7flci6,11,1327,368,236,272,DHelmet
_v9l7flci6,12,1273,363,222,263,DHelmet
_v9l7flci6,13,1218,357,211,257,DHelmet
_v9l7flci6,14,1164,351,200,251,DHelmet
_v9l7flci6,15,1112,345,192,246,DHelmet
_v9l7flci6,16,1066,339,184,241,DHelmet
_v9l7flci6,17,1020,333,175,236,DHelmet
_v9l7flci6,18,978,331,166,229,DHelmet
_v9l7flci6,19,935,329,158,221,DHelmet
_v9l7flci6,20,898,326,148,214,DHelmet
_v9l7flci6,21,862,322,142,209,DHelmet
_v9l7flci6,22,826,318,135,203,DHelmet
_v9l7flci6,23,790,314,129,198,DHelmet
_v9l7flci6,24,758,309,124,197,DHelmet
_v9l7flci6,25,725,305,121,194,DHelmet
_v9l7flci6,26,693,301,116,192,DHelmet
_v9l7flci6,27,663,298,114,187,DHelmet
_v9l7flci6,28,633,295,111,182,DHelmet
_v9l7flci6,29,603,292,109,178,DHelmet
_v9l7flci6,30,575,290,107,174,DHelmet
_v9l7flci6,31,548,287,105,171,DHelmet
_v9l7flci6,32,520,285,100,168,DHelmet
_v9l7flci6,33,495,283,98,164,DHelmet
_v9l7flci6,34,471,281,94,160,DHelmet
_v9l7flci6,35,447,279,90,157,DHelmet
_v9l7flci6,36,425,277,87,154,DHelmet
_v9l7flci6,37,403,275,85,151,DHelmet
_v9l7flci6,38,381,273,82,147,DHelmet
_v9l7flci6,39,360,270,79,145,DHelmet
_v9l7flci6,40,338,268,76,142,DHelmet
_v9l7flci6,41,320,266,75,140,DHelmet
_v9l7flci6,42,302,264,75,138,DHelmet
_v9l7flci6,43,284,262,74,136,DHelmet
_v9l7flci6,44,266,261,73,132,DHelmet
_iycm8hpib,13,1628,415,292,373,DHelmetP1Helmet
_iycm8hpib,14,1547,404,318,361,DHelmetP1Helmet
_iycm8hpib,15,1472,399,291,343,DHelmetP1Helmet
_iycm8hpib,16,1401,391,270,332,DHelmetP1Helmet
_iycm8hpib,17,1335,384,255,319,DHelmetP1Helmet
_iycm8hpib,18,1272,377,239,306,DHelmetP1Helmet
_iycm8hpib,19,1215,370,225,297,DHelmetP1Helmet
_iycm8hpib,20,1159,363,209,287,DHelmetP1Helmet
_iycm8hpib,21,1109,357,197,279,DHelmetP1Helmet
_iycm8hpib,22,1058,351,187,270,DHelmetP1Helmet
_iycm8hpib,23,1013,346,175,262,DHelmetP1Helmet
_iycm8hpib,24,969,342,167,254,DHelmetP1Helmet
_iycm8hpib,25,929,338,160,246,DHelmetP1Helmet
_iycm8hpib,26,889,334,152,237,DHelmetP1Helmet
_iycm8hpib,27,851,329,145,232,DHelmetP1Helmet
_iycm8hpib,28,818,325,137,227,DHelmetP1Helmet
_iycm8hpib,29,784,321,131,221,DHelmetP1Helmet
_iycm8hpib,30,754,317,124,215,DHelmetP1Helmet
_iycm8hpib,31,725,313,116,209,DHelmetP1Helmet
_iycm8hpib,32,695,310,114,204,DHelmetP1Helmet
_iycm8hpib,33,666,307,111,199,DHelmetP1Helmet
_iycm8hpib,34,637,303,108,195,DHelmetP1Helmet
_iycm8hpib,35,611,300,105,190,DHelmetP1Helmet
_iycm8hpib,36,584,297,102,185,DHelmetP1Helmet
_iycm8hpib,37,561,295,99,181,DHelmetP1Helmet
_iycm8hpib,38,537,292,98,178,DHelmetP1Helmet
_iycm8hpib,39,514,290,95,174,DHelmetP1Helmet
_iycm8hpib,40,490,288,93,170,DHelmetP1Helmet
_iycm8hpib,41,467,285,91,167,DHelmetP1Helmet
_iycm8hpib,42,446,283,89,164,DHelmetP1Helmet
_iycm8hpib,43,426,281,86,161,DHelmetP1Helmet
_iycm8hpib,44,405,280,85,157,DHelmetP1Helmet
_iycm8hpib,45,385,278,82,153,DHelmetP1Helmet
_iycm8hpib,46,367,276,80,150,DHelmetP1Helmet
_iycm8hpib,47,349,274,78,147,DHelmetP1Helmet
_iycm8hpib,48,330,272,78,144,DHelmetP1Helmet
_iycm8hpib,49,316,270,75,143,DHelmetP1Helmet
_iycm8hpib,50,302,268,72,141,DHelmetP1Helmet
_iycm8hpib,51,288,266,69,139,DHelmetP1Helmet
_iycm8hpib,52,273,264,70,138,DHelmetP1Helmet
_iycm8hpib,53,258,262,70,136,DHelmetP1Helmet
_iycm8hpib,54,243,261,71,134,DHelmetP1Helmet
_iycm8hpib,55,228,259,71,132,DHelmetP1Helmet
_uqv7m1bhd,17,1650,385,270,322,DHelmetP1NoHelmet
_uqv7m1bhd,18,1585,379,290,313,DHelmetP1NoHelmet
_uqv7m1bhd,19,1524,373,274,305,DHelmetP1NoHelmet
_uqv7m1bhd,20,1468,367,261,298,DHelmetP1NoHelmet
_uqv7m1bhd,21,1411,361,249,291,DHelmetP1NoHelmet
_uqv7m1bhd,22,1360,356,237,283,DHelmetP1NoHelmet
_uqv7m1bhd,23,1309,352,225,274,DHelmetP1NoHelmet
_uqv7m1bhd,24,1265,349,215,267,DHelmetP1NoHelmet
_uqv7m1bhd,25,1220,345,205,261,DHelmetP1NoHelmet
_uqv7m1bhd,26,1179,341,195,255,DHelmetP1NoHelmet
_uqv7m1bhd,27,1137,338,187,248,DHelmetP1NoHelmet
_uqv7m1bhd,28,1099,334,178,243,DHelmetP1NoHelmet
_uqv7m1bhd,29,1061,330,169,237,DHelmetP1NoHelmet
_uqv7m1bhd,30,1022,326,161,232,DHelmetP1NoHelmet
_uqv7m1bhd,31,988,323,149,224,DHelmetP1NoHelmet
_uqv7m1bhd,32,954,320,138,215,DHelmetP1NoHelmet
_uqv7m1bhd,33,920,318,126,206,DHelmetP1NoHelmet
_uqv7m1bhd,34,889,314,124,204,DHelmetP1NoHelmet
_uqv7m1bhd,35,858,311,121,201,DHelmetP1NoHelmet
_uqv7m1bhd,36,827,308,118,197,DHelmetP1NoHelmet
_uqv7m1bhd,37,799,305,120,195,DHelmetP1NoHelmet
_uqv7m1bhd,38,771,302,122,193,DHelmetP1NoHelmet
_uqv7m1bhd,39,743,300,124,189,DHelmetP1NoHelmet
_uqv7m1bhd,40,719,296,120,187,DHelmetP1NoHelmet
_uqv7m1bhd,41,695,292,116,184,DHelmetP1NoHelmet
_uqv7m1bhd,42,669,291,112,181,DHelmetP1NoHelmet
_uqv7m1bhd,43,647,289,108,178,DHelmetP1NoHelmet
_uqv7m1bhd,44,624,287,105,176,DHelmetP1NoHelmet
_uqv7m1bhd,45,606,284,100,174,DHelmetP1NoHelmet
_uqv7m1bhd,46,587,282,96,170,DHelmetP1NoHelmet
_uqv7m1bhd,47,568,279,93,168,DHelmetP1NoHelmet
_uqv7m1bhd,48,549,278,91,165,DHelmetP1NoHelmet
_uqv7m1bhd,49,531,277,88,161,DHelmetP1NoHelmet
_uqv7m1bhd,50,512,276,86,158,DHelmetP1NoHelmet
_uqv7m1bhd,51,498,274,84,155,DHelmetP1NoHelmet
_uqv7m1bhd,52,484,273,82,151,DHelmetP1NoHelmet
_uqv7m1bhd,53,469,272,80,148,DHelmetP1NoHelmet
_uqv7m1bhd,54,455,270,78,145,DHelmetP1NoHelmet
_uqv7m1bhd,55,440,268,78,144,DHelmetP1NoHelmet
_uqv7m1bhd,56,425,266,78,142,DHelmetP1NoHelmet
_uqv7m1bhd,57,410,264,78,140,DHelmetP1NoHelmet
_uqv7m1bhd,58,395,262,78,138,DHelmetP1NoHelmet
_uqv7m1bhd,59,381,260,77,136,DHelmetP1NoHelmet
_0vjt2adzp,23,1639,399,281,352,DNoHelmetP1NoHelmet
_0vjt2adzp,24,1554,392,317,337,DNoHelmetP1NoHelmet
_0vjt2adzp,25,1475,386,295,323,DNoHelmetP1NoHelmet
_0vjt2adzp,26,1400,380,273,313,DNoHelmetP1NoHelmet
_0vjt2adzp,27,1329,372,259,303,DNoHelmetP1NoHelmet
_0vjt2adzp,28,1264,366,244,292,DNoHelmetP1NoHelmet
_0vjt2adzp,29,1202,359,233,283,DNoHelmetP1NoHelmet
_0vjt2adzp,30,1144,355,221,272,DNoHelmetP1NoHelmet
_0vjt2adzp,31,1091,350,210,263,DNoHelmetP1NoHelmet
_0vjt2adzp,32,1038,346,199,253,DNoHelmetP1NoHelmet
_0vjt2adzp,33,989,340,192,248,DNoHelmetP1NoHelmet
_0vjt2adzp,34,940,334,184,243,DNoHelmetP1NoHelmet
_0vjt2adzp,35,898,329,174,236,DNoHelmetP1NoHelmet
_0vjt2adzp,36,856,324,164,229,DNoHelmetP1NoHelmet
_0vjt2adzp,37,820,317,155,227,DNoHelmetP1NoHelmet
_0vjt2adzp,38,783,309,148,226,DNoHelmetP1NoHelmet
_0vjt2adzp,39,751,308,141,218,DNoHelmetP1NoHelmet
_0vjt2adzp,40,719,306,134,212,DNoHelmetP1NoHelmet
_0vjt2adzp,41,690,304,128,206,DNoHelmetP1NoHelmet
_0vjt2adzp,42,660,303,124,199,DNoHelmetP1NoHelmet
_0vjt2adzp,43,631,301,118,192,DNoHelmetP1NoHelmet
_0vjt2adzp,44,606,297,114,190,DNoHelmetP1NoHelmet
_0vjt2adzp,45,581,294,109,187,DNoHelmetP1NoHelmet
_0vjt2adzp,46,556,290,105,184,DNoHelmetP1NoHelmet
_0vjt2adzp,47,533,286,103,183,DNoHelmetP1NoHelmet
_0vjt2adzp,48,510,282,101,181,DNoHelmetP1NoHelmet
_0vjt2adzp,49,486,277,101,180,DNoHelmetP1NoHelmet
_0vjt2adzp,50,467,276,96,176,DNoHelmetP1NoHelmet
_0vjt2adzp,51,447,275,92,171,DNoHelmetP1NoHelmet
_0vjt2adzp,52,427,273,88,168,DNoHelmetP1NoHelmet
_0vjt2adzp,53,407,272,84,163,DNoHelmetP1NoHelmet
_0vjt2adzp,54,390,271,82,160,DNoHelmetP1NoHelmet
_0vjt2adzp,55,373,271,80,155,DNoHelmetP1NoHelmet
_0vjt2adzp,56,356,270,78,152,DNoHelmetP1NoHelmet
_0vjt2adzp,57,342,270,76,147,DNoHelmetP1NoHelmet
_0vjt2adzp,58,328,269,74,144,DNoHelmetP1NoHelmet
_0vjt2adzp,59,313,269,73,140,DNoHelmetP1NoHelmet
_0vjt2adzp,60,301,267,71,138,DNoHelmetP1NoHelmet
_0vjt2adzp,61,289,266,70,135,DNoHelmetP1NoHelmet
_0vjt2adzp,62,277,265,68,132,DNoHelmetP1NoHelmet
_my3wgj7kz,30,1728,398,192,312,DHelmet
_my3wgj7kz,31,1645,391,275,312,DHelmet
_my3wgj7kz,32,1566,384,282,301,DHelmet
_my3wgj7kz,33,1494,377,263,291,DHelmet
_my3wgj7kz,34,1423,371,250,281,DHelmet
_my3wgj7kz,35,1357,367,238,272,DHelmet
_my3wgj7kz,36,1294,362,225,264,DHelmet
_my3wgj7kz,37,1234,356,212,256,DHelmet
_my3wgj7kz,38,1179,350,203,251,DHelmet
_my3wgj7kz,39,1124,344,193,245,DHelmet
_my3wgj7kz,40,1075,339,183,240,DHelmet
_my3wgj7kz,41,1025,334,174,235,DHelmet
_my3wgj7kz,42,980,330,165,228,DHelmet
_my3wgj7kz,43,935,325,157,222,DHelmet
_my3wgj7kz,44,892,321,152,216,DHelmet
_my3wgj7kz,45,850,316,146,212,DHelmet
_my3wgj7kz,46,812,313,141,206,DHelmet
_my3wgj7kz,47,773,309,136,202,DHelmet
_my3wgj7kz,48,738,306,130,196,DHelmet
_my3wgj7kz,49,706,302,126,193,DHelmet
_my3wgj7kz,50,674,298,121,189,DHelmet
_my3wgj7kz,51,645,294,118,185,DHelmet
_my3wgj7kz,52,617,290,113,182,DHelmet
_my3wgj7kz,53,592,289,110,177,DHelmet
_my3wgj7kz,54,566,287,108,174,DHelmet
_my3wgj7kz,55,544,285,104,170,DHelmet
_my3wgj7kz,56,521,283,102,167,DHelmet
_my3wgj7kz,57,500,282,100,163,DHelmet
_my3wgj7kz,58,479,280,98,160,DHelmet
_my3wgj7kz,59,460,277,96,159,DHelmet
_my3wgj7kz,60,441,275,94,157,DHelmet
_my3wgj7kz,61,423,272,92,154,DHelmet
_my3wgj7kz,62,406,270,89,150,DHelmet
_my3wgj7kz,63,390,268,86,149,DHelmet
_my3wgj7kz,64,374,267,83,146,DHelmet
_my3wgj7kz,65,363,266,78,144,DHelmet
_my3wgj7kz,66,351,265,73,141,DHelmet
_t30qax1uu,53,1591,384,291,313,DHelmetP1NoHelmetP2Helmet
_t30qax1uu,54,1515,377,275,300,DHelmetP1NoHelmetP2Helmet
_t30qax1uu,55,1440,369,264,291,DHelmetP1NoHelmetP2Helmet
_t30qax1uu,56,1374,364,251,282,DHelmetP1NoHelmetP2Helmet
_t30qax1uu,57,1308,359,238,273,DHelmetP1NoHelmetP2Helmet
_t30qax1uu,58,1245,353,226,264,DHelmetP1NoHelmetP2Helmet
_t30qax1uu,59,1189,349,214,255,DHelmetP1NoHelmetP2Helmet
_t30qax1uu,60,1131,343,207,250,DHelmetP1NoHelmetP2Helmet
_t30qax1uu,61,1079,336,200,246,DHelmetP1NoHelmetP2Helmet
_t30qax1uu,62,1030,332,193,240,DHelmetP1NoHelmetP2Helmet
_t30qax1uu,63,982,326,184,233,DHelmetP1NoHelmetP2Helmet
_t30qax1uu,64,941,323,173,226,DHelmetP1NoHelmetP2Helmet
_t30qax1uu,65,898,318,165,221,DHelmetP1NoHelmetP2Helmet
_t30qax1uu,66,860,315,157,216,DHelmetP1NoHelmetP2Helmet
_t30qax1uu,67,826,311,148,212,DHelmetP1NoHelmetP2Helmet
_t30qax1uu,68,792,308,139,207,DHelmetP1NoHelmetP2Helmet
_t30qax1uu,69,761,304,132,203,DHelmetP1NoHelmetP2Helmet
_t30qax1uu,70,730,300,124,199,DHelmetP1NoHelmetP2Helmet
_t30qax1uu,71,700,297,121,194,DHelmetP1NoHelmetP2Helmet
_t30qax1uu,72,671,293,116,190,DHelmetP1NoHelmetP2Helmet
_t30qax1uu,73,643,290,111,186,DHelmetP1NoHelmetP2Helmet
_t30qax1uu,74,615,288,107,181,DHelmetP1NoHelmetP2Helmet
_t30qax1uu,75,587,285,105,178,DHelmetP1NoHelmetP2Helmet
_t30qax1uu,76,563,283,103,175,DHelmetP1NoHelmetP2Helmet
_t30qax1uu,77,538,281,101,171,DHelmetP1NoHelmetP2Helmet
_t30qax1uu,78,514,276,101,171,DHelmetP1NoHelmetP2Helmet
_54ohpwsyh,64,1663,395,257,294,DHelmet
_54ohpwsyh,65,1586,390,278,284,DHelmet
_54ohpwsyh,66,1513,382,262,277,DHelmet
_54ohpwsyh,67,1448,375,244,269,DHelmet
_54ohpwsyh,68,1386,370,231,261,DHelmet
_54ohpwsyh,69,1324,365,219,254,DHelmet
_54ohpwsyh,70,1270,360,207,247,DHelmet
_54ohpwsyh,71,1215,355,195,240,DHelmet
_54ohpwsyh,72,1168,351,186,232,DHelmet
_54ohpwsyh,73,1120,346,178,225,DHelmet
_54ohpwsyh,74,1077,341,171,220,DHelmet
_54ohpwsyh,75,1035,337,162,215,DHelmet
_54ohpwsyh,76,996,333,155,211,DHelmet
_54ohpwsyh,77,957,329,148,207,DHelmet
_54ohpwsyh,78,922,325,141,202,DHelmet
_54ohpwsyh,79,888,322,133,195,DHelmet
_54ohpwsyh,80,855,318,130,192,DHelmet
_54ohpwsyh,81,822,314,126,190,DHelmet
_54ohpwsyh,82,789,311,122,186,DHelmet
_54ohpwsyh,83,759,307,120,183,DHelmet
_54ohpwsyh,84,728,303,119,181,DHelmet
_54ohpwsyh,85,703,300,117,178,DHelmet
_54ohpwsyh,86,679,298,114,174,DHelmet
_54ohpwsyh,87,654,295,112,172,DHelmet
_54ohpwsyh,88,629,293,111,168,DHelmet
_54ohpwsyh,89,604,290,109,165,DHelmet
_54ohpwsyh,90,579,287,107,163,DHelmet
_54ohpwsyh,91,555,285,105,159,DHelmet
_54ohpwsyh,92,522,283,101,157,DHelmet
_54ohpwsyh,93,507,281,94,155,DHelmet
_54ohpwsyh,94,487,279,91,152,DHelmet
_54ohpwsyh,95,467,278,88,149,DHelmet
_54ohpwsyh,96,447,276,86,147,DHelmet
_54ohpwsyh,97,427,274,83,144,DHelmet
