track_id,frame_id,x,y,w,h,label
_cwp0jiczf,1,441,355,65,126,DHelmet
_cwp0jiczf,2,429,354,64,124,DHelmet
_cwp0jiczf,3,417,353,63,123,DHelmet
_cwp0jiczf,4,406,353,62,121,DHelmet
_cwp0jiczf,5,391,351,62,121,DHelmet
_xunoc6m4f,1,614,371,81,153,DHelmet
_xunoc6m4f,2,600,370,80,150,DHelmet
_xunoc6m4f,3,586,369,79,147,DHelmet
_xunoc6m4f,4,572,368,78,145,DHelmet
_xunoc6m4f,5,559,367,76,142,DHelmet
_xunoc6m4f,6,545,365,75,140,DHelmet
_xunoc6m4f,7,531,364,74,138,DHelmet
_xunoc6m4f,8,519,363,72,135,DHelmet
_xunoc6m4f,9,506,361,71,134,DHelmet
_xunoc6m4f,10,494,359,69,132,DHelmet
_0nmmaiy80,1,541,365,86,171,DHelmet
_0nmmaiy80,2,521,364,85,167,DHelmet
_0nmmaiy80,3,502,362,82,163,DHelmet
_0nmmaiy80,4,482,361,81,159,DHelmet
_0nmmaiy80,5,463,359,79,155,DHelmet
_0nmmaiy80,6,443,358,78,151,DHelmet
_0nmmaiy80,7,426,357,75,151,DHelmet
_0nmmaiy80,8,409,356,71,151,DHelmet
_k3hp6dbov,1,771,376,98,184,DHelmet
_k3hp6dbov,2,744,374,96,181,DHelmet
_k3hp6dbov,3,716,373,94,176,DHelmet
_k3hp6dbov,4,689,371,91,172,DHelmet
_k3hp6dbov,5,662,370,88,167,DHelmet
_k3hp6dbov,6,635,369,86,162,DHelmet
_k3hp6dbov,7,608,367,83,158,DHelmet
_k3hp6dbov,8,585,366,82,155,DHelmet
_k3hp6dbov,9,562,364,82,153,DHelmet
_k3hp6dbov,10,539,362,81,151,DHelmet
_k3hp6dbov,11,515,360,81,148,DHelmet
_k3hp6dbov,12,492,357,79,147,DHelmet
_k3hp6dbov,13,469,355,77,144,DHelmet
_k3hp6dbov,14,446,353,76,141,DHelmet
_r7vckowsv,1,1436,434,187,264,DHelmet
_r7vckowsv,2,1391,431,176,251,DHelmet
_r7vckowsv,3,1346,427,166,239,DHelmet
_r7vckowsv,4,1306,423,155,227,DHelmet
_r7vckowsv,5,1268,420,151,223,DHelmet
_r7vckowsv,6,1230,417,147,219,DHelmet
_r7vckowsv,7,1192,414,143,215,DHelmet
_r7vckowsv,8,1157,411,138,212,DHelmet
_r7vckowsv,9,1121,409,135,207,DHelmet
_r7vckowsv,10,1089,406,131,204,DHelmet
_r7vckowsv,11,1057,403,128,200,DHelmet
_r7vckowsv,12,1030,401,123,196,DHelmet
_r7vckowsv,13,1002,399,120,192,DHelmet
_r7vckowsv,14,975,397,116,188,DHelmet
_r7vckowsv,15,948,395,111,184,DHelmet
_r7vckowsv,16,922,394,108,178,DHelmet
_r7vckowsv,17,896,393,104,172,DHelmet
_r7vckowsv,18,867,390,107,171,DHelmet
_r7vckowsv,19,838,388,109,168,DHelmet
_r7vckowsv,20,815,385,106,166,DHelmet
_r7vckowsv,21,792,382,103,165,DHelmet
_r7vckowsv,22,769,382,101,161,DHelmet
_r7vckowsv,23,747,381,97,157,DHelmet
_r7vckowsv,24,723,378,98,157,DHelmet
_m12m753uy,1,1545,461,338,455,DHelmetP1Helmet
_m12m753uy,2,1459,451,308,431,DHelmetP1Helmet
_m12m753uy,3,1381,443,282,409,DHelmetP1Helmet
_m12m753uy,4,1309,436,264,385,DHelmetP1Helmet
_m12m753uy,5,1248,432,240,362,DHelmetP1Helmet
_m12m753uy,6,1193,424,224,347,DHelmetP1Helmet
_m12m753uy,7,1144,415,202,334,DHelmetP1Helmet
_m12m753uy,8,1102,412,187,319,DHelmetP1Helmet
_m12m753uy,9,1059,408,172,306,DHelmetP1Helmet
_m12m753uy,10,1022,405,161,294,DHelmetP1Helmet
_m12m753uy,11,985,402,150,281,DHelmetP1Helmet
_m12m753uy,12,955,399,144,273,DHelmetP1Helmet
_m12m753uy,13,924,396,138,265,DHelmetP1Helmet
_m12m753uy,14,897,394,132,255,DHelmetP1Helmet
_m12m753uy,15,870,391,126,247,DHelmetP1Helmet
_m12m753uy,16,845,388,122,240,DHelmetP1Helmet
_m12m753uy,17,820,386,118,233,DHelmetP1Helmet
_m12m753uy,18,795,383,115,226,DHelmetP1Helmet
_m12m753uy,19,772,381,111,220,DHelmetP1Helmet
_m12m753uy,20,749,378,107,216,DHelmetP1Helmet
_m12m753uy,21,726,376,104,210,DHelmetP1Helmet
_m12m753uy,22,708,374,99,204,DHelmetP1Helmet
_m12m753uy,23,691,373,98,200,DHelmetP1Helmet
_m12m753uy,24,674,372,97,196,DHelmetP1Helmet
_m12m753uy,25,657,371,95,192,DHelmetP1Helmet
_m12m753uy,26,640,370,94,188,DHelmetP1Helmet
_m12m753uy,27,623,369,92,184,DHelmetP1Helmet
_m12m753uy,28,606,368,91,180,DHelmetP1Helmet
_m12m753uy,29,589,367,90,176,DHelmetP1Helmet
_m12m753uy,30,575,366,88,172,DHelmetP1Helmet
_m12m753uy,31,560,365,87,168,DHelmetP1Helmet
_m12m753uy,32,546,364,85,164,DHelmetP1Helmet
_m12m753uy,33,532,363,83,161,DHelmetP1Helmet
_m12m753uy,34,519,362,80,158,DHelmetP1Helmet
_m12m753uy,35,505,362,78,154,DHelmetP1Helmet
_m12m753uy,36,491,361,76,151,DHelmetP1Helmet
_m12m753uy,37,478,360,74,148,DHelmetP1Helmet
_t3phqypnq,3,1688,436,232,282,DHelmet
_t3phqypnq,4,1626,433,245,273,DHelmet
_t3phqypnq,5,1570,431,227,265,DHelmet
_t3phqypnq,6,1520,429,211,255,DHelmet
_t3phqypnq,7,1469,426,201,248,DHelmet
_t3phqypnq,8,1424,422,186,242,DHelmet
_t3phqypnq,9,1381,419,179,237,DHelmet
_t3phqypnq,10,1339,416,170,231,DHelmet
_t3phqypnq,11,1300,415,164,223,DHelmet
_t3phqypnq,12,1264,413,155,216,DHelmet
_t3phqypnq,13,1229,409,151,213,DHelmet
_t3phqypnq,14,1197,405,144,211,DHelmet
_t3phqypnq,15,1167,405,136,203,DHelmet
_t3phqypnq,16,1137,401,132,199,DHelmet
_t3phqypnq,17,1109,400,131,199,DHelmet
_t3phqypnq,18,1081,398,122,188,DHelmet
_t3phqypnq,19,1054,396,111,177,DHelmet
_t3phqypnq,20,1026,395,102,164,DHelmet
_oir4k37yg,7,1741,447,179,288,DHelmet
_oir4k37yg,8,1691,442,229,288,DHelmet
_oir4k37yg,9,1643,439,234,282,DHelmet
_oir4k37yg,10,1596,436,224,274,DHelmet
_oir4k37yg,11,1550,432,224,274,DHelmet
_oir4k37yg,12,1510,431,199,258,DHelmet
_oir4k37yg,13,1469,426,199,257,DHelmet
_oir4k37yg,14,1439,424,198,257,DHelmet
_oir4k37yg,15,1394,419,198,257,DHelmet
_oir4k37yg,16,1356,416,194,253,DHelmet
_oir4k37yg,17,1319,414,189,248,DHelmet
_oir4k37yg,18,1289,412,185,244,DHelmet
_oir4k37yg,19,1259,410,181,239,DHelmet
_oir4k37yg,20,1230,408,176,235,DHelmet
_oir4k37yg,21,1200,407,172,230,DHelmet
_oir4k37yg,22,1170,405,168,225,DHelmet
_oir4k37yg,23,1141,403,163,221,DHelmet
_oir4k37yg,24,1111,401,159,216,DHelmet
_oir4k37yg,25,1082,399,154,212,DHelmet
_oir4k37yg,26,1052,398,150,207,DHelmet
_oir4k37yg,27,1022,396,146,202,DHelmet
_oir4k37yg,28,993,394,141,198,DHelmet
_oir4k37yg,29,963,392,136,194,DHelmet
_oir4k37yg,30,933,390,132,189,DHelmet
_oir4k37yg,31,912,388,127,185,DHelmet
_oir4k37yg,32,890,387,123,179,DHelmet
_oir4k37yg,33,865,385,119,175,DHelmet
_oir4k37yg,34,840,383,114,170,DHelmet
_oir4k37yg,35,820,381,109,166,DHelmet
_oir4k37yg,36,799,379,106,161,DHelmet
_oir4k37yg,37,782,377,102,162,DHelmet
_oir4k37yg,38,764,375,99,163,DHelmet
_oir4k37yg,39,751,376,94,158,DHelmet
_oir4k37yg,40,737,376,90,154,DHelmet
_oir4k37yg,41,722,375,88,151,DHelmet
_oir4k37yg,42,707,374,86,148,DHelmet
_oir4k37yg,43,693,372,81,147,DHelmet
_oir4k37yg,44,679,370,75,146,DHelmet
_oir4k37yg,45,664,370,73,144,DHelmet
_oir4k37yg,46,649,369,70,143,DHelmet
_c0eo69b1k,21,1684,458,236,313,DNoHelmet
_c0eo69b1k,22,1620,453,287,304,DNoHelmet
_c0eo69b1k,23,1552,450,272,290,DNoHelmet
_c0eo69b1k,24,1492,432,262,299,DNoHelmet
_c0eo69b1k,25,1436,434,249,282,DNoHelmet
_c0eo69b1k,26,1380,433,238,271,DNoHelmet
_c0eo69b1k,27,1330,429,227,264,DNoHelmet
_c0eo69b1k,28,1279,425,216,256,DNoHelmet
_c0eo69b1k,29,1232,421,205,249,DNoHelmet
_c0eo69b1k,30,1187,418,194,240,DNoHelmet
_c0eo69b1k,31,1144,416,183,232,DNoHelmet
_c0eo69b1k,32,1095,413,179,230,DNoHelmet
_c0eo69b1k,33,1052,410,175,227,DNoHelmet
_c0eo69b1k,34,1023,408,166,220,DNoHelmet
_c0eo69b1k,35,994,405,157,214,DNoHelmet
_c0eo69b1k,36,966,402,147,208,DNoHelmet
_c0eo69b1k,37,930,400,139,200,DNoHelmet
_c0eo69b1k,38,895,397,129,193,DNoHelmet
_c0eo69b1k,39,867,395,123,191,DNoHelmet
_c0eo69b1k,40,840,393,115,189,DNoHelmet
_c0eo69b1k,41,813,391,112,185,DNoHelmet
_c0eo69b1k,42,787,388,108,183,DNoHelmet
_c0eo69b1k,43,761,385,106,180,DNoHelmet
_c0eo69b1k,44,736,382,103,178,DNoHelmet
_c0eo69b1k,45,712,381,102,173,DNoHelmet
_c0eo69b1k,46,688,379,101,170,DNoHelmet
_c0eo69b1k,47,666,378,101,166,DNoHelmet
_c0eo69b1k,48,644,377,101,162,DNoHelmet
_c0eo69b1k,49,625,377,97,159,DNoHelmet
_c0eo69b1k,50,605,376,94,157,DNoHelmet
_c0eo69b1k,51,586,373,91,155,DNoHelmet
_c0eo69b1k,52,566,370,89,153,DNoHelmet
_c0eo69b1k,53,544,368,89,152,DNoHelmet
_c0eo69b1k,54,523,366,88,151,DNoHelmet
_c0eo69b1k,55,506,367,84,146,DNoHelmet
_c0eo69b1k,56,488,367,82,142,DNoHelmet
_c0eo69b1k,57,471,366,81,140,DNoHelmet
_c0eo69b1k,58,454,364,80,139,DNoHelmet
_c0eo69b1k,59,438,362,78,137,DNoHelmet
_c0eo69b1k,60,421,361,77,135,DNoHelmet
_c0eo69b1k,61,404,359,76,134,DNoHelmet
_c0eo69b1k,62,387,357,75,132,DNoHelmet
_c0eo69b1k,63,370,356,74,130,DNoHelmet
_c0eo69b1k,64,358,354,71,129,DNoHelmet
_c0eo69b1k,65,346,353,68,127,DNoHelmet
_c0eo69b1k,66,333,352,67,125,DNoHelmet
_c0eo69b1k,67,321,351,64,123,DNoHelmet
_c0eo69b1k,68,308,349,62,122,DNoHelmet
_j4pg296hw,25,1303,415,100,231,DHelmet
_j4pg296hw,26,1251,410,116,231,DHelmet
_j4pg296hw,27,1210,409,121,223,DHelmet
_j4pg296hw,28,1147,406,143,219,DHelmet
_j4pg296hw,29,1119,405,138,212,DHelmet
_j4pg296hw,30,1092,403,140,209,DHelmet
_j4pg296hw,31,1065,401,141,206,DHelmet
_j4pg296hw,32,1032,400,143,212,DHelmet
_j4pg296hw,33,1000,399,145,218,DHelmet
_j4pg296hw,34,977,396,145,218,DHelmet
_j4pg296hw,35,955,392,144,219,DHelmet
_j4pg296hw,36,931,390,133,204,DHelmet
_j4pg296hw,37,907,387,122,189,DHelmet
_tz6vefflb,20,1719,443,201,283,DHelmet
_tz6vefflb,21,1668,442,238,278,DHelmet
_tz6vefflb,22,1616,441,229,273,DHelmet
_tz6vefflb,23,1567,434,220,266,DHelmet
_tz6vefflb,24,1515,431,219,265,DHelmet
_tz6vefflb,25,1462,427,219,265,DHelmet
_tz6vefflb,26,1414,424,219,259,DHelmet
_tz6vefflb,27,1366,421,220,252,DHelmet
_tz6vefflb,28,1335,419,205,248,DHelmet
_tz6vefflb,29,1303,418,191,243,DHelmet
_tz6vefflb,30,1275,416,177,235,DHelmet
_tz6vefflb,31,1248,415,161,225,DHelmet
_tz6vefflb,32,1214,410,158,224,DHelmet
_tz6vefflb,33,1184,408,150,220,DHelmet
_tz6vefflb,34,1158,406,141,216,DHelmet
_tz6vefflb,35,1132,403,132,213,DHelmet
_tz6vefflb,36,1107,402,122,210,DHelmet
_tz6vefflb,37,1082,400,113,208,DHelmet
_tz6vefflb,38,1047,398,119,199,DHelmet
_tz6vefflb,39,1023,396,114,190,DHelmet
_tz6vefflb,40,999,394,110,192,DHelmet
_tz6vefflb,41,974,392,109,187,DHelmet
_tz6vefflb,42,950,390,106,182,DHelmet
_tz6vefflb,43,928,389,104,179,DHelmet
_tz6vefflb,44,906,387,102,176,DHelmet
_tz6vefflb,45,883,381,98,172,DHelmet
_nux9xtopx,27,1699,458,221,270,DHelmetP1Helmet
_nux9xtopx,28,1650,450,234,270,DHelmetP1Helmet
_nux9xtopx,29,1603,449,227,261,DHelmetP1Helmet
_nux9xtopx,30,1557,447,218,253,DHelmetP1Helmet
_nux9xtopx,31,1512,444,213,247,DHelmetP1Helmet
_nux9xtopx,32,1467,442,208,240,DHelmetP1Helmet
_nux9xtopx,33,1426,438,199,237,DHelmetP1Helmet
_nux9xtopx,34,1385,434,190,234,DHelmetP1Helmet
_nux9xtopx,35,1344,432,190,233,DHelmetP1Helmet
_nux9xtopx,36,1302,429,190,233,DHelmetP1Helmet
_nux9xtopx,37,1266,427,180,227,DHelmetP1Helmet
_nux9xtopx,38,1229,424,171,222,DHelmetP1Helmet
_nux9xtopx,39,1193,421,161,216,DHelmetP1Helmet
_nux9xtopx,40,1156,419,153,210,DHelmetP1Helmet
_nux9xtopx,41,1128,416,143,205,DHelmetP1Helmet
_nux9xtopx,42,1100,413,133,199,DHelmetP1Helmet
_nux9xtopx,43,1072,411,124,193,DHelmetP1Helmet
_nux9xtopx,44,1044,408,114,188,DHelmetP1Helmet
_nux9xtopx,45,1007,405,116,185,DHelmetP1Helmet
_nux9xtopx,46,971,403,116,182,DHelmetP1Helmet
_nux9xtopx,47,934,400,117,179,DHelmetP1Helmet
_nux9xtopx,48,897,397,118,177,DHelmetP1Helmet
_nux9xtopx,49,868,396,116,173,DHelmetP1Helmet
_nux9xtopx,50,840,394,113,170,DHelmetP1Helmet
_nux9xtopx,51,811,392,111,167,DHelmetP1Helmet
_nux9xtopx,52,782,390,109,164,DHelmetP1Helmet
_nux9xtopx,53,761,389,104,161,DHelmetP1Helmet
_nux9xtopx,54,740,387,98,159,DHelmetP1Helmet
_nux9xtopx,55,720,385,93,156,DHelmetP1Helmet
_nux9xtopx,56,700,383,87,152,DHelmetP1Helmet
_nux9xtopx,57,679,382,87,150,DHelmetP1Helmet
_nux9xtopx,58,658,382,86,147,DHelmetP1Helmet
_nux9xtopx,59,639,380,84,146,DHelmetP1Helmet
_nux9xtopx,60,620,378,82,144,DHelmetP1Helmet
_nux9xtopx,61,600,376,81,143,DHelmetP1Helmet
_nux9xtopx,62,581,375,79,140,DHelmetP1Helmet
_nux9xtopx,63,562,373,77,139,DHelmetP1Helmet
_nux9xtopx,64,545,371,75,138,DHelmetP1Helmet
_nux9xtopx,65,527,370,75,136,DHelmetP1Helmet
_nux9xtopx,66,510,369,73,134,DHelmetP1Helmet
_2hmdnaqvg,32,1700,457,220,342,DHelmet
_2hmdnaqvg,33,1616,453,304,343,DHelmet
_2hmdnaqvg,34,1539,444,288,330,DHelmet
_2hmdnaqvg,35,1465,441,270,312,DHelmet
_2hmdnaqvg,36,1391,434,257,302,DHelmet
_2hmdnaqvg,37,1325,428,244,293,DHelmet
_2hmdnaqvg,38,1266,424,230,283,DHelmet
_2hmdnaqvg,39,1210,421,217,272,DHelmet
_2hmdnaqvg,40,1154,417,204,263,DHelmet
_2hmdnaqvg,41,1104,412,191,253,DHelmet
_2hmdnaqvg,42,1054,407,178,244,DHelmet
_2hmdnaqvg,43,1008,404,171,237,DHelmet
_2hmdnaqvg,44,967,400,159,231,DHelmet
_2hmdnaqvg,45,924,397,152,223,DHelmet
_2hmdnaqvg,46,885,393,141,217,DHelmet
_2hmdnaqvg,47,852,391,134,211,DHelmet
_2hmdnaqvg,48,818,388,128,206,DHelmet
_2hmdnaqvg,49,784,386,121,200,DHelmet
_2hmdnaqvg,50,753,384,119,195,DHelmet
_2hmdnaqvg,51,722,382,116,191,DHelmet
_2hmdnaqvg,52,691,380,113,187,DHelmet
_2hmdnaqvg,53,663,378,113,182,DHelmet
_2hmdnaqvg,54,636,376,111,178,DHelmet
_2hmdnaqvg,55,608,374,111,174,DHelmet
_2hmdnaqvg,56,581,371,110,171,DHelmet
_2hmdnaqvg,57,560,371,104,165,DHelmet
_2hmdnaqvg,58,540,371,96,160,DHelmet
_2hmdnaqvg,59,518,368,95,157,DHelmet
_2hmdnaqvg,60,497,366,94,155,DHelmet
_2hmdnaqvg,61,476,364,92,153,DHelmet
_2hmdnaqvg,62,459,363,88,149,DHelmet
_2hmdnaqvg,63,441,362,85,146,DHelmet
_2hmdnaqvg,64,424,360,81,143,DHelmet
_2hmdnaqvg,65,407,359,77,140,DHelmet
_2hmdnaqvg,66,391,357,76,139,DHelmet
_2hmdnaqvg,67,374,356,75,137,DHelmet
_2hmdnaqvg,68,358,355,74,135,DHelmet
_2hmdnaqvg,69,341,353,73,134,DHelmet
_2hmdnaqvg,70,329,353,72,132,DHelmet
_meccc9er3,1,269,384,93,222,DHelmet
_meccc9er3,2,281,385,97,233,DHelmet
_meccc9er3,3,292,387,102,243,DHelmet
_meccc9er3,4,304,388,106,254,DHelmet
_meccc9er3,5,319,395,109,259,DHelmet
_meccc9er3,6,334,402,112,264,DHelmet
_meccc9er3,7,349,406,117,275,DHelmet
_meccc9er3,8,365,410,121,286,DHelmet
_meccc9er3,9,382,414,127,299,DHelmet
_meccc9er3,10,400,418,132,312,DHelmet
_meccc9er3,11,421,422,138,328,DHelmet
_meccc9er3,12,443,426,143,344,DHelmet
_meccc9er3,13,465,431,150,361,DHelmet
_meccc9er3,14,488,437,156,377,DHelmet
_meccc9er3,15,513,444,166,399,DHelmet
_meccc9er3,16,539,451,176,420,DHelmet
_meccc9er3,17,568,457,188,449,DHelmet
_meccc9er3,18,598,463,198,477,DHelmet
_meccc9er3,19,632,473,214,509,DHelmet
_meccc9er3,20,668,485,232,537,DHelmet
_meccc9er3,21,710,495,249,577,DHelmet
_meccc9er3,22,756,509,268,571,DHelmet
_meccc9er3,23,806,522,296,558,DHelmet
_meccc9er3,24,861,540,322,540,DHelmet
_meccc9er3,25,924,558,363,522,DHelmet
_meccc9er3,26,991,576,379,504,DHelmet
_meccc9er3,27,1068,600,420,480,DHelmet
_meccc9er3,28,1149,624,473,456,DHelmet
_meccc9er3,29,1242,653,530,427,DHelmet
_bsxszqi65,100,1748,454,172,330,DHelmet
_wyi19xxvo,43,1524,428,163,217,DHelmetP1NoHelmetP2Helmet
_wyi19xxvo,44,1414,427,211,272,DHelmetP1NoHelmetP2Helmet
_wyi19xxvo,45,1371,424,194,268,DHelmetP1NoHelmetP2Helmet
_wyi19xxvo,46,1317,421,191,261,DHelmetP1NoHelmetP2Helmet
_wyi19xxvo,47,1268,417,188,253,DHelmetP1NoHelmetP2Helmet
_wyi19xxvo,48,1219,412,184,246,DHelmetP1NoHelmetP2Helmet
_wyi19xxvo,49,1176,411,182,239,DHelmetP1NoHelmetP2Helmet
_wyi19xxvo,50,1133,409,179,232,DHelmetP1NoHelmetP2Helmet
_wyi19xxvo,51,1094,406,176,225,DHelmetP1NoHelmetP2Helmet
_wyi19xxvo,52,1062,403,166,217,DHelmetP1NoHelmetP2Helmet
_wyi19xxvo,53,1030,402,161,213,DHelmetP1NoHelmetP2Helmet
_wyi19xxvo,54,999,398,156,211,DHelmetP1NoHelmetP2Helmet
_wyi19xxvo,55,968,395,150,209,DHelmetP1NoHelmetP2Helmet
_wyi19xxvo,56,942,393,144,204,DHelmetP1NoHelmetP2Helmet
_wyi19xxvo,57,915,392,138,199,DHelmetP1NoHelmetP2Helmet
_wyi19xxvo,58,889,390,132,195,DHelmetP1NoHelmetP2Helmet
_wyi19xxvo,59,866,389,128,190,DHelmetP1NoHelmetP2Helmet
_wyi19xxvo,60,844,387,123,185,DHelmetP1NoHelmetP2Helmet
_wyi19xxvo,61,821,386,119,180,DHelmetP1NoHelmetP2Helmet
_wyi19xxvo,62,798,384,115,176,DHelmetP1NoHelmetP2Helmet
_wyi19xxvo,63,777,382,112,173,DHelmetP1NoHelmetP2Helmet
_wyi19xxvo,64,756,381,110,170,DHelmetP1NoHelmetP2Helmet
_wyi19xxvo,65,737,380,107,167,DHelmetP1NoHelmetP2Helmet
_wyi19xxvo,66,718,379,105,164,DHelmetP1NoHelmetP2Helmet
_wyi19xxvo,67,699,378,103,161,DHelmetP1NoHelmetP2Helmet
_wyi19xxvo,68,680,376,101,159,DHelmetP1NoHelmetP2Helmet
_wyi19xxvo,69,664,375,99,156,DHelmetP1NoHelmetP2Helmet
_wyi19xxvo,70,649,374,96,153,DHelmetP1NoHelmetP2Helmet
_wyi19xxvo,71,633,373,94,150,DHelmetP1NoHelmetP2Helmet
_wyi19xxvo,72,614,372,95,148,DHelmetP1NoHelmetP2Helmet
_wyi19xxvo,73,596,370,95,146,DHelmetP1NoHelmetP2Helmet
_wyi19xxvo,74,578,368,95,145,DHelmetP1NoHelmetP2Helmet
_wyi19xxvo,75,560,367,95,142,DHelmetP1NoHelmetP2Helmet
_wyi19xxvo,76,547,366,92,140,DHelmetP1NoHelmetP2Helmet
_wyi19xxvo,77,533,365,91,139,DHelmetP1NoHelmetP2Helmet
_wyi19xxvo,78,520,364,88,137,DHelmetP1NoHelmetP2Helmet
_wyi19xxvo,79,506,363,87,135,DHelmetP1NoHelmetP2Helmet
_wyi19xxvo,80,493,362,84,133,DHelmetP1NoHelmetP2Helmet
_wyi19xxvo,81,479,361,83,131,DHelmetP1NoHelmetP2Helmet
_wyi19xxvo,82,465,360,81,129,DHelmetP1NoHelmetP2Helmet
_cgck7a790,84,107,345,62,122,DHelmetP1Helmet
_cgck7a790,85,117,346,63,124,DHelmetP1Helmet
_cgck7a790,86,126,348,65,125,DHelmetP1Helmet
_cgck7a790,87,136,349,66,128,DHelmetP1Helmet
_cgck7a790,88,146,350,66,129,DHelmetP1Helmet
_cgck7a790,89,155,351,67,131,DHelmetP1Helmet
_cgck7a790,90,164,352,68,132,DHelmetP1Helmet
_cgck7a790,91,173,352,70,135,DHelmetP1Helmet
_cgck7a790,92,182,353,71,136,DHelmetP1Helmet
_cgck7a790,93,192,354,72,138,DHelmetP1Helmet
_cgck7a790,94,202,355,73,139,DHelmetP1Helmet
_cgck7a790,95,212,356,73,141,DHelmetP1Helmet
_cgck7a790,96,222,357,74,144,DHelmetP1Helmet
_cgck7a790,97,233,358,75,147,DHelmetP1Helmet
_cgck7a790,98,244,360,77,150,DHelmetP1Helmet
_cgck7a790,99,256,360,76,155,DHelmetP1Helmet
_cgck7a790,100,267,360,77,160,DHelmetP1Helmet
_3i5r86r6a,43,1370,434,238,222,DHelmet
_3i5r86r6a,44,1302,429,232,304,DHelmet
_3i5r86r6a,45,1243,424,228,329,DHelmet
_3i5r86r6a,46,1189,418,211,317,DHelmet
_3i5r86r6a,47,1137,414,199,305,DHelmet
_3i5r86r6a,48,1090,410,186,292,DHelmet
_3i5r86r6a,49,1042,406,175,280,DHelmet
_3i5r86r6a,50,1000,403,166,271,DHelmet
_3i5r86r6a,51,957,400,159,262,DHelmet
_3i5r86r6a,52,918,396,152,253,DHelmet
_3i5r86r6a,53,879,393,145,243,DHelmet
_3i5r86r6a,54,844,391,139,235,DHelmet
_3i5r86r6a,55,809,389,134,227,DHelmet
_3i5r86r6a,56,774,386,128,220,DHelmet
_3i5r86r6a,57,745,383,123,214,DHelmet
_3i5r86r6a,58,715,380,119,209,DHelmet
_3i5r86r6a,59,687,377,117,205,DHelmet
_3i5r86r6a,60,659,374,115,200,DHelmet
_3i5r86r6a,61,638,373,110,194,DHelmet
_3i5r86r6a,62,618,371,103,188,DHelmet
_3i5r86r6a,63,598,370,97,182,DHelmet
_3i5r86r6a,64,579,368,95,178,DHelmet
_3i5r86r6a,65,559,366,94,175,DHelmet
_3i5r86r6a,66,539,364,93,172,DHelmet
_3i5r86r6a,67,524,364,90,167,DHelmet
_3i5r86r6a,68,509,363,88,164,DHelmet
_3i5r86r6a,69,494,362,85,161,DHelmet
_3i5r86r6a,70,479,361,83,158,DHelmet
_3i5r86r6a,71,466,360,80,154,DHelmet
_3i5r86r6a,72,453,359,78,151,DHelmet
_3i5r86r6a,73,440,358,75,147,DHelmet
_3i5r86r6a,74,427,357,72,144,DHelmet
_3i5r86r6a,75,413,355,71,141,DHelmet
_t9wokgvpi,50,1694,446,226,310,DHelmet
_t9wokgvpi,51,1624,442,278,298,DHelmet
_t9wokgvpi,52,1555,437,268,288,DHelmet
_t9wokgvpi,53,1495,433,251,280,DHelmet
_t9wokgvpi,54,1437,429,235,272,DHelmet
_t9wokgvpi,55,1384,424,221,265,DHelmet
_t9wokgvpi,56,1331,420,208,256,DHelmet
_t9wokgvpi,57,1284,417,197,248,DHelmet
_t9wokgvpi,58,1238,414,186,239,DHelmet
_t9wokgvpi,59,1197,411,177,232,DHelmet
_t9wokgvpi,60,1157,408,167,226,DHelmet
_t9wokgvpi,61,1119,405,159,220,DHelmet
_t9wokgvpi,62,1082,402,150,215,DHelmet
_t9wokgvpi,63,1050,400,144,209,DHelmet
_t9wokgvpi,64,1018,399,137,203,DHelmet
_t9wokgvpi,65,987,396,133,200,DHelmet
_t9wokgvpi,66,956,394,129,196,DHelmet
_t9wokgvpi,67,928,391,126,193,DHelmet
_t9wokgvpi,68,901,389,122,190,DHelmet
_t9wokgvpi,69,875,388,119,183,DHelmet
_t9wokgvpi,70,850,387,115,177,DHelmet
_t9wokgvpi,71,828,385,109,174,DHelmet
_t9wokgvpi,72,806,382,104,172,DHelmet
_t9wokgvpi,73,784,380,101,169,DHelmet
_t9wokgvpi,74,761,379,99,165,DHelmet
_t9wokgvpi,75,742,378,96,162,DHelmet
_t9wokgvpi,76,722,377,93,159,DHelmet
_t9wokgvpi,77,702,376,93,156,DHelmet
_t9wokgvpi,78,681,374,94,155,DHelmet
_t9wokgvpi,79,666,373,89,152,DHelmet
_t9wokgvpi,80,651,372,85,149,DHelmet
_t9wokgvpi,81,636,370,83,147,DHelmet
_t9wokgvpi,82,622,368,80,146,DHelmet
_t9wokgvpi,83,607,367,79,143,DHelmet
_t9wokgvpi,84,593,365,77,142,DHelmet
_t9wokgvpi,85,577,365,77,138,DHelmet
_t9wokgvpi,86,562,365,77,135,DHelmet
_t9wokgvpi,87,547,363,77,133,DHelmet
_t9wokgvpi,88,532,362,77,131,DHelmet
_t9wokgvpi,89,521,360,75,130,DHelmet
_t9wokgvpi,90,510,359,72,129,DHelmet
_lkfpzbj9b,83,1672,452,248,347,DHelmetP1Helmet
_lkfpzbj9b,84,1591,445,278,334,DHelmetP1Helmet
_lkfpzbj9b,85,1519,440,257,317,DHelmetP1Helmet
_lkfpzbj9b,86,1448,436,239,305,DHelmetP1Helmet
_lkfpzbj9b,87,1387,429,221,295,DHelmetP1Helmet
_lkfpzbj9b,88,1329,425,204,285,DHelmetP1Helmet
_lkfpzbj9b,89,1277,421,192,274,DHelmetP1Helmet
_lkfpzbj9b,90,1226,418,178,262,DHelmetP1Helmet
_lkfpzbj9b,91,1181,413,168,255,DHelmetP1Helmet
_lkfpzbj9b,92,1136,408,158,248,DHelmetP1Helmet
_lkfpzbj9b,93,1097,405,149,242,DHelmetP1Helmet
_lkfpzbj9b,94,1059,402,139,235,DHelmetP1Helmet
_lkfpzbj9b,95,1023,401,133,226,DHelmetP1Helmet
_lkfpzbj9b,96,988,400,126,216,DHelmetP1Helmet
_lkfpzbj9b,97,957,396,120,212,DHelmetP1Helmet
_lkfpzbj9b,98,925,391,116,208,DHelmetP1Helmet
_lkfpzbj9b,99,897,390,110,202,DHelmetP1Helmet
_lkfpzbj9b,100,868,388,106,197,DHelmetP1Helmet
