track_id,frame_id,x,y,w,h,label
_erlp5aokk,1,466,533,77,159,DHelmetP1Helmet
_erlp5aokk,2,463,532,77,159,DHelmetP1Helmet
_erlp5aokk,3,459,532,77,158,DHelmetP1Helmet
_erlp5aokk,4,456,532,77,157,DHelmetP1Helmet
_erlp5aokk,5,453,531,77,157,DHelmetP1Helmet
_erlp5aokk,6,450,531,76,156,DHelmetP1Helmet
_erlp5aokk,7,447,530,76,156,DHelmetP1Helmet
_erlp5aokk,8,444,530,75,155,DHelmetP1Helmet
_erlp5aokk,9,441,529,75,155,DHelmetP1Helmet
_erlp5aokk,10,438,529,75,153,DHelmetP1Helmet
_erlp5aokk,11,435,529,74,152,DHelmetP1Helmet
_erlp5aokk,12,432,528,74,152,DHelmetP1Helmet
_erlp5aokk,13,429,528,73,151,DHelmetP1Helmet
_erlp5aokk,14,425,527,74,151,DHelmetP1Helmet
_erlp5aokk,15,422,527,74,150,DHelmetP1Helmet
_erlp5aokk,16,419,527,73,149,DHelmetP1Helmet
_erlp5aokk,17,416,526,73,149,DHelmetP1Helmet
_erlp5aokk,18,413,526,73,148,DHelmetP1Helmet
_erlp5aokk,19,412,525,72,148,DHelmetP1Helmet
_erlp5aokk,20,411,525,71,147,DHelmetP1Helmet
_erlp5aokk,21,410,525,70,146,DHelmetP1Helmet
_erlp5aokk,22,409,524,70,146,DHelmetP1Helmet
_erlp5aokk,23,408,524,69,145,DHelmetP1Helmet
_erlp5aokk,24,407,523,68,145,DHelmetP1Helmet
_erlp5aokk,25,406,523,68,144,DHelmetP1Helmet
_erlp5aokk,26,405,523,67,143,DHelmetP1Helmet
_erlp5aokk,27,403,522,67,143,DHelmetP1Helmet
_erlp5aokk,28,402,522,66,142,DHelmetP1Helmet
_erlp5aokk,29,401,521,66,142,DHelmetP1Helmet
_erlp5aokk,30,400,521,65,141,DHelmetP1Helmet
_erlp5aokk,31,399,521,64,140,DHelmetP1Helmet
_erlp5aokk,32,398,520,64,140,DHelmetP1Helmet
_erlp5aokk,33,397,520,63,139,DHelmetP1Helmet
_erlp5aokk,34,394,520,63,138,DHelmetP1Helmet
_erlp5aokk,35,392,520,62,137,DHelmetP1Helmet
_erlp5aokk,36,389,520,62,137,DHelmetP1Helmet
_erlp5aokk,37,386,519,62,137,DHelmetP1Helmet
_erlp5aokk,38,384,519,61,136,DHelmetP1Helmet
_erlp5aokk,39,381,519,61,135,DHelmetP1Helmet
_erlp5aokk,40,378,519,61,135,DHelmetP1Helmet
_erlp5aokk,41,376,519,60,134,DHelmetP1Helmet
_erlp5aokk,42,369,519,64,133,DHelmetP1Helmet
_erlp5aokk,43,362,519,68,132,DHelmetP1Helmet
_erlp5aokk,44,355,519,72,132,DHelmetP1Helmet
_erlp5aokk,45,348,519,76,131,DHelmetP1Helmet
_erlp5aokk,46,341,518,80,131,DHelmetP1Helmet
_erlp5aokk,47,335,518,79,130,DHelmetP1Helmet
_erlp5aokk,48,329,518,79,130,DHelmetP1Helmet
_erlp5aokk,49,323,518,78,129,DHelmetP1Helmet
_erlp5aokk,50,318,518,77,128,DHelmetP1Helmet
_erlp5aokk,51,312,518,76,128,DHelmetP1Helmet
_erlp5aokk,52,306,518,75,127,DHelmetP1Helmet
_erlp5aokk,53,302,518,75,126,DHelmetP1Helmet
_erlp5aokk,54,298,518,74,125,DHelmetP1Helmet
_erlp5aokk,55,294,517,73,126,DHelmetP1Helmet
_erlp5aokk,56,290,517,72,125,DHelmetP1Helmet
_erlp5aokk,57,286,517,71,124,DHelmetP1Helmet
_erlp5aokk,58,282,517,70,123,DHelmetP1Helmet
_erlp5aokk,59,278,517,70,123,DHelmetP1Helmet
_erlp5aokk,60,274,517,69,122,DHelmetP1Helmet
_erlp5aokk,61,270,517,68,121,DHelmetP1Helmet
_erlp5aokk,62,266,517,67,120,DHelmetP1Helmet
_erlp5aokk,63,262,517,66,120,DHelmetP1Helmet
_erlp5aokk,64,258,516,65,120,DHelmetP1Helmet
_erlp5aokk,65,254,516,65,119,DHelmetP1Helmet
_erlp5aokk,66,250,516,64,118,DHelmetP1Helmet
_erlp5aokk,67,246,516,63,118,DHelmetP1Helmet
_erlp5aokk,68,242,516,62,117,DHelmetP1Helmet
_erlp5aokk,69,238,516,61,116,DHelmetP1Helmet
_erlp5aokk,70,234,516,60,116,DHelmetP1Helmet
_erlp5aokk,71,230,516,60,115,DHelmetP1Helmet
_erlp5aokk,72,226,516,59,114,DHelmetP1Helmet
_erlp5aokk,73,222,515,58,114,DHelmetP1Helmet
_erlp5aokk,74,218,515,57,114,DHelmetP1Helmet
_erlp5aokk,75,215,515,55,113,DHelmetP1Helmet
_erlp5aokk,76,212,514,58,114,DHelmetP1Helmet
_erlp5aokk,77,209,514,61,115,DHelmetP1Helmet
_dlm6llg1p,1,204,517,45,104,DHelmet
_dlm6llg1p,2,201,517,45,103,DHelmet
_dlm6llg1p,3,198,517,45,102,DHelmet
_dlm6llg1p,4,195,516,45,102,DHelmet
_07k85wh5r,1,250,517,55,98,DHelmetP1Helmet
_07k85wh5r,2,249,517,53,98,DHelmetP1Helmet
_07k85wh5r,3,247,517,52,97,DHelmetP1Helmet
_07k85wh5r,4,246,517,50,96,DHelmetP1Helmet
_07k85wh5r,5,244,517,49,95,DHelmetP1Helmet
_07k85wh5r,6,243,517,47,94,DHelmetP1Helmet
_07k85wh5r,7,242,516,45,94,DHelmetP1Helmet
_kg4ewhung,1,290,516,54,110,DHelmet
_kg4ewhung,2,286,516,54,109,DHelmet
_kg4ewhung,3,283,515,53,109,DHelmet
_kg4ewhung,4,279,515,53,108,DHelmet
_kg4ewhung,5,276,514,52,109,DHelmet
_kg4ewhung,6,272,514,53,108,DHelmet
_kg4ewhung,7,269,513,52,108,DHelmet
_kg4ewhung,8,265,513,52,107,DHelmet
_kg4ewhung,9,262,512,51,107,DHelmet
_kg4ewhung,10,258,512,52,106,DHelmet
_kg4ewhung,11,255,511,51,107,DHelmet
_d2f9go65n,1,785,544,81,165,DHelmet
_d2f9go65n,2,765,543,80,163,DHelmet
_d2f9go65n,3,749,542,80,161,DHelmet
_d2f9go65n,4,734,541,79,159,DHelmet
_d2f9go65n,5,718,540,79,157,DHelmet
_d2f9go65n,6,702,539,79,155,DHelmet
_d2f9go65n,7,686,537,79,154,DHelmet
_d2f9go65n,8,671,536,78,151,DHelmet
_d2f9go65n,9,659,536,78,149,DHelmet
_d2f9go65n,10,647,535,78,147,DHelmet
_d2f9go65n,11,635,534,78,145,DHelmet
_d2f9go65n,12,623,533,78,143,DHelmet
_d2f9go65n,13,613,533,77,142,DHelmet
_d2f9go65n,14,603,532,77,141,DHelmet
_d2f9go65n,15,592,532,77,140,DHelmet
_d2f9go65n,16,582,532,76,138,DHelmet
_d2f9go65n,17,571,531,77,137,DHelmet
_d2f9go65n,18,561,531,76,136,DHelmet
_d2f9go65n,19,551,530,75,135,DHelmet
_d2f9go65n,20,542,530,75,134,DHelmet
_d2f9go65n,21,533,530,75,132,DHelmet
_d2f9go65n,22,524,530,75,131,DHelmet
_d2f9go65n,23,515,530,75,130,DHelmet
_d2f9go65n,24,506,529,74,129,DHelmet
_d2f9go65n,25,497,529,74,128,DHelmet
_d2f9go65n,26,488,529,74,127,DHelmet
_d2f9go65n,27,484,529,73,126,DHelmet
_d2f9go65n,28,480,528,72,126,DHelmet
_d2f9go65n,29,476,528,70,126,DHelmet
_d2f9go65n,30,472,527,69,126,DHelmet
_d2f9go65n,31,467,527,69,126,DHelmet
_d2f9go65n,32,463,526,68,126,DHelmet
_d2f9go65n,33,459,526,66,125,DHelmet
_d2f9go65n,34,455,525,65,126,DHelmet
_d2f9go65n,35,451,525,64,125,DHelmet
_d2f9go65n,36,447,524,63,126,DHelmet
_d2f9go65n,37,443,524,61,125,DHelmet
_d2f9go65n,38,438,523,61,126,DHelmet
_d2f9go65n,39,434,523,60,125,DHelmet
_d2f9go65n,40,431,523,59,125,DHelmet
_d2f9go65n,41,427,523,58,125,DHelmet
_d2f9go65n,42,423,523,58,124,DHelmet
_d2f9go65n,43,420,523,57,124,DHelmet
_d2f9go65n,44,416,523,57,124,DHelmet
_d2f9go65n,45,412,523,57,124,DHelmet
_d2f9go65n,46,409,522,56,124,DHelmet
_d2f9go65n,47,403,522,57,124,DHelmet
_d2f9go65n,48,398,521,57,124,DHelmet
_d2f9go65n,49,393,521,57,123,DHelmet
_d2f9go65n,50,387,520,58,124,DHelmet
_d2f9go65n,51,382,520,58,123,DHelmet
_d2f9go65n,52,377,519,58,123,DHelmet
_d2f9go65n,53,371,519,59,122,DHelmet
_n961p1dgp,1,839,546,111,208,DNoHelmetP1NoHelmet
_n961p1dgp,2,820,546,110,203,DNoHelmetP1NoHelmet
_n961p1dgp,3,802,546,107,199,DNoHelmetP1NoHelmet
_n961p1dgp,4,783,545,105,195,DNoHelmetP1NoHelmet
_n961p1dgp,5,766,544,104,193,DNoHelmetP1NoHelmet
_n961p1dgp,6,749,543,103,191,DNoHelmetP1NoHelmet
_n961p1dgp,7,733,541,101,190,DNoHelmetP1NoHelmet
_n961p1dgp,8,716,540,100,187,DNoHelmetP1NoHelmet
_n961p1dgp,9,699,539,98,185,DNoHelmetP1NoHelmet
_n961p1dgp,10,688,539,96,182,DNoHelmetP1NoHelmet
_n961p1dgp,11,677,538,94,180,DNoHelmetP1NoHelmet
_n961p1dgp,12,665,538,94,177,DNoHelmetP1NoHelmet
_n961p1dgp,13,654,537,92,175,DNoHelmetP1NoHelmet
_n961p1dgp,14,643,537,90,171,DNoHelmetP1NoHelmet
_n961p1dgp,15,632,537,88,168,DNoHelmetP1NoHelmet
_n961p1dgp,16,621,536,86,166,DNoHelmetP1NoHelmet
_n961p1dgp,17,609,536,85,163,DNoHelmetP1NoHelmet
_n961p1dgp,18,602,535,84,162,DNoHelmetP1NoHelmet
_n961p1dgp,19,595,534,84,162,DNoHelmetP1NoHelmet
_n961p1dgp,20,588,534,83,160,DNoHelmetP1NoHelmet
_n961p1dgp,21,581,533,82,159,DNoHelmetP1NoHelmet
_n961p1dgp,22,574,532,82,159,DNoHelmetP1NoHelmet
_n961p1dgp,23,567,531,81,158,DNoHelmetP1NoHelmet
_n961p1dgp,24,560,530,81,157,DNoHelmetP1NoHelmet
_n961p1dgp,25,553,530,80,156,DNoHelmetP1NoHelmet
_n961p1dgp,26,547,529,78,155,DNoHelmetP1NoHelmet
_n961p1dgp,27,540,528,78,154,DNoHelmetP1NoHelmet
_n961p1dgp,28,533,527,77,154,DNoHelmetP1NoHelmet
_n961p1dgp,29,526,527,76,152,DNoHelmetP1NoHelmet
_n961p1dgp,30,519,527,78,151,DNoHelmetP1NoHelmet
_n961p1dgp,31,512,527,80,150,DNoHelmetP1NoHelmet
_n961p1dgp,32,505,527,81,149,DNoHelmetP1NoHelmet
_n961p1dgp,33,498,527,83,149,DNoHelmetP1NoHelmet
_n961p1dgp,34,491,527,85,148,DNoHelmetP1NoHelmet
_n961p1dgp,35,485,527,84,147,DNoHelmetP1NoHelmet
_n961p1dgp,36,478,527,85,146,DNoHelmetP1NoHelmet
_n961p1dgp,37,471,527,86,145,DNoHelmetP1NoHelmet
_n961p1dgp,38,467,527,85,144,DNoHelmetP1NoHelmet
_n961p1dgp,39,463,527,85,143,DNoHelmetP1NoHelmet
_n961p1dgp,40,459,527,84,142,DNoHelmetP1NoHelmet
_n961p1dgp,41,455,527,84,141,DNoHelmetP1NoHelmet
_n961p1dgp,42,451,527,83,140,DNoHelmetP1NoHelmet
_n961p1dgp,43,447,527,83,139,DNoHelmetP1NoHelmet
_n961p1dgp,44,443,527,82,138,DNoHelmetP1NoHelmet
_n961p1dgp,45,440,527,81,137,DNoHelmetP1NoHelmet
_n961p1dgp,46,436,527,82,136,DNoHelmetP1NoHelmet
_n961p1dgp,47,432,527,82,135,DNoHelmetP1NoHelmet
_n961p1dgp,48,429,527,82,134,DNoHelmetP1NoHelmet
_n961p1dgp,49,425,527,82,133,DNoHelmetP1NoHelmet
_n961p1dgp,50,422,527,82,132,DNoHelmetP1NoHelmet
_n961p1dgp,51,418,527,82,132,DNoHelmetP1NoHelmet
_n961p1dgp,52,414,527,83,131,DNoHelmetP1NoHelmet
_n961p1dgp,53,411,527,82,130,DNoHelmetP1NoHelmet
_n961p1dgp,54,406,526,82,129,DNoHelmetP1NoHelmet
_n961p1dgp,55,402,525,81,129,DNoHelmetP1NoHelmet
_n961p1dgp,56,397,524,81,129,DNoHelmetP1NoHelmet
_n961p1dgp,57,393,523,80,128,DNoHelmetP1NoHelmet
_n961p1dgp,58,388,523,81,127,DNoHelmetP1NoHelmet
_n961p1dgp,59,384,532,80,117,DNoHelmetP1NoHelmet
_n961p1dgp,60,379,531,79,117,DNoHelmetP1NoHelmet
_n961p1dgp,61,374,531,78,116,DNoHelmetP1NoHelmet
_n961p1dgp,62,369,530,77,116,DNoHelmetP1NoHelmet
_n961p1dgp,63,364,530,76,115,DNoHelmetP1NoHelmet
_n961p1dgp,64,359,529,75,115,DNoHelmetP1NoHelmet
_n961p1dgp,65,354,529,74,115,DNoHelmetP1NoHelmet
_n961p1dgp,66,349,528,73,115,DNoHelmetP1NoHelmet
_n961p1dgp,67,344,528,72,114,DNoHelmetP1NoHelmet
_n961p1dgp,68,339,527,71,114,DNoHelmetP1NoHelmet
_n961p1dgp,69,334,527,70,113,DNoHelmetP1NoHelmet
_n961p1dgp,70,329,526,70,113,DNoHelmetP1NoHelmet
_n961p1dgp,71,324,526,69,113,DNoHelmetP1NoHelmet
_n961p1dgp,72,319,525,68,113,DNoHelmetP1NoHelmet
_n961p1dgp,73,314,525,67,112,DNoHelmetP1NoHelmet
_n961p1dgp,74,309,524,66,112,DNoHelmetP1NoHelmet
_n961p1dgp,75,304,524,65,111,DNoHelmetP1NoHelmet
_n961p1dgp,76,299,523,64,111,DNoHelmetP1NoHelmet
_n961p1dgp,77,294,523,63,111,DNoHelmetP1NoHelmet
_n961p1dgp,78,289,522,62,111,DNoHelmetP1NoHelmet
_n961p1dgp,79,284,522,61,110,DNoHelmetP1NoHelmet
_n961p1dgp,80,279,521,60,110,DNoHelmetP1NoHelmet
_n961p1dgp,81,278,521,59,110,DNoHelmetP1NoHelmet
_n961p1dgp,82,276,521,59,109,DNoHelmetP1NoHelmet
_n961p1dgp,83,275,521,57,108,DNoHelmetP1NoHelmet
_n961p1dgp,84,274,520,56,109,DNoHelmetP1NoHelmet
_n961p1dgp,85,272,520,56,108,DNoHelmetP1NoHelmet
_n961p1dgp,86,271,520,54,107,DNoHelmetP1NoHelmet
_n961p1dgp,87,269,519,54,108,DNoHelmetP1NoHelmet
_72el4pgp0,49,1719,609,201,306,DHelmet
_72el4pgp0,50,1645,602,275,311,DHelmet
_72el4pgp0,51,1578,602,271,295,DHelmet
_72el4pgp0,52,1513,597,256,286,DHelmet
_72el4pgp0,53,1449,592,240,277,DHelmet
_72el4pgp0,54,1394,589,225,268,DHelmet
_72el4pgp0,55,1339,586,209,260,DHelmet
_72el4pgp0,56,1289,582,197,252,DHelmet
_72el4pgp0,57,1238,578,185,243,DHelmet
_72el4pgp0,58,1193,575,174,234,DHelmet
_72el4pgp0,59,1150,572,166,228,DHelmet
_72el4pgp0,60,1106,569,158,222,DHelmet
_72el4pgp0,61,1067,568,150,214,DHelmet
_72el4pgp0,62,1027,566,143,208,DHelmet
_72el4pgp0,63,988,563,139,202,DHelmet
_72el4pgp0,64,949,561,135,194,DHelmet
_72el4pgp0,65,914,558,132,191,DHelmet
_72el4pgp0,66,879,556,128,187,DHelmet
_72el4pgp0,67,844,554,125,182,DHelmet
_72el4pgp0,68,810,552,121,178,DHelmet
_72el4pgp0,69,779,550,118,175,DHelmet
_72el4pgp0,70,749,549,114,171,DHelmet
_72el4pgp0,71,719,547,110,168,DHelmet
_72el4pgp0,72,689,545,106,164,DHelmet
_72el4pgp0,73,663,543,104,162,DHelmet
_72el4pgp0,74,637,541,102,160,DHelmet
_72el4pgp0,75,611,539,100,157,DHelmet
_72el4pgp0,76,585,537,98,155,DHelmet
_72el4pgp0,77,565,536,96,153,DHelmet
_72el4pgp0,78,546,536,94,150,DHelmet
_72el4pgp0,79,526,535,93,148,DHelmet
_72el4pgp0,80,507,534,90,146,DHelmet
_72el4pgp0,81,488,534,88,143,DHelmet
_72el4pgp0,82,468,533,87,141,DHelmet
_72el4pgp0,83,449,532,84,139,DHelmet
_72el4pgp0,84,429,532,83,136,DHelmet
_72el4pgp0,85,410,531,80,134,DHelmet
_72el4pgp0,86,391,530,78,132,DHelmet
_72el4pgp0,87,371,530,77,129,DHelmet
_72el4pgp0,88,356,529,74,126,DHelmet
_72el4pgp0,89,341,528,72,124,DHelmet
_72el4pgp0,90,328,527,70,122,DHelmet
_72el4pgp0,91,315,527,68,119,DHelmet
_72el4pgp0,92,302,526,68,120,DHelmet
_huf9vmggu,64,108,529,77,136,DHelmetP1HelmetP2Helmet
_huf9vmggu,65,111,529,79,138,DHelmetP1HelmetP2Helmet
_huf9vmggu,66,114,529,80,141,DHelmetP1HelmetP2Helmet
_huf9vmggu,67,117,529,81,143,DHelmetP1HelmetP2Helmet
_huf9vmggu,68,120,529,82,146,DHelmetP1HelmetP2Helmet
_huf9vmggu,69,124,529,82,148,DHelmetP1HelmetP2Helmet
_huf9vmggu,70,127,529,83,151,DHelmetP1HelmetP2Helmet
_huf9vmggu,71,129,529,86,153,DHelmetP1HelmetP2Helmet
_huf9vmggu,72,132,530,87,155,DHelmetP1HelmetP2Helmet
_huf9vmggu,73,135,530,88,158,DHelmetP1HelmetP2Helmet
_huf9vmggu,74,138,531,89,160,DHelmetP1HelmetP2Helmet
_huf9vmggu,75,141,531,91,163,DHelmetP1HelmetP2Helmet
_huf9vmggu,76,143,532,93,165,DHelmetP1HelmetP2Helmet
_huf9vmggu,77,146,532,94,168,DHelmetP1HelmetP2Helmet
_huf9vmggu,78,149,533,96,170,DHelmetP1HelmetP2Helmet
_huf9vmggu,79,152,534,97,171,DHelmetP1HelmetP2Helmet
_huf9vmggu,80,156,534,99,174,DHelmetP1HelmetP2Helmet
_huf9vmggu,81,161,535,100,176,DHelmetP1HelmetP2Helmet
_huf9vmggu,82,165,535,102,179,DHelmetP1HelmetP2Helmet
_huf9vmggu,83,170,536,102,181,DHelmetP1HelmetP2Helmet
_huf9vmggu,84,174,536,104,184,DHelmetP1HelmetP2Helmet
_huf9vmggu,85,178,537,106,186,DHelmetP1HelmetP2Helmet
_huf9vmggu,86,183,537,107,189,DHelmetP1HelmetP2Helmet
_huf9vmggu,87,187,538,109,191,DHelmetP1HelmetP2Helmet
_huf9vmggu,88,192,538,110,193,DHelmetP1HelmetP2Helmet
_huf9vmggu,89,196,540,112,195,DHelmetP1HelmetP2Helmet
_huf9vmggu,90,200,541,113,198,DHelmetP1HelmetP2Helmet
_huf9vmggu,91,205,542,114,200,DHelmetP1HelmetP2Helmet
_huf9vmggu,92,209,543,116,203,DHelmetP1HelmetP2Helmet
_huf9vmggu,93,213,545,118,204,DHelmetP1HelmetP2Helmet
_huf9vmggu,94,217,546,120,207,DHelmetP1HelmetP2Helmet
_huf9vmggu,95,222,547,121,210,DHelmetP1HelmetP2Helmet
_huf9vmggu,96,226,548,122,212,DHelmetP1HelmetP2Helmet
_huf9vmggu,97,230,550,124,214,DHelmetP1HelmetP2Helmet
_huf9vmggu,98,235,551,125,216,DHelmetP1HelmetP2Helmet
_huf9vmggu,99,239,552,127,219,DHelmetP1HelmetP2Helmet
_huf9vmggu,100,243,553,129,222,DHelmetP1HelmetP2Helmet
_ypvfmkxzl,59,1753,584,167,264,DHelmet
_ypvfmkxzl,60,1714,591,206,263,DHelmet
_ypvfmkxzl,61,1680,586,240,263,DHelmet
_ypvfmkxzl,62,1645,584,236,259,DHelmet
_ypvfmkxzl,63,1611,582,231,256,DHelmet
_ypvfmkxzl,64,1576,580,226,252,DHelmet
_ypvfmkxzl,65,1542,578,221,249,DHelmet
_ypvfmkxzl,66,1510,577,217,244,DHelmet
_ypvfmkxzl,67,1477,575,213,241,DHelmet
_ypvfmkxzl,68,1445,574,209,237,DHelmet
_ypvfmkxzl,69,1413,573,204,233,DHelmet
_ypvfmkxzl,70,1384,571,200,231,DHelmet
_ypvfmkxzl,71,1354,570,197,228,DHelmet
_ypvfmkxzl,72,1324,569,194,225,DHelmet
_ypvfmkxzl,73,1294,568,191,221,DHelmet
_ypvfmkxzl,74,1266,567,186,218,DHelmet
_ypvfmkxzl,75,1237,566,183,215,DHelmet
_ypvfmkxzl,76,1209,565,178,211,DHelmet
_ypvfmkxzl,77,1185,564,174,208,DHelmet
_ypvfmkxzl,78,1161,563,170,205,DHelmet
_ypvfmkxzl,79,1140,562,166,202,DHelmet
_ypvfmkxzl,80,1118,561,162,200,DHelmet
_ypvfmkxzl,81,1096,560,159,197,DHelmet
_ypvfmkxzl,82,1075,559,154,195,DHelmet
_ypvfmkxzl,83,1053,558,150,193,DHelmet
_ypvfmkxzl,84,1032,556,146,191,DHelmet
_ypvfmkxzl,85,1010,555,143,188,DHelmet
_ypvfmkxzl,86,989,553,139,186,DHelmet
_ypvfmkxzl,87,972,552,135,184,DHelmet
_ypvfmkxzl,88,956,551,131,182,DHelmet
_ypvfmkxzl,89,939,551,127,179,DHelmet
_ypvfmkxzl,90,921,551,123,176,DHelmet
_ypvfmkxzl,91,903,550,119,174,DHelmet
_ypvfmkxzl,92,885,550,115,171,DHelmet
_ypvfmkxzl,93,882,549,103,170,DHelmet
_pyi840wsb,73,1684,604,236,320,DHelmet
_pyi840wsb,74,1606,599,289,310,DHelmet
_pyi840wsb,75,1535,593,270,301,DHelmet
_pyi840wsb,76,1464,587,251,292,DHelmet
_pyi840wsb,77,1401,584,233,282,DHelmet
_pyi840wsb,78,1338,580,214,273,DHelmet
_pyi840wsb,79,1281,577,203,262,DHelmet
_pyi840wsb,80,1224,574,192,251,DHelmet
_pyi840wsb,81,1174,571,182,243,DHelmet
_pyi840wsb,82,1123,568,172,235,DHelmet
_pyi840wsb,83,1072,565,163,227,DHelmet
_pyi840wsb,84,1028,562,154,220,DHelmet
_pyi840wsb,85,984,559,145,214,DHelmet
_pyi840wsb,86,942,555,137,208,DHelmet
_pyi840wsb,87,899,551,130,203,DHelmet
_pyi840wsb,88,861,549,123,197,DHelmet
_pyi840wsb,89,822,550,123,189,DHelmet
