track_id,frame_id,x,y,w,h,label
_evv6lurng,1,638,556,284,299,DHelmetP1Helmet
_evv6lurng,2,736,552,300,309,DHelmetP1Helmet
_evv6lurng,3,835,549,316,318,DHelmetP1Helmet
_evv6lurng,4,945,546,333,328,DHelmetP1Helmet
_evv6lurng,5,1056,544,348,338,DHelmetP1Helmet
_evv6lurng,6,1184,542,374,350,DHelmetP1Helmet
_evv6lurng,7,1313,540,398,363,DHelmetP1Helmet
_evv6lurng,8,1441,537,423,377,DHelmetP1Helmet
_evv6lurng,9,1607,533,313,374,DHelmetP1Helmet
_evv6lurng,10,1761,529,159,386,DHelmetP1Helmet
_5mpehp5c9,1,458,552,206,268,DHelmetP1Helmet
_5mpehp5c9,2,568,548,197,273,DHelmetP1Helmet
_5mpehp5c9,3,678,543,189,280,DHelmetP1Helmet
_5mpehp5c9,4,787,539,182,285,DHelmetP1Helmet
_5mpehp5c9,5,916,536,168,292,DHelmetP1Helmet
_5mpehp5c9,6,1045,533,153,299,DHelmetP1Helmet
_5mpehp5c9,7,1196,531,147,305,DHelmetP1Helmet
_5mpehp5c9,8,1346,528,141,312,DHelmetP1Helmet
_5mpehp5c9,9,1519,520,157,330,DHelmetP1Helmet
_5mpehp5c9,10,1703,516,156,339,DHelmetP1Helmet
_mtkm9gquu,2,1,615,195,337,DHelmet
_mtkm9gquu,3,81,615,202,347,DHelmet
_mtkm9gquu,4,140,614,234,355,DHelmet
_mtkm9gquu,5,163,616,307,361,DHelmet
_mtkm9gquu,6,249,615,328,370,DHelmet
_mtkm9gquu,7,335,614,350,379,DHelmet
_mtkm9gquu,8,428,610,373,391,DHelmet
_mtkm9gquu,9,532,610,395,401,DHelmet
_mtkm9gquu,10,638,609,423,410,DHelmet
_mtkm9gquu,11,750,608,451,418,DHelmet
_mtkm9gquu,12,878,604,476,427,DHelmet
_mtkm9gquu,13,1007,600,500,435,DHelmet
_mtkm9gquu,14,1154,596,524,445,DHelmet
_mtkm9gquu,15,1299,593,557,457,DHelmet
_mtkm9gquu,16,1457,581,463,470,DHelmet
_mtkm9gquu,17,1630,580,290,471,DHelmet
_6msceyz9c,3,2,563,203,184,DHelmetP1NoHelmet
_6msceyz9c,4,72,561,121,224,DHelmetP1NoHelmet
_6msceyz9c,5,142,560,131,267,DHelmetP1NoHelmet
_6msceyz9c,6,217,560,147,279,DHelmetP1NoHelmet
_6msceyz9c,7,293,560,161,292,DHelmetP1NoHelmet
_6msceyz9c,8,384,556,178,301,DHelmetP1NoHelmet
_6msceyz9c,9,476,552,194,310,DHelmetP1NoHelmet
_6msceyz9c,10,573,548,216,321,DHelmetP1NoHelmet
_6msceyz9c,11,671,544,237,332,DHelmetP1NoHelmet
_6msceyz9c,12,787,541,250,339,DHelmetP1NoHelmet
_6msceyz9c,13,902,537,263,346,DHelmetP1NoHelmet
_6msceyz9c,14,1027,535,282,356,DHelmetP1NoHelmet
_6msceyz9c,15,1156,529,309,371,DHelmetP1NoHelmet
_6msceyz9c,16,1307,525,329,385,DHelmetP1NoHelmet
_6msceyz9c,17,1460,524,354,394,DHelmetP1NoHelmet
_6msceyz9c,18,1627,520,293,400,DHelmetP1NoHelmet
_o9h74l5wo,2,460,529,110,128,DHelmetP1NoHelmet
_o9h74l5wo,3,421,531,109,127,DHelmetP1NoHelmet
_o9h74l5wo,4,381,533,109,128,DHelmetP1NoHelmet
_o9h74l5wo,5,346,533,106,128,DHelmetP1NoHelmet
_o9h74l5wo,6,311,533,104,127,DHelmetP1NoHelmet
_o9h74l5wo,7,277,533,101,127,DHelmetP1NoHelmet
_o9h74l5wo,8,242,533,98,127,DHelmetP1NoHelmet
_o9h74l5wo,9,215,535,91,124,DHelmetP1NoHelmet
_o9h74l5wo,10,187,537,85,122,DHelmetP1NoHelmet
_o9h74l5wo,11,160,539,78,119,DHelmetP1NoHelmet
_mm2orp888,7,2,560,168,260,DHelmet
_mm2orp888,8,92,556,152,261,DHelmet
_mm2orp888,9,166,555,157,266,DHelmet
_mm2orp888,10,239,555,163,270,DHelmet
_mm2orp888,11,321,553,171,271,DHelmet
_mm2orp888,12,402,551,180,272,DHelmet
_mm2orp888,13,416,551,265,290,DHelmet
_mm2orp888,14,511,551,269,305,DHelmet
_mm2orp888,15,610,543,281,317,DHelmet
_mm2orp888,16,711,541,296,327,DHelmet
_mm2orp888,17,822,539,311,333,DHelmet
_mm2orp888,18,936,536,333,343,DHelmet
_mm2orp888,19,1059,535,252,270,DHelmet
_mm2orp888,20,1203,531,252,270,DHelmet
_mm2orp888,21,1369,527,252,270,DHelmet
_mm2orp888,22,1535,524,252,271,DHelmet
_mm2orp888,23,1747,520,172,241,DHelmet
_ugvc8q5n5,8,21,580,209,323,DHelmet
_ugvc8q5n5,9,101,577,212,334,DHelmet
_ugvc8q5n5,10,134,576,268,346,DHelmet
_ugvc8q5n5,11,226,577,269,349,DHelmet
_ugvc8q5n5,12,318,573,280,361,DHelmet
_ugvc8q5n5,13,410,569,291,373,DHelmet
_ugvc8q5n5,14,516,567,301,383,DHelmet
_ugvc8q5n5,15,622,564,310,395,DHelmet
_ugvc8q5n5,16,751,562,313,407,DHelmet
_ugvc8q5n5,17,880,560,316,419,DHelmet
_ugvc8q5n5,18,1009,559,335,431,DHelmet
_ugvc8q5n5,19,1139,559,354,442,DHelmet
_ugvc8q5n5,20,1287,553,378,458,DHelmet
_ugvc8q5n5,21,1436,548,402,473,DHelmet
_ugvc8q5n5,22,1604,547,316,393,DHelmet
_ugvc8q5n5,23,1779,540,141,312,DHelmet
_wo1g6ue8b,97,2,573,196,271,DHelmetP1NoHelmet
_wo1g6ue8b,98,24,573,252,274,DHelmetP1NoHelmet
_wo1g6ue8b,99,96,571,257,280,DHelmetP1NoHelmet
_wo1g6ue8b,100,171,571,268,287,DHelmetP1NoHelmet
_qstdac0ug,93,3,602,189,290,DHelmetP1NoHelmetP2Helmet
_qstdac0ug,94,24,602,245,300,DHelmetP1NoHelmetP2Helmet
_qstdac0ug,95,97,603,258,309,DHelmetP1NoHelmetP2Helmet
_qstdac0ug,96,171,602,272,320,DHelmetP1NoHelmetP2Helmet
_qstdac0ug,97,255,600,286,331,DHelmetP1NoHelmetP2Helmet
_qstdac0ug,98,339,599,299,341,DHelmetP1NoHelmetP2Helmet
_qstdac0ug,99,432,598,319,356,DHelmetP1NoHelmetP2Helmet
_qstdac0ug,100,524,597,339,372,DHelmetP1NoHelmetP2Helmet
_0kdxg10xm,92,1,561,135,184,DHelmet
_0kdxg10xm,93,63,561,159,258,DHelmet
_0kdxg10xm,94,146,560,165,265,DHelmet
_0kdxg10xm,95,231,556,178,275,DHelmet
_0kdxg10xm,96,317,552,190,285,DHelmet
_0kdxg10xm,97,397,553,220,292,DHelmet
_0kdxg10xm,98,477,553,250,299,DHelmet
_0kdxg10xm,99,580,547,269,312,DHelmet
_0kdxg10xm,100,683,541,289,325,DHelmet
_7m8i1l3ez,23,1,602,235,340,DHelmetP0NoHelmet
_7m8i1l3ez,24,71,600,246,350,DHelmetP0NoHelmet
_7m8i1l3ez,25,140,599,259,359,DHelmetP0NoHelmet
_7m8i1l3ez,26,197,597,296,369,DHelmetP0NoHelmet
_7m8i1l3ez,27,254,596,332,378,DHelmetP0NoHelmet
_7m8i1l3ez,28,339,596,353,388,DHelmetP0NoHelmet
_7m8i1l3ez,29,425,596,374,398,DHelmetP0NoHelmet
_7m8i1l3ez,30,527,594,395,411,DHelmetP0NoHelmet
_7m8i1l3ez,31,630,592,415,423,DHelmetP0NoHelmet
_7m8i1l3ez,32,742,593,447,434,DHelmetP0NoHelmet
_7m8i1l3ez,33,854,595,480,443,DHelmetP0NoHelmet
_7m8i1l3ez,34,995,590,510,461,DHelmetP0NoHelmet
_7m8i1l3ez,35,1136,585,540,478,DHelmetP0NoHelmet
_7m8i1l3ez,36,1287,583,583,497,DHelmetP0NoHelmet
_7m8i1l3ez,37,1455,577,465,502,DHelmetP0NoHelmet
_7m8i1l3ez,38,1630,576,290,503,DHelmetP0NoHelmet
_1p49vz735,24,1,553,182,192,DHelmet
_1p49vz735,25,76,555,110,209,DHelmet
_1p49vz735,26,148,548,124,257,DHelmet
_1p49vz735,27,229,549,124,262,DHelmet
_1p49vz735,28,310,551,124,266,DHelmet
_1p49vz735,29,403,547,159,276,DHelmet
_1p49vz735,30,496,544,194,285,DHelmet
_1p49vz735,31,606,541,208,298,DHelmet
_1p49vz735,32,715,537,223,311,DHelmet
_1p49vz735,33,843,533,246,321,DHelmet
_1p49vz735,34,971,528,269,331,DHelmet
_1p49vz735,35,1119,523,287,346,DHelmet
_1p49vz735,36,1267,517,305,362,DHelmet
_1p49vz735,37,1437,517,323,367,DHelmet
_1p49vz735,38,1619,511,301,380,DHelmet
_8ctelh9xr,34,1741,484,179,193,DHelmetP1Helmet
_8ctelh9xr,35,1655,481,217,196,DHelmetP1Helmet
_8ctelh9xr,36,1566,483,209,193,DHelmetP1Helmet
_8ctelh9xr,37,1482,487,204,188,DHelmetP1Helmet
_8ctelh9xr,38,1398,491,199,183,DHelmetP1Helmet
_8ctelh9xr,39,1324,493,191,181,DHelmetP1Helmet
_8ctelh9xr,40,1249,496,183,177,DHelmetP1Helmet
_8ctelh9xr,41,1223,497,131,152,DHelmetP1Helmet
_8ctelh9xr,42,1182,497,95,62,DHelmetP1Helmet
_8ctelh9xr,43,1044,501,163,167,DHelmetP1Helmet
_8ctelh9xr,44,983,505,163,164,DHelmetP1Helmet
_8ctelh9xr,45,928,507,154,160,DHelmetP1Helmet
_8ctelh9xr,46,874,508,143,157,DHelmetP1Helmet
_8ctelh9xr,47,845,511,109,155,DHelmetP1Helmet
_8ctelh9xr,48,798,512,102,153,DHelmetP1Helmet
_8ctelh9xr,49,751,514,95,150,DHelmetP1Helmet
_8ctelh9xr,50,704,516,88,146,DHelmetP1Helmet
_8ctelh9xr,51,655,517,88,147,DHelmetP1Helmet
_8ctelh9xr,52,602,515,87,146,DHelmetP1Helmet
_8ctelh9xr,53,561,520,79,142,DHelmetP1Helmet
_8ctelh9xr,54,519,523,71,56,DHelmetP1Helmet
_exc75dnwj,40,1762,483,158,193,DHelmet
_exc75dnwj,41,1678,487,225,187,DHelmet
_exc75dnwj,42,1592,487,219,187,DHelmet
_exc75dnwj,43,1545,489,178,169,DHelmet
_exc75dnwj,44,1453,492,165,173,DHelmet
_exc75dnwj,45,1361,495,153,177,DHelmet
_exc75dnwj,46,1289,500,186,173,DHelmet
_exc75dnwj,47,1221,502,179,170,DHelmet
_exc75dnwj,48,1152,504,174,166,DHelmet
_exc75dnwj,49,1090,506,168,164,DHelmet
_exc75dnwj,50,1029,507,163,162,DHelmet
_exc75dnwj,51,969,509,157,159,DHelmet
_exc75dnwj,52,908,510,152,157,DHelmet
_exc75dnwj,53,850,512,147,154,DHelmet
_exc75dnwj,54,797,514,141,151,DHelmet
_exc75dnwj,55,743,516,137,148,DHelmet
_exc75dnwj,56,694,517,132,146,DHelmet
_exc75dnwj,57,646,517,126,145,DHelmet
_exc75dnwj,58,602,519,122,143,DHelmet
_exc75dnwj,59,559,520,117,142,DHelmet
_exc75dnwj,60,516,522,112,139,DHelmet
_exc75dnwj,61,472,523,109,138,DHelmet
_exc75dnwj,62,429,525,104,135,DHelmet
_exc75dnwj,63,386,526,99,134,DHelmet
_exc75dnwj,64,342,528,95,132,DHelmet
_exc75dnwj,65,299,529,90,130,DHelmet
_exc75dnwj,66,256,531,85,128,DHelmet
_exc75dnwj,67,212,532,81,126,DHelmet
_exc75dnwj,68,175,536,102,122,DHelmet
_exc75dnwj,69,151,540,87,120,DHelmet
_f3vaa0jhb,38,2,556,146,191,DHelmetP1Helmet
_f3vaa0jhb,39,47,553,175,214,DHelmetP1Helmet
_f3vaa0jhb,40,116,548,183,220,DHelmetP1Helmet
_f3vaa0jhb,41,190,545,189,227,DHelmetP1Helmet
_f3vaa0jhb,42,263,543,196,233,DHelmetP1Helmet
_f3vaa0jhb,43,341,542,210,238,DHelmetP1Helmet
_f3vaa0jhb,44,420,540,222,244,DHelmetP1Helmet
_f3vaa0jhb,45,513,541,231,248,DHelmetP1Helmet
_f3vaa0jhb,46,606,541,240,252,DHelmetP1Helmet
_f3vaa0jhb,47,708,536,255,264,DHelmetP1Helmet
_f3vaa0jhb,48,810,531,271,276,DHelmetP1Helmet
_f3vaa0jhb,49,932,526,283,289,DHelmetP1Helmet
_f3vaa0jhb,50,1053,521,297,302,DHelmetP1Helmet
_f3vaa0jhb,51,1190,520,317,311,DHelmetP1Helmet
_f3vaa0jhb,52,1326,519,338,321,DHelmetP1Helmet
_f3vaa0jhb,53,1483,516,363,336,DHelmetP1Helmet
_f3vaa0jhb,54,1643,513,277,316,DHelmetP1Helmet
_s8tghcn4h,40,3,561,209,260,DHelmetP1Helmet
_s8tghcn4h,41,69,560,218,268,DHelmetP1Helmet
_s8tghcn4h,42,138,560,224,272,DHelmetP1Helmet
_s8tghcn4h,43,213,559,236,278,DHelmetP1Helmet
_s8tghcn4h,44,288,557,249,286,DHelmetP1Helmet
_s8tghcn4h,45,374,555,263,294,DHelmetP1Helmet
_s8tghcn4h,46,460,553,277,302,DHelmetP1Helmet
_s8tghcn4h,47,560,552,292,312,DHelmetP1Helmet
_s8tghcn4h,48,660,551,307,323,DHelmetP1Helmet
_s8tghcn4h,49,773,546,327,336,DHelmetP1Helmet
_s8tghcn4h,50,886,541,347,349,DHelmetP1Helmet
_s8tghcn4h,51,1019,537,374,366,DHelmetP1Helmet
_s8tghcn4h,52,1151,533,402,383,DHelmetP1Helmet
_s8tghcn4h,53,1306,531,431,396,DHelmetP1Helmet
_s8tghcn4h,54,1461,529,459,409,DHelmetP1Helmet
_s8tghcn4h,55,1636,528,284,410,DHelmetP1Helmet
_5t42aiefe,47,1524,487,203,190,DHelmetP1Helmet
_5t42aiefe,48,1441,493,198,183,DHelmetP1Helmet
_5t42aiefe,49,1358,500,193,176,DHelmetP1Helmet
_5t42aiefe,50,1286,500,187,174,DHelmetP1Helmet
_5t42aiefe,51,1218,501,178,172,DHelmetP1Helmet
_5t42aiefe,52,1151,503,169,170,DHelmetP1Helmet
_5t42aiefe,53,1083,504,161,168,DHelmetP1Helmet
_5t42aiefe,54,1023,506,161,164,DHelmetP1Helmet
_5t42aiefe,55,964,508,160,160,DHelmetP1Helmet
_5t42aiefe,56,918,511,145,159,DHelmetP1Helmet
_5t42aiefe,57,872,513,131,159,DHelmetP1Helmet
_5t42aiefe,58,803,516,143,152,DHelmetP1Helmet
_5t42aiefe,59,803,516,87,150,DHelmetP1Helmet
_5t42aiefe,60,756,517,87,149,DHelmetP1Helmet
_5t42aiefe,61,708,519,89,146,DHelmetP1Helmet
_5t42aiefe,62,660,520,90,144,DHelmetP1Helmet
_5t42aiefe,63,612,522,92,142,DHelmetP1Helmet
_5t42aiefe,64,565,523,93,140,DHelmetP1Helmet
_5t42aiefe,65,517,525,94,137,DHelmetP1Helmet
_5t42aiefe,66,469,526,96,136,DHelmetP1Helmet
_5t42aiefe,67,422,528,96,133,DHelmetP1Helmet
_5t42aiefe,68,374,529,98,131,DHelmetP1Helmet
_5t42aiefe,69,326,531,100,129,DHelmetP1Helmet
_5t42aiefe,70,289,533,99,128,DHelmetP1Helmet
_5t42aiefe,71,271,535,82,113,DHelmetP1Helmet
_5t42aiefe,72,251,535,54,48,DHelmetP1Helmet
_5t42aiefe,73,213,536,58,58,DHelmetP1Helmet
_5t42aiefe,74,176,538,60,68,DHelmetP1Helmet
_5t42aiefe,75,138,540,63,77,DHelmetP1Helmet
_5t42aiefe,76,100,541,66,87,DHelmetP1Helmet
_5t42aiefe,77,49,540,85,117,DHelmetP1Helmet
_5t42aiefe,78,19,543,91,115,DHelmetP1Helmet
_5t42aiefe,79,3,543,71,118,DHelmetP1Helmet
_d5zq6274j,41,3,533,92,200,DHelmet
_d5zq6274j,42,11,533,139,202,DHelmet
_d5zq6274j,43,90,531,140,208,DHelmet
_d5zq6274j,44,168,529,143,214,DHelmet
_d5zq6274j,45,255,526,143,218,DHelmet
_d5zq6274j,46,341,523,144,222,DHelmet
_d5zq6274j,47,439,519,148,229,DHelmet
_d5zq6274j,48,537,515,152,236,DHelmet
_d5zq6274j,49,651,511,154,242,DHelmet
_d5zq6274j,50,765,508,155,248,DHelmet
_d5zq6274j,51,893,503,164,258,DHelmet
_d5zq6274j,52,1021,499,172,266,DHelmet
_d5zq6274j,53,1164,493,187,276,DHelmet
_d5zq6274j,54,1307,487,202,285,DHelmet
_d5zq6274j,55,1467,481,220,304,DHelmet
_d5zq6274j,56,1644,477,240,310,DHelmet
_0kd80ktvs,47,1703,491,171,193,DHelmet
_0kd80ktvs,48,1670,491,170,193,DHelmet
_0kd80ktvs,49,1543,493,222,193,DHelmet
_0kd80ktvs,50,1471,496,214,188,DHelmet
_0kd80ktvs,51,1400,499,204,183,DHelmet
_0kd80ktvs,52,1334,500,199,180,DHelmet
_0kd80ktvs,53,1269,501,194,176,DHelmet
_0kd80ktvs,54,1203,503,189,171,DHelmet
_0kd80ktvs,55,1145,505,181,170,DHelmet
_0kd80ktvs,56,1087,508,172,168,DHelmet
_0kd80ktvs,57,1035,509,166,167,DHelmet
_0kd80ktvs,58,982,511,160,164,DHelmet
_0kd80ktvs,59,930,512,153,162,DHelmet
_0kd80ktvs,60,920,512,114,160,DHelmet
_0kd80ktvs,61,874,513,114,158,DHelmet
_0kd80ktvs,62,828,515,114,156,DHelmet
_0kd80ktvs,63,782,516,113,154,DHelmet
_0kd80ktvs,64,736,517,113,153,DHelmet
_0kd80ktvs,65,690,519,113,150,DHelmet
_0kd80ktvs,66,644,520,112,148,DHelmet
_0kd80ktvs,67,598,521,112,147,DHelmet
_0kd80ktvs,68,552,523,112,144,DHelmet
_0kd80ktvs,69,506,524,112,143,DHelmet
_0kd80ktvs,70,460,525,111,141,DHelmet
_0kd80ktvs,71,422,527,111,135,DHelmet
_0kd80ktvs,72,388,529,109,133,DHelmet
_0kd80ktvs,73,373,531,70,73,DHelmet
_0kd80ktvs,74,332,532,73,84,DHelmet
_0kd80ktvs,75,291,533,76,95,DHelmet
_0kd80ktvs,76,251,535,78,105,DHelmet
_0kd80ktvs,77,210,536,81,116,DHelmet
_0kd80ktvs,78,202,539,69,115,DHelmet
_0kd80ktvs,79,136,539,100,122,DHelmet
_0kd80ktvs,80,105,540,95,120,DHelmet
_0kd80ktvs,81,73,541,92,117,DHelmet
_0kd80ktvs,82,52,543,81,110,DHelmet
_frrpfgnj9,48,19,569,181,251,DHelmet
_frrpfgnj9,49,79,569,196,256,DHelmet
_frrpfgnj9,50,144,567,215,263,DHelmet
_frrpfgnj9,51,208,564,236,271,DHelmet
_frrpfgnj9,52,289,563,248,278,DHelmet
_frrpfgnj9,53,369,563,261,284,DHelmet
_frrpfgnj9,54,460,561,276,293,DHelmet
_frrpfgnj9,55,552,559,290,301,DHelmet
_frrpfgnj9,56,656,555,306,314,DHelmet
_frrpfgnj9,57,759,552,323,326,DHelmet
_frrpfgnj9,58,878,549,346,341,DHelmet
_frrpfgnj9,59,996,545,370,357,DHelmet
_frrpfgnj9,60,1132,544,399,370,DHelmet
_frrpfgnj9,61,1269,543,428,383,DHelmet
_frrpfgnj9,62,1417,541,473,399,DHelmet
_frrpfgnj9,63,1586,540,334,394,DHelmet
_89rhvilzj,57,1622,491,225,197,DHelmet
_89rhvilzj,58,1539,493,216,193,DHelmet
_89rhvilzj,59,1456,495,208,189,DHelmet
_89rhvilzj,60,1384,497,199,185,DHelmet
_89rhvilzj,61,1311,500,191,181,DHelmet
_89rhvilzj,62,1239,503,181,177,DHelmet
_89rhvilzj,63,1222,503,121,175,DHelmet
_89rhvilzj,64,1160,504,121,173,DHelmet
_89rhvilzj,65,1098,506,121,170,DHelmet
_89rhvilzj,66,1036,508,121,167,DHelmet
_89rhvilzj,67,974,510,122,164,DHelmet
_89rhvilzj,68,911,511,123,162,DHelmet
_89rhvilzj,69,849,513,123,159,DHelmet
_89rhvilzj,70,787,515,123,156,DHelmet
_89rhvilzj,71,725,517,123,153,DHelmet
_89rhvilzj,72,663,519,124,150,DHelmet
_89rhvilzj,73,614,520,125,148,DHelmet
_89rhvilzj,74,565,521,125,147,DHelmet
_89rhvilzj,75,560,523,82,106,DHelmet
_89rhvilzj,76,506,524,88,113,DHelmet
_89rhvilzj,77,452,526,94,119,DHelmet
_89rhvilzj,78,399,528,99,125,DHelmet
_89rhvilzj,79,345,529,105,132,DHelmet
_89rhvilzj,80,331,532,76,133,DHelmet
_89rhvilzj,81,266,535,97,129,DHelmet
_89rhvilzj,82,224,535,97,129,DHelmet
_89rhvilzj,83,186,537,98,127,DHelmet
_agxxlvyik,68,311,584,228,308,DHelmet
_agxxlvyik,69,362,585,236,315,DHelmet
_agxxlvyik,70,408,585,249,325,DHelmet
_agxxlvyik,71,463,584,258,334,DHelmet
_agxxlvyik,72,519,583,266,344,DHelmet
_agxxlvyik,73,578,583,279,356,DHelmet
_agxxlvyik,74,638,584,290,367,DHelmet
_agxxlvyik,75,702,586,305,379,DHelmet
_agxxlvyik,76,767,588,319,390,DHelmet
_agxxlvyik,77,842,590,336,403,DHelmet
_agxxlvyik,78,916,592,353,417,DHelmet
_agxxlvyik,79,1001,593,379,430,DHelmet
_agxxlvyik,80,1086,593,405,445,DHelmet
_agxxlvyik,81,1180,594,443,463,DHelmet
_agxxlvyik,82,1275,595,480,480,DHelmet
_agxxlvyik,83,1386,592,517,487,DHelmet
_agxxlvyik,84,1513,593,407,487,DHelmet
_agxxlvyik,85,1647,596,273,484,DHelmet
_3362a6uau,76,1192,489,88,168,DNoHelmet
_3362a6uau,77,1111,493,126,164,DNoHelmet
_3362a6uau,78,1048,496,126,164,DNoHelmet
_3362a6uau,79,996,500,105,158,DNoHelmet
_3362a6uau,80,965,501,53,70,DNoHelmet
_3362a6uau,81,896,503,69,95,DNoHelmet
_3362a6uau,82,826,504,86,120,DNoHelmet
_3362a6uau,83,757,505,102,145,DNoHelmet
_3362a6uau,84,690,509,119,144,DNoHelmet
_3362a6uau,85,640,511,117,143,DNoHelmet
_3362a6uau,86,589,512,116,142,DNoHelmet
_3362a6uau,87,547,513,110,141,DNoHelmet
_3362a6uau,88,505,515,104,138,DNoHelmet
_3362a6uau,89,474,517,67,72,DNoHelmet
_3362a6uau,90,428,519,73,85,DNoHelmet
_3362a6uau,91,381,521,81,99,DNoHelmet
_3362a6uau,92,334,523,88,112,DNoHelmet
_3362a6uau,93,287,525,96,125,DNoHelmet
_3362a6uau,94,247,527,96,125,DNoHelmet
_3362a6uau,95,220,527,81,94,DNoHelmet
_3362a6uau,96,175,531,92,109,DNoHelmet
_3362a6uau,97,152,529,77,117,DNoHelmet
_51fcshh4x,68,2,571,190,276,DHelmet
_51fcshh4x,69,53,569,210,284,DHelmet
_51fcshh4x,70,104,567,229,291,DHelmet
_51fcshh4x,71,168,567,241,296,DHelmet
_51fcshh4x,72,232,567,253,301,DHelmet
_51fcshh4x,73,303,565,262,309,DHelmet
_51fcshh4x,74,373,564,272,315,DHelmet
_51fcshh4x,75,451,563,292,321,DHelmet
_51fcshh4x,76,529,563,311,325,DHelmet
_51fcshh4x,77,611,562,308,332,DHelmet
_51fcshh4x,78,692,561,306,339,DHelmet
_51fcshh4x,79,781,559,314,345,DHelmet
_51fcshh4x,80,870,556,322,352,DHelmet
_51fcshh4x,81,967,555,334,367,DHelmet
_51fcshh4x,82,1064,553,347,382,DHelmet
_51fcshh4x,83,1170,551,371,394,DHelmet
_51fcshh4x,84,1277,549,393,406,DHelmet
_51fcshh4x,85,1394,549,401,421,DHelmet
_51fcshh4x,86,1512,548,408,437,DHelmet
_51fcshh4x,87,1640,551,280,434,DHelmet
_qjze5kr0x,77,1214,497,176,175,DHelmet
_qjze5kr0x,78,1154,501,166,169,DHelmet
_qjze5kr0x,79,1094,499,166,169,DHelmet
_qjze5kr0x,80,1069,504,128,158,DHelmet
_qjze5kr0x,81,1049,504,56,53,DHelmet
_qjze5kr0x,82,978,506,81,87,DHelmet
_qjze5kr0x,83,906,507,106,123,DHelmet
_qjze5kr0x,84,834,509,132,157,DHelmet
_qjze5kr0x,85,778,509,132,157,DHelmet
_qjze5kr0x,86,728,511,125,154,DHelmet
_qjze5kr0x,87,678,513,118,151,DHelmet
_qjze5kr0x,88,634,517,109,143,DHelmet
_qjze5kr0x,89,591,520,94,89,DHelmet
_qjze5kr0x,90,591,520,41,66,DHelmet
_4mdxfs6dq,78,1372,497,206,185,DHelmetP1Helmet
_4mdxfs6dq,79,1293,499,198,182,DHelmetP1Helmet
_4mdxfs6dq,80,1215,500,188,180,DHelmetP1Helmet
_4mdxfs6dq,81,1174,501,141,149,DHelmetP1Helmet
_4mdxfs6dq,82,1155,504,72,63,DHelmetP1Helmet
_4mdxfs6dq,83,1061,507,101,96,DHelmetP1Helmet
_4mdxfs6dq,84,967,509,131,130,DHelmetP1Helmet
_4mdxfs6dq,85,873,512,161,162,DHelmetP1Helmet
_4mdxfs6dq,86,811,513,156,162,DHelmetP1Helmet
_4mdxfs6dq,87,750,515,150,161,DHelmetP1Helmet
_4mdxfs6dq,88,698,517,138,159,DHelmetP1Helmet
_4mdxfs6dq,89,654,520,126,156,DHelmetP1Helmet
_4mdxfs6dq,90,642,521,74,74,DHelmetP1Helmet
_4mdxfs6dq,91,579,523,85,92,DHelmetP1Helmet
_4mdxfs6dq,92,517,525,95,109,DHelmetP1Helmet
_4mdxfs6dq,93,454,526,106,127,DHelmetP1Helmet
_4mdxfs6dq,94,392,528,117,144,DHelmetP1Helmet
_4mdxfs6dq,95,345,528,117,144,DHelmetP1Helmet
_4mdxfs6dq,96,299,532,121,134,DHelmetP1Helmet
_4mdxfs6dq,97,261,532,122,126,DHelmetP1Helmet
_4mdxfs6dq,98,261,532,67,134,DHelmetP1Helmet
_xrh4axe1w,74,0,581,173,294,DHelmet
_xrh4axe1w,75,31,581,214,301,DHelmet
_xrh4axe1w,76,99,579,221,308,DHelmet
_xrh4axe1w,77,152,577,251,318,DHelmet
_xrh4axe1w,78,229,578,256,325,DHelmet
_xrh4axe1w,79,306,577,261,331,DHelmet
_xrh4axe1w,80,385,577,275,339,DHelmet
_xrh4axe1w,81,464,576,289,347,DHelmet
_xrh4axe1w,82,548,573,306,359,DHelmet
_xrh4axe1w,83,632,571,323,369,DHelmet
_xrh4axe1w,84,728,569,340,382,DHelmet
_xrh4axe1w,85,823,568,358,394,DHelmet
_xrh4axe1w,86,924,567,386,407,DHelmet
_xrh4axe1w,87,1025,567,414,419,DHelmet
_xrh4axe1w,88,1144,566,443,434,DHelmet
_xrh4axe1w,89,1263,565,472,449,DHelmet
_xrh4axe1w,90,1389,561,510,469,DHelmet
_xrh4axe1w,91,1532,560,388,453,DHelmet
_xrh4axe1w,92,1676,556,244,473,DHelmet
_vrfdxv2vz,81,1878,614,42,79,DHelmet
_vrfdxv2vz,82,1773,485,147,203,DHelmet
_vrfdxv2vz,83,1676,483,232,205,DHelmet
_vrfdxv2vz,84,1607,483,200,205,DHelmet
_vrfdxv2vz,85,1590,485,68,85,DHelmet
_vrfdxv2vz,86,1475,488,109,120,DHelmet
_vrfdxv2vz,87,1360,491,150,156,DHelmet
_vrfdxv2vz,88,1245,495,191,190,DHelmet
_vrfdxv2vz,89,1170,500,181,182,DHelmet
_vrfdxv2vz,90,1098,501,165,177,DHelmet
_vrfdxv2vz,91,1025,501,151,172,DHelmet
_vrfdxv2vz,92,963,505,161,172,DHelmet
_vrfdxv2vz,93,940,507,79,88,DHelmet
_vrfdxv2vz,94,872,509,92,106,DHelmet
_vrfdxv2vz,95,803,511,106,123,DHelmet
_vrfdxv2vz,96,735,513,119,141,DHelmet
_vrfdxv2vz,97,667,515,132,158,DHelmet
_vrfdxv2vz,98,618,519,129,151,DHelmet
_vrfdxv2vz,99,565,520,127,150,DHelmet
_vrfdxv2vz,100,513,521,124,149,DHelmet
_ie4f6v605,90,1564,487,188,185,DHelmet
_ie4f6v605,91,1461,488,199,181,DHelmet
_ie4f6v605,92,1388,493,189,176,DHelmet
_ie4f6v605,93,1317,495,182,173,DHelmet
_ie4f6v605,94,1246,497,174,169,DHelmet
_ie4f6v605,95,1217,499,123,121,DHelmet
_ie4f6v605,96,1144,501,127,130,DHelmet
_ie4f6v605,97,1072,503,129,139,DHelmet
_ie4f6v605,98,1000,506,132,147,DHelmet
_ie4f6v605,99,928,508,134,156,DHelmet
_ie4f6v605,100,870,509,147,156,DHelmet
_c5iifv23t,76,19,577,115,170,DHelmet
_c5iifv23t,77,73,579,132,241,DHelmet
_c5iifv23t,78,124,578,161,260,DHelmet
_c5iifv23t,79,175,577,187,265,DHelmet
_c5iifv23t,80,237,577,197,269,DHelmet
_c5iifv23t,81,299,577,208,274,DHelmet
_c5iifv23t,82,361,577,220,283,DHelmet
_c5iifv23t,83,426,575,241,297,DHelmet
_c5iifv23t,84,492,572,261,311,DHelmet
_c5iifv23t,85,563,571,274,316,DHelmet
_c5iifv23t,86,634,571,288,320,DHelmet
_c5iifv23t,87,707,569,305,331,DHelmet
_c5iifv23t,88,781,568,321,340,DHelmet
_c5iifv23t,89,863,567,336,349,DHelmet
_c5iifv23t,90,945,567,351,357,DHelmet
_c5iifv23t,91,1034,567,370,367,DHelmet
_c5iifv23t,92,1123,568,388,376,DHelmet
_c5iifv23t,93,1239,568,390,387,DHelmet
_c5iifv23t,94,1313,564,438,383,DHelmet
_c5iifv23t,95,1418,565,441,406,DHelmet
_c5iifv23t,96,1528,564,392,417,DHelmet
_c5iifv23t,97,1650,563,270,418,DHelmet
_c5bplk8m3,85,5,643,177,393,DHelmet
_c5bplk8m3,86,59,644,242,407,DHelmet
_c5bplk8m3,87,136,650,302,430,DHelmet
_c5bplk8m3,88,251,654,340,426,DHelmet
_c5bplk8m3,89,365,658,380,421,DHelmet
_c5bplk8m3,90,507,662,417,418,DHelmet
_c5bplk8m3,91,664,666,456,414,DHelmet
_c5bplk8m3,92,845,672,493,407,DHelmet
_c5bplk8m3,93,1064,678,494,402,DHelmet
_c5bplk8m3,94,1322,683,558,396,DHelmet
_xttyr36tc,85,17,602,180,305,DHelmetP1Helmet
_xttyr36tc,86,17,588,264,320,DHelmetP1Helmet
_xttyr36tc,87,97,591,230,240,DHelmetP1Helmet
_xttyr36tc,88,179,589,244,325,DHelmetP1Helmet
_xttyr36tc,89,268,587,256,341,DHelmetP1Helmet
_xttyr36tc,90,357,585,268,357,DHelmetP1Helmet
_xttyr36tc,91,458,591,320,368,DHelmetP1Helmet
_xttyr36tc,92,575,587,363,406,DHelmetP1Helmet
_xttyr36tc,93,691,587,387,424,DHelmetP1Helmet
_xttyr36tc,94,815,590,418,442,DHelmetP1Helmet
_xttyr36tc,95,952,592,450,461,DHelmetP1Helmet
_xttyr36tc,96,1104,597,484,481,DHelmetP1Helmet
_xttyr36tc,97,1261,595,534,485,DHelmetP1Helmet
_xttyr36tc,98,1434,591,486,489,DHelmetP1Helmet
_xttyr36tc,99,1630,588,290,492,DHelmetP1Helmet
_ovtclguci,8,323,530,54,109,DHelmetP1Helmet
_ovtclguci,9,287,530,57,108,DHelmetP1Helmet
_ovtclguci,10,259,531,57,105,DHelmetP1Helmet
_ovtclguci,11,231,531,57,112,DHelmetP1Helmet
_ovtclguci,12,194,531,61,120,DHelmetP1Helmet
