track_id,frame_id,x,y,w,h,label
_hb2pblf94,1,1212,406,164,227,DHelmetP1Helmet
_hb2pblf94,2,1174,404,159,224,DHelmetP1Helmet
_hb2pblf94,3,1143,402,154,219,DHelmetP1Helmet
_hb2pblf94,4,1111,398,149,214,DHelmetP1Helmet
_hb2pblf94,5,1081,396,144,209,DHelmetP1Helmet
_hb2pblf94,6,1048,394,139,205,DHelmetP1Helmet
_hb2pblf94,7,1016,392,134,200,DHelmetP1Helmet
_hb2pblf94,8,992,390,129,195,DHelmetP1Helmet
_hb2pblf94,9,969,388,124,190,DHelmetP1Helmet
_hb2pblf94,10,946,386,119,185,DHelmetP1Helmet
_hb2pblf94,11,924,384,114,180,DHelmetP1Helmet
_hb2pblf94,12,902,381,109,177,DHelmetP1Helmet
_hb2pblf94,13,879,379,104,172,DHelmetP1Helmet
_hb2pblf94,14,856,378,102,169,DHelmetP1Helmet
_hb2pblf94,15,838,377,99,167,DHelmetP1Helmet
_hb2pblf94,16,820,376,96,164,DHelmetP1Helmet
_hb2pblf94,17,802,375,94,161,DHelmetP1Helmet
_hb2pblf94,18,784,374,91,159,DHelmetP1Helmet
_hb2pblf94,19,766,373,88,156,DHelmetP1Helmet
_hb2pblf94,20,751,372,85,154,DHelmetP1Helmet
_hb2pblf94,21,736,371,82,151,DHelmetP1Helmet
_hb2pblf94,22,721,370,79,149,DHelmetP1Helmet
_hb2pblf94,23,706,369,77,146,DHelmetP1Helmet
_hb2pblf94,24,691,368,74,143,DHelmetP1Helmet
_hb2pblf94,25,676,368,71,140,DHelmetP1Helmet
_hb2pblf94,26,662,366,72,139,DHelmetP1Helmet
_hb2pblf94,27,649,365,72,137,DHelmetP1Helmet
_hb2pblf94,28,636,363,73,136,DHelmetP1Helmet
_hb2pblf94,29,623,362,73,133,DHelmetP1Helmet
_hb2pblf94,30,609,360,74,132,DHelmetP1Helmet
_hb2pblf94,31,596,359,74,130,DHelmetP1Helmet
_hb2pblf94,32,584,358,73,129,DHelmetP1Helmet
_hb2pblf94,33,571,358,73,127,DHelmetP1Helmet
_hb2pblf94,34,559,357,72,126,DHelmetP1Helmet
_hb2pblf94,35,546,357,71,124,DHelmetP1Helmet
_hb2pblf94,36,534,356,70,123,DHelmetP1Helmet
_hb2pblf94,37,522,356,69,121,DHelmetP1Helmet
_hb2pblf94,38,509,355,69,120,DHelmetP1Helmet
_hb2pblf94,39,497,355,67,117,DHelmetP1Helmet
_hb2pblf94,40,484,354,67,116,DHelmetP1Helmet
_hb2pblf94,41,472,354,66,114,DHelmetP1Helmet
_hb2pblf94,42,463,353,65,113,DHelmetP1Helmet
_hb2pblf94,43,453,353,65,111,DHelmetP1Helmet
_hb2pblf94,44,444,352,64,110,DHelmetP1Helmet
_hb2pblf94,45,435,352,63,108,DHelmetP1Helmet
_hb2pblf94,46,426,351,62,107,DHelmetP1Helmet
_hb2pblf94,47,417,351,61,105,DHelmetP1Helmet
_hb2pblf94,48,408,350,60,104,DHelmetP1Helmet
_hb2pblf94,49,398,350,60,101,DHelmetP1Helmet
_hb2pblf94,50,389,349,59,100,DHelmetP1Helmet
_hb2pblf94,51,382,349,56,100,DHelmetP1Helmet
_hb2pblf94,52,375,348,53,100,DHelmetP1Helmet
_hb2pblf94,53,367,347,51,100,DHelmetP1Helmet
_hb2pblf94,54,360,346,48,100,DHelmetP1Helmet
_hb2pblf94,55,347,346,53,99,DHelmetP1Helmet
_3q9664sfy,1,1492,440,198,282,DHelmetP1Helmet
_3q9664sfy,2,1422,434,195,275,DHelmetP1Helmet
_3q9664sfy,3,1360,429,193,267,DHelmetP1Helmet
_3q9664sfy,4,1301,424,190,259,DHelmetP1Helmet
_3q9664sfy,5,1248,420,187,251,DHelmetP1Helmet
_3q9664sfy,6,1195,416,183,243,DHelmetP1Helmet
_3q9664sfy,7,1155,413,174,236,DHelmetP1Helmet
_3q9664sfy,8,1115,411,165,228,DHelmetP1Helmet
_3q9664sfy,9,1075,409,156,220,DHelmetP1Helmet
_3q9664sfy,10,1037,405,150,216,DHelmetP1Helmet
_3q9664sfy,11,999,402,144,211,DHelmetP1Helmet
_3q9664sfy,12,966,399,138,207,DHelmetP1Helmet
_3q9664sfy,13,933,395,132,203,DHelmetP1Helmet
_3q9664sfy,14,902,393,127,199,DHelmetP1Helmet
_3q9664sfy,15,874,391,121,194,DHelmetP1Helmet
_3q9664sfy,16,845,390,116,189,DHelmetP1Helmet
_3q9664sfy,17,819,388,112,185,DHelmetP1Helmet
_3q9664sfy,18,793,386,109,180,DHelmetP1Helmet
_3q9664sfy,19,767,384,105,176,DHelmetP1Helmet
_3q9664sfy,20,745,382,101,172,DHelmetP1Helmet
_3q9664sfy,21,723,380,97,167,DHelmetP1Helmet
_3q9664sfy,22,703,378,94,165,DHelmetP1Helmet
_3q9664sfy,23,683,377,91,162,DHelmetP1Helmet
_3q9664sfy,24,662,375,89,160,DHelmetP1Helmet
_3q9664sfy,25,644,374,88,157,DHelmetP1Helmet
_3q9664sfy,26,627,372,86,154,DHelmetP1Helmet
_3q9664sfy,27,609,371,84,151,DHelmetP1Helmet
_3q9664sfy,28,591,369,83,149,DHelmetP1Helmet
_3q9664sfy,29,573,368,82,146,DHelmetP1Helmet
_3q9664sfy,30,559,367,81,143,DHelmetP1Helmet
_3q9664sfy,31,545,365,79,141,DHelmetP1Helmet
_3q9664sfy,32,531,364,77,138,DHelmetP1Helmet
_3q9664sfy,33,517,363,75,135,DHelmetP1Helmet
_3q9664sfy,34,503,362,74,133,DHelmetP1Helmet
_3q9664sfy,35,489,361,72,130,DHelmetP1Helmet
_3q9664sfy,36,478,360,69,127,DHelmetP1Helmet
_3q9664sfy,37,466,359,68,124,DHelmetP1Helmet
_3q9664sfy,38,454,358,66,122,DHelmetP1Helmet
_3q9664sfy,39,441,357,65,121,DHelmetP1Helmet
_3q9664sfy,40,430,356,64,119,DHelmetP1Helmet
_3q9664sfy,41,419,355,62,118,DHelmetP1Helmet
_3q9664sfy,42,408,355,61,115,DHelmetP1Helmet
_3q9664sfy,43,397,354,59,113,DHelmetP1Helmet
_aj3c3o16p,1,1328,424,223,316,DHelmet
_aj3c3o16p,2,1260,420,224,305,DHelmet
_aj3c3o16p,3,1200,413,206,293,DHelmet
_aj3c3o16p,4,1145,412,193,281,DHelmet
_aj3c3o16p,5,1093,408,181,270,DHelmet
_aj3c3o16p,6,1045,401,170,263,DHelmet
_aj3c3o16p,7,1002,406,160,245,DHelmet
_aj3c3o16p,8,960,401,152,240,DHelmet
_aj3c3o16p,9,924,395,144,236,DHelmet
_aj3c3o16p,10,887,393,139,227,DHelmet
_aj3c3o16p,11,851,391,133,219,DHelmet
_aj3c3o16p,12,818,389,128,213,DHelmet
_aj3c3o16p,13,785,387,124,207,DHelmet
_aj3c3o16p,14,753,384,120,202,DHelmet
_aj3c3o16p,15,721,382,116,195,DHelmet
_aj3c3o16p,16,692,380,116,189,DHelmet
_aj3c3o16p,17,675,378,104,183,DHelmet
_aj3c3o16p,18,652,375,99,180,DHelmet
_aj3c3o16p,19,628,373,96,175,DHelmet
_aj3c3o16p,20,607,371,92,172,DHelmet
_aj3c3o16p,21,589,370,89,168,DHelmet
_aj3c3o16p,22,570,368,86,164,DHelmet
_aj3c3o16p,23,551,366,84,161,DHelmet
_aj3c3o16p,24,539,365,77,156,DHelmet
_aj3c3o16p,25,525,363,73,153,DHelmet
_aj3c3o16p,26,512,362,69,149,DHelmet
_aj3c3o16p,27,498,361,69,146,DHelmet
_aj3c3o16p,28,485,361,67,143,DHelmet
_aj3c3o16p,29,471,360,67,141,DHelmet
_aj3c3o16p,30,458,360,65,138,DHelmet
_aj3c3o16p,31,444,359,65,136,DHelmet
_aj3c3o16p,32,434,358,64,133,DHelmet
_aj3c3o16p,33,423,357,63,130,DHelmet
_aj3c3o16p,34,413,356,62,127,DHelmet
_aj3c3o16p,35,403,355,61,125,DHelmet
_aj3c3o16p,36,392,354,60,122,DHelmet
_aj3c3o16p,37,382,353,59,119,DHelmet
_aj3c3o16p,38,371,352,59,117,DHelmet
_aj3c3o16p,39,362,351,57,115,DHelmet
_aj3c3o16p,40,352,350,56,114,DHelmet
_aj3c3o16p,41,342,350,55,111,DHelmet
_aj3c3o16p,42,332,349,55,110,DHelmet
_aj3c3o16p,43,322,348,54,108,DHelmet
_aj3c3o16p,44,313,347,52,107,DHelmet
_aj3c3o16p,45,303,346,51,105,DHelmet
_aj3c3o16p,46,293,346,51,103,DHelmet
_aj3c3o16p,47,283,345,50,102,DHelmet
_aj3c3o16p,48,273,344,49,100,DHelmet
_aj3c3o16p,49,264,343,47,99,DHelmet
_aj3c3o16p,50,254,342,48,98,DHelmet
_aj3c3o16p,51,244,340,48,99,DHelmet
_r77lqd22y,3,1730,448,190,294,DHelmet
_r77lqd22y,4,1657,444,227,283,DHelmet
_r77lqd22y,5,1587,440,209,271,DHelmet
_r77lqd22y,6,1522,435,193,262,DHelmet
_r77lqd22y,7,1460,429,176,253,DHelmet
_r77lqd22y,8,1406,424,160,243,DHelmet
_r77lqd22y,9,1355,420,150,233,DHelmet
_r77lqd22y,10,1304,415,140,225,DHelmet
_r77lqd22y,11,1259,414,132,215,DHelmet
_r77lqd22y,12,1215,412,123,206,DHelmet
_r77lqd22y,13,1174,410,116,197,DHelmet
_r77lqd22y,14,1134,407,111,191,DHelmet
_r77lqd22y,15,1095,404,105,185,DHelmet
_r77lqd22y,16,1061,401,100,179,DHelmet
_r77lqd22y,17,1028,398,94,174,DHelmet
_r77lqd22y,18,994,395,90,168,DHelmet
_r77lqd22y,19,961,391,86,163,DHelmet
_r77lqd22y,20,933,389,82,159,DHelmet
_r77lqd22y,21,904,387,79,155,DHelmet
_r77lqd22y,22,876,386,78,150,DHelmet
_r77lqd22y,23,848,384,77,146,DHelmet
_r77lqd22y,24,824,382,76,142,DHelmet
_r77lqd22y,25,799,380,75,138,DHelmet
_r77lqd22y,26,775,378,74,134,DHelmet
_r77lqd22y,27,754,377,71,129,DHelmet
_r77lqd22y,28,733,375,68,125,DHelmet
_r77lqd22y,29,711,373,67,121,DHelmet
_r77lqd22y,30,690,371,64,117,DHelmet
_r77lqd22y,31,669,370,61,112,DHelmet
_r77lqd22y,32,648,368,58,107,DHelmet
_r77lqd22y,33,627,366,55,103,DHelmet
_xa8gomco4,7,1707,460,213,303,DHelmet
_xa8gomco4,8,1633,453,287,304,DHelmet
_xa8gomco4,9,1558,447,264,304,DHelmet
_xa8gomco4,10,1494,443,251,301,DHelmet
_xa8gomco4,11,1418,438,239,291,DHelmet
_xa8gomco4,12,1360,434,226,279,DHelmet
_xa8gomco4,13,1302,429,214,269,DHelmet
_xa8gomco4,14,1255,427,201,259,DHelmet
_xa8gomco4,15,1211,421,187,251,DHelmet
_xa8gomco4,16,1171,417,173,242,DHelmet
_xa8gomco4,17,1131,413,160,233,DHelmet
_xa8gomco4,18,1095,411,146,224,DHelmet
_xa8gomco4,19,1059,407,138,213,DHelmet
_xa8gomco4,20,1024,404,128,201,DHelmet
_xa8gomco4,21,988,401,120,189,DHelmet
_xa8gomco4,22,957,400,111,177,DHelmet
_xa8gomco4,23,927,398,102,166,DHelmet
_xa8gomco4,24,896,397,94,154,DHelmet
_xa8gomco4,25,865,395,86,143,DHelmet
_xa8gomco4,26,844,392,82,141,DHelmet
_xa8gomco4,27,822,388,79,141,DHelmet
_xa8gomco4,28,800,385,77,139,DHelmet
_xa8gomco4,29,778,383,77,145,DHelmet
_xa8gomco4,30,757,381,76,150,DHelmet
_xa8gomco4,31,735,380,76,154,DHelmet
_xa8gomco4,32,714,378,75,159,DHelmet
_xa8gomco4,33,692,377,77,155,DHelmet
_xa8gomco4,34,671,375,78,152,DHelmet
_xa8gomco4,35,651,374,77,149,DHelmet
_xa8gomco4,36,632,372,74,146,DHelmet
_xa8gomco4,37,612,371,73,143,DHelmet
_xa8gomco4,38,593,369,71,140,DHelmet
_xa8gomco4,39,575,368,76,138,DHelmet
_xa8gomco4,40,560,367,74,135,DHelmet
_xa8gomco4,41,546,366,71,132,DHelmet
_xa8gomco4,42,532,364,67,131,DHelmet
_xa8gomco4,43,519,363,65,128,DHelmet
_xa8gomco4,44,505,362,64,126,DHelmet
_xa8gomco4,45,492,361,62,123,DHelmet
_xa8gomco4,46,481,360,59,120,DHelmet
_xa8gomco4,47,469,358,57,119,DHelmet
_xa8gomco4,48,456,357,57,118,DHelmet
_xa8gomco4,49,443,355,57,118,DHelmet
_xa8gomco4,50,430,353,57,119,DHelmet
_xa8gomco4,51,420,352,54,115,DHelmet
_xa8gomco4,52,411,351,50,112,DHelmet
_guuopw4t1,12,1734,445,186,281,DHelmet
_guuopw4t1,13,1672,441,247,279,DHelmet
_guuopw4t1,14,1613,432,250,276,DHelmet
_guuopw4t1,15,1559,432,236,267,DHelmet
_guuopw4t1,16,1512,429,221,258,DHelmet
_guuopw4t1,17,1464,426,210,249,DHelmet
_guuopw4t1,18,1419,423,199,239,DHelmet
_guuopw4t1,19,1375,420,192,233,DHelmet
_guuopw4t1,20,1331,417,185,227,DHelmet
_guuopw4t1,21,1293,414,182,224,DHelmet
_guuopw4t1,22,1256,411,178,221,DHelmet
_guuopw4t1,23,1218,409,175,217,DHelmet
_guuopw4t1,24,1180,406,171,214,DHelmet
_guuopw4t1,25,1142,403,168,211,DHelmet
_guuopw4t1,26,1108,401,165,207,DHelmet
_guuopw4t1,27,1074,398,162,204,DHelmet
_guuopw4t1,28,1039,396,159,200,DHelmet
_guuopw4t1,29,1005,393,156,197,DHelmet
_guuopw4t1,30,971,390,153,195,DHelmet
_guuopw4t1,31,959,389,124,169,DHelmet
_guuopw4t1,32,947,388,96,144,DHelmet
_guuopw4t1,33,935,387,67,119,DHelmet
_guuopw4t1,34,923,386,39,94,DHelmet
_guuopw4t1,35,886,384,51,76,DHelmet
_guuopw4t1,36,851,382,99,142,DHelmet
_guuopw4t1,37,833,381,94,125,DHelmet
_guuopw4t1,38,811,380,93,125,DHelmet
_guuopw4t1,39,790,378,92,124,DHelmet
_guuopw4t1,40,769,376,91,124,DHelmet
_guuopw4t1,41,751,376,90,131,DHelmet
_guuopw4t1,42,734,375,89,139,DHelmet
_guuopw4t1,43,716,375,88,137,DHelmet
_guuopw4t1,44,697,374,90,135,DHelmet
_guuopw4t1,45,679,373,91,133,DHelmet
_guuopw4t1,46,660,372,93,131,DHelmet
_guuopw4t1,47,641,371,95,129,DHelmet
_guuopw4t1,48,622,370,97,127,DHelmet
_guuopw4t1,49,604,368,99,126,DHelmet
_guuopw4t1,50,592,367,94,124,DHelmet
_guuopw4t1,51,580,366,90,122,DHelmet
_guuopw4t1,52,568,365,86,120,DHelmet
_guuopw4t1,53,556,364,81,118,DHelmet
_guuopw4t1,54,544,363,77,115,DHelmet
_guuopw4t1,55,532,363,77,114,DHelmet
_guuopw4t1,56,521,362,75,113,DHelmet
_guuopw4t1,57,510,362,74,112,DHelmet
_guuopw4t1,58,498,361,74,111,DHelmet
_guuopw4t1,59,487,361,72,110,DHelmet
_guuopw4t1,60,476,360,71,109,DHelmet
_guuopw4t1,61,466,359,70,108,DHelmet
_guuopw4t1,62,456,358,69,107,DHelmet
_guuopw4t1,63,446,357,69,106,DHelmet
_guuopw4t1,64,436,356,68,105,DHelmet
_guuopw4t1,65,426,355,67,104,DHelmet
_guuopw4t1,66,416,354,66,103,DHelmet
_guuopw4t1,67,407,354,66,101,DHelmet
_guuopw4t1,68,398,353,66,101,DHelmet
_guuopw4t1,69,389,352,66,100,DHelmet
_guuopw4t1,70,380,351,65,99,DHelmet
_guuopw4t1,71,371,351,65,97,DHelmet
_guuopw4t1,72,362,350,65,96,DHelmet
_guuopw4t1,73,352,349,66,96,DHelmet
_guuopw4t1,74,343,348,66,95,DHelmet
_guuopw4t1,75,334,348,66,93,DHelmet
_guuopw4t1,76,326,347,63,92,DHelmet
_guuopw4t1,77,319,346,60,92,DHelmet
_guuopw4t1,78,311,345,57,91,DHelmet
_guuopw4t1,79,303,345,54,89,DHelmet
_xnqfewgm6,19,1719,447,201,296,DHelmet
_xnqfewgm6,20,1656,442,197,285,DHelmet
_xnqfewgm6,21,1593,437,178,274,DHelmet
_xnqfewgm6,22,1514,432,174,267,DHelmet
_xnqfewgm6,23,1443,428,170,259,DHelmet
_xnqfewgm6,24,1375,424,166,251,DHelmet
_xnqfewgm6,25,1307,419,171,243,DHelmet
_xnqfewgm6,26,1249,415,163,235,DHelmet
_xnqfewgm6,27,1198,411,154,227,DHelmet
_xnqfewgm6,28,1149,408,149,221,DHelmet
_xnqfewgm6,29,1103,403,144,215,DHelmet
_xnqfewgm6,30,1060,401,139,210,DHelmet
_xnqfewgm6,31,1018,398,135,204,DHelmet
_xnqfewgm6,32,983,395,129,198,DHelmet
_xnqfewgm6,33,956,392,115,192,DHelmet
_xnqfewgm6,34,923,390,110,188,DHelmet
_xnqfewgm6,35,890,389,106,182,DHelmet
_xnqfewgm6,36,860,387,102,178,DHelmet
_xnqfewgm6,37,835,385,96,174,DHelmet
_xnqfewgm6,38,808,384,94,170,DHelmet
_xnqfewgm6,39,781,382,91,167,DHelmet
_xnqfewgm6,40,753,380,90,164,DHelmet
_xnqfewgm6,41,729,378,87,162,DHelmet
_xnqfewgm6,42,704,377,85,158,DHelmet
_xnqfewgm6,43,680,375,82,155,DHelmet
_xnqfewgm6,44,658,373,80,152,DHelmet
_xnqfewgm6,45,636,370,78,149,DHelmet
_xnqfewgm6,46,617,368,75,146,DHelmet
_xnqfewgm6,47,596,367,74,143,DHelmet
_xnqfewgm6,48,576,366,71,140,DHelmet
_xnqfewgm6,49,559,365,70,138,DHelmet
_xnqfewgm6,50,542,364,70,135,DHelmet
_xnqfewgm6,51,525,363,69,133,DHelmet
_xnqfewgm6,52,508,362,68,130,DHelmet
_xnqfewgm6,53,490,361,69,128,DHelmet
_xnqfewgm6,54,473,360,68,126,DHelmet
_xnqfewgm6,55,456,360,67,123,DHelmet
_xnqfewgm6,56,443,358,67,122,DHelmet
_xnqfewgm6,57,431,357,66,119,DHelmet
_xnqfewgm6,58,419,355,65,117,DHelmet
_xnqfewgm6,59,406,354,65,114,DHelmet
_xnqfewgm6,60,394,352,65,113,DHelmet
_xnqfewgm6,61,380,353,54,111,DHelmet
_xnqfewgm6,62,371,351,55,111,DHelmet
_xnqfewgm6,63,358,349,55,111,DHelmet
_wrjpy44ll,24,1681,449,239,328,DHelmetP1Helmet
_wrjpy44ll,25,1621,443,299,316,DHelmetP1Helmet
_wrjpy44ll,26,1567,435,243,278,DHelmetP1Helmet
_wrjpy44ll,27,1515,432,226,273,DHelmetP1Helmet
_wrjpy44ll,28,1465,429,210,268,DHelmetP1Helmet
_wrjpy44ll,29,1420,426,202,263,DHelmetP1Helmet
_wrjpy44ll,30,1376,422,192,259,DHelmetP1Helmet
_wrjpy44ll,31,1331,419,184,254,DHelmetP1Helmet
_wrjpy44ll,32,1293,417,175,248,DHelmetP1Helmet
_wrjpy44ll,33,1254,414,168,244,DHelmetP1Helmet
_wrjpy44ll,34,1216,412,159,238,DHelmetP1Helmet
_wrjpy44ll,35,1180,409,151,234,DHelmetP1Helmet
_wrjpy44ll,36,1144,407,143,228,DHelmetP1Helmet
_wrjpy44ll,37,1110,404,141,224,DHelmetP1Helmet
_wrjpy44ll,38,1075,402,140,219,DHelmetP1Helmet
_wrjpy44ll,39,1044,399,138,214,DHelmetP1Helmet
_wrjpy44ll,40,1013,397,136,209,DHelmetP1Helmet
_wrjpy44ll,41,982,394,135,205,DHelmetP1Helmet
_wrjpy44ll,42,961,392,133,199,DHelmetP1Helmet
_wrjpy44ll,43,934,389,126,195,DHelmetP1Helmet
_wrjpy44ll,44,906,386,119,190,DHelmetP1Helmet
_wrjpy44ll,45,885,384,112,185,DHelmetP1Helmet
_wrjpy44ll,46,863,381,106,180,DHelmetP1Helmet
_wrjpy44ll,47,843,380,98,175,DHelmetP1Helmet
_wrjpy44ll,48,822,379,96,171,DHelmetP1Helmet
_wrjpy44ll,49,801,377,94,168,DHelmetP1Helmet
_wrjpy44ll,50,782,376,91,165,DHelmetP1Helmet
_wrjpy44ll,51,762,375,90,161,DHelmetP1Helmet
_wrjpy44ll,52,743,373,87,158,DHelmetP1Helmet
_wrjpy44ll,53,727,372,85,154,DHelmetP1Helmet
_wrjpy44ll,54,711,371,83,151,DHelmetP1Helmet
_wrjpy44ll,55,696,369,80,148,DHelmetP1Helmet
_wrjpy44ll,56,680,368,79,146,DHelmetP1Helmet
_wrjpy44ll,57,666,367,77,144,DHelmetP1Helmet
_wrjpy44ll,58,652,366,75,142,DHelmetP1Helmet
_wrjpy44ll,59,638,366,73,139,DHelmetP1Helmet
_wrjpy44ll,60,624,365,71,137,DHelmetP1Helmet
_wrjpy44ll,61,610,364,70,135,DHelmetP1Helmet
_wrjpy44ll,62,596,363,68,133,DHelmetP1Helmet
_wrjpy44ll,63,582,362,67,131,DHelmetP1Helmet
_wrjpy44ll,64,569,361,64,130,DHelmetP1Helmet
_wrjpy44ll,65,555,360,62,128,DHelmetP1Helmet
_wrjpy44ll,66,542,359,62,126,DHelmetP1Helmet
_wrjpy44ll,67,528,358,62,125,DHelmetP1Helmet
_wrjpy44ll,68,515,357,61,123,DHelmetP1Helmet
_wrjpy44ll,69,502,356,60,122,DHelmetP1Helmet
_wrjpy44ll,70,491,355,60,121,DHelmetP1Helmet
_wrjpy44ll,71,481,355,58,119,DHelmetP1Helmet
_wrjpy44ll,72,470,354,58,117,DHelmetP1Helmet
_wrjpy44ll,73,460,354,57,115,DHelmetP1Helmet
_wrjpy44ll,74,449,353,57,114,DHelmetP1Helmet
_wrjpy44ll,75,439,353,55,112,DHelmetP1Helmet
_wrjpy44ll,76,428,352,55,110,DHelmetP1Helmet
_wrjpy44ll,77,417,352,55,108,DHelmetP1Helmet
_wrjpy44ll,78,407,351,54,107,DHelmetP1Helmet
_wrjpy44ll,79,396,351,53,105,DHelmetP1Helmet
_wrjpy44ll,80,386,350,52,104,DHelmetP1Helmet
_wrjpy44ll,81,375,350,52,101,DHelmetP1Helmet
_wrjpy44ll,82,367,349,51,101,DHelmetP1Helmet
_wrjpy44ll,83,358,348,52,100,DHelmetP1Helmet
_wrjpy44ll,84,349,347,52,100,DHelmetP1Helmet
_wrjpy44ll,85,341,346,51,99,DHelmetP1Helmet
_wrjpy44ll,86,332,346,51,97,DHelmetP1Helmet
_wrjpy44ll,87,325,345,50,97,DHelmetP1Helmet
_wrjpy44ll,88,318,344,48,96,DHelmetP1Helmet
_wrjpy44ll,89,311,343,46,96,DHelmetP1Helmet
_wrjpy44ll,90,304,342,46,94,DHelmetP1Helmet
_wrjpy44ll,91,297,341,46,93,DHelmetP1Helmet
_wrjpy44ll,92,290,340,45,92,DHelmetP1Helmet
_wrjpy44ll,93,283,339,45,90,DHelmetP1Helmet
_wrjpy44ll,94,277,340,44,89,DHelmetP1Helmet
_wrjpy44ll,95,271,340,43,88,DHelmetP1Helmet
_wrjpy44ll,96,265,341,42,86,DHelmetP1Helmet
_wrjpy44ll,97,258,342,42,84,DHelmetP1Helmet
_y6l9apuvc,56,1670,469,224,356,DNoHelmetP1Helmet
_y6l9apuvc,57,1627,463,206,345,DNoHelmetP1Helmet
_y6l9apuvc,58,1581,460,194,331,DNoHelmetP1Helmet
_y6l9apuvc,59,1540,456,179,313,DNoHelmetP1Helmet
_y6l9apuvc,60,1500,451,188,302,DNoHelmetP1Helmet
_y6l9apuvc,61,1462,449,183,287,DNoHelmetP1Helmet
_y6l9apuvc,62,1422,446,177,273,DNoHelmetP1Helmet
_y6l9apuvc,63,1386,442,171,266,DNoHelmetP1Helmet
_y6l9apuvc,64,1349,439,165,258,DNoHelmetP1Helmet
_y6l9apuvc,65,1312,435,160,251,DNoHelmetP1Helmet
_y6l9apuvc,66,1276,431,153,244,DNoHelmetP1Helmet
_y6l9apuvc,67,1242,429,148,235,DNoHelmetP1Helmet
_y6l9apuvc,68,1209,426,142,228,DNoHelmetP1Helmet
_y6l9apuvc,69,1176,423,137,221,DNoHelmetP1Helmet
_y6l9apuvc,70,1149,421,131,214,DNoHelmetP1Helmet
_y6l9apuvc,71,1123,418,124,208,DNoHelmetP1Helmet
_y6l9apuvc,72,1096,416,119,202,DNoHelmetP1Helmet
_y6l9apuvc,73,1069,414,113,195,DNoHelmetP1Helmet
_y6l9apuvc,74,1042,411,110,192,DNoHelmetP1Helmet
_y6l9apuvc,75,1014,409,109,187,DNoHelmetP1Helmet
_y6l9apuvc,76,987,407,106,183,DNoHelmetP1Helmet
_y6l9apuvc,77,962,404,104,180,DNoHelmetP1Helmet
_y6l9apuvc,78,936,402,102,175,DNoHelmetP1Helmet
_y6l9apuvc,79,912,399,100,172,DNoHelmetP1Helmet
_y6l9apuvc,80,889,397,97,167,DNoHelmetP1Helmet
_y6l9apuvc,81,864,393,95,164,DNoHelmetP1Helmet
_y6l9apuvc,82,842,391,93,162,DNoHelmetP1Helmet
_y6l9apuvc,83,819,389,91,159,DNoHelmetP1Helmet
_y6l9apuvc,84,801,387,89,156,DNoHelmetP1Helmet
_y6l9apuvc,85,783,385,87,153,DNoHelmetP1Helmet
_y6l9apuvc,86,766,384,84,151,DNoHelmetP1Helmet
_y6l9apuvc,87,748,383,83,148,DNoHelmetP1Helmet
_y6l9apuvc,88,730,382,81,145,DNoHelmetP1Helmet
_y6l9apuvc,89,713,382,78,142,DNoHelmetP1Helmet
_y6l9apuvc,90,695,381,77,139,DNoHelmetP1Helmet
_y6l9apuvc,91,677,380,75,137,DNoHelmetP1Helmet
_y6l9apuvc,92,664,378,72,134,DNoHelmetP1Helmet
_y6l9apuvc,93,650,375,70,133,DNoHelmetP1Helmet
_y6l9apuvc,94,636,372,69,131,DNoHelmetP1Helmet
_y6l9apuvc,95,623,372,66,128,DNoHelmetP1Helmet
_y6l9apuvc,96,609,372,64,124,DNoHelmetP1Helmet
_y6l9apuvc,97,599,372,62,121,DNoHelmetP1Helmet
_y6l9apuvc,98,588,372,60,117,DNoHelmetP1Helmet
_y6l9apuvc,99,574,370,61,117,DNoHelmetP1Helmet
_y6l9apuvc,100,564,368,60,117,DNoHelmetP1Helmet
_r2iujnkfj,59,1707,469,213,420,DHelmet
_r2iujnkfj,60,1627,458,293,431,DHelmet
_r2iujnkfj,61,1555,453,359,401,DHelmet
_r2iujnkfj,62,1489,445,323,383,DHelmet
_r2iujnkfj,63,1427,441,299,364,DHelmet
_r2iujnkfj,64,1364,434,279,346,DHelmet
_r2iujnkfj,65,1311,430,258,328,DHelmet
_r2iujnkfj,66,1256,423,242,314,DHelmet
_r2iujnkfj,67,1207,419,226,301,DHelmet
_r2iujnkfj,68,1161,415,217,290,DHelmet
_r2iujnkfj,69,1115,412,207,279,DHelmet
_r2iujnkfj,70,1072,408,198,268,DHelmet
_r2iujnkfj,71,1029,404,188,257,DHelmet
_r2iujnkfj,72,992,401,179,249,DHelmet
_r2iujnkfj,73,954,398,170,241,DHelmet
_r2iujnkfj,74,921,395,161,233,DHelmet
_r2iujnkfj,75,888,392,152,225,DHelmet
_r2iujnkfj,76,857,389,147,219,DHelmet
_r2iujnkfj,77,826,387,141,211,DHelmet
_r2iujnkfj,78,799,384,134,205,DHelmet
_r2iujnkfj,79,771,381,129,198,DHelmet
_r2iujnkfj,80,745,379,126,195,DHelmet
_r2iujnkfj,81,718,378,124,190,DHelmet
_r2iujnkfj,82,692,376,120,187,DHelmet
_r2iujnkfj,83,670,375,118,182,DHelmet
_r2iujnkfj,84,648,373,116,178,DHelmet
_r2iujnkfj,85,629,372,113,174,DHelmet
_r2iujnkfj,86,610,370,111,170,DHelmet
_r2iujnkfj,87,591,369,108,166,DHelmet
_r2iujnkfj,88,573,367,101,162,DHelmet
_r2iujnkfj,89,554,366,96,158,DHelmet
_r2iujnkfj,90,537,365,93,153,DHelmet
_r2iujnkfj,91,520,363,91,150,DHelmet
_r2iujnkfj,92,502,362,90,145,DHelmet
_r2iujnkfj,93,485,360,88,141,DHelmet
_r2iujnkfj,94,467,359,87,137,DHelmet
_r2iujnkfj,95,452,357,86,133,DHelmet
_r2iujnkfj,96,437,356,84,129,DHelmet
_r2iujnkfj,97,422,354,83,125,DHelmet
_r2iujnkfj,98,410,353,79,115,DHelmet
_r2iujnkfj,99,397,352,76,104,DHelmet
_r2iujnkfj,100,385,351,74,94,DHelmet
_xv2g7b0jv,96,1641,443,279,317,DHelmetP1NoHelmetP2Helmet
_xv2g7b0jv,97,1583,435,244,307,DHelmetP1NoHelmetP2Helmet
_xv2g7b0jv,98,1511,431,244,306,DHelmetP1NoHelmetP2Helmet
_hvcmjg1ee,8,1575,535,345,545,DHelmet
_hvcmjg1ee,9,1496,507,375,573,DHelmet
_hvcmjg1ee,10,1429,493,329,587,DHelmet
_hvcmjg1ee,11,1376,480,282,558,DHelmet
_hvcmjg1ee,12,1323,465,254,513,DHelmet
_hvcmjg1ee,13,1270,451,242,482,DHelmet
_hvcmjg1ee,14,1226,441,222,445,DHelmet
_hvcmjg1ee,15,1184,435,213,417,DHelmet
_hvcmjg1ee,16,1142,428,204,391,DHelmet
_hvcmjg1ee,17,1096,422,201,363,DHelmet
_hvcmjg1ee,18,1069,415,185,347,DHelmet
_hvcmjg1ee,19,1026,410,187,330,DHelmet
_hvcmjg1ee,20,994,406,177,315,DHelmet
_hvcmjg1ee,21,962,403,168,299,DHelmet
_hvcmjg1ee,22,932,399,162,287,DHelmet
_hvcmjg1ee,23,924,395,134,275,DHelmet
_hvcmjg1ee,24,872,392,151,264,DHelmet
_hvcmjg1ee,25,842,388,146,255,DHelmet
_hvcmjg1ee,26,811,385,143,245,DHelmet
_hvcmjg1ee,27,786,381,133,235,DHelmet
_hvcmjg1ee,28,757,379,133,228,DHelmet
_hvcmjg1ee,29,729,377,132,221,DHelmet
_hvcmjg1ee,30,702,375,123,213,DHelmet
_hvcmjg1ee,31,676,373,113,206,DHelmet
_hvcmjg1ee,32,654,371,99,199,DHelmet
_hvcmjg1ee,33,630,369,97,194,DHelmet
_hvcmjg1ee,34,606,368,95,188,DHelmet
_hvcmjg1ee,35,583,366,91,183,DHelmet
_hvcmjg1ee,36,559,365,89,177,DHelmet
_hvcmjg1ee,37,538,363,85,169,DHelmet
_hvcmjg1ee,38,510,359,90,165,DHelmet
_hvcmjg1ee,39,492,355,93,162,DHelmet
_hvcmjg1ee,40,480,352,84,160,DHelmet
_hvcmjg1ee,41,463,352,83,156,DHelmet
_hvcmjg1ee,42,447,351,81,153,DHelmet
_hvcmjg1ee,43,431,351,79,148,DHelmet
_hvcmjg1ee,44,414,350,78,145,DHelmet
_hvcmjg1ee,45,398,349,76,142,DHelmet
_hvcmjg1ee,46,382,349,74,138,DHelmet
_hvcmjg1ee,47,366,348,72,134,DHelmet
_hvcmjg1ee,48,352,348,71,130,DHelmet
_hvcmjg1ee,49,339,347,69,127,DHelmet
_hvcmjg1ee,50,325,346,67,124,DHelmet
_hvcmjg1ee,51,312,346,65,119,DHelmet
_hvcmjg1ee,52,298,345,64,116,DHelmet
_hvcmjg1ee,53,285,345,62,112,DHelmet
_hvcmjg1ee,54,270,345,66,107,DHelmet
_5mv86sdkn,18,1568,550,352,530,DHelmetP1Helmet
_5mv86sdkn,19,1470,525,389,555,DHelmetP1Helmet
_5mv86sdkn,20,1386,505,344,553,DHelmetP1Helmet
_5mv86sdkn,21,1313,487,314,513,DHelmetP1Helmet
_5mv86sdkn,22,1252,472,285,474,DHelmetP1Helmet
_5mv86sdkn,23,1198,463,265,446,DHelmetP1Helmet
_5mv86sdkn,24,1143,454,245,418,DHelmetP1Helmet
_5mv86sdkn,25,1096,445,229,390,DHelmetP1Helmet
_5mv86sdkn,26,1054,438,216,370,DHelmetP1Helmet
_5mv86sdkn,27,1012,431,203,350,DHelmetP1Helmet
_5mv86sdkn,28,975,424,192,329,DHelmetP1Helmet
_5mv86sdkn,29,939,417,179,309,DHelmetP1Helmet
_5mv86sdkn,30,909,412,168,297,DHelmetP1Helmet
_5mv86sdkn,31,878,408,159,284,DHelmetP1Helmet
_5mv86sdkn,32,848,404,149,271,DHelmetP1Helmet
_5mv86sdkn,33,824,400,139,258,DHelmetP1Helmet
_5mv86sdkn,34,800,395,129,245,DHelmetP1Helmet
_5mv86sdkn,35,777,393,126,238,DHelmetP1Helmet
_5mv86sdkn,36,753,391,124,231,DHelmetP1Helmet
_5mv86sdkn,37,732,389,121,224,DHelmetP1Helmet
_5mv86sdkn,38,710,387,119,217,DHelmetP1Helmet
_5mv86sdkn,39,688,385,117,210,DHelmetP1Helmet
_5mv86sdkn,40,666,382,114,204,DHelmetP1Helmet
_5mv86sdkn,41,644,380,112,196,DHelmetP1Helmet
_5mv86sdkn,42,624,378,109,189,DHelmetP1Helmet
_5mv86sdkn,43,604,376,107,182,DHelmetP1Helmet
_5mv86sdkn,44,584,374,104,175,DHelmetP1Helmet
_5mv86sdkn,45,565,372,101,171,DHelmetP1Helmet
_5mv86sdkn,46,546,369,98,167,DHelmetP1Helmet
_5mv86sdkn,47,527,367,95,163,DHelmetP1Helmet
_5mv86sdkn,48,508,365,92,158,DHelmetP1Helmet
_5mv86sdkn,49,489,362,89,155,DHelmetP1Helmet
_5mv86sdkn,50,473,361,85,151,DHelmetP1Helmet
_5mv86sdkn,51,457,360,82,147,DHelmetP1Helmet
_5mv86sdkn,52,441,359,78,143,DHelmetP1Helmet
_5mv86sdkn,53,424,359,76,138,DHelmetP1Helmet
_5mv86sdkn,54,401,359,75,134,DHelmetP1Helmet
_5mv86sdkn,55,384,356,74,130,DHelmetP1Helmet
_5mv86sdkn,56,371,358,72,126,DHelmetP1Helmet
_5mv86sdkn,57,356,357,71,123,DHelmetP1Helmet
_5mv86sdkn,58,341,356,69,121,DHelmetP1Helmet
_5mv86sdkn,59,326,355,68,119,DHelmetP1Helmet
_5mv86sdkn,60,311,354,66,117,DHelmetP1Helmet
_rw5ah9t2h,26,1597,528,323,552,DHelmetP1Helmet
_rw5ah9t2h,27,1530,512,340,568,DHelmetP1Helmet
_rw5ah9t2h,28,1463,502,309,532,DHelmetP1Helmet
_rw5ah9t2h,29,1409,487,280,496,DHelmetP1Helmet
_rw5ah9t2h,30,1352,475,261,468,DHelmetP1Helmet
_rw5ah9t2h,31,1307,462,243,441,DHelmetP1Helmet
_rw5ah9t2h,32,1269,455,220,420,DHelmetP1Helmet
_rw5ah9t2h,33,1232,450,205,392,DHelmetP1Helmet
_rw5ah9t2h,34,1198,444,193,378,DHelmetP1Helmet
_rw5ah9t2h,35,1172,438,180,356,DHelmetP1Helmet
_rw5ah9t2h,36,1146,432,167,334,DHelmetP1Helmet
_rw5ah9t2h,37,1125,427,159,321,DHelmetP1Helmet
_rw5ah9t2h,38,1103,423,152,307,DHelmetP1Helmet
_rw5ah9t2h,39,1082,418,144,295,DHelmetP1Helmet
_rw5ah9t2h,40,1061,413,141,282,DHelmetP1Helmet
_rw5ah9t2h,41,1040,411,139,273,DHelmetP1Helmet
_rw5ah9t2h,42,1020,408,136,266,DHelmetP1Helmet
_rw5ah9t2h,43,1000,406,133,257,DHelmetP1Helmet
_rw5ah9t2h,44,979,403,131,249,DHelmetP1Helmet
_rw5ah9t2h,45,959,401,128,241,DHelmetP1Helmet
_rw5ah9t2h,46,939,399,125,232,DHelmetP1Helmet
_rw5ah9t2h,47,918,396,123,224,DHelmetP1Helmet
_rw5ah9t2h,48,900,394,121,216,DHelmetP1Helmet
_rw5ah9t2h,49,882,392,118,208,DHelmetP1Helmet
_rw5ah9t2h,50,864,389,115,201,DHelmetP1Helmet
_rw5ah9t2h,51,845,388,113,197,DHelmetP1Helmet
_rw5ah9t2h,52,826,386,110,194,DHelmetP1Helmet
_rw5ah9t2h,53,807,385,108,190,DHelmetP1Helmet
_rw5ah9t2h,54,788,383,105,186,DHelmetP1Helmet
_rw5ah9t2h,55,770,382,102,182,DHelmetP1Helmet
_rw5ah9t2h,56,751,380,100,179,DHelmetP1Helmet
_rw5ah9t2h,57,733,379,97,175,DHelmetP1Helmet
_rw5ah9t2h,58,714,377,95,171,DHelmetP1Helmet
_rw5ah9t2h,59,696,376,92,167,DHelmetP1Helmet
_rw5ah9t2h,60,677,374,90,164,DHelmetP1Helmet
_rw5ah9t2h,61,659,373,87,160,DHelmetP1Helmet
_rw5ah9t2h,62,640,372,84,155,DHelmetP1Helmet
_rw5ah9t2h,63,622,370,81,152,DHelmetP1Helmet
_rw5ah9t2h,64,604,369,78,148,DHelmetP1Helmet
_rw5ah9t2h,65,586,367,77,145,DHelmetP1Helmet
_rw5ah9t2h,66,569,366,74,140,DHelmetP1Helmet
_rw5ah9t2h,67,552,364,71,137,DHelmetP1Helmet
_rw5ah9t2h,68,535,363,69,133,DHelmetP1Helmet
_rw5ah9t2h,69,518,361,66,130,DHelmetP1Helmet
_rw5ah9t2h,70,501,360,65,128,DHelmetP1Helmet
_rw5ah9t2h,71,485,359,63,126,DHelmetP1Helmet
_rw5ah9t2h,72,468,358,62,124,DHelmetP1Helmet
_rw5ah9t2h,73,451,358,61,122,DHelmetP1Helmet
_rw5ah9t2h,74,435,357,59,120,DHelmetP1Helmet
_rw5ah9t2h,75,418,356,59,118,DHelmetP1Helmet
_rw5ah9t2h,76,401,355,58,116,DHelmetP1Helmet
_rw5ah9t2h,77,385,354,56,114,DHelmetP1Helmet
_rw5ah9t2h,78,373,353,56,113,DHelmetP1Helmet
_rw5ah9t2h,79,362,352,55,111,DHelmetP1Helmet
_rw5ah9t2h,80,352,351,54,109,DHelmetP1Helmet
_rw5ah9t2h,81,341,350,53,107,DHelmetP1Helmet
_rw5ah9t2h,82,331,349,51,106,DHelmetP1Helmet
_rw5ah9t2h,83,321,348,49,104,DHelmetP1Helmet
_rw5ah9t2h,84,311,347,47,102,DHelmetP1Helmet
_rw5ah9t2h,85,300,346,47,100,DHelmetP1Helmet
_8oyauw2ey,1,150,342,59,101,DHelmetP1Helmet
_8oyauw2ey,2,159,343,59,104,DHelmetP1Helmet
_8oyauw2ey,3,168,343,59,107,DHelmetP1Helmet
_8oyauw2ey,4,177,344,60,110,DHelmetP1Helmet
_8oyauw2ey,5,185,345,61,112,DHelmetP1Helmet
_8oyauw2ey,6,194,346,61,115,DHelmetP1Helmet
_8oyauw2ey,7,203,347,61,117,DHelmetP1Helmet
_8oyauw2ey,8,212,348,61,120,DHelmetP1Helmet
_8oyauw2ey,9,220,349,63,122,DHelmetP1Helmet
_8oyauw2ey,10,229,350,63,124,DHelmetP1Helmet
_8oyauw2ey,11,238,351,63,127,DHelmetP1Helmet
_8oyauw2ey,12,246,352,64,131,DHelmetP1Helmet
_8oyauw2ey,13,253,353,66,134,DHelmetP1Helmet
_8oyauw2ey,14,261,354,68,138,DHelmetP1Helmet
_8oyauw2ey,15,268,355,71,141,DHelmetP1Helmet
_8oyauw2ey,16,276,356,73,145,DHelmetP1Helmet
_8oyauw2ey,17,283,357,75,148,DHelmetP1Helmet
_8oyauw2ey,18,294,358,75,152,DHelmetP1Helmet
_8oyauw2ey,19,304,360,76,156,DHelmetP1Helmet
_8oyauw2ey,20,314,362,76,159,DHelmetP1Helmet
_8oyauw2ey,21,325,363,79,164,DHelmetP1Helmet
_8oyauw2ey,22,337,365,80,168,DHelmetP1Helmet
_8oyauw2ey,23,348,366,82,173,DHelmetP1Helmet
_8oyauw2ey,24,359,367,85,178,DHelmetP1Helmet
_8oyauw2ey,25,371,369,90,182,DHelmetP1Helmet
_8oyauw2ey,26,382,370,96,187,DHelmetP1Helmet
_8oyauw2ey,27,398,373,98,193,DHelmetP1Helmet
_8oyauw2ey,28,414,375,100,200,DHelmetP1Helmet
_8oyauw2ey,29,430,378,102,206,DHelmetP1Helmet
_8oyauw2ey,30,446,380,104,212,DHelmetP1Helmet
_8oyauw2ey,31,466,383,103,219,DHelmetP1Helmet
_8oyauw2ey,32,485,387,104,225,DHelmetP1Helmet
_8oyauw2ey,33,505,390,104,231,DHelmetP1Helmet
_8oyauw2ey,34,525,393,115,240,DHelmetP1Helmet
_8oyauw2ey,35,550,396,125,250,DHelmetP1Helmet
_8oyauw2ey,36,575,399,136,259,DHelmetP1Helmet
_8oyauw2ey,37,603,401,142,269,DHelmetP1Helmet
_8oyauw2ey,38,632,404,147,279,DHelmetP1Helmet
_8oyauw2ey,39,666,408,154,291,DHelmetP1Helmet
_8oyauw2ey,40,699,413,161,303,DHelmetP1Helmet
_8oyauw2ey,41,736,417,171,316,DHelmetP1Helmet
_8oyauw2ey,42,773,421,181,328,DHelmetP1Helmet
_8oyauw2ey,43,815,426,196,344,DHelmetP1Helmet
_8oyauw2ey,44,860,431,212,359,DHelmetP1Helmet
_8oyauw2ey,45,908,437,227,374,DHelmetP1Helmet
_8oyauw2ey,46,958,445,247,386,DHelmetP1Helmet
_8oyauw2ey,47,1013,454,273,405,DHelmetP1Helmet
_8oyauw2ey,48,1074,462,299,425,DHelmetP1Helmet
_8oyauw2ey,49,1142,466,324,450,DHelmetP1Helmet
_8oyauw2ey,50,1212,472,357,478,DHelmetP1Helmet
_8oyauw2ey,51,1291,478,390,506,DHelmetP1Helmet
_8oyauw2ey,52,1375,487,426,539,DHelmetP1Helmet
_8oyauw2ey,53,1468,498,452,572,DHelmetP1Helmet
_8oyauw2ey,54,1567,509,353,533,DHelmetP1Helmet
_8oyauw2ey,55,1676,521,244,559,DHelmetP1Helmet
_8oyauw2ey,56,1795,622,125,458,DHelmetP1Helmet
_zgi1vpv2y,63,78,345,65,109,DHelmetP1Helmet
_zgi1vpv2y,64,81,345,65,114,DHelmetP1Helmet
_zgi1vpv2y,65,84,345,65,118,DHelmetP1Helmet
_zgi1vpv2y,66,87,346,65,122,DHelmetP1Helmet
_zgi1vpv2y,67,90,346,65,126,DHelmetP1Helmet
_zgi1vpv2y,68,94,347,66,128,DHelmetP1Helmet
_zgi1vpv2y,69,98,348,66,129,DHelmetP1Helmet
_zgi1vpv2y,70,103,349,66,130,DHelmetP1Helmet
_zgi1vpv2y,71,107,349,66,132,DHelmetP1Helmet
_zgi1vpv2y,72,111,350,67,133,DHelmetP1Helmet
_zgi1vpv2y,73,116,352,70,136,DHelmetP1Helmet
_zgi1vpv2y,74,122,354,72,139,DHelmetP1Helmet
_zgi1vpv2y,75,128,356,74,142,DHelmetP1Helmet
_zgi1vpv2y,76,133,358,76,145,DHelmetP1Helmet
_zgi1vpv2y,77,139,360,78,148,DHelmetP1Helmet
_zgi1vpv2y,78,145,362,80,151,DHelmetP1Helmet
_zgi1vpv2y,79,153,363,82,154,DHelmetP1Helmet
_zgi1vpv2y,80,160,364,86,160,DHelmetP1Helmet
_zgi1vpv2y,81,167,365,90,165,DHelmetP1Helmet
_zgi1vpv2y,82,173,367,96,170,DHelmetP1Helmet
_zgi1vpv2y,83,182,368,98,176,DHelmetP1Helmet
_zgi1vpv2y,84,191,369,100,182,DHelmetP1Helmet
_zgi1vpv2y,85,200,370,102,188,DHelmetP1Helmet
_zgi1vpv2y,86,209,371,105,193,DHelmetP1Helmet
_zgi1vpv2y,87,218,373,107,198,DHelmetP1Helmet
_zgi1vpv2y,88,227,374,109,204,DHelmetP1Helmet
_zgi1vpv2y,89,236,375,111,210,DHelmetP1Helmet
_zgi1vpv2y,90,246,376,115,219,DHelmetP1Helmet
_zgi1vpv2y,91,257,376,117,229,DHelmetP1Helmet
_zgi1vpv2y,92,267,377,121,238,DHelmetP1Helmet
_zgi1vpv2y,93,278,377,123,248,DHelmetP1Helmet
_zgi1vpv2y,94,289,383,128,255,DHelmetP1Helmet
_zgi1vpv2y,95,301,388,132,263,DHelmetP1Helmet
_zgi1vpv2y,96,313,393,136,271,DHelmetP1Helmet
_zgi1vpv2y,97,326,398,139,280,DHelmetP1Helmet
_zgi1vpv2y,98,340,403,152,290,DHelmetP1Helmet
_zgi1vpv2y,99,355,404,157,310,DHelmetP1Helmet
_zgi1vpv2y,100,372,406,166,325,DHelmetP1Helmet
_1ucyzhmuu,76,49,337,48,91,DHelmetP1Helmet
_1ucyzhmuu,77,55,338,49,93,DHelmetP1Helmet
_1ucyzhmuu,78,60,339,50,95,DHelmetP1Helmet
_1ucyzhmuu,79,66,340,51,97,DHelmetP1Helmet
_1ucyzhmuu,80,72,341,51,98,DHelmetP1Helmet
_1ucyzhmuu,81,75,342,53,100,DHelmetP1Helmet
_1ucyzhmuu,82,81,342,54,102,DHelmetP1Helmet
_1ucyzhmuu,83,87,343,55,104,DHelmetP1Helmet
_1ucyzhmuu,84,93,344,55,105,DHelmetP1Helmet
_1ucyzhmuu,85,99,345,56,106,DHelmetP1Helmet
_1ucyzhmuu,86,104,346,58,108,DHelmetP1Helmet
_1ucyzhmuu,87,110,347,59,109,DHelmetP1Helmet
_1ucyzhmuu,88,117,348,59,111,DHelmetP1Helmet
_1ucyzhmuu,89,124,349,60,112,DHelmetP1Helmet
_1ucyzhmuu,90,131,350,61,113,DHelmetP1Helmet
_1ucyzhmuu,91,138,350,62,116,DHelmetP1Helmet
_1ucyzhmuu,92,145,351,63,117,DHelmetP1Helmet
_1ucyzhmuu,93,152,352,64,119,DHelmetP1Helmet
_1ucyzhmuu,94,161,353,66,121,DHelmetP1Helmet
_1ucyzhmuu,95,171,354,66,124,DHelmetP1Helmet
_1ucyzhmuu,96,181,355,67,127,DHelmetP1Helmet
_1ucyzhmuu,97,191,356,68,130,DHelmetP1Helmet
_1ucyzhmuu,98,201,357,69,132,DHelmetP1Helmet
_1ucyzhmuu,99,211,358,70,135,DHelmetP1Helmet
_1ucyzhmuu,100,221,359,71,138,DHelmetP1Helmet
