track_id,frame_id,x,y,w,h,label
_m28idxbag,1,292,522,65,127,DHelmet
_m28idxbag,2,278,521,64,125,DHelmet
_m28idxbag,3,264,521,63,122,DHelmet
_m28idxbag,4,249,520,63,120,DHelmet
_m28idxbag,5,235,520,62,117,DHelmet
_m28idxbag,6,220,519,61,115,DHelmet
_m28idxbag,7,211,518,59,114,DHelmet
_m28idxbag,8,201,517,59,112,DHelmet
_m28idxbag,9,191,516,58,111,DHelmet
_m28idxbag,10,184,516,57,109,DHelmet
_m28idxbag,11,177,516,57,107,DHelmet
_m28idxbag,12,171,515,55,106,DHelmet
_m28idxbag,13,164,515,55,104,DHelmet
_m28idxbag,14,157,514,54,103,DHelmet
_m28idxbag,15,151,514,53,101,DHelmet
_m28idxbag,16,146,514,53,94,DHelmet
_v4u556i7e,1,560,525,77,124,DHelmet
_v4u556i7e,2,559,525,78,124,DHelmet
_v4u556i7e,3,559,525,77,124,DHelmet
_v4u556i7e,4,559,525,77,124,DHelmet
_v4u556i7e,5,559,525,77,124,DHelmet
_v4u556i7e,6,559,525,77,124,DHelmet
_v4u556i7e,7,559,525,76,124,DHelmet
_v4u556i7e,8,559,525,76,124,DHelmet
_v4u556i7e,9,558,525,77,124,DHelmet
_v4u556i7e,10,558,525,76,124,DHelmet
_v4u556i7e,11,558,525,76,124,DHelmet
_v4u556i7e,12,558,525,76,124,DHelmet
_v4u556i7e,13,558,525,76,124,DHelmet
_v4u556i7e,14,558,525,75,124,DHelmet
_v4u556i7e,15,558,524,75,125,DHelmet
_v4u556i7e,16,558,524,75,125,DHelmet
_v4u556i7e,17,557,524,75,124,DHelmet
_v4u556i7e,18,557,524,75,124,DHelmet
_v4u556i7e,19,557,524,75,124,DHelmet
_v4u556i7e,20,557,524,75,124,DHelmet
_v4u556i7e,21,557,524,74,124,DHelmet
_v4u556i7e,22,557,524,74,124,DHelmet
_v4u556i7e,23,557,524,74,124,DHelmet
_v4u556i7e,24,556,524,74,124,DHelmet
_v4u556i7e,25,556,524,74,124,DHelmet
_v4u556i7e,26,556,524,74,124,DHelmet
_v4u556i7e,27,556,524,73,124,DHelmet
_v4u556i7e,28,555,524,73,124,DHelmet
_v4u556i7e,29,554,524,73,124,DHelmet
_v4u556i7e,30,553,524,73,124,DHelmet
_v4u556i7e,31,552,524,73,124,DHelmet
_v4u556i7e,32,551,524,73,124,DHelmet
_v4u556i7e,33,550,524,73,124,DHelmet
_v4u556i7e,34,546,524,75,124,DHelmet
_v4u556i7e,35,542,524,77,124,DHelmet
_v4u556i7e,36,538,524,78,124,DHelmet
_v4u556i7e,37,534,524,80,124,DHelmet
_v4u556i7e,38,530,524,82,124,DHelmet
_v4u556i7e,39,526,524,83,124,DHelmet
_v4u556i7e,40,522,524,85,124,DHelmet
_v4u556i7e,41,519,524,87,124,DHelmet
_v4u556i7e,42,517,524,88,124,DHelmet
_v4u556i7e,43,514,524,90,123,DHelmet
_v4u556i7e,44,512,524,91,123,DHelmet
_v4u556i7e,45,510,524,92,123,DHelmet
_v4u556i7e,46,507,524,94,123,DHelmet
_v4u556i7e,47,505,524,95,123,DHelmet
_v4u556i7e,48,502,524,97,123,DHelmet
_v4u556i7e,49,500,524,98,123,DHelmet
_sbpinm5x1,1,485,532,87,148,DHelmet
_sbpinm5x1,2,462,531,85,145,DHelmet
_sbpinm5x1,3,440,529,82,143,DHelmet
_sbpinm5x1,4,417,527,80,141,DHelmet
_sbpinm5x1,5,395,526,77,138,DHelmet
_sbpinm5x1,6,372,524,75,136,DHelmet
_sbpinm5x1,7,356,524,72,134,DHelmet
_sbpinm5x1,8,340,523,69,132,DHelmet
_sbpinm5x1,9,324,523,67,129,DHelmet
_sbpinm5x1,10,307,522,65,127,DHelmet
_sbpinm5x1,11,291,522,62,125,DHelmet
_sbpinm5x1,12,279,521,63,123,DHelmet
_sbpinm5x1,13,268,521,63,120,DHelmet
_sbpinm5x1,14,256,520,64,118,DHelmet
_sbpinm5x1,15,244,519,65,116,DHelmet
_dpt62yk2w,1,683,541,126,181,DHelmetP1Helmet
_dpt62yk2w,2,651,538,120,177,DHelmetP1Helmet
_dpt62yk2w,3,619,535,114,174,DHelmetP1Helmet
_dpt62yk2w,4,598,535,109,170,DHelmetP1Helmet
_dpt62yk2w,5,577,535,103,166,DHelmetP1Helmet
_dpt62yk2w,6,556,534,97,163,DHelmetP1Helmet
_dpt62yk2w,7,540,534,91,160,DHelmetP1Helmet
_dpt62yk2w,8,524,534,85,156,DHelmetP1Helmet
_dpt62yk2w,9,508,534,80,152,DHelmetP1Helmet
_dpt62yk2w,10,489,533,78,149,DHelmetP1Helmet
_dpt62yk2w,11,470,531,76,147,DHelmetP1Helmet
_dpt62yk2w,12,451,530,74,144,DHelmetP1Helmet
_dpt62yk2w,13,432,529,72,141,DHelmetP1Helmet
_dpt62yk2w,14,417,528,71,139,DHelmetP1Helmet
_dpt62yk2w,15,402,527,69,136,DHelmetP1Helmet
_dpt62yk2w,16,387,526,68,134,DHelmetP1Helmet
_dpt62yk2w,17,372,525,66,131,DHelmetP1Helmet
_dpt62yk2w,18,357,525,64,128,DHelmetP1Helmet
_dpt62yk2w,19,344,524,63,126,DHelmetP1Helmet
_dpt62yk2w,20,331,523,62,125,DHelmetP1Helmet
_dpt62yk2w,21,318,522,61,124,DHelmetP1Helmet
_dpt62yk2w,22,305,521,59,122,DHelmetP1Helmet
_dpt62yk2w,23,292,520,58,121,DHelmetP1Helmet
_dpt62yk2w,24,279,519,57,120,DHelmetP1Helmet
_dpt62yk2w,25,266,518,55,118,DHelmetP1Helmet
_dpt62yk2w,26,252,517,55,117,DHelmetP1Helmet
_dpt62yk2w,27,244,517,55,115,DHelmetP1Helmet
_dpt62yk2w,28,236,516,54,114,DHelmetP1Helmet
_dpt62yk2w,29,228,516,53,112,DHelmetP1Helmet
_dpt62yk2w,30,220,515,53,111,DHelmetP1Helmet
_dpt62yk2w,31,212,515,52,109,DHelmetP1Helmet
_dpt62yk2w,32,205,514,52,108,DHelmetP1Helmet
_dpt62yk2w,33,198,513,53,106,DHelmetP1Helmet
_dpt62yk2w,34,191,512,53,105,DHelmetP1Helmet
_ibupkmxqa,1,833,549,121,185,DHelmet
_ibupkmxqa,2,806,547,116,182,DHelmet
_ibupkmxqa,3,778,546,113,178,DHelmet
_ibupkmxqa,4,753,545,109,174,DHelmet
_ibupkmxqa,5,729,544,105,171,DHelmet
_ibupkmxqa,6,705,543,100,167,DHelmet
_ibupkmxqa,7,680,541,100,164,DHelmet
_ibupkmxqa,8,656,540,98,160,DHelmet
_ibupkmxqa,9,632,539,97,156,DHelmet
_ibupkmxqa,10,607,538,96,153,DHelmet
_ibupkmxqa,11,588,537,93,149,DHelmet
_ibupkmxqa,12,568,536,91,146,DHelmet
_ibupkmxqa,13,549,535,87,142,DHelmet
_ibupkmxqa,14,529,534,85,139,DHelmet
_p9fxq99gg,1,703,573,173,312,DNoHelmet
_p9fxq99gg,2,640,563,164,298,DNoHelmet
_p9fxq99gg,3,594,558,155,283,DNoHelmet
_p9fxq99gg,4,548,553,146,268,DNoHelmet
_p9fxq99gg,5,512,551,138,253,DNoHelmet
_p9fxq99gg,6,477,549,128,238,DNoHelmet
_p9fxq99gg,7,449,545,123,229,DNoHelmet
_p9fxq99gg,8,420,542,118,219,DNoHelmet
_p9fxq99gg,9,392,538,112,209,DNoHelmet
_p9fxq99gg,10,370,536,108,201,DNoHelmet
_p9fxq99gg,11,348,533,103,193,DNoHelmet
_p9fxq99gg,12,326,531,99,185,DNoHelmet
_p9fxq99gg,13,304,529,94,177,DNoHelmet
_p9fxq99gg,14,288,527,91,171,DNoHelmet
_p9fxq99gg,15,273,526,86,165,DNoHelmet
_p9fxq99gg,16,257,525,83,159,DNoHelmet
_p9fxq99gg,17,242,524,78,152,DNoHelmet
_p9fxq99gg,18,231,522,74,149,DNoHelmet
_p9fxq99gg,19,220,521,70,144,DNoHelmet
_p9fxq99gg,20,210,519,66,141,DNoHelmet
_p9fxq99gg,21,199,518,62,136,DNoHelmet
_p9fxq99gg,22,188,517,58,132,DNoHelmet
_p9fxq99gg,23,178,515,58,130,DNoHelmet
_p9fxq99gg,24,168,514,58,127,DNoHelmet
_p9fxq99gg,25,158,513,58,124,DNoHelmet
_p9fxq99gg,26,148,512,59,121,DNoHelmet
_p9fxq99gg,27,143,511,56,119,DNoHelmet
_p9fxq99gg,28,138,511,54,116,DNoHelmet
_mxm3z8ixp,1,1239,592,309,444,DNoHelmet
_mxm3z8ixp,2,1127,585,282,414,DNoHelmet
_mxm3z8ixp,3,1030,578,256,384,DNoHelmet
_mxm3z8ixp,4,943,573,239,359,DNoHelmet
_mxm3z8ixp,5,855,567,223,334,DNoHelmet
_mxm3z8ixp,6,788,563,195,315,DNoHelmet
_mxm3z8ixp,7,720,558,169,296,DNoHelmet
_mxm3z8ixp,8,664,554,160,281,DNoHelmet
_mxm3z8ixp,9,607,550,152,265,DNoHelmet
_mxm3z8ixp,10,564,546,143,255,DNoHelmet
_mxm3z8ixp,11,522,542,134,244,DNoHelmet
_mxm3z8ixp,12,479,538,125,233,DNoHelmet
_mxm3z8ixp,13,447,536,119,224,DNoHelmet
_mxm3z8ixp,14,415,533,113,216,DNoHelmet
_mxm3z8ixp,15,383,531,106,206,DNoHelmet
_mxm3z8ixp,16,359,529,100,198,DNoHelmet
_mxm3z8ixp,17,335,527,93,190,DNoHelmet
_mxm3z8ixp,18,313,525,91,184,DNoHelmet
_mxm3z8ixp,19,292,523,87,179,DNoHelmet
_mxm3z8ixp,20,271,520,84,175,DNoHelmet
_mxm3z8ixp,21,255,519,81,169,DNoHelmet
_mxm3z8ixp,22,239,517,78,165,DNoHelmet
_mxm3z8ixp,23,227,516,75,160,DNoHelmet
_mxm3z8ixp,24,216,516,71,154,DNoHelmet
_mxm3z8ixp,25,204,515,69,150,DNoHelmet
_mxm3z8ixp,26,193,514,65,145,DNoHelmet
_mxm3z8ixp,27,181,513,63,140,DNoHelmet
_mxm3z8ixp,28,174,513,61,136,DNoHelmet
_mxm3z8ixp,29,166,513,60,133,DNoHelmet
_mxm3z8ixp,30,158,512,59,130,DNoHelmet
_mxm3z8ixp,31,151,512,57,126,DNoHelmet
_mxm3z8ixp,32,143,511,56,123,DNoHelmet
_mxm3z8ixp,33,135,511,55,119,DNoHelmet
_mxm3z8ixp,34,128,511,54,115,DNoHelmet
_mxm3z8ixp,35,122,509,53,115,DNoHelmet
_ma0zw1pft,13,912,551,158,194,DHelmetP1Helmet
_ma0zw1pft,14,887,550,150,190,DHelmetP1Helmet
_ma0zw1pft,15,862,548,142,187,DHelmetP1Helmet
_ma0zw1pft,16,837,547,134,183,DHelmetP1Helmet
_ma0zw1pft,17,812,546,126,179,DHelmetP1Helmet
_ma0zw1pft,18,786,545,124,176,DHelmetP1Helmet
_ma0zw1pft,19,760,544,122,173,DHelmetP1Helmet
_ma0zw1pft,20,735,544,119,168,DHelmetP1Helmet
_ma0zw1pft,21,711,542,115,166,DHelmetP1Helmet
_ma0zw1pft,22,687,541,112,162,DHelmetP1Helmet
_ma0zw1pft,23,663,540,108,158,DHelmetP1Helmet
_ma0zw1pft,24,644,539,106,156,DHelmetP1Helmet
_ma0zw1pft,25,625,538,104,153,DHelmetP1Helmet
_ma0zw1pft,26,606,537,101,151,DHelmetP1Helmet
_ma0zw1pft,27,587,536,99,149,DHelmetP1Helmet
_ma0zw1pft,28,568,535,97,147,DHelmetP1Helmet
_ma0zw1pft,29,554,534,93,145,DHelmetP1Helmet
_ma0zw1pft,30,539,533,90,143,DHelmetP1Helmet
_ma0zw1pft,31,525,533,87,140,DHelmetP1Helmet
_ma0zw1pft,32,510,532,84,138,DHelmetP1Helmet
_ma0zw1pft,33,496,531,80,136,DHelmetP1Helmet
_ma0zw1pft,34,481,531,78,134,DHelmetP1Helmet
_ma0zw1pft,35,466,530,75,132,DHelmetP1Helmet
_ma0zw1pft,36,455,529,75,131,DHelmetP1Helmet
_ma0zw1pft,37,444,528,74,130,DHelmetP1Helmet
_ma0zw1pft,38,432,528,75,128,DHelmetP1Helmet
_ma0zw1pft,39,421,527,75,127,DHelmetP1Helmet
_ma0zw1pft,40,409,526,76,126,DHelmetP1Helmet
_ma0zw1pft,41,398,525,76,124,DHelmetP1Helmet
_ma0zw1pft,42,387,525,75,122,DHelmetP1Helmet
_ma0zw1pft,43,375,524,76,121,DHelmetP1Helmet
_ma0zw1pft,44,364,523,76,120,DHelmetP1Helmet
_ma0zw1pft,45,352,522,77,119,DHelmetP1Helmet
_ma0zw1pft,46,342,522,75,118,DHelmetP1Helmet
_ma0zw1pft,47,331,522,74,117,DHelmetP1Helmet
_ma0zw1pft,48,321,522,72,116,DHelmetP1Helmet
_ma0zw1pft,49,310,522,71,115,DHelmetP1Helmet
_ma0zw1pft,50,299,522,70,114,DHelmetP1Helmet
_ma0zw1pft,51,289,521,69,114,DHelmetP1Helmet
_ma0zw1pft,52,279,521,67,112,DHelmetP1Helmet
_ma0zw1pft,53,269,521,66,111,DHelmetP1Helmet
_ma0zw1pft,54,259,521,65,109,DHelmetP1Helmet
_ma0zw1pft,55,249,521,63,107,DHelmetP1Helmet
_ma0zw1pft,56,239,521,62,105,DHelmetP1Helmet
_ma0zw1pft,57,233,520,62,105,DHelmetP1Helmet
_ma0zw1pft,58,228,519,61,105,DHelmetP1Helmet
_ma0zw1pft,59,222,519,61,104,DHelmetP1Helmet
_0wmj4ta9c,2,1741,600,179,324,DHelmet
_0wmj4ta9c,3,1679,596,241,324,DHelmet
_0wmj4ta9c,4,1623,595,265,313,DHelmet
_0wmj4ta9c,5,1570,590,258,305,DHelmet
_0wmj4ta9c,6,1519,586,248,299,DHelmet
_0wmj4ta9c,7,1469,582,237,292,DHelmet
_0wmj4ta9c,8,1425,580,227,286,DHelmet
_0wmj4ta9c,9,1382,578,216,279,DHelmet
_0wmj4ta9c,10,1342,576,207,273,DHelmet
_0wmj4ta9c,11,1303,574,196,266,DHelmet
_0wmj4ta9c,12,1267,572,189,259,DHelmet
_0wmj4ta9c,13,1231,570,183,253,DHelmet
_0wmj4ta9c,14,1198,568,174,246,DHelmet
_0wmj4ta9c,15,1165,566,165,240,DHelmet
_0wmj4ta9c,16,1133,563,160,236,DHelmet
_0wmj4ta9c,17,1100,560,156,232,DHelmet
_0wmj4ta9c,18,1068,558,151,228,DHelmet
_0wmj4ta9c,19,1035,556,148,223,DHelmet
_0wmj4ta9c,20,1003,554,144,219,DHelmet
_0wmj4ta9c,21,972,553,142,214,DHelmet
_0wmj4ta9c,22,942,552,139,210,DHelmet
_0wmj4ta9c,23,912,551,136,205,DHelmet
_0wmj4ta9c,24,885,549,131,202,DHelmet
_0wmj4ta9c,25,858,548,127,198,DHelmet
_0wmj4ta9c,26,830,547,124,193,DHelmet
_0wmj4ta9c,27,805,546,121,191,DHelmet
_0wmj4ta9c,28,780,544,119,189,DHelmet
_0wmj4ta9c,29,755,543,117,186,DHelmet
_0wmj4ta9c,30,730,542,115,184,DHelmet
_0wmj4ta9c,31,709,541,112,181,DHelmet
_0wmj4ta9c,32,688,540,109,178,DHelmet
_0wmj4ta9c,33,666,539,108,176,DHelmet
_0wmj4ta9c,34,645,538,105,173,DHelmet
_0wmj4ta9c,35,627,537,103,170,DHelmet
_0wmj4ta9c,36,609,536,100,168,DHelmet
_0wmj4ta9c,37,591,535,98,165,DHelmet
_0wmj4ta9c,38,575,534,95,163,DHelmet
_0wmj4ta9c,39,558,533,93,161,DHelmet
_0wmj4ta9c,40,541,532,91,159,DHelmet
_0wmj4ta9c,41,525,531,88,157,DHelmet
_0wmj4ta9c,42,508,530,86,155,DHelmet
_0wmj4ta9c,43,491,529,84,153,DHelmet
_0wmj4ta9c,44,479,529,81,151,DHelmet
_0wmj4ta9c,45,466,528,79,149,DHelmet
_0wmj4ta9c,46,453,528,77,146,DHelmet
_0wmj4ta9c,47,440,527,74,145,DHelmet
_0wmj4ta9c,48,427,527,72,142,DHelmet
_0wmj4ta9c,49,418,526,70,141,DHelmet
_0wmj4ta9c,50,408,526,69,139,DHelmet
_0wmj4ta9c,51,399,525,67,137,DHelmet
_0wmj4ta9c,52,389,525,65,135,DHelmet
_0wmj4ta9c,53,379,524,64,134,DHelmet
_0wmj4ta9c,54,370,524,62,132,DHelmet
_0wmj4ta9c,55,360,523,61,130,DHelmet
_0wmj4ta9c,56,351,523,59,128,DHelmet
_0wmj4ta9c,57,341,522,57,127,DHelmet
_0wmj4ta9c,58,332,521,55,126,DHelmet
_0wmj4ta9c,59,322,521,54,123,DHelmet
_0wmj4ta9c,60,313,520,52,122,DHelmet
_0wmj4ta9c,61,303,520,51,120,DHelmet
_0wmj4ta9c,62,294,520,51,120,DHelmet
_zjobgqtkm,10,1740,599,180,286,DHelmet
_zjobgqtkm,11,1673,596,247,287,DHelmet
_zjobgqtkm,12,1611,592,247,279,DHelmet
_zjobgqtkm,13,1553,588,233,270,DHelmet
_zjobgqtkm,14,1494,585,220,260,DHelmet
_zjobgqtkm,15,1443,583,206,251,DHelmet
_zjobgqtkm,16,1392,581,192,242,DHelmet
_zjobgqtkm,17,1346,577,184,237,DHelmet
_zjobgqtkm,18,1299,573,177,231,DHelmet
_zjobgqtkm,19,1253,569,169,226,DHelmet
_zjobgqtkm,20,1207,565,161,221,DHelmet
_zjobgqtkm,21,1165,564,157,213,DHelmet
_zjobgqtkm,22,1124,563,151,206,DHelmet
_zjobgqtkm,23,1083,562,145,199,DHelmet
_zjobgqtkm,24,1043,560,142,193,DHelmet
_zjobgqtkm,25,1003,557,138,189,DHelmet
_zjobgqtkm,26,966,555,134,184,DHelmet
_zjobgqtkm,27,929,553,130,179,DHelmet
_zjobgqtkm,28,891,551,126,175,DHelmet
_zjobgqtkm,29,859,549,122,172,DHelmet
_zjobgqtkm,30,826,547,118,168,DHelmet
_zjobgqtkm,31,794,545,113,165,DHelmet
_zjobgqtkm,32,764,543,110,162,DHelmet
_zjobgqtkm,33,734,541,108,159,DHelmet
_zjobgqtkm,34,705,540,106,156,DHelmet
_zjobgqtkm,35,677,540,103,152,DHelmet
_zjobgqtkm,36,648,540,101,147,DHelmet
_zjobgqtkm,37,620,539,102,147,DHelmet
_zjobgqtkm,38,592,535,102,145,DHelmet
_zjobgqtkm,39,572,533,101,141,DHelmet
_zjobgqtkm,40,546,530,101,140,DHelmet
_zjobgqtkm,41,522,532,101,140,DHelmet
_zjobgqtkm,42,504,530,94,134,DHelmet
_zjobgqtkm,43,487,527,87,129,DHelmet
_zjobgqtkm,44,470,527,87,129,DHelmet
_zjobgqtkm,45,453,527,86,129,DHelmet
_zjobgqtkm,46,431,526,81,127,DHelmet
_zjobgqtkm,47,410,524,75,125,DHelmet
_zjobgqtkm,48,396,524,73,122,DHelmet
_zjobgqtkm,49,381,524,73,119,DHelmet
_zjobgqtkm,50,368,522,70,119,DHelmet
_zjobgqtkm,51,355,521,68,119,DHelmet
_zjobgqtkm,52,343,522,65,118,DHelmet
_zjobgqtkm,53,331,522,63,117,DHelmet
_zjobgqtkm,54,319,523,60,116,DHelmet
_zjobgqtkm,55,307,524,58,115,DHelmet
_zjobgqtkm,56,296,523,59,114,DHelmet
_zjobgqtkm,57,284,521,62,115,DHelmet
_zjobgqtkm,58,273,520,63,114,DHelmet
_zjobgqtkm,59,262,518,65,115,DHelmet
_zjobgqtkm,60,251,517,66,115,DHelmet
_zjobgqtkm,61,242,516,64,114,DHelmet
_zjobgqtkm,62,232,516,62,112,DHelmet
_zjobgqtkm,63,223,516,60,110,DHelmet
_zjobgqtkm,64,213,515,59,109,DHelmet
_zjobgqtkm,65,209,515,56,108,DHelmet
_zjobgqtkm,66,205,515,54,106,DHelmet
_zjobgqtkm,67,201,516,52,104,DHelmet
_zjobgqtkm,68,196,516,51,102,DHelmet
_zjobgqtkm,69,192,516,48,101,DHelmet
_7pvekchkp,20,1680,591,240,376,DHelmetP1Helmet
_7pvekchkp,21,1602,587,315,376,DHelmetP1Helmet
_7pvekchkp,22,1531,583,298,363,DHelmetP1Helmet
_7pvekchkp,23,1466,586,283,347,DHelmetP1Helmet
_7pvekchkp,24,1406,579,273,338,DHelmetP1Helmet
_7pvekchkp,25,1346,573,262,328,DHelmetP1Helmet
_7pvekchkp,26,1293,569,252,318,DHelmetP1Helmet
_7pvekchkp,27,1239,565,243,309,DHelmetP1Helmet
_7pvekchkp,28,1194,563,232,301,DHelmetP1Helmet
_7pvekchkp,29,1148,562,223,291,DHelmetP1Helmet
_7pvekchkp,30,1103,561,212,281,DHelmetP1Helmet
_7pvekchkp,31,1063,558,203,275,DHelmetP1Helmet
_7pvekchkp,32,1023,556,193,268,DHelmetP1Helmet
_7pvekchkp,33,989,554,183,261,DHelmetP1Helmet
_7pvekchkp,34,955,553,173,254,DHelmetP1Helmet
_7pvekchkp,35,924,551,166,249,DHelmetP1Helmet
_7pvekchkp,36,893,550,158,244,DHelmetP1Helmet
_7pvekchkp,37,867,549,150,238,DHelmetP1Helmet
_7pvekchkp,38,840,548,143,233,DHelmetP1Helmet
_7pvekchkp,39,814,547,135,227,DHelmetP1Helmet
_7pvekchkp,40,789,545,131,223,DHelmetP1Helmet
_7pvekchkp,41,764,543,128,218,DHelmetP1Helmet
_7pvekchkp,42,739,541,124,214,DHelmetP1Helmet
_7pvekchkp,43,717,539,120,210,DHelmetP1Helmet
_7pvekchkp,44,695,537,115,206,DHelmetP1Helmet
_7pvekchkp,45,676,537,112,199,DHelmetP1Helmet
_7pvekchkp,46,658,536,108,194,DHelmetP1Helmet
_7pvekchkp,47,640,535,104,189,DHelmetP1Helmet
_7pvekchkp,48,624,535,100,183,DHelmetP1Helmet
_7pvekchkp,49,608,534,96,177,DHelmetP1Helmet
_7pvekchkp,50,592,533,92,172,DHelmetP1Helmet
_7pvekchkp,51,576,532,90,171,DHelmetP1Helmet
_7pvekchkp,52,560,531,87,170,DHelmetP1Helmet
_7pvekchkp,53,544,530,84,169,DHelmetP1Helmet
_7pvekchkp,54,528,529,82,168,DHelmetP1Helmet
_7pvekchkp,55,512,527,79,169,DHelmetP1Helmet
_7pvekchkp,56,496,526,77,168,DHelmetP1Helmet
_7pvekchkp,57,481,525,75,165,DHelmetP1Helmet
_7pvekchkp,58,466,524,74,162,DHelmetP1Helmet
_7pvekchkp,59,451,523,72,159,DHelmetP1Helmet
_7pvekchkp,60,436,523,71,155,DHelmetP1Helmet
_7pvekchkp,61,421,522,69,152,DHelmetP1Helmet
_7pvekchkp,62,408,522,70,149,DHelmetP1Helmet
_7pvekchkp,63,396,521,71,147,DHelmetP1Helmet
_7pvekchkp,64,383,521,72,144,DHelmetP1Helmet
_7pvekchkp,65,371,521,72,141,DHelmetP1Helmet
_7pvekchkp,66,359,521,72,137,DHelmetP1Helmet
_7pvekchkp,67,346,521,73,134,DHelmetP1Helmet
_7pvekchkp,68,336,520,72,134,DHelmetP1Helmet
_7pvekchkp,69,325,519,72,133,DHelmetP1Helmet
_7pvekchkp,70,315,519,71,132,DHelmetP1Helmet
_7pvekchkp,71,304,518,71,131,DHelmetP1Helmet
_7pvekchkp,72,294,517,70,131,DHelmetP1Helmet
_7pvekchkp,73,283,517,70,129,DHelmetP1Helmet
_7pvekchkp,74,273,516,69,129,DHelmetP1Helmet
_7pvekchkp,75,262,515,69,128,DHelmetP1Helmet
_7pvekchkp,76,252,514,68,128,DHelmetP1Helmet
_7pvekchkp,77,241,514,68,126,DHelmetP1Helmet
_7pvekchkp,78,235,514,66,125,DHelmetP1Helmet
_7pvekchkp,79,229,513,63,125,DHelmetP1Helmet
_7pvekchkp,80,222,513,61,123,DHelmetP1Helmet
_lh814l0lx,30,1192,566,186,233,DHelmet
_lh814l0lx,31,1159,565,178,228,DHelmet
_lh814l0lx,32,1125,565,172,222,DHelmet
_lh814l0lx,33,1093,562,165,217,DHelmet
_lh814l0lx,34,1062,558,158,212,DHelmet
_lh814l0lx,35,1052,558,134,207,DHelmet
_lh814l0lx,36,1022,558,130,201,DHelmet
_lh814l0lx,37,990,558,132,196,DHelmet
_lh814l0lx,38,957,558,136,190,DHelmet
_lh814l0lx,39,934,554,130,189,DHelmet
_lh814l0lx,40,910,550,125,188,DHelmet
_lh814l0lx,41,887,546,120,187,DHelmet
_lh814l0lx,42,862,544,121,187,DHelmet
_lh814l0lx,43,838,542,120,187,DHelmet
_lh814l0lx,44,814,539,120,180,DHelmet
_lh814l0lx,45,790,537,120,172,DHelmet
_lh814l0lx,46,767,537,120,171,DHelmet
_lh814l0lx,47,744,536,120,171,DHelmet
_lh814l0lx,48,723,536,113,162,DHelmet
_lh814l0lx,49,701,536,106,152,DHelmet
_lh814l0lx,50,683,537,103,158,DHelmet
_lh814l0lx,51,666,537,99,166,DHelmet
_lh814l0lx,52,646,536,99,163,DHelmet
_lh814l0lx,53,626,534,99,161,DHelmet
_lh814l0lx,54,608,534,96,157,DHelmet
_lh814l0lx,55,590,533,93,155,DHelmet
_lh814l0lx,56,574,530,93,155,DHelmet
_lh814l0lx,57,557,527,93,155,DHelmet
_lh814l0lx,58,547,528,88,152,DHelmet
_lh814l0lx,59,536,529,83,149,DHelmet
_lh814l0lx,60,517,528,85,146,DHelmet
_lh814l0lx,61,499,527,86,143,DHelmet
_lh814l0lx,62,485,527,86,143,DHelmet
_lh814l0lx,63,470,526,86,143,DHelmet
_lh814l0lx,64,462,525,80,141,DHelmet
_lh814l0lx,65,453,524,75,139,DHelmet
_lh814l0lx,66,443,524,74,138,DHelmet
_lh814l0lx,67,433,524,72,136,DHelmet
_lh814l0lx,68,422,524,72,134,DHelmet
_lh814l0lx,69,412,524,71,132,DHelmet
_lh814l0lx,70,402,524,70,130,DHelmet
_lh814l0lx,71,391,524,70,129,DHelmet
_lh814l0lx,72,381,524,68,127,DHelmet
_lh814l0lx,73,371,524,67,125,DHelmet
_lh814l0lx,74,363,524,66,124,DHelmet
_lh814l0lx,75,355,524,64,123,DHelmet
_lh814l0lx,76,347,524,63,121,DHelmet
_lh814l0lx,77,339,524,61,120,DHelmet
_lh814l0lx,78,331,524,60,119,DHelmet
_lh814l0lx,79,323,524,58,117,DHelmet
_lh814l0lx,80,315,524,57,116,DHelmet
_lh814l0lx,81,307,524,55,115,DHelmet
_lh814l0lx,82,299,524,54,114,DHelmet
_lh814l0lx,83,293,523,52,113,DHelmet
_lh814l0lx,84,287,522,51,113,DHelmet
_lh814l0lx,85,280,521,51,112,DHelmet
_lh814l0lx,86,274,520,50,112,DHelmet
_lh814l0lx,87,268,519,49,112,DHelmet
_lh814l0lx,88,263,519,48,110,DHelmet
_lh814l0lx,89,258,519,46,109,DHelmet
_lh814l0lx,90,253,519,45,107,DHelmet
_lh814l0lx,91,247,519,45,106,DHelmet
_lh814l0lx,92,242,519,44,104,DHelmet
_5ucwm2tfh,25,1509,584,200,285,DHelmet
_5ucwm2tfh,26,1379,577,232,285,DHelmet
_5ucwm2tfh,27,1310,573,224,275,DHelmet
_5ucwm2tfh,28,1242,569,216,265,DHelmet
_5ucwm2tfh,29,1174,565,208,256,DHelmet
_5ucwm2tfh,30,1125,563,200,246,DHelmet
_5ucwm2tfh,31,1075,561,193,236,DHelmet
_5ucwm2tfh,32,1026,559,184,227,DHelmet
_5ucwm2tfh,33,977,557,176,217,DHelmet
_5ucwm2tfh,34,931,554,168,211,DHelmet
_5ucwm2tfh,35,885,551,159,205,DHelmet
_5ucwm2tfh,36,840,549,151,201,DHelmet
_5ucwm2tfh,37,796,546,142,199,DHelmet
_5ucwm2tfh,38,758,543,135,199,DHelmet
_5ucwm2tfh,39,721,541,126,197,DHelmet
_5ucwm2tfh,40,689,540,118,190,DHelmet
_5ucwm2tfh,41,657,539,110,183,DHelmet
_5ucwm2tfh,42,629,537,107,180,DHelmet
_5ucwm2tfh,43,600,536,104,176,DHelmet
_5ucwm2tfh,44,577,535,101,172,DHelmet
_5ucwm2tfh,45,553,533,98,169,DHelmet
_5ucwm2tfh,46,529,532,95,165,DHelmet
_5ucwm2tfh,47,512,531,92,164,DHelmet
_5ucwm2tfh,48,495,530,89,162,DHelmet
_5ucwm2tfh,49,478,530,85,160,DHelmet
_5ucwm2tfh,50,460,529,83,159,DHelmet
_5ucwm2tfh,51,446,528,81,156,DHelmet
_5ucwm2tfh,52,432,528,80,153,DHelmet
_5ucwm2tfh,53,417,527,79,151,DHelmet
_5ucwm2tfh,54,403,527,78,147,DHelmet
_5ucwm2tfh,55,389,526,76,145,DHelmet
_5ucwm2tfh,56,377,525,75,144,DHelmet
_5ucwm2tfh,57,366,524,73,142,DHelmet
_5ucwm2tfh,58,354,523,72,141,DHelmet
_5ucwm2tfh,59,343,522,70,139,DHelmet
_5ucwm2tfh,60,331,521,69,138,DHelmet
_5ucwm2tfh,61,323,520,67,137,DHelmet
_5ucwm2tfh,62,315,519,65,135,DHelmet
_5ucwm2tfh,63,306,520,64,132,DHelmet
_5ucwm2tfh,64,298,520,61,130,DHelmet
_5ucwm2tfh,65,290,520,59,128,DHelmet
_5ucwm2tfh,66,282,520,57,126,DHelmet
_5ucwm2tfh,67,274,520,54,123,DHelmet
_5ucwm2tfh,68,266,520,55,121,DHelmet
_5ucwm2tfh,69,259,519,54,120,DHelmet
_5ucwm2tfh,70,251,519,55,118,DHelmet
_5ucwm2tfh,71,244,518,54,117,DHelmet
_5ucwm2tfh,72,236,518,55,115,DHelmet
_5ucwm2tfh,73,229,517,54,114,DHelmet
_5ucwm2tfh,74,221,516,55,112,DHelmet
_5ucwm2tfh,75,214,516,54,110,DHelmet
_lsw8s68xw,67,43,542,127,227,DHelmet
_lsw8s68xw,68,59,540,124,228,DHelmet
_lsw8s68xw,69,75,538,120,229,DHelmet
_lsw8s68xw,70,91,536,117,231,DHelmet
_lsw8s68xw,71,100,536,114,227,DHelmet
_lsw8s68xw,72,108,536,111,223,DHelmet
_lsw8s68xw,73,117,535,108,220,DHelmet
_lsw8s68xw,74,125,535,105,216,DHelmet
_lsw8s68xw,75,133,535,103,212,DHelmet
_lsw8s68xw,76,138,535,101,208,DHelmet
_lsw8s68xw,77,144,534,97,205,DHelmet
_lsw8s68xw,78,149,534,94,201,DHelmet
_lsw8s68xw,79,154,533,92,197,DHelmet
_lsw8s68xw,80,153,533,92,197,DHelmet
_lsw8s68xw,81,152,532,91,198,DHelmet
_lsw8s68xw,82,151,532,91,197,DHelmet
_lsw8s68xw,83,149,532,92,197,DHelmet
_lsw8s68xw,84,148,531,92,198,DHelmet
_lsw8s68xw,85,147,531,92,197,DHelmet
_lsw8s68xw,86,146,531,92,197,DHelmet
_lsw8s68xw,87,145,530,92,198,DHelmet
_lsw8s68xw,88,144,530,92,197,DHelmet
_lsw8s68xw,89,143,530,92,197,DHelmet
_lsw8s68xw,90,142,529,92,198,DHelmet
_lsw8s68xw,91,141,529,91,197,DHelmet
_lsw8s68xw,92,140,529,91,197,DHelmet
_lsw8s68xw,93,139,528,91,198,DHelmet
_lsw8s68xw,94,137,528,92,197,DHelmet
_lsw8s68xw,95,136,528,92,197,DHelmet
_lsw8s68xw,96,135,527,92,198,DHelmet
_lsw8s68xw,97,135,526,92,198,DHelmet
_lsw8s68xw,98,135,525,92,197,DHelmet
_lsw8s68xw,99,135,524,92,197,DHelmet
_lsw8s68xw,100,135,523,92,197,DHelmet
_32hov8dud,28,1752,580,168,290,DHelmet
_32hov8dud,29,1696,580,224,290,DHelmet
_32hov8dud,30,1645,576,237,285,DHelmet
_32hov8dud,31,1596,572,230,280,DHelmet
_32hov8dud,32,1547,569,222,273,DHelmet
_32hov8dud,33,1498,565,215,268,DHelmet
_32hov8dud,34,1449,562,208,261,DHelmet
_32hov8dud,35,1405,560,201,256,DHelmet
_32hov8dud,36,1361,559,194,250,DHelmet
_32hov8dud,37,1324,558,185,244,DHelmet
_32hov8dud,38,1286,557,178,238,DHelmet
_32hov8dud,39,1246,556,172,231,DHelmet
_32hov8dud,40,1207,554,164,226,DHelmet
_32hov8dud,41,1174,554,157,219,DHelmet
_32hov8dud,42,1141,553,150,214,DHelmet
_32hov8dud,43,1109,553,142,208,DHelmet
_32hov8dud,44,1078,553,134,202,DHelmet
_32hov8dud,45,1048,551,134,198,DHelmet
_32hov8dud,46,1019,549,133,195,DHelmet
_32hov8dud,47,989,547,133,192,DHelmet
_32hov8dud,48,961,545,133,190,DHelmet
_32hov8dud,49,932,543,133,188,DHelmet
_32hov8dud,50,904,542,133,185,DHelmet
_32hov8dud,51,879,540,130,181,DHelmet
_32hov8dud,52,855,539,127,176,DHelmet
_32hov8dud,53,831,537,123,172,DHelmet
_32hov8dud,54,809,535,122,169,DHelmet
_32hov8dud,55,787,533,121,166,DHelmet
_32hov8dud,56,765,532,121,163,DHelmet
_32hov8dud,57,745,532,116,161,DHelmet
_32hov8dud,58,725,532,112,158,DHelmet
_32hov8dud,59,708,530,101,156,DHelmet
_32hov8dud,60,690,529,92,153,DHelmet
_32hov8dud,61,674,528,86,150,DHelmet
_32hov8dud,62,658,527,81,146,DHelmet
_32hov8dud,63,646,527,80,146,DHelmet
_32hov8dud,64,633,527,80,146,DHelmet
_rg7z13q3z,36,1675,590,245,324,DHelmet
_rg7z13q3z,37,1628,584,278,320,DHelmet
_rg7z13q3z,38,1566,586,263,304,DHelmet
_rg7z13q3z,39,1511,581,249,297,DHelmet
_rg7z13q3z,40,1455,577,236,289,DHelmet
_rg7z13q3z,41,1403,575,225,279,DHelmet
_rg7z13q3z,42,1351,573,213,270,DHelmet
_rg7z13q3z,43,1303,569,203,264,DHelmet
_rg7z13q3z,44,1254,566,193,257,DHelmet
_rg7z13q3z,45,1209,562,188,250,DHelmet
_rg7z13q3z,46,1164,557,182,245,DHelmet
_rg7z13q3z,47,1122,557,175,237,DHelmet
_rg7z13q3z,48,1080,556,168,230,DHelmet
_rg7z13q3z,49,1038,552,164,226,DHelmet
_rg7z13q3z,50,996,549,160,221,DHelmet
_rg7z13q3z,51,960,548,155,215,DHelmet
_rg7z13q3z,52,924,547,150,209,DHelmet
_rg7z13q3z,53,892,545,145,207,DHelmet
_rg7z13q3z,54,859,543,141,204,DHelmet
_rg7z13q3z,55,830,541,134,201,DHelmet
_rg7z13q3z,56,801,539,127,197,DHelmet
_rg7z13q3z,57,775,539,123,191,DHelmet
_rg7z13q3z,58,750,539,119,184,DHelmet
_rg7z13q3z,59,723,536,119,184,DHelmet
_rg7z13q3z,60,697,533,119,184,DHelmet
_rg7z13q3z,61,673,531,119,184,DHelmet
_rg7z13q3z,62,650,529,119,184,DHelmet
_rg7z13q3z,63,629,528,113,179,DHelmet
_rg7z13q3z,64,609,527,107,175,DHelmet
_rg7z13q3z,65,588,528,107,175,DHelmet
_rg7z13q3z,66,567,529,108,174,DHelmet
_rg7z13q3z,67,550,528,105,172,DHelmet
_rg7z13q3z,68,533,528,102,169,DHelmet
_rg7z13q3z,69,520,527,98,167,DHelmet
_rg7z13q3z,70,506,526,96,164,DHelmet
_rg7z13q3z,71,492,525,93,162,DHelmet
_rg7z13q3z,72,478,524,90,159,DHelmet
_rg7z13q3z,73,464,523,87,156,DHelmet
_rg7z13q3z,74,455,524,84,153,DHelmet
_rg7z13q3z,75,445,524,81,151,DHelmet
_rg7z13q3z,76,435,524,78,148,DHelmet
_rg7z13q3z,77,425,524,76,146,DHelmet
_rg7z13q3z,78,415,525,73,142,DHelmet
_rg7z13q3z,79,406,524,72,141,DHelmet
_rg7z13q3z,80,397,524,72,139,DHelmet
_rg7z13q3z,81,388,523,71,138,DHelmet
_rg7z13q3z,82,379,523,71,135,DHelmet
_rg7z13q3z,83,370,523,70,133,DHelmet
_rg7z13q3z,84,361,522,70,132,DHelmet
_rg7z13q3z,85,353,522,69,131,DHelmet
_rg7z13q3z,86,345,522,69,129,DHelmet
_rg7z13q3z,87,337,521,68,129,DHelmet
_rg7z13q3z,88,329,521,68,128,DHelmet
_rg7z13q3z,89,321,521,67,127,DHelmet
_rg7z13q3z,90,313,520,67,127,DHelmet
_rg7z13q3z,91,306,520,66,125,DHelmet
_rg7z13q3z,92,299,520,64,124,DHelmet
_rg7z13q3z,93,292,520,63,123,DHelmet
_rg7z13q3z,94,286,520,60,121,DHelmet
_rg7z13q3z,95,279,520,59,120,DHelmet
_rg7z13q3z,96,272,519,57,120,DHelmet
_rg7z13q3z,97,265,519,56,118,DHelmet
_rg7z13q3z,98,259,519,53,117,DHelmet
_rg7z13q3z,99,252,519,52,116,DHelmet
_rg7z13q3z,100,245,519,51,114,DHelmet
_wxm2t44bc,35,1521,684,399,396,DHelmet
_wxm2t44bc,36,1408,658,448,422,DHelmet
_wxm2t44bc,37,1311,641,390,439,DHelmet
_wxm2t44bc,38,1224,636,343,444,DHelmet
_wxm2t44bc,39,1146,624,316,448,DHelmet
_wxm2t44bc,40,1076,617,291,423,DHelmet
_wxm2t44bc,41,1013,611,266,396,DHelmet
_wxm2t44bc,42,961,604,241,371,DHelmet
_wxm2t44bc,43,909,596,225,352,DHelmet
_wxm2t44bc,44,857,588,208,334,DHelmet
_wxm2t44bc,45,813,583,200,323,DHelmet
_wxm2t44bc,46,770,578,191,312,DHelmet
_wxm2t44bc,47,726,574,183,300,DHelmet
_wxm2t44bc,48,696,569,175,289,DHelmet
_wxm2t44bc,49,666,564,166,277,DHelmet
_wxm2t44bc,50,636,560,158,265,DHelmet
_wxm2t44bc,51,611,556,152,257,DHelmet
_wxm2t44bc,52,587,553,146,248,DHelmet
_wxm2t44bc,53,563,549,140,240,DHelmet
_wxm2t44bc,54,538,546,135,231,DHelmet
_wxm2t44bc,55,523,545,128,224,DHelmet
_wxm2t44bc,56,507,543,123,219,DHelmet
_wxm2t44bc,57,491,542,117,212,DHelmet
_wxm2t44bc,58,475,541,112,205,DHelmet
_wxm2t44bc,59,459,540,106,199,DHelmet
_wxm2t44bc,60,444,539,100,192,DHelmet
_wxm2t44bc,61,431,538,95,187,DHelmet
_wxm2t44bc,62,419,537,89,181,DHelmet
_wxm2t44bc,63,407,537,83,175,DHelmet
_wxm2t44bc,64,395,536,77,169,DHelmet
_wxm2t44bc,65,381,533,82,169,DHelmet
_wxm2t44bc,66,368,531,86,167,DHelmet
_wxm2t44bc,67,360,530,84,164,DHelmet
_wxm2t44bc,68,352,530,82,160,DHelmet
_wxm2t44bc,69,344,529,80,158,DHelmet
_wxm2t44bc,70,336,529,78,154,DHelmet
_wxm2t44bc,71,328,529,76,151,DHelmet
_wxm2t44bc,72,320,528,75,148,DHelmet
_wxm2t44bc,73,312,528,73,144,DHelmet
_wxm2t44bc,74,306,527,70,143,DHelmet
_wxm2t44bc,75,299,526,69,141,DHelmet
_wxm2t44bc,76,292,525,67,140,DHelmet
_wxm2t44bc,77,286,524,65,138,DHelmet
_wxm2t44bc,78,279,524,64,136,DHelmet
_wxm2t44bc,79,273,524,61,134,DHelmet
_wxm2t44bc,80,267,523,59,133,DHelmet
_wxm2t44bc,81,260,523,58,131,DHelmet
_wxm2t44bc,82,254,523,58,129,DHelmet
_wxm2t44bc,83,248,522,59,128,DHelmet
_wxm2t44bc,84,242,522,59,126,DHelmet
_wxm2t44bc,85,236,522,60,124,DHelmet
_wxm2t44bc,86,230,522,60,122,DHelmet
_wxm2t44bc,87,222,520,60,123,DHelmet
_wxm2t44bc,88,214,519,60,122,DHelmet
