track_id,frame_id,x,y,w,h,label
_2do57cxkn,1,205,634,429,446,DHelmet
_2do57cxkn,2,401,643,467,437,DHelmet
_2do57cxkn,3,597,652,505,428,DHelmet
_2do57cxkn,4,851,656,519,424,DHelmet
_2do57cxkn,5,1105,660,532,420,DHelmet
_2do57cxkn,6,1417,660,503,420,DHelmet
_hkd6crzhi,1,1167,646,525,434,DHelmet
_hkd6crzhi,2,1595,649,325,431,DHelmet
_1c79o4mdm,1,1167,574,307,329,DNoHelmet
_1c79o4mdm,2,1425,578,315,370,DNoHelmet
_1c79o4mdm,3,1718,581,202,395,DNoHelmet
_ag3kor220,1,554,522,120,133,DHelmetP1Helmet
_ag3kor220,2,528,522,118,132,DHelmetP1Helmet
_ag3kor220,3,501,521,117,133,DHelmetP1Helmet
_ag3kor220,4,474,521,116,132,DHelmetP1Helmet
_ag3kor220,5,447,521,115,132,DHelmetP1Helmet
_ag3kor220,6,420,521,114,131,DHelmetP1Helmet
_ag3kor220,7,393,521,113,130,DHelmetP1Helmet
_ag3kor220,8,367,520,111,131,DHelmetP1Helmet
_ag3kor220,9,342,521,110,129,DHelmetP1Helmet
_ag3kor220,10,318,521,108,128,DHelmetP1Helmet
_ag3kor220,11,294,522,106,126,DHelmetP1Helmet
_ag3kor220,12,269,522,105,125,DHelmetP1Helmet
_ag3kor220,13,245,522,103,124,DHelmetP1Helmet
_ag3kor220,14,221,523,101,122,DHelmetP1Helmet
_ag3kor220,15,197,523,99,121,DHelmetP1Helmet
_ag3kor220,16,183,523,89,120,DHelmetP1Helmet
_ag3kor220,17,168,523,79,119,DHelmetP1Helmet
_ag3kor220,18,154,523,68,117,DHelmetP1Helmet
_ag3kor220,19,140,523,57,116,DHelmetP1Helmet
_pz2gcar9z,16,2,555,194,286,DNoHelmetP1Helmet
_pz2gcar9z,17,52,555,248,297,DNoHelmetP1Helmet
_pz2gcar9z,18,154,555,262,307,DNoHelmetP1Helmet
_pz2gcar9z,19,255,555,277,318,DNoHelmetP1Helmet
_pz2gcar9z,20,374,555,295,333,DNoHelmetP1Helmet
_pz2gcar9z,21,494,555,313,349,DNoHelmetP1Helmet
_pz2gcar9z,22,636,559,339,364,DNoHelmetP1Helmet
_pz2gcar9z,23,779,562,364,381,DNoHelmetP1Helmet
_pz2gcar9z,24,950,564,400,400,DNoHelmetP1Helmet
_pz2gcar9z,25,1121,566,436,419,DNoHelmetP1Helmet
_pz2gcar9z,26,1325,571,482,443,DNoHelmetP1Helmet
_pz2gcar9z,27,1552,571,368,440,DNoHelmetP1Helmet
_qybrporoz,23,1,605,256,380,DHelmet
_qybrporoz,24,111,610,331,408,DHelmet
_qybrporoz,25,272,615,355,436,DHelmet
_qybrporoz,26,454,623,401,455,DHelmet
_qybrporoz,27,657,630,461,450,DHelmet
_qybrporoz,28,896,639,534,441,DHelmet
_qybrporoz,29,1163,645,607,435,DHelmet
_qybrporoz,30,1496,658,424,422,DHelmet
_oe0mbui57,23,15,541,150,199,DHelmetP1Helmet
_oe0mbui57,24,81,538,159,237,DHelmetP1Helmet
_oe0mbui57,25,185,535,195,255,DHelmetP1Helmet
_oe0mbui57,26,311,538,225,267,DHelmetP1Helmet
_oe0mbui57,27,437,541,254,280,DHelmetP1Helmet
_oe0mbui57,28,592,540,274,296,DHelmetP1Helmet
_oe0mbui57,29,746,540,295,310,DHelmetP1Helmet
_oe0mbui57,30,901,539,315,326,DHelmetP1Helmet
_oe0mbui57,31,1091,543,343,347,DHelmetP1Helmet
_oe0mbui57,32,1316,543,361,374,DHelmetP1Helmet
_oe0mbui57,33,1542,542,378,401,DHelmetP1Helmet
_64xmjjzre,31,1,535,113,194,DHelmetP1NoHelmet
_64xmjjzre,32,32,531,164,200,DHelmetP1NoHelmet
_64xmjjzre,33,111,528,177,210,DHelmetP1NoHelmet
_64xmjjzre,34,202,526,183,217,DHelmetP1NoHelmet
_64xmjjzre,35,299,527,193,222,DHelmetP1NoHelmet
_64xmjjzre,36,396,528,203,227,DHelmetP1NoHelmet
_64xmjjzre,37,505,530,213,234,DHelmetP1NoHelmet
_64xmjjzre,38,626,530,224,240,DHelmetP1NoHelmet
_64xmjjzre,39,747,530,234,247,DHelmetP1NoHelmet
_64xmjjzre,40,884,528,254,257,DHelmetP1NoHelmet
_64xmjjzre,41,1021,527,274,267,DHelmetP1NoHelmet
_64xmjjzre,42,1179,526,292,276,DHelmetP1NoHelmet
_64xmjjzre,43,1350,524,313,277,DHelmetP1NoHelmet
_64xmjjzre,44,1538,522,256,288,DHelmetP1NoHelmet
_64xmjjzre,45,1745,524,175,304,DHelmetP1NoHelmet
_013x29l33,34,5,582,211,308,DHelmet
_013x29l33,35,88,583,247,321,DHelmet
_013x29l33,36,205,585,268,334,DHelmet
_013x29l33,37,322,586,289,347,DHelmet
_013x29l33,38,463,589,315,366,DHelmet
_013x29l33,39,602,591,343,385,DHelmet
_013x29l33,40,773,599,380,403,DHelmet
_013x29l33,41,943,606,419,421,DHelmet
_013x29l33,42,1153,609,472,444,DHelmet
_013x29l33,43,1364,613,525,466,DHelmet
_013x29l33,44,1619,622,301,458,DHelmet
_ayarwbqou,38,3,571,234,305,DHelmet
_ayarwbqou,39,115,573,290,317,DHelmet
_ayarwbqou,40,286,573,314,333,DHelmet
_ayarwbqou,41,456,573,339,348,DHelmet
_ayarwbqou,42,665,572,374,370,DHelmet
_ayarwbqou,43,874,571,409,392,DHelmet
_ayarwbqou,44,1139,574,460,415,DHelmet
_ayarwbqou,45,1404,577,512,438,DHelmet
_ayarwbqou,46,1729,578,191,437,DHelmet
_vml46n8ib,99,10,598,261,341,DNoHelmet
_vml46n8ib,100,68,597,351,355,DNoHelmet
_l80mqdd5a,95,3,578,197,329,DHelmetP1Helmet
_l80mqdd5a,96,39,581,288,342,DHelmetP1Helmet
_l80mqdd5a,97,157,581,309,357,DHelmetP1Helmet
_l80mqdd5a,98,276,582,329,371,DHelmetP1Helmet
_l80mqdd5a,99,417,583,357,390,DHelmetP1Helmet
_l80mqdd5a,100,558,583,385,411,DHelmetP1Helmet
_zvmnt8rzs,98,1667,506,198,188,DNoHelmet
_zvmnt8rzs,99,1566,506,189,184,DNoHelmet
_zvmnt8rzs,100,1464,506,181,180,DNoHelmet
_yqs7uv7wt,93,47,654,315,426,DHelmet
_yqs7uv7wt,94,130,663,432,417,DHelmet
_yqs7uv7wt,95,302,672,460,408,DHelmet
_yqs7uv7wt,96,511,678,473,402,DHelmet
_yqs7uv7wt,97,720,685,486,394,DHelmet
_yqs7uv7wt,98,993,696,525,384,DHelmet
_yqs7uv7wt,99,1266,708,564,372,DHelmet
_yqs7uv7wt,100,1580,720,340,360,DHelmet
_s4dwo29xp,84,42,591,234,360,DHelmet
_s4dwo29xp,85,104,591,298,372,DHelmet
_s4dwo29xp,86,216,596,318,388,DHelmet
_s4dwo29xp,87,342,598,341,404,DHelmet
_s4dwo29xp,88,478,605,363,420,DHelmet
_s4dwo29xp,89,626,604,395,445,DHelmet
_s4dwo29xp,90,790,613,425,467,DHelmet
_s4dwo29xp,91,959,615,479,465,DHelmet
_s4dwo29xp,92,1152,615,535,465,DHelmet
_s4dwo29xp,93,1373,622,547,458,DHelmet
_s4dwo29xp,94,1616,626,304,454,DHelmet
_nbqe52jx1,75,3,607,197,340,DHelmet
_nbqe52jx1,76,45,610,290,357,DHelmet
_nbqe52jx1,77,162,611,323,374,DHelmet
_nbqe52jx1,78,304,614,344,394,DHelmet
_nbqe52jx1,79,468,619,381,419,DHelmet
_nbqe52jx1,80,633,623,417,444,DHelmet
_nbqe52jx1,81,837,628,470,446,DHelmet
_nbqe52jx1,82,1041,633,524,447,DHelmet
_nbqe52jx1,83,1278,638,596,442,DHelmet
_nbqe52jx1,84,1559,649,361,431,DHelmet
_mjo0iosqy,42,2,640,199,403,DHelmet
_mjo0iosqy,43,45,642,332,428,DHelmet
_mjo0iosqy,44,167,650,405,429,DHelmet
_mjo0iosqy,45,350,657,447,423,DHelmet
_mjo0iosqy,46,568,665,493,415,DHelmet
_mjo0iosqy,47,783,676,541,404,DHelmet
_mjo0iosqy,48,1048,681,587,399,DHelmet
_mjo0iosqy,49,1357,698,563,381,DHelmet
_bdylper3i,40,2,555,199,282,DHelmetP1Helmet
_bdylper3i,41,47,555,245,290,DHelmetP1Helmet
_bdylper3i,42,136,559,250,294,DHelmetP1Helmet
_bdylper3i,43,222,562,268,303,DHelmetP1Helmet
_bdylper3i,44,329,561,276,314,DHelmetP1Helmet
_bdylper3i,45,436,559,285,326,DHelmetP1Helmet
_bdylper3i,46,547,559,281,330,DHelmetP1Helmet
_bdylper3i,47,658,558,278,335,DHelmetP1Helmet
_bdylper3i,48,784,563,351,349,DHelmetP1Helmet
_bdylper3i,49,931,565,382,374,DHelmetP1Helmet
_bdylper3i,50,1079,566,412,401,DHelmetP1Helmet
_bdylper3i,51,1252,569,454,421,DHelmetP1Helmet
_bdylper3i,52,1425,573,495,441,DHelmetP1Helmet
_bdylper3i,53,1630,571,290,443,DHelmetP1Helmet
_7lgctoddh,46,5,545,191,224,DHelmet
_7lgctoddh,47,85,546,202,231,DHelmet
_7lgctoddh,48,179,547,211,236,DHelmet
_7lgctoddh,49,271,550,221,240,DHelmet
_7lgctoddh,50,364,553,231,245,DHelmet
_7lgctoddh,51,476,552,246,257,DHelmet
_7lgctoddh,52,589,551,260,269,DHelmet
_7lgctoddh,53,701,550,275,280,DHelmet
_7lgctoddh,54,836,548,296,294,DHelmet
_7lgctoddh,55,971,546,317,307,DHelmet
_7lgctoddh,56,1139,548,350,321,DHelmet
_7lgctoddh,57,1306,549,383,336,DHelmet
_7lgctoddh,58,1473,551,417,350,DHelmet
_7lgctoddh,59,1677,553,243,343,DHelmet
_z2vo30gu1,50,5,581,190,307,DHelmet
_z2vo30gu1,51,52,582,270,319,DHelmet
_z2vo30gu1,52,170,582,288,330,DHelmet
_z2vo30gu1,53,296,582,309,357,DHelmet
_z2vo30gu1,54,444,585,331,368,DHelmet
_z2vo30gu1,55,593,587,352,381,DHelmet
_z2vo30gu1,56,800,592,355,402,DHelmet
_z2vo30gu1,57,1008,597,356,422,DHelmet
_z2vo30gu1,58,1186,597,444,435,DHelmet
_z2vo30gu1,59,1364,598,532,448,DHelmet
_z2vo30gu1,60,1625,599,295,467,DHelmet
_kuvsdnraz,53,37,637,297,425,DHelmet
_kuvsdnraz,54,152,649,383,429,DHelmet
_kuvsdnraz,55,340,650,421,428,DHelmet
_kuvsdnraz,56,563,660,465,420,DHelmet
_kuvsdnraz,57,787,669,509,411,DHelmet
_kuvsdnraz,58,1080,678,528,402,DHelmet
_kuvsdnraz,59,1373,688,547,391,DHelmet
_wxbx5lkoa,49,2,562,207,266,DHelmetP1Helmet
_wxbx5lkoa,50,81,562,229,275,DHelmetP1Helmet
_wxbx5lkoa,51,180,563,238,281,DHelmetP1Helmet
_wxbx5lkoa,52,284,564,242,287,DHelmetP1Helmet
_wxbx5lkoa,53,393,564,262,297,DHelmetP1Helmet
_wxbx5lkoa,54,501,565,282,306,DHelmetP1Helmet
_wxbx5lkoa,55,609,566,303,315,DHelmetP1Helmet
_wxbx5lkoa,56,745,568,231,260,DHelmetP1Helmet
_wxbx5lkoa,57,882,570,158,205,DHelmetP1Helmet
_wxbx5lkoa,58,1025,573,229,342,DHelmetP1Helmet
_wxbx5lkoa,59,1198,577,271,352,DHelmetP1Helmet
_wxbx5lkoa,60,1374,570,354,382,DHelmetP1Helmet
_wxbx5lkoa,61,1563,571,355,402,DHelmetP1Helmet
_k9z80d3ja,80,0,619,189,419,DHelmet
_k9z80d3ja,81,45,627,297,435,DHelmet
_k9z80d3ja,82,139,633,366,445,DHelmet
_k9z80d3ja,83,288,640,403,440,DHelmet
_k9z80d3ja,84,461,644,448,436,DHelmet
_k9z80d3ja,85,634,649,492,431,DHelmet
_k9z80d3ja,86,851,652,539,428,DHelmet
_k9z80d3ja,87,1068,656,585,424,DHelmet
_k9z80d3ja,88,1334,662,586,418,DHelmet
_k9z80d3ja,89,1639,672,281,408,DHelmet
_67l81hpmz,53,1,563,195,212,DHelmet
_67l81hpmz,54,80,566,176,274,DHelmet
_67l81hpmz,55,187,567,242,302,DHelmet
_67l81hpmz,56,294,569,263,316,DHelmet
_67l81hpmz,57,417,569,290,331,DHelmet
_67l81hpmz,58,541,570,316,345,DHelmet
_67l81hpmz,59,695,573,344,365,DHelmet
_67l81hpmz,60,850,575,371,386,DHelmet
_67l81hpmz,61,1040,581,420,408,DHelmet
_67l81hpmz,62,1231,587,468,431,DHelmet
_67l81hpmz,63,1459,590,461,458,DHelmet
_n92ytnkwj,51,47,534,94,208,DHelmetP1Helmet
_n92ytnkwj,52,134,535,110,211,DHelmetP1Helmet
_n92ytnkwj,53,231,533,140,220,DHelmetP1Helmet
_n92ytnkwj,54,329,531,168,228,DHelmetP1Helmet
_n92ytnkwj,55,443,531,178,236,DHelmetP1Helmet
_n92ytnkwj,56,557,531,189,244,DHelmetP1Helmet
_n92ytnkwj,57,686,532,215,254,DHelmetP1Helmet
_n92ytnkwj,58,815,532,240,265,DHelmetP1Helmet
_n92ytnkwj,59,965,530,258,282,DHelmetP1Helmet
_n92ytnkwj,60,1116,528,275,300,DHelmetP1Helmet
_n92ytnkwj,61,1297,530,299,308,DHelmetP1Helmet
_n92ytnkwj,62,1479,532,322,316,DHelmetP1Helmet
_n92ytnkwj,63,1707,532,213,302,DHelmetP1Helmet
_7w6b8es2w,59,2,594,280,343,DHelmetP1NoHelmetP2Helmet
_7w6b8es2w,60,96,596,309,356,DHelmetP1NoHelmetP2Helmet
_7w6b8es2w,61,213,598,332,373,DHelmetP1NoHelmetP2Helmet
_7w6b8es2w,62,331,599,354,391,DHelmetP1NoHelmetP2Helmet
_7w6b8es2w,63,466,603,376,409,DHelmetP1NoHelmetP2Helmet
_7w6b8es2w,64,612,609,414,424,DHelmetP1NoHelmetP2Helmet
_7w6b8es2w,65,759,615,450,439,DHelmetP1NoHelmetP2Helmet
_7w6b8es2w,66,939,618,498,449,DHelmetP1NoHelmetP2Helmet
_7w6b8es2w,67,1119,620,547,460,DHelmetP1NoHelmetP2Helmet
_7w6b8es2w,68,1323,621,597,458,DHelmetP1NoHelmetP2Helmet
_7w6b8es2w,69,1554,619,366,460,DHelmetP1NoHelmetP2Helmet
_h9cfq5ic3,64,1606,510,215,189,DHelmetP1Helmet
_h9cfq5ic3,65,1519,508,213,187,DHelmetP1Helmet
_h9cfq5ic3,66,1444,506,199,185,DHelmetP1Helmet
_h9cfq5ic3,67,1369,507,192,181,DHelmetP1Helmet
_h9cfq5ic3,68,1294,509,186,177,DHelmetP1Helmet
_h9cfq5ic3,69,1219,511,179,172,DHelmetP1Helmet
_h9cfq5ic3,70,1148,512,173,168,DHelmetP1Helmet
_h9cfq5ic3,71,1086,513,169,165,DHelmetP1Helmet
_h9cfq5ic3,72,1024,513,164,163,DHelmetP1Helmet
_h9cfq5ic3,73,961,513,161,161,DHelmetP1Helmet
_h9cfq5ic3,74,899,514,156,158,DHelmetP1Helmet
_h9cfq5ic3,75,854,515,139,155,DHelmetP1Helmet
_h9cfq5ic3,76,809,516,122,152,DHelmetP1Helmet
_h9cfq5ic3,77,764,518,105,148,DHelmetP1Helmet
_h9cfq5ic3,78,709,517,108,149,DHelmetP1Helmet
_o87gknc65,68,1,518,143,208,DHelmetP1Helmet
_o87gknc65,69,67,523,181,210,DHelmetP1Helmet
_o87gknc65,70,169,518,190,219,DHelmetP1Helmet
_o87gknc65,71,272,514,198,228,DHelmetP1Helmet
_o87gknc65,72,384,515,212,231,DHelmetP1Helmet
_o87gknc65,73,496,516,226,234,DHelmetP1Helmet
_o87gknc65,74,628,515,238,246,DHelmetP1Helmet
_o87gknc65,75,760,513,251,258,DHelmetP1Helmet
_o87gknc65,76,892,511,263,271,DHelmetP1Helmet
_o87gknc65,77,1046,508,282,285,DHelmetP1Helmet
_o87gknc65,78,1229,506,297,300,DHelmetP1Helmet
_o87gknc65,79,1412,504,312,316,DHelmetP1Helmet
_o87gknc65,80,1595,502,325,331,DHelmetP1Helmet
_2i4h2fp0x,67,5,590,211,300,DHelmet
_2i4h2fp0x,68,78,594,255,306,DHelmet
_2i4h2fp0x,69,185,598,265,311,DHelmet
_2i4h2fp0x,70,305,598,282,328,DHelmet
_2i4h2fp0x,71,425,599,298,345,DHelmet
_2i4h2fp0x,72,597,604,291,363,DHelmet
_2i4h2fp0x,73,769,609,285,380,DHelmet
_2i4h2fp0x,74,954,611,302,399,DHelmet
_2i4h2fp0x,75,1139,614,319,417,DHelmet
_2i4h2fp0x,76,1374,617,316,395,DHelmet
_2i4h2fp0x,77,1610,619,310,373,DHelmet
_7wimx5w6w,69,2,615,263,404,DHelmetP1Helmet
_7wimx5w6w,70,63,614,360,424,DHelmetP1Helmet
_7wimx5w6w,71,209,619,394,439,DHelmetP1Helmet
_7wimx5w6w,72,354,623,428,456,DHelmetP1Helmet
_7wimx5w6w,73,528,624,473,455,DHelmetP1Helmet
_7wimx5w6w,74,701,625,519,454,DHelmetP1Helmet
_7wimx5w6w,75,917,636,560,444,DHelmetP1Helmet
_7wimx5w6w,76,1132,646,602,434,DHelmetP1Helmet
_7wimx5w6w,77,1388,649,532,430,DHelmetP1Helmet
