track_id,frame_id,x,y,w,h,label
_6eeszn9zp,1,190,395,105,129,DHelmet
_6eeszn9zp,2,156,395,101,129,DHelmet
_6eeszn9zp,3,121,394,99,129,DHelmet
_6eeszn9zp,4,87,393,98,129,DHelmet
_6eeszn9zp,5,52,392,97,129,DHelmet
_6eeszn9zp,6,15,394,98,124,DHelmet
_9naj6lgiu,1,340,400,89,112,DHelmet
_9naj6lgiu,2,312,400,86,111,DHelmet
_9naj6lgiu,3,284,400,83,111,DHelmet
_9naj6lgiu,4,256,400,80,110,DHelmet
_9naj6lgiu,5,234,400,77,109,DHelmet
_9naj6lgiu,6,210,400,74,111,DHelmet
_9naj6lgiu,7,185,400,71,112,DHelmet
_ouq2cfdqr,1,794,404,153,150,DHelmetP1Helmet
_ouq2cfdqr,2,734,403,146,149,DHelmetP1Helmet
_ouq2cfdqr,3,673,404,144,146,DHelmetP1Helmet
_ouq2cfdqr,4,639,403,119,145,DHelmetP1Helmet
_ouq2cfdqr,5,605,402,94,144,DHelmetP1Helmet
_hhvgstgw2,5,1630,411,272,242,DHelmetP1Helmet
_hhvgstgw2,6,1439,411,271,242,DHelmetP1Helmet
_hhvgstgw2,7,1291,409,253,234,DHelmetP1Helmet
_hhvgstgw2,8,1155,407,236,226,DHelmetP1Helmet
_hhvgstgw2,9,1030,405,221,218,DHelmetP1Helmet
_hhvgstgw2,10,905,404,207,209,DHelmetP1Helmet
_hhvgstgw2,11,792,404,192,202,DHelmetP1Helmet
_hhvgstgw2,12,688,403,183,196,DHelmetP1Helmet
_hhvgstgw2,13,585,401,174,191,DHelmetP1Helmet
_hhvgstgw2,14,488,399,166,186,DHelmetP1Helmet
_hhvgstgw2,15,397,398,160,181,DHelmetP1Helmet
_hhvgstgw2,16,310,398,153,175,DHelmetP1Helmet
_hhvgstgw2,17,230,397,146,170,DHelmetP1Helmet
_hhvgstgw2,18,145,396,146,167,DHelmetP1Helmet
_hhvgstgw2,19,75,394,137,164,DHelmetP1Helmet
_hhvgstgw2,20,4,393,129,160,DHelmetP1Helmet
_4xjpmvnl5,22,1739,410,181,168,DHelmetP1Helmet
_4xjpmvnl5,23,1654,409,184,165,DHelmetP1Helmet
_4xjpmvnl5,24,1591,403,170,169,DHelmetP1Helmet
_4xjpmvnl5,25,1528,404,155,165,DHelmetP1Helmet
_4xjpmvnl5,26,1466,405,140,162,DHelmetP1Helmet
_4xjpmvnl5,27,1380,405,141,159,DHelmetP1Helmet
_4xjpmvnl5,28,1309,407,141,156,DHelmetP1Helmet
_4xjpmvnl5,29,1241,406,142,154,DHelmetP1Helmet
_4xjpmvnl5,30,1174,405,143,151,DHelmetP1Helmet
_4xjpmvnl5,31,1110,405,143,148,DHelmetP1Helmet
_4xjpmvnl5,32,1046,404,144,147,DHelmetP1Helmet
_4xjpmvnl5,33,982,404,145,144,DHelmetP1Helmet
_4xjpmvnl5,34,929,403,141,142,DHelmetP1Helmet
_4xjpmvnl5,35,875,403,138,139,DHelmetP1Helmet
_4xjpmvnl5,36,821,402,134,137,DHelmetP1Helmet
_4xjpmvnl5,37,768,401,130,136,DHelmetP1Helmet
_4xjpmvnl5,38,721,401,128,134,DHelmetP1Helmet
_4xjpmvnl5,39,674,401,127,133,DHelmetP1Helmet
_4xjpmvnl5,40,628,400,124,133,DHelmetP1Helmet
_4xjpmvnl5,41,581,400,122,132,DHelmetP1Helmet
_4xjpmvnl5,42,535,400,120,131,DHelmetP1Helmet
_4xjpmvnl5,43,495,400,120,129,DHelmetP1Helmet
_4xjpmvnl5,44,459,399,118,127,DHelmetP1Helmet
_4xjpmvnl5,45,424,398,115,126,DHelmetP1Helmet
_4xjpmvnl5,46,388,397,113,124,DHelmetP1Helmet
_4xjpmvnl5,47,352,396,112,123,DHelmetP1Helmet
_4xjpmvnl5,48,321,396,109,121,DHelmetP1Helmet
_4xjpmvnl5,49,290,395,107,120,DHelmetP1Helmet
_4xjpmvnl5,50,259,395,105,119,DHelmetP1Helmet
_4xjpmvnl5,51,233,397,97,117,DHelmetP1Helmet
_o4oxn4452,23,1690,415,230,188,DHelmetP1Helmet
_o4oxn4452,24,1581,414,214,183,DHelmetP1Helmet
_o4oxn4452,25,1476,411,206,180,DHelmetP1Helmet
_o4oxn4452,26,1387,412,197,175,DHelmetP1Helmet
_o4oxn4452,27,1293,410,185,172,DHelmetP1Helmet
_o4oxn4452,28,1198,409,174,168,DHelmetP1Helmet
_o4oxn4452,29,1106,406,175,166,DHelmetP1Helmet
_mcf065nmh,34,1673,408,227,193,DHelmet
_mcf065nmh,35,1558,407,219,189,DHelmet
_mcf065nmh,36,1456,406,205,185,DHelmet
_mcf065nmh,37,1353,405,199,180,DHelmet
_mcf065nmh,38,1257,404,186,176,DHelmet
_mcf065nmh,39,1166,403,179,172,DHelmet
_mcf065nmh,40,1075,402,171,167,DHelmet
_mcf065nmh,41,996,401,163,163,DHelmet
_mcf065nmh,42,916,400,156,161,DHelmet
_mcf065nmh,43,841,399,150,159,DHelmet
_mcf065nmh,44,769,398,143,157,DHelmet
_mcf065nmh,45,694,398,143,152,DHelmet
_mcf065nmh,46,634,398,139,149,DHelmet
_mcf065nmh,47,575,398,133,146,DHelmet
_mcf065nmh,48,515,398,129,143,DHelmet
_mcf065nmh,49,455,397,125,140,DHelmet
_mcf065nmh,50,395,397,120,137,DHelmet
_mcf065nmh,51,336,397,115,134,DHelmet
_mcf065nmh,52,282,395,114,134,DHelmet
_s5yhb16fr,44,1699,409,221,253,DNoHelmet
_s5yhb16fr,45,1563,411,283,245,DNoHelmet
_s5yhb16fr,46,1433,413,266,234,DNoHelmet
_s5yhb16fr,47,1312,413,250,225,DNoHelmet
_s5yhb16fr,48,1201,404,232,225,DNoHelmet
_s5yhb16fr,49,1091,405,222,217,DNoHelmet
_s5yhb16fr,50,1002,405,213,211,DNoHelmet
_s5yhb16fr,51,914,405,204,205,DNoHelmet
_s5yhb16fr,52,826,405,194,199,DNoHelmet
_s5yhb16fr,53,737,406,185,192,DNoHelmet
_s5yhb16fr,54,649,406,175,186,DNoHelmet
_s5yhb16fr,55,573,406,166,180,DNoHelmet
_s5yhb16fr,56,501,404,161,177,DNoHelmet
_s5yhb16fr,57,436,402,157,174,DNoHelmet
_s5yhb16fr,58,371,400,153,171,DNoHelmet
_s5yhb16fr,59,307,398,147,168,DNoHelmet
_s5yhb16fr,60,242,396,143,165,DNoHelmet
_s5yhb16fr,61,177,394,139,162,DNoHelmet
_s5yhb16fr,62,120,395,134,160,DNoHelmet
_s5yhb16fr,63,64,394,130,156,DNoHelmet
_s5yhb16fr,64,9,389,129,157,DNoHelmet
_s5yhb16fr,65,0,392,88,152,DNoHelmet
_9vzhihiw1,56,1563,411,199,152,DHelmet
_9vzhihiw1,57,1468,412,192,152,DHelmet
_9vzhihiw1,58,1370,412,187,152,DHelmet
_9vzhihiw1,59,1276,409,178,171,DHelmet
_9vzhihiw1,60,1183,409,172,165,DHelmet
_9vzhihiw1,61,1100,409,164,160,DHelmet
_hiy6q6ntt,80,599,397,102,141,DHelmet
_hiy6q6ntt,81,529,398,102,139,DHelmet
_hiy6q6ntt,82,469,397,102,136,DHelmet
_hiy6q6ntt,83,406,397,102,133,DHelmet
_hiy6q6ntt,84,346,397,102,130,DHelmet
_hiy6q6ntt,85,288,396,101,130,DHelmet
_hiy6q6ntt,86,233,396,100,128,DHelmet
_hiy6q6ntt,87,182,396,98,126,DHelmet
_hiy6q6ntt,88,129,395,97,125,DHelmet
_hiy6q6ntt,89,77,394,97,123,DHelmet
_aj9k2fkst,83,1640,409,185,184,DHelmetP1Helmet
_aj9k2fkst,84,1544,407,165,150,DHelmetP1Helmet
_aj9k2fkst,85,1418,408,178,159,DHelmetP1Helmet
_aj9k2fkst,86,1309,410,189,167,DHelmetP1Helmet
_aj9k2fkst,87,1230,407,167,169,DHelmetP1Helmet
_aj9k2fkst,88,1129,406,174,166,DHelmetP1Helmet
_aj9k2fkst,89,1048,405,167,164,DHelmetP1Helmet
_aj9k2fkst,90,966,404,161,162,DHelmetP1Helmet
_aj9k2fkst,91,889,403,155,157,DHelmetP1Helmet
_aj9k2fkst,92,817,402,149,154,DHelmetP1Helmet
_aj9k2fkst,93,745,401,142,151,DHelmetP1Helmet
_aj9k2fkst,94,678,400,139,150,DHelmetP1Helmet
_aj9k2fkst,95,611,399,135,149,DHelmetP1Helmet
_aj9k2fkst,96,551,399,132,145,DHelmetP1Helmet
_aj9k2fkst,97,492,399,128,142,DHelmetP1Helmet
_aj9k2fkst,98,433,399,124,138,DHelmetP1Helmet
_aj9k2fkst,99,373,398,121,136,DHelmetP1Helmet
_aj9k2fkst,100,314,398,117,133,DHelmetP1Helmet
_y6jcip1cn,1,1077,415,295,289,DHelmet
_y6jcip1cn,2,1242,417,319,303,DHelmet
_y6jcip1cn,3,1420,421,354,319,DHelmet
_y6jcip1cn,4,1628,424,292,327,DHelmet
_apgigxejr,1,761,438,346,351,DNoHelmetP1Helmet
_apgigxejr,2,935,432,377,383,DNoHelmetP1Helmet
_apgigxejr,3,1130,449,409,394,DNoHelmetP1Helmet
_apgigxejr,4,1340,453,457,412,DNoHelmetP1Helmet
_apgigxejr,5,1585,460,335,403,DNoHelmetP1Helmet
_bse6q04f7,1,414,467,354,413,DHelmet
_bse6q04f7,2,571,474,386,434,DHelmet
_bse6q04f7,3,740,481,428,460,DHelmet
_bse6q04f7,4,926,488,482,484,DHelmet
_bse6q04f7,5,1140,493,544,520,DHelmet
_bse6q04f7,6,1409,497,511,557,DHelmet
_bub9iqj11,1,83,423,212,256,DHelmetP1Helmet
_bub9iqj11,2,171,426,226,265,DHelmetP1Helmet
_bub9iqj11,3,264,428,239,273,DHelmetP1Helmet
_bub9iqj11,4,368,433,255,282,DHelmetP1Helmet
_bub9iqj11,5,479,435,271,293,DHelmetP1Helmet
_bub9iqj11,6,593,437,288,303,DHelmetP1Helmet
_bub9iqj11,7,720,434,308,319,DHelmetP1Helmet
_bub9iqj11,8,863,438,326,333,DHelmetP1Helmet
_bub9iqj11,9,1022,443,343,350,DHelmetP1Helmet
_bub9iqj11,10,1203,444,360,368,DHelmetP1Helmet
_bub9iqj11,11,1347,452,443,382,DHelmetP1Helmet
_bub9iqj11,12,1543,458,377,370,DHelmetP1Helmet
_zhik8usaq,3,0,481,229,345,DHelmet
_zhik8usaq,4,61,486,304,363,DHelmet
_zhik8usaq,5,185,490,329,384,DHelmet
_zhik8usaq,6,323,498,350,400,DHelmet
_zhik8usaq,7,467,506,387,417,DHelmet
_zhik8usaq,8,631,514,418,440,DHelmet
_zhik8usaq,9,807,522,461,464,DHelmet
_zhik8usaq,10,996,525,524,498,DHelmet
_zhik8usaq,11,1216,535,586,532,DHelmet
_zhik8usaq,12,1454,544,466,515,DHelmet
_hi7zgi8q5,7,0,441,155,263,DNoHelmet
_hi7zgi8q5,8,77,445,200,275,DNoHelmet
_hi7zgi8q5,9,195,449,216,287,DNoHelmet
_hi7zgi8q5,10,324,456,238,302,DNoHelmet
_hi7zgi8q5,11,469,462,264,317,DNoHelmet
_hi7zgi8q5,12,627,471,299,336,DNoHelmet
_hi7zgi8q5,13,804,470,339,368,DNoHelmet
_hi7zgi8q5,14,1012,492,388,379,DNoHelmet
_hi7zgi8q5,15,1246,494,448,416,DNoHelmet
_hi7zgi8q5,16,1523,499,397,441,DNoHelmet
_32ws7yuwk,2,0,510,336,483,DHelmetP1Helmet
_32ws7yuwk,3,159,525,436,516,DHelmetP1Helmet
_32ws7yuwk,4,403,538,500,542,DHelmetP1Helmet
_32ws7yuwk,5,671,548,598,532,DHelmetP1Helmet
_32ws7yuwk,6,1000,560,706,520,DHelmetP1Helmet
_32ws7yuwk,7,1396,575,524,505,DHelmetP1Helmet
_9glemek9r,13,24,464,243,381,DHelmet
_9glemek9r,14,101,467,315,401,DHelmet
_9glemek9r,15,236,475,344,418,DHelmet
_9glemek9r,16,389,483,374,436,DHelmet
_9glemek9r,17,553,490,416,466,DHelmet
_9glemek9r,18,738,499,462,491,DHelmet
_9glemek9r,19,939,505,522,530,DHelmet
_9glemek9r,20,1173,512,592,562,DHelmet
_9glemek9r,21,1431,522,489,558,DHelmet
_oesdxwk3e,18,4,394,175,205,DHelmet
_oesdxwk3e,19,146,396,154,213,DHelmet
_oesdxwk3e,20,272,398,164,218,DHelmet
_oesdxwk3e,21,403,400,175,224,DHelmet
_oesdxwk3e,22,553,403,183,238,DHelmet
_oesdxwk3e,23,711,405,208,253,DHelmet
_oesdxwk3e,24,893,406,224,267,DHelmet
_oesdxwk3e,25,1097,412,247,282,DHelmet
_oesdxwk3e,26,1333,412,267,310,DHelmet
_oesdxwk3e,27,1589,420,308,330,DHelmet
_8mjr7aa9n,19,0,440,132,273,DHelmet
_8mjr7aa9n,20,67,446,310,291,DHelmet
_8mjr7aa9n,21,184,447,310,303,DHelmet
_8mjr7aa9n,22,309,450,310,315,DHelmet
_8mjr7aa9n,23,453,452,310,328,DHelmet
_8mjr7aa9n,24,607,459,309,340,DHelmet
_8mjr7aa9n,25,775,462,308,359,DHelmet
_8mjr7aa9n,26,956,469,307,377,DHelmet
_8mjr7aa9n,27,1168,474,344,396,DHelmet
_8mjr7aa9n,28,1399,483,380,414,DHelmet
_8mjr7aa9n,29,1658,486,262,443,DHelmet
_nffeigbcp,18,0,476,276,350,DHelmetP1Helmet
_nffeigbcp,19,92,480,314,365,DHelmetP1Helmet
_nffeigbcp,20,215,481,335,387,DHelmetP1Helmet
_nffeigbcp,21,345,489,363,404,DHelmetP1Helmet
_nffeigbcp,22,486,495,395,420,DHelmetP1Helmet
_nffeigbcp,23,640,506,436,440,DHelmetP1Helmet
_nffeigbcp,24,812,515,477,460,DHelmetP1Helmet
_nffeigbcp,25,1009,521,524,491,DHelmetP1Helmet
_nffeigbcp,26,1224,527,587,524,DHelmetP1Helmet
_nffeigbcp,27,1477,535,443,506,DHelmetP1Helmet
_g71ki3prg,36,1,435,177,336,DHelmet
_g71ki3prg,37,42,442,250,343,DHelmet
_g71ki3prg,38,144,443,272,359,DHelmet
_g71ki3prg,39,257,444,293,378,DHelmet
_g71ki3prg,40,381,449,316,392,DHelmet
_g71ki3prg,41,513,454,348,413,DHelmet
_g71ki3prg,42,657,459,380,431,DHelmet
_g71ki3prg,43,823,466,409,449,DHelmet
_g71ki3prg,44,1000,472,456,470,DHelmet
_g71ki3prg,45,1199,475,503,502,DHelmet
_g71ki3prg,46,1417,479,503,534,DHelmet
_duxlozpjp,43,0,461,198,350,DHelmetP1Helmet
_duxlozpjp,44,24,443,309,391,DHelmetP1Helmet
_duxlozpjp,45,152,449,330,403,DHelmetP1Helmet
_duxlozpjp,46,287,452,357,425,DHelmetP1Helmet
_duxlozpjp,47,443,458,377,443,DHelmetP1Helmet
_duxlozpjp,48,608,464,413,465,DHelmetP1Helmet
_duxlozpjp,49,789,472,451,489,DHelmetP1Helmet
_duxlozpjp,50,987,475,505,520,DHelmetP1Helmet
_duxlozpjp,51,1209,481,563,552,DHelmetP1Helmet
_duxlozpjp,52,1455,486,465,558,DHelmetP1Helmet
_r2r10ux5i,59,0,512,345,463,DHelmet
_r2r10ux5i,60,121,519,411,488,DHelmet
_r2r10ux5i,61,291,529,450,513,DHelmet
_r2r10ux5i,62,476,538,501,542,DHelmet
_r2r10ux5i,63,686,547,558,533,DHelmet
_r2r10ux5i,64,913,556,639,524,DHelmet
_r2r10ux5i,65,1182,566,717,514,DHelmet
_r2r10ux5i,66,1484,585,436,495,DHelmet
_ktw7fvs85,61,0,443,198,305,DHelmet
_ktw7fvs85,62,58,444,235,316,DHelmet
_ktw7fvs85,63,146,450,253,327,DHelmet
_ktw7fvs85,64,237,452,272,339,DHelmet
_ktw7fvs85,65,341,457,293,353,DHelmet
_ktw7fvs85,66,450,461,315,367,DHelmet
_ktw7fvs85,67,568,466,341,388,DHelmet
_ktw7fvs85,68,699,472,367,403,DHelmet
_ktw7fvs85,69,841,478,400,420,DHelmet
_ktw7fvs85,70,998,484,438,437,DHelmet
_ktw7fvs85,71,1166,490,483,463,DHelmet
_ktw7fvs85,72,1355,493,534,492,DHelmet
_ktw7fvs85,73,1563,501,357,463,DHelmet
_h9nvxh9gm,69,1,460,206,320,DHelmetP1Helmet
_h9nvxh9gm,70,26,463,270,333,DHelmetP1Helmet
_h9nvxh9gm,71,107,466,286,343,DHelmetP1Helmet
_h9nvxh9gm,72,188,469,308,354,DHelmetP1Helmet
_h9nvxh9gm,73,290,472,313,365,DHelmetP1Helmet
_h9nvxh9gm,74,391,475,328,379,DHelmetP1Helmet
_h9nvxh9gm,75,499,484,343,394,DHelmetP1Helmet
_h9nvxh9gm,76,576,488,400,408,DHelmetP1Helmet
_h9nvxh9gm,77,729,493,391,427,DHelmetP1Helmet
_h9nvxh9gm,78,864,502,415,439,DHelmetP1Helmet
_h9nvxh9gm,79,1011,517,439,451,DHelmetP1Helmet
_h9nvxh9gm,80,1172,511,464,463,DHelmetP1Helmet
_h9nvxh9gm,81,1303,525,536,475,DHelmetP1Helmet
_h9nvxh9gm,82,1468,518,452,474,DHelmetP1Helmet
_h9nvxh9gm,83,1658,530,262,495,DHelmetP1Helmet
_kc3zw2eop,73,0,482,290,456,DHelmetP1Helmet
_kc3zw2eop,74,66,489,363,477,DHelmetP1Helmet
_kc3zw2eop,75,190,490,391,503,DHelmetP1Helmet
_kc3zw2eop,76,329,498,428,529,DHelmetP1Helmet
_kc3zw2eop,77,483,507,470,552,DHelmetP1Helmet
_kc3zw2eop,78,652,514,519,566,DHelmetP1Helmet
_kc3zw2eop,79,837,518,578,562,DHelmetP1Helmet
_kc3zw2eop,80,1044,523,651,557,DHelmetP1Helmet
_kc3zw2eop,81,1278,536,642,544,DHelmetP1Helmet
_kc3zw2eop,82,1544,548,376,532,DHelmetP1Helmet
_2tpozrx4g,74,0,431,161,277,DHelmet
_2tpozrx4g,75,25,434,265,302,DHelmet
_2tpozrx4g,76,130,435,266,330,DHelmet
_2tpozrx4g,77,234,438,286,339,DHelmet
_2tpozrx4g,78,343,438,313,356,DHelmet
_2tpozrx4g,79,467,440,335,371,DHelmet
_2tpozrx4g,80,597,443,356,385,DHelmet
_2tpozrx4g,81,736,448,389,401,DHelmet
_2tpozrx4g,82,886,454,419,417,DHelmet
_2tpozrx4g,83,1054,460,455,432,DHelmet
_2tpozrx4g,84,1227,464,501,454,DHelmet
_2tpozrx4g,85,1428,466,492,475,DHelmet
_2tpozrx4g,86,1642,470,278,457,DHelmet
_h9mzbnxgt,78,0,466,187,371,DHelmet
_h9mzbnxgt,79,30,467,268,389,DHelmet
_h9mzbnxgt,80,110,473,308,402,DHelmet
_h9mzbnxgt,81,218,476,331,419,DHelmet
_h9mzbnxgt,82,333,484,353,436,DHelmet
_h9mzbnxgt,83,455,491,381,454,DHelmet
_h9mzbnxgt,84,590,497,415,477,DHelmet
_h9mzbnxgt,85,736,502,449,502,DHelmet
_h9mzbnxgt,86,889,509,493,526,DHelmet
_h9mzbnxgt,87,1058,516,548,556,DHelmet
_h9mzbnxgt,88,1242,524,612,556,DHelmet
_h9mzbnxgt,89,1449,532,471,548,DHelmet
_tpo1qdkd7,84,0,452,194,328,DHelmetP1Helmet
_tpo1qdkd7,85,20,445,278,350,DHelmetP1Helmet
_tpo1qdkd7,86,119,450,287,361,DHelmetP1Helmet
_tpo1qdkd7,87,218,449,308,377,DHelmetP1Helmet
_tpo1qdkd7,88,329,450,327,395,DHelmetP1Helmet
_tpo1qdkd7,89,446,457,347,414,DHelmetP1Helmet
_tpo1qdkd7,90,569,460,377,431,DHelmetP1Helmet
_tpo1qdkd7,91,708,466,406,449,DHelmetP1Helmet
_tpo1qdkd7,92,858,469,440,472,DHelmetP1Helmet
_tpo1qdkd7,93,1021,476,484,489,DHelmetP1Helmet
_tpo1qdkd7,94,1200,480,533,516,DHelmetP1Helmet
_tpo1qdkd7,95,1399,480,521,550,DHelmetP1Helmet
_tpo1qdkd7,96,1621,484,299,525,DHelmetP1Helmet
_fqh8t0n9z,98,0,464,210,359,DHelmetP1Helmet
_fqh8t0n9z,99,26,461,296,381,DHelmetP1Helmet
_fqh8t0n9z,100,147,464,296,396,DHelmetP1Helmet
_3pwzhpbs2,100,55,440,151,248,DNoHelmet
_e5845rgwc,71,170,438,204,301,DHelmet
_e5845rgwc,72,296,446,196,311,DHelmet
_e5845rgwc,73,363,447,250,323,DHelmet
_e5845rgwc,74,501,450,250,338,DHelmet
_e5845rgwc,75,581,450,316,359,DHelmet
_e5845rgwc,76,740,457,316,372,DHelmet
_e5845rgwc,77,916,461,316,388,DHelmet
_e5845rgwc,78,1037,467,391,407,DHelmet
_e5845rgwc,79,1253,472,391,428,DHelmet
_e5845rgwc,80,1489,476,391,447,DHelmet
_e5845rgwc,81,1687,484,233,446,DHelmet
