track_id,frame_id,x,y,w,h,label
_zfkxipjju,1,1309,637,450,417,DHelmet
_zfkxipjju,2,1544,634,376,422,DHelmet
_s30gsksj6,3,1,665,159,338,DHelmet
_s30gsksj6,4,44,668,239,348,DHelmet
_s30gsksj6,5,128,666,289,370,DHelmet
_s30gsksj6,6,249,666,312,388,DHelmet
_s30gsksj6,7,386,667,339,402,DHelmet
_s30gsksj6,8,539,665,366,415,DHelmet
_s30gsksj6,9,712,666,411,414,DHelmet
_s30gsksj6,10,886,668,455,412,DHelmet
_s30gsksj6,11,1105,664,509,416,DHelmet
_s30gsksj6,12,1325,661,561,419,DHelmet
_s30gsksj6,13,1596,661,324,419,DHelmet
_50lh473hk,5,67,665,130,268,DHelmet
_50lh473hk,6,174,664,148,279,DHelmet
_50lh473hk,7,293,661,179,291,DHelmet
_50lh473hk,8,412,658,209,303,DHelmet
_50lh473hk,9,555,656,238,319,DHelmet
_50lh473hk,10,697,654,268,334,DHelmet
_50lh473hk,11,871,653,345,349,DHelmet
_50lh473hk,12,1045,652,421,364,DHelmet
_50lh473hk,13,1258,651,470,394,DHelmet
_50lh473hk,14,1471,650,449,426,DHelmet
_1c1mu300t,98,43,771,288,309,DHelmet
_1c1mu300t,99,87,775,398,305,DHelmet
_1c1mu300t,100,237,776,423,304,DHelmet
_r5gt3xect,21,3,676,213,326,DHelmet
_r5gt3xect,22,61,677,270,342,DHelmet
_r5gt3xect,23,167,678,293,360,DHelmet
_r5gt3xect,24,273,680,316,376,DHelmet
_r5gt3xect,25,405,682,340,386,DHelmet
_r5gt3xect,26,536,684,365,396,DHelmet
_r5gt3xect,27,680,689,406,391,DHelmet
_r5gt3xect,28,847,692,448,388,DHelmet
_r5gt3xect,29,1044,688,494,392,DHelmet
_r5gt3xect,30,1240,685,540,395,DHelmet
_r5gt3xect,31,1473,692,447,388,DHelmet
_qp0c8w1ax,28,2,700,222,343,DHelmet
_qp0c8w1ax,29,47,700,308,359,DHelmet
_qp0c8w1ax,30,172,700,337,370,DHelmet
_qp0c8w1ax,31,297,701,366,379,DHelmet
_qp0c8w1ax,32,447,701,400,379,DHelmet
_qp0c8w1ax,33,598,701,433,379,DHelmet
_qp0c8w1ax,34,785,702,474,378,DHelmet
_qp0c8w1ax,35,971,704,516,376,DHelmet
_qp0c8w1ax,36,1186,702,569,378,DHelmet
_qp0c8w1ax,37,1434,702,486,378,DHelmet
_7ehqiyoq0,36,2,674,195,313,DHelmetP1Helmet
_7ehqiyoq0,37,40,674,251,326,DHelmetP1Helmet
_7ehqiyoq0,38,122,674,272,338,DHelmetP1Helmet
_7ehqiyoq0,39,203,673,294,350,DHelmetP1Helmet
_7ehqiyoq0,40,304,673,316,363,DHelmetP1Helmet
_7ehqiyoq0,41,404,673,339,375,DHelmetP1Helmet
_7ehqiyoq0,42,525,672,363,392,DHelmetP1Helmet
_7ehqiyoq0,43,646,672,386,408,DHelmetP1Helmet
_7ehqiyoq0,44,786,674,422,406,DHelmetP1Helmet
_7ehqiyoq0,45,926,677,457,403,DHelmetP1Helmet
_7ehqiyoq0,46,1093,676,501,404,DHelmetP1Helmet
_7ehqiyoq0,47,1259,676,547,404,DHelmetP1Helmet
_7ehqiyoq0,48,1456,668,464,412,DHelmetP1Helmet
_7ehqiyoq0,49,1671,674,249,406,DHelmetP1Helmet
_001drn9mb,46,17,748,263,332,DHelmet
_001drn9mb,47,51,748,352,332,DHelmet
_001drn9mb,48,164,753,381,327,DHelmet
_001drn9mb,49,298,756,409,324,DHelmet
_001drn9mb,50,431,759,438,321,DHelmet
_001drn9mb,51,588,762,474,318,DHelmet
_001drn9mb,52,745,765,511,315,DHelmet
_001drn9mb,53,935,768,564,312,DHelmet
_001drn9mb,54,1125,771,617,309,DHelmet
_001drn9mb,55,1342,783,523,296,DHelmet
_ozi4bkcu9,1,575,597,112,122,DHelmet
_ozi4bkcu9,2,555,597,111,122,DHelmet
_ozi4bkcu9,3,535,597,110,122,DHelmet
_ozi4bkcu9,4,515,598,109,121,DHelmet
_ozi4bkcu9,5,495,598,108,121,DHelmet
_ozi4bkcu9,6,476,598,107,121,DHelmet
_ozi4bkcu9,7,458,599,106,120,DHelmet
_ozi4bkcu9,8,439,599,106,120,DHelmet
_ozi4bkcu9,9,421,599,105,120,DHelmet
_ozi4bkcu9,10,403,599,103,120,DHelmet
_ozi4bkcu9,11,384,600,102,119,DHelmet
_ozi4bkcu9,12,365,601,101,117,DHelmet
_ozi4bkcu9,13,346,601,100,117,DHelmet
_ozi4bkcu9,14,328,602,98,116,DHelmet
_ozi4bkcu9,15,323,603,84,114,DHelmet
_ozi4bkcu9,16,318,603,69,113,DHelmet
_ozi4bkcu9,17,305,604,63,113,DHelmet
_0s6m8gcqv,1,1342,565,205,197,DHelmet
_0s6m8gcqv,2,1272,566,199,195,DHelmet
_0s6m8gcqv,3,1201,568,193,193,DHelmet
_0s6m8gcqv,4,1131,570,187,190,DHelmet
_0s6m8gcqv,5,1061,571,180,188,DHelmet
_0s6m8gcqv,6,1002,574,175,183,DHelmet
_0s6m8gcqv,7,943,578,170,177,DHelmet
_0s6m8gcqv,8,884,581,164,172,DHelmet
_0s6m8gcqv,9,833,582,162,171,DHelmet
_0s6m8gcqv,10,782,583,159,170,DHelmet
_0s6m8gcqv,11,731,585,156,168,DHelmet
_0s6m8gcqv,12,680,586,153,167,DHelmet
_0s6m8gcqv,13,629,587,150,166,DHelmet
_0s6m8gcqv,14,587,588,147,164,DHelmet
_0s6m8gcqv,15,546,589,142,162,DHelmet
_0s6m8gcqv,16,504,590,138,160,DHelmet
_0s6m8gcqv,17,463,591,133,158,DHelmet
_0s6m8gcqv,18,431,592,130,156,DHelmet
_0s6m8gcqv,19,399,594,127,154,DHelmet
_0s6m8gcqv,20,367,595,124,153,DHelmet
_0s6m8gcqv,21,335,596,121,152,DHelmet
_0s6m8gcqv,22,304,597,117,150,DHelmet
_0s6m8gcqv,23,304,597,89,146,DHelmet
_0s6m8gcqv,24,297,597,61,145,DHelmet
_2k74olh9a,9,1728,563,192,211,DHelmetP1Helmet
_2k74olh9a,10,1645,557,244,216,DHelmetP1Helmet
_2k74olh9a,11,1563,557,238,213,DHelmetP1Helmet
_2k74olh9a,12,1492,559,230,209,DHelmetP1Helmet
_2k74olh9a,13,1420,561,223,206,DHelmetP1Helmet
_2k74olh9a,14,1349,563,215,202,DHelmetP1Helmet
_2k74olh9a,15,1287,565,207,198,DHelmetP1Helmet
_2k74olh9a,16,1224,567,200,194,DHelmetP1Helmet
_2k74olh9a,17,1168,569,194,191,DHelmetP1Helmet
_2k74olh9a,18,1111,570,189,189,DHelmetP1Helmet
_2k74olh9a,19,1054,572,184,186,DHelmetP1Helmet
_2k74olh9a,20,1004,573,179,183,DHelmetP1Helmet
_2k74olh9a,21,955,574,173,181,DHelmetP1Helmet
_2k74olh9a,22,905,575,167,179,DHelmetP1Helmet
_2k74olh9a,23,860,577,166,176,DHelmetP1Helmet
_2k74olh9a,24,816,578,164,174,DHelmetP1Helmet
_2k74olh9a,25,772,579,161,172,DHelmetP1Helmet
_2k74olh9a,26,733,580,158,171,DHelmetP1Helmet
_2k74olh9a,27,694,581,154,169,DHelmetP1Helmet
_2k74olh9a,28,655,582,151,167,DHelmetP1Helmet
_2k74olh9a,29,620,583,148,166,DHelmetP1Helmet
_2k74olh9a,30,585,584,144,165,DHelmetP1Helmet
_2k74olh9a,31,550,585,141,164,DHelmetP1Helmet
_2k74olh9a,32,521,585,138,163,DHelmetP1Helmet
_2k74olh9a,33,492,586,134,162,DHelmetP1Helmet
_2k74olh9a,34,462,587,132,160,DHelmetP1Helmet
_2k74olh9a,35,433,588,129,158,DHelmetP1Helmet
_2k74olh9a,36,404,589,125,157,DHelmetP1Helmet
_2k74olh9a,37,379,590,124,155,DHelmetP1Helmet
_2k74olh9a,38,354,592,122,152,DHelmetP1Helmet
_2k74olh9a,39,329,594,121,149,DHelmetP1Helmet
_2k74olh9a,40,329,594,84,82,DHelmetP1Helmet
_nkfpj0d9u,12,1750,545,170,217,DHelmetP1Helmet
_nkfpj0d9u,13,1671,547,225,214,DHelmetP1Helmet
_nkfpj0d9u,14,1598,547,220,212,DHelmetP1Helmet
_nkfpj0d9u,15,1524,546,216,212,DHelmetP1Helmet
_nkfpj0d9u,16,1458,549,210,207,DHelmetP1Helmet
_nkfpj0d9u,17,1391,551,205,203,DHelmetP1Helmet
_nkfpj0d9u,18,1325,554,198,197,DHelmetP1Helmet
_nkfpj0d9u,19,1268,555,192,196,DHelmetP1Helmet
_nkfpj0d9u,20,1211,557,185,193,DHelmetP1Helmet
_nkfpj0d9u,21,1155,558,177,192,DHelmetP1Helmet
_nkfpj0d9u,22,1107,560,173,189,DHelmetP1Helmet
_nkfpj0d9u,23,1058,562,170,186,DHelmetP1Helmet
_nkfpj0d9u,24,1010,564,166,183,DHelmetP1Helmet
_nkfpj0d9u,25,962,565,161,181,DHelmetP1Helmet
_nkfpj0d9u,26,914,567,157,178,DHelmetP1Helmet
_nkfpj0d9u,27,872,570,155,174,DHelmetP1Helmet
_nkfpj0d9u,28,831,573,152,171,DHelmetP1Helmet
_nkfpj0d9u,29,789,575,150,168,DHelmetP1Helmet
_nkfpj0d9u,30,756,576,147,167,DHelmetP1Helmet
_nkfpj0d9u,31,723,577,145,165,DHelmetP1Helmet
_nkfpj0d9u,32,690,578,142,163,DHelmetP1Helmet
_nkfpj0d9u,33,657,579,140,162,DHelmetP1Helmet
_nkfpj0d9u,34,624,581,138,159,DHelmetP1Helmet
_nkfpj0d9u,35,590,582,136,158,DHelmetP1Helmet
_nkfpj0d9u,36,557,583,134,156,DHelmetP1Helmet
_nkfpj0d9u,37,524,584,132,154,DHelmetP1Helmet
_nkfpj0d9u,38,491,585,129,153,DHelmetP1Helmet
_nkfpj0d9u,39,464,586,127,153,DHelmetP1Helmet
_nkfpj0d9u,40,436,587,125,152,DHelmetP1Helmet
_nkfpj0d9u,41,431,586,95,100,DHelmetP1Helmet
_nkfpj0d9u,42,427,587,73,57,DHelmetP1Helmet
_nkfpj0d9u,43,387,589,89,103,DHelmetP1Helmet
_nkfpj0d9u,44,346,590,106,151,DHelmetP1Helmet
_nkfpj0d9u,45,328,589,105,150,DHelmetP1Helmet
_nkfpj0d9u,46,309,587,105,151,DHelmetP1Helmet
_nkfpj0d9u,47,304,589,87,147,DHelmetP1Helmet
_nkfpj0d9u,48,300,590,67,144,DHelmetP1Helmet
_atxvdrlug,64,1797,567,123,168,DHelmet
_atxvdrlug,65,1705,567,203,171,DHelmet
_atxvdrlug,66,1621,568,196,168,DHelmet
_atxvdrlug,67,1538,568,189,165,DHelmet
_atxvdrlug,68,1454,568,182,163,DHelmet
_atxvdrlug,69,1382,571,175,160,DHelmet
_atxvdrlug,70,1310,574,167,157,DHelmet
_atxvdrlug,71,1238,577,159,154,DHelmet
_atxvdrlug,72,1174,579,155,151,DHelmet
_atxvdrlug,73,1110,582,152,147,DHelmet
_atxvdrlug,74,1046,585,148,144,DHelmet
_atxvdrlug,75,988,586,144,142,DHelmet
_atxvdrlug,76,931,587,139,140,DHelmet
_atxvdrlug,77,879,589,136,137,DHelmet
_atxvdrlug,78,828,590,133,136,DHelmet
_atxvdrlug,79,777,592,129,133,DHelmet
_atxvdrlug,80,725,593,126,131,DHelmet
_atxvdrlug,81,681,595,123,128,DHelmet
_atxvdrlug,82,636,596,120,127,DHelmet
_atxvdrlug,83,596,598,117,124,DHelmet
_atxvdrlug,84,556,599,114,122,DHelmet
_atxvdrlug,85,516,601,111,119,DHelmet
_atxvdrlug,86,500,601,83,121,DHelmet
_0uv7vp3v4,19,1720,559,200,273,DHelmet
_0uv7vp3v4,20,1637,562,283,270,DHelmet
_0uv7vp3v4,21,1555,565,299,265,DHelmet
_0uv7vp3v4,22,1480,566,291,261,DHelmet
_0uv7vp3v4,23,1413,568,283,256,DHelmet
_0uv7vp3v4,24,1345,570,275,252,DHelmet
_0uv7vp3v4,25,1278,572,267,247,DHelmet
_0uv7vp3v4,26,1222,573,259,244,DHelmet
_0uv7vp3v4,27,1166,574,252,241,DHelmet
_0uv7vp3v4,28,1110,575,245,239,DHelmet
_0uv7vp3v4,29,1054,577,238,235,DHelmet
_0uv7vp3v4,30,1005,578,232,233,DHelmet
_0uv7vp3v4,31,957,578,226,232,DHelmet
_0uv7vp3v4,32,908,579,220,230,DHelmet
_0uv7vp3v4,33,867,581,216,227,DHelmet
_0uv7vp3v4,34,826,582,212,224,DHelmet
_0uv7vp3v4,35,785,583,207,222,DHelmet
_0uv7vp3v4,36,744,585,203,218,DHelmet
_0uv7vp3v4,37,714,586,200,216,DHelmet
_0uv7vp3v4,38,685,587,196,214,DHelmet
_0uv7vp3v4,39,656,588,193,212,DHelmet
_0uv7vp3v4,40,626,589,190,210,DHelmet
_0uv7vp3v4,41,597,590,186,208,DHelmet
_0uv7vp3v4,42,578,591,183,206,DHelmet
_0uv7vp3v4,43,559,591,180,206,DHelmet
_0uv7vp3v4,44,541,592,176,204,DHelmet
_0uv7vp3v4,45,522,592,173,203,DHelmet
_0uv7vp3v4,46,503,593,170,201,DHelmet
_0uv7vp3v4,47,484,593,166,201,DHelmet
_0uv7vp3v4,48,466,594,162,199,DHelmet
_0uv7vp3v4,49,452,594,163,198,DHelmet
_0uv7vp3v4,50,439,595,162,196,DHelmet
_0uv7vp3v4,51,425,595,163,196,DHelmet
_0uv7vp3v4,52,412,595,162,195,DHelmet
_0uv7vp3v4,53,405,596,161,194,DHelmet
_0uv7vp3v4,54,397,597,162,193,DHelmet
_0uv7vp3v4,55,390,598,161,192,DHelmet
_0uv7vp3v4,56,383,599,161,191,DHelmet
_0uv7vp3v4,57,382,599,161,191,DHelmet
_0uv7vp3v4,58,382,600,161,190,DHelmet
_0uv7vp3v4,59,382,600,161,190,DHelmet
_0uv7vp3v4,60,381,600,161,190,DHelmet
_0uv7vp3v4,61,381,600,161,191,DHelmet
_0uv7vp3v4,62,380,600,162,191,DHelmet
_0uv7vp3v4,63,380,600,161,191,DHelmet
_0uv7vp3v4,64,380,600,161,191,DHelmet
_0uv7vp3v4,65,379,600,162,191,DHelmet
_0uv7vp3v4,66,379,600,161,191,DHelmet
_0uv7vp3v4,67,379,600,161,191,DHelmet
_0uv7vp3v4,68,378,600,162,191,DHelmet
_0uv7vp3v4,69,378,601,161,190,DHelmet
_0uv7vp3v4,70,378,601,161,190,DHelmet
_0uv7vp3v4,71,377,601,161,190,DHelmet
_0uv7vp3v4,72,378,601,161,190,DHelmet
_0uv7vp3v4,73,378,601,161,190,DHelmet
_0uv7vp3v4,74,378,601,162,190,DHelmet
_0uv7vp3v4,75,379,601,161,190,DHelmet
_0uv7vp3v4,76,379,600,161,191,DHelmet
_0uv7vp3v4,77,379,600,162,191,DHelmet
_0uv7vp3v4,78,380,600,161,191,DHelmet
_0uv7vp3v4,79,380,600,161,191,DHelmet
_0uv7vp3v4,80,380,600,162,191,DHelmet
_0uv7vp3v4,81,381,600,161,191,DHelmet
_0uv7vp3v4,82,381,600,161,191,DHelmet
_0uv7vp3v4,83,381,600,162,191,DHelmet
_0uv7vp3v4,84,382,600,161,191,DHelmet
_0uv7vp3v4,85,382,600,161,191,DHelmet
_0uv7vp3v4,86,382,600,161,191,DHelmet
_0uv7vp3v4,87,382,600,162,191,DHelmet
_0uv7vp3v4,88,383,600,161,191,DHelmet
_0uv7vp3v4,89,383,600,161,191,DHelmet
_0uv7vp3v4,90,383,600,161,191,DHelmet
_0uv7vp3v4,91,383,600,162,191,DHelmet
_0uv7vp3v4,92,384,600,161,190,DHelmet
_0uv7vp3v4,93,384,600,161,190,DHelmet
_0uv7vp3v4,94,384,600,161,190,DHelmet
_0uv7vp3v4,95,384,600,161,190,DHelmet
_0uv7vp3v4,96,384,600,162,190,DHelmet
_0uv7vp3v4,97,385,600,161,190,DHelmet
_0uv7vp3v4,98,385,599,161,191,DHelmet
_0uv7vp3v4,99,385,599,161,191,DHelmet
_0uv7vp3v4,100,385,599,162,191,DHelmet
_ni7lmyg8j,19,1691,565,176,206,DHelmet
_ni7lmyg8j,20,1610,565,172,204,DHelmet
_ni7lmyg8j,21,1530,566,167,201,DHelmet
_ni7lmyg8j,22,1463,568,160,198,DHelmet
_ni7lmyg8j,23,1396,570,152,195,DHelmet
_ni7lmyg8j,24,1329,571,144,192,DHelmet
_ni7lmyg8j,25,1268,573,141,188,DHelmet
_ni7lmyg8j,26,1207,574,138,185,DHelmet
_ni7lmyg8j,27,1153,576,134,182,DHelmet
_ni7lmyg8j,28,1098,578,131,180,DHelmet
_ni7lmyg8j,29,1044,579,128,178,DHelmet
_ni7lmyg8j,30,996,580,124,176,DHelmet
_ni7lmyg8j,31,948,581,121,174,DHelmet
_ni7lmyg8j,32,901,582,117,172,DHelmet
_ni7lmyg8j,33,860,583,111,169,DHelmet
_ni7lmyg8j,34,819,585,106,165,DHelmet
_ni7lmyg8j,35,781,586,105,162,DHelmet
_ni7lmyg8j,36,743,586,103,160,DHelmet
_ni7lmyg8j,37,705,587,101,158,DHelmet
_ni7lmyg8j,38,671,589,102,157,DHelmet
_ni7lmyg8j,39,637,591,102,156,DHelmet
_ni7lmyg8j,40,603,593,103,156,DHelmet
_ni7lmyg8j,41,581,593,95,124,DHelmet
_ni7lmyg8j,42,559,594,88,92,DHelmet
_ni7lmyg8j,43,559,594,58,49,DHelmet
_ni7lmyg8j,44,509,594,80,100,DHelmet
_ni7lmyg8j,45,459,594,102,151,DHelmet
_ni7lmyg8j,46,433,594,113,150,DHelmet
_ni7lmyg8j,47,407,595,123,149,DHelmet
_ni7lmyg8j,48,381,595,133,148,DHelmet
_ni7lmyg8j,49,361,598,125,145,DHelmet
_ni7lmyg8j,50,340,601,117,142,DHelmet
_ni7lmyg8j,51,318,600,119,144,DHelmet
_ni7lmyg8j,52,296,599,121,146,DHelmet
_ni7lmyg8j,53,296,599,101,144,DHelmet
_ni7lmyg8j,54,296,599,81,142,DHelmet
_s3bxokwhs,28,1729,553,191,213,DHelmetP1Helmet
_s3bxokwhs,29,1647,551,238,218,DHelmetP1Helmet
_s3bxokwhs,30,1570,554,231,209,DHelmetP1Helmet
_s3bxokwhs,31,1492,557,224,201,DHelmetP1Helmet
_s3bxokwhs,32,1427,560,215,198,DHelmetP1Helmet
_s3bxokwhs,33,1362,564,205,194,DHelmetP1Helmet
_s3bxokwhs,34,1297,567,196,191,DHelmetP1Helmet
_s3bxokwhs,35,1239,569,192,187,DHelmetP1Helmet
_s3bxokwhs,36,1181,570,189,184,DHelmetP1Helmet
_s3bxokwhs,37,1123,571,185,182,DHelmetP1Helmet
_s3bxokwhs,38,1074,573,182,179,DHelmetP1Helmet
_s3bxokwhs,39,1025,574,179,177,DHelmetP1Helmet
_s3bxokwhs,40,976,575,175,175,DHelmetP1Helmet
_s3bxokwhs,41,927,577,172,172,DHelmetP1Helmet
_s3bxokwhs,42,884,578,168,171,DHelmetP1Helmet
_s3bxokwhs,43,842,579,162,170,DHelmetP1Helmet
_s3bxokwhs,44,842,579,106,109,DHelmetP1Helmet
_s3bxokwhs,45,834,579,74,63,DHelmetP1Helmet
_s3bxokwhs,46,792,578,74,62,DHelmetP1Helmet
_s3bxokwhs,47,693,579,140,168,DHelmetP1Helmet
_s3bxokwhs,48,658,582,139,165,DHelmetP1Helmet
_s3bxokwhs,49,623,585,139,161,DHelmetP1Helmet
_s3bxokwhs,50,594,586,136,158,DHelmetP1Helmet
_s3bxokwhs,51,565,586,134,156,DHelmetP1Helmet
_s3bxokwhs,52,535,587,132,154,DHelmetP1Helmet
_s3bxokwhs,53,524,588,114,151,DHelmetP1Helmet
_s3bxokwhs,54,514,589,95,148,DHelmetP1Helmet
_s3bxokwhs,55,503,590,77,145,DHelmetP1Helmet
_s3bxokwhs,56,474,591,82,144,DHelmetP1Helmet
_s3bxokwhs,57,446,592,86,143,DHelmetP1Helmet
_s3bxokwhs,58,417,593,91,142,DHelmetP1Helmet
_s3bxokwhs,59,389,594,95,141,DHelmetP1Helmet
_s3bxokwhs,60,360,596,100,139,DHelmetP1Helmet
_s3bxokwhs,61,332,597,103,138,DHelmetP1Helmet
_s3bxokwhs,62,316,598,98,137,DHelmetP1Helmet
_s3bxokwhs,63,301,599,92,136,DHelmetP1Helmet
_s3bxokwhs,64,301,599,78,136,DHelmetP1Helmet
_s3bxokwhs,65,301,599,59,136,DHelmetP1Helmet
_2zbm3rfhk,52,1558,558,205,185,DHelmet
_2zbm3rfhk,53,1471,562,197,180,DHelmet
_2zbm3rfhk,54,1385,565,188,175,DHelmet
_2zbm3rfhk,55,1299,569,179,170,DHelmet
_2zbm3rfhk,56,1226,571,172,167,DHelmet
_2zbm3rfhk,57,1152,573,167,164,DHelmet
_2zbm3rfhk,58,1079,575,160,161,DHelmet
_2zbm3rfhk,59,1016,577,153,158,DHelmet
_2zbm3rfhk,60,953,578,147,157,DHelmet
_2zbm3rfhk,61,890,580,140,154,DHelmet
_2zbm3rfhk,62,835,582,136,151,DHelmet
_2zbm3rfhk,63,780,584,132,148,DHelmet
_2zbm3rfhk,64,725,586,128,145,DHelmet
_2zbm3rfhk,65,677,587,125,144,DHelmet
_2zbm3rfhk,66,628,588,123,143,DHelmet
_2zbm3rfhk,67,584,589,121,141,DHelmet
_2zbm3rfhk,68,540,590,118,140,DHelmet
_2zbm3rfhk,69,496,591,116,139,DHelmet
_2zbm3rfhk,70,462,592,107,133,DHelmet
_2zbm3rfhk,71,427,593,99,127,DHelmet
_2zbm3rfhk,72,392,593,92,122,DHelmet
_2zbm3rfhk,73,357,594,84,116,DHelmet
_oxrb0n61r,45,1710,570,210,209,DHelmet
_oxrb0n61r,46,1621,567,241,210,DHelmet
_oxrb0n61r,47,1536,570,227,200,DHelmet
_oxrb0n61r,48,1460,572,198,195,DHelmet
_oxrb0n61r,49,1385,574,168,191,DHelmet
_oxrb0n61r,50,1309,577,140,185,DHelmet
_oxrb0n61r,51,1239,578,197,188,DHelmet
_oxrb0n61r,52,1177,579,192,184,DHelmet
_oxrb0n61r,53,1115,580,187,181,DHelmet
_oxrb0n61r,54,1053,581,181,177,DHelmet
_oxrb0n61r,55,999,583,175,174,DHelmet
_oxrb0n61r,56,944,586,170,170,DHelmet
_oxrb0n61r,57,890,589,164,166,DHelmet
_oxrb0n61r,58,841,590,162,164,DHelmet
_oxrb0n61r,59,793,591,158,162,DHelmet
_oxrb0n61r,60,745,592,156,160,DHelmet
_oxrb0n61r,61,698,593,153,159,DHelmet
_oxrb0n61r,62,650,594,151,157,DHelmet
_oxrb0n61r,63,606,596,149,154,DHelmet
_oxrb0n61r,64,563,598,146,152,DHelmet
_oxrb0n61r,65,519,599,144,151,DHelmet
_oxrb0n61r,66,477,601,141,148,DHelmet
_oxrb0n61r,67,435,602,138,146,DHelmet
_oxrb0n61r,68,393,603,135,145,DHelmet
_oxrb0n61r,69,351,605,132,142,DHelmet
_oxrb0n61r,70,309,606,129,140,DHelmet
_oxrb0n61r,71,309,606,88,137,DHelmet
