track_id,frame_id,x,y,w,h,label
_wscvibblq,1,365,392,94,137,DHelmet
_wscvibblq,2,340,392,98,137,DHelmet
_wscvibblq,3,315,392,102,136,DHelmet
_wscvibblq,4,291,393,105,135,DHelmet
_wscvibblq,5,266,393,109,135,DHelmet
_wscvibblq,6,244,393,106,133,DHelmet
_wscvibblq,7,222,393,104,132,DHelmet
_wscvibblq,8,201,392,103,132,DHelmet
_wscvibblq,9,180,392,101,131,DHelmet
_wscvibblq,10,159,392,100,131,DHelmet
_wscvibblq,11,137,391,100,131,DHelmet
_wscvibblq,12,116,391,99,130,DHelmet
_wscvibblq,13,98,391,98,129,DHelmet
_wscvibblq,14,79,391,99,127,DHelmet
_wscvibblq,15,61,391,98,126,DHelmet
_wscvibblq,16,42,391,98,124,DHelmet
_wscvibblq,17,23,391,99,123,DHelmet
_wscvibblq,18,5,391,98,121,DHelmet
_wscvibblq,19,0,390,87,123,DHelmet
_wscvibblq,20,0,389,71,125,DHelmet
_wscvibblq,21,0,388,56,127,DHelmet
_stiey84tt,20,1713,405,207,185,DHelmetP1Helmet
_stiey84tt,21,1627,401,215,183,DHelmetP1Helmet
_stiey84tt,22,1549,401,208,179,DHelmetP1Helmet
_stiey84tt,23,1472,401,199,176,DHelmetP1Helmet
_stiey84tt,24,1394,400,192,173,DHelmetP1Helmet
_stiey84tt,25,1325,400,186,170,DHelmetP1Helmet
_stiey84tt,26,1256,399,179,167,DHelmetP1Helmet
_stiey84tt,27,1187,399,173,164,DHelmetP1Helmet
_stiey84tt,28,1128,399,165,159,DHelmetP1Helmet
_stiey84tt,29,1069,399,161,157,DHelmetP1Helmet
_stiey84tt,30,1010,399,156,155,DHelmetP1Helmet
_stiey84tt,31,951,399,152,153,DHelmetP1Helmet
_stiey84tt,32,893,399,147,151,DHelmetP1Helmet
_stiey84tt,33,844,397,143,150,DHelmetP1Helmet
_stiey84tt,34,795,396,138,147,DHelmetP1Helmet
_stiey84tt,35,746,394,134,145,DHelmetP1Helmet
_stiey84tt,36,701,393,131,144,DHelmetP1Helmet
_stiey84tt,37,656,391,129,143,DHelmetP1Helmet
_stiey84tt,38,611,390,127,141,DHelmetP1Helmet
_stiey84tt,39,576,390,124,140,DHelmetP1Helmet
_stiey84tt,40,542,390,121,139,DHelmetP1Helmet
_stiey84tt,41,507,390,118,138,DHelmetP1Helmet
_stiey84tt,42,472,390,116,137,DHelmetP1Helmet
_stiey84tt,43,437,390,113,136,DHelmetP1Helmet
_stiey84tt,44,402,390,111,134,DHelmetP1Helmet
_stiey84tt,45,370,390,109,133,DHelmetP1Helmet
_stiey84tt,46,339,390,105,131,DHelmetP1Helmet
_stiey84tt,47,307,389,103,131,DHelmetP1Helmet
_stiey84tt,48,275,389,101,129,DHelmetP1Helmet
_stiey84tt,49,245,389,99,128,DHelmetP1Helmet
_stiey84tt,50,215,389,96,127,DHelmetP1Helmet
_stiey84tt,51,186,390,93,125,DHelmetP1Helmet
_stiey84tt,52,167,389,91,124,DHelmetP1Helmet
_stiey84tt,53,148,389,89,123,DHelmetP1Helmet
_stiey84tt,54,130,389,86,121,DHelmetP1Helmet
_stiey84tt,55,111,388,84,121,DHelmetP1Helmet
_stiey84tt,56,93,388,80,119,DHelmetP1Helmet
_stiey84tt,57,74,388,78,118,DHelmetP1Helmet
_stiey84tt,58,58,392,76,111,DHelmetP1Helmet
_stiey84tt,59,46,392,76,110,DHelmetP1Helmet
_stiey84tt,60,35,391,75,109,DHelmetP1Helmet
_stiey84tt,61,23,391,76,108,DHelmetP1Helmet
_stiey84tt,62,0,391,79,105,DHelmetP1Helmet
_sncujw4an,59,1759,417,161,196,DHelmet
_sncujw4an,60,1648,417,221,187,DHelmet
_sncujw4an,61,1541,414,215,182,DHelmet
_sncujw4an,62,1426,415,215,178,DHelmet
_sncujw4an,63,1341,414,205,175,DHelmet
_sncujw4an,64,1257,412,194,172,DHelmet
_sncujw4an,65,1172,411,183,169,DHelmet
_sncujw4an,66,1087,409,173,166,DHelmet
_sncujw4an,67,1002,408,163,162,DHelmet
_sncujw4an,68,913,406,163,163,DHelmet
_d9btw9j2k,69,1374,406,174,172,DHelmetP1Helmet
_d9btw9j2k,70,1287,406,175,169,DHelmetP1Helmet
_d9btw9j2k,71,1205,405,171,166,DHelmetP1Helmet
_d9btw9j2k,72,1127,405,168,163,DHelmetP1Helmet
_d9btw9j2k,73,1049,405,165,160,DHelmetP1Helmet
_d9btw9j2k,74,977,404,154,157,DHelmetP1Helmet
_d9btw9j2k,75,907,404,153,154,DHelmetP1Helmet
_d9btw9j2k,76,842,404,147,152,DHelmetP1Helmet
_d9btw9j2k,77,777,404,140,149,DHelmetP1Helmet
_d9btw9j2k,78,720,403,136,146,DHelmetP1Helmet
_d9btw9j2k,79,663,403,131,143,DHelmetP1Helmet
_d9btw9j2k,80,606,402,127,140,DHelmetP1Helmet
_d9btw9j2k,81,549,401,123,138,DHelmetP1Helmet
_d9btw9j2k,82,492,400,118,135,DHelmetP1Helmet
_d9btw9j2k,83,441,400,114,135,DHelmetP1Helmet
_d9btw9j2k,84,392,399,114,136,DHelmetP1Helmet
_d9btw9j2k,85,348,399,115,135,DHelmetP1Helmet
_d9btw9j2k,86,304,399,116,135,DHelmetP1Helmet
_d9btw9j2k,87,260,399,117,135,DHelmetP1Helmet
_d9btw9j2k,88,216,398,118,136,DHelmetP1Helmet
_d9btw9j2k,89,165,398,119,136,DHelmetP1Helmet
_9cg3jangn,72,1706,416,214,201,DHelmetP1Helmet
_9cg3jangn,73,1593,414,226,196,DHelmetP1Helmet
_9cg3jangn,74,1490,410,214,193,DHelmetP1Helmet
_9cg3jangn,75,1389,407,203,187,DHelmetP1Helmet
_9cg3jangn,76,1295,408,190,181,DHelmetP1Helmet
_9cg3jangn,77,1204,407,184,177,DHelmetP1Helmet
_9cg3jangn,78,1117,406,177,174,DHelmetP1Helmet
_9cg3jangn,79,1040,405,171,171,DHelmetP1Helmet
_9cg3jangn,80,963,404,164,167,DHelmetP1Helmet
_9cg3jangn,81,886,404,158,163,DHelmetP1Helmet
_9cg3jangn,82,809,403,151,159,DHelmetP1Helmet
_9cg3jangn,83,732,402,144,156,DHelmetP1Helmet
_9cg3jangn,84,663,401,139,153,DHelmetP1Helmet
_9cg3jangn,85,593,401,138,149,DHelmetP1Helmet
_9cg3jangn,86,535,401,134,146,DHelmetP1Helmet
_9cg3jangn,87,476,400,131,143,DHelmetP1Helmet
_9cg3jangn,88,418,400,127,139,DHelmetP1Helmet
_9cg3jangn,89,360,399,122,137,DHelmetP1Helmet
_9cg3jangn,90,302,398,118,134,DHelmetP1Helmet
_9cg3jangn,91,241,397,118,134,DHelmetP1Helmet
_9cg3jangn,92,194,397,118,131,DHelmetP1Helmet
_9cg3jangn,93,146,397,119,129,DHelmetP1Helmet
_9cg3jangn,94,99,397,119,127,DHelmetP1Helmet
_9cg3jangn,95,52,397,119,125,DHelmetP1Helmet
_9cg3jangn,96,0,395,105,123,DHelmetP1Helmet
_dpzlsjw1z,73,1805,414,115,187,DHelmet
_dpzlsjw1z,74,1684,409,221,195,DHelmet
_dpzlsjw1z,75,1569,408,212,190,DHelmet
_dpzlsjw1z,76,1465,406,202,186,DHelmet
_dpzlsjw1z,77,1367,405,194,182,DHelmet
_dpzlsjw1z,78,1268,405,187,177,DHelmet
_dpzlsjw1z,79,1177,404,179,173,DHelmet
_dpzlsjw1z,80,1101,404,171,168,DHelmet
_dpzlsjw1z,81,1025,403,163,165,DHelmet
_dpzlsjw1z,82,949,403,154,161,DHelmet
_dpzlsjw1z,83,873,402,146,157,DHelmet
_dpzlsjw1z,84,797,401,138,154,DHelmet
_dpzlsjw1z,85,729,401,135,151,DHelmet
_dpzlsjw1z,86,666,401,131,147,DHelmet
_dpzlsjw1z,87,604,400,126,145,DHelmet
_dpzlsjw1z,88,547,400,123,142,DHelmet
_dpzlsjw1z,89,491,399,119,140,DHelmet
_dpzlsjw1z,90,435,399,114,136,DHelmet
_dpzlsjw1z,91,378,398,111,134,DHelmet
_dpzlsjw1z,92,322,398,111,134,DHelmet
_dpzlsjw1z,93,277,398,107,131,DHelmet
_dpzlsjw1z,94,233,397,102,130,DHelmet
_dpzlsjw1z,95,188,396,98,128,DHelmet
_dpzlsjw1z,96,144,396,94,125,DHelmet
_dpzlsjw1z,97,100,395,89,123,DHelmet
_dpzlsjw1z,98,55,396,90,118,DHelmet
_196ekpkj4,77,1759,408,161,187,DHelmet
_196ekpkj4,78,1657,405,203,181,DHelmet
_196ekpkj4,79,1561,403,192,175,DHelmet
_196ekpkj4,80,1471,404,192,176,DHelmet
_196ekpkj4,81,1391,404,183,172,DHelmet
_196ekpkj4,82,1311,404,175,169,DHelmet
_196ekpkj4,83,1231,404,167,165,DHelmet
_196ekpkj4,84,1151,403,159,163,DHelmet
_196ekpkj4,85,1071,403,150,160,DHelmet
_196ekpkj4,86,1003,402,146,157,DHelmet
_196ekpkj4,87,935,402,142,153,DHelmet
_196ekpkj4,88,867,401,138,150,DHelmet
_196ekpkj4,89,806,401,133,146,DHelmet
_196ekpkj4,90,750,400,128,144,DHelmet
_196ekpkj4,91,693,399,124,141,DHelmet
_196ekpkj4,92,637,399,120,137,DHelmet
_196ekpkj4,93,581,398,115,134,DHelmet
_196ekpkj4,94,529,401,115,134,DHelmet
_196ekpkj4,95,482,400,111,132,DHelmet
_196ekpkj4,96,436,399,106,130,DHelmet
_196ekpkj4,97,390,398,101,128,DHelmet
_196ekpkj4,98,344,397,96,126,DHelmet
_196ekpkj4,99,297,396,92,124,DHelmet
_196ekpkj4,100,251,395,87,122,DHelmet
_av8culx6k,87,1255,412,189,174,DHelmetP1Helmet
_av8culx6k,88,1161,411,179,169,DHelmetP1Helmet
_av8culx6k,89,1070,409,175,166,DHelmetP1Helmet
_av8culx6k,90,979,407,171,162,DHelmetP1Helmet
_av8culx6k,91,904,407,162,158,DHelmetP1Helmet
_av8culx6k,92,828,406,154,154,DHelmetP1Helmet
_av8culx6k,93,753,406,144,149,DHelmetP1Helmet
_av8culx6k,94,682,404,137,146,DHelmetP1Helmet
_av8culx6k,95,610,404,137,148,DHelmetP1Helmet
_av8culx6k,96,549,404,132,143,DHelmetP1Helmet
_av8culx6k,97,489,403,127,140,DHelmetP1Helmet
_av8culx6k,98,429,403,122,135,DHelmetP1Helmet
_av8culx6k,99,368,402,118,132,DHelmetP1Helmet
_av8culx6k,100,308,401,112,128,DHelmetP1Helmet
_us2o1tumk,98,1115,400,161,169,DHelmetP1NoHelmetP2NoHelmet
_ydp2q53qe,1,850,529,508,521,DHelmet
_ydp2q53qe,2,1165,542,615,538,DHelmet
_ydp2q53qe,3,1538,561,382,519,DHelmet
_jzhej02ms,1,414,426,176,229,DHelmetP1NoHelmetP2NoHelmet
_jzhej02ms,2,529,429,207,243,DHelmetP1NoHelmetP2NoHelmet
_jzhej02ms,3,650,431,238,258,DHelmetP1NoHelmetP2NoHelmet
_jzhej02ms,4,782,431,259,273,DHelmetP1NoHelmetP2NoHelmet
_jzhej02ms,5,930,435,286,287,DHelmetP1NoHelmetP2NoHelmet
_jzhej02ms,6,1087,440,314,301,DHelmetP1NoHelmetP2NoHelmet
_jzhej02ms,7,1261,444,348,316,DHelmetP1NoHelmetP2NoHelmet
_jzhej02ms,8,1454,450,389,330,DHelmetP1NoHelmetP2NoHelmet
_jzhej02ms,9,1668,452,252,327,DHelmetP1NoHelmetP2NoHelmet
_zhxig7vt8,1,518,443,299,344,DHelmet
_zhxig7vt8,2,659,451,328,357,DHelmet
_zhxig7vt8,3,817,457,363,380,DHelmet
_zhxig7vt8,4,991,462,403,402,DHelmet
_zhxig7vt8,5,1187,470,451,424,DHelmet
_zhxig7vt8,6,1406,476,509,451,DHelmet
_zhxig7vt8,7,1651,478,269,440,DHelmet
_mdcjhpsw4,1,1317,408,113,175,DHelmet
_mdcjhpsw4,2,1233,407,111,172,DHelmet
_mdcjhpsw4,3,1148,406,110,170,DHelmet
_mdcjhpsw4,4,1070,405,110,168,DHelmet
_mdcjhpsw4,5,1007,404,108,166,DHelmet
_mdcjhpsw4,6,943,403,108,163,DHelmet
_mdcjhpsw4,7,879,402,107,161,DHelmet
_mdcjhpsw4,8,815,402,106,158,DHelmet
_mdcjhpsw4,9,762,401,105,155,DHelmet
_mdcjhpsw4,10,709,400,104,153,DHelmet
_mdcjhpsw4,11,656,399,104,151,DHelmet
_mdcjhpsw4,12,603,398,103,149,DHelmet
_mdcjhpsw4,13,555,399,102,146,DHelmet
_mdcjhpsw4,14,507,399,101,144,DHelmet
_mdcjhpsw4,15,459,399,100,142,DHelmet
_mdcjhpsw4,16,416,400,100,139,DHelmet
_mdcjhpsw4,17,374,401,99,136,DHelmet
_mdcjhpsw4,18,332,401,98,134,DHelmet
_mdcjhpsw4,19,281,400,97,132,DHelmet
_mdcjhpsw4,20,230,399,96,129,DHelmet
_mdcjhpsw4,21,179,399,95,126,DHelmet
_mdcjhpsw4,22,135,396,94,125,DHelmet
_mdcjhpsw4,23,95,396,93,122,DHelmet
_mdcjhpsw4,24,55,392,93,128,DHelmet
_mdcjhpsw4,25,23,397,80,118,DHelmet
_mdcjhpsw4,26,0,392,69,119,DHelmet
_r8wvwflqo,1,218,404,190,211,DHelmet
_r8wvwflqo,2,316,404,204,219,DHelmet
_r8wvwflqo,3,424,404,219,229,DHelmet
_r8wvwflqo,4,542,405,233,238,DHelmet
_r8wvwflqo,5,671,407,247,247,DHelmet
_r8wvwflqo,6,817,409,259,256,DHelmet
_r8wvwflqo,7,957,410,290,268,DHelmet
_r8wvwflqo,8,1115,411,319,280,DHelmet
_r8wvwflqo,9,1297,413,346,295,DHelmet
_r8wvwflqo,10,1494,415,377,310,DHelmet
_r8wvwflqo,11,1716,421,204,303,DHelmet
_7j8oqpvk8,1,21,411,171,210,DHelmet
_7j8oqpvk8,2,115,411,177,219,DHelmet
_7j8oqpvk8,3,220,412,184,227,DHelmet
_7j8oqpvk8,4,331,413,191,236,DHelmet
_7j8oqpvk8,5,454,417,199,243,DHelmet
_7j8oqpvk8,6,588,420,205,252,DHelmet
_7j8oqpvk8,7,735,420,213,266,DHelmet
_7j8oqpvk8,8,898,420,219,279,DHelmet
_7j8oqpvk8,9,1020,422,282,294,DHelmet
_7j8oqpvk8,10,1174,425,344,315,DHelmet
_7j8oqpvk8,11,1374,430,378,323,DHelmet
_7j8oqpvk8,12,1604,435,316,305,DHelmet
_le5wsskgf,2,0,446,223,305,DHelmet
_le5wsskgf,3,85,448,250,320,DHelmet
_le5wsskgf,4,195,453,268,330,DHelmet
_le5wsskgf,5,309,459,291,341,DHelmet
_le5wsskgf,6,437,461,313,361,DHelmet
_le5wsskgf,7,575,464,340,381,DHelmet
_le5wsskgf,8,724,473,372,400,DHelmet
_le5wsskgf,9,889,480,410,417,DHelmet
_le5wsskgf,10,1071,487,459,441,DHelmet
_le5wsskgf,11,1273,495,517,468,DHelmet
_le5wsskgf,12,1504,499,416,454,DHelmet
_fvrxekxf8,9,0,497,215,387,DHelmetP1Helmet
_fvrxekxf8,10,40,491,328,423,DHelmetP1Helmet
_fvrxekxf8,11,184,504,355,441,DHelmetP1Helmet
_fvrxekxf8,12,336,510,392,469,DHelmetP1Helmet
_fvrxekxf8,13,509,524,435,492,DHelmetP1Helmet
_fvrxekxf8,14,701,532,490,524,DHelmetP1Helmet
_fvrxekxf8,15,918,539,555,541,DHelmetP1Helmet
_fvrxekxf8,16,1166,550,635,530,DHelmetP1Helmet
_fvrxekxf8,17,1449,567,471,513,DHelmetP1Helmet
_4au80qxa0,13,0,435,227,318,DHelmetP1Helmet
_4au80qxa0,14,86,440,256,330,DHelmetP1Helmet
_4au80qxa0,15,193,440,275,346,DHelmetP1Helmet
_4au80qxa0,16,311,444,296,361,DHelmetP1Helmet
_4au80qxa0,17,437,447,320,379,DHelmetP1Helmet
_4au80qxa0,18,573,450,350,401,DHelmetP1Helmet
_4au80qxa0,19,725,457,381,420,DHelmetP1Helmet
_4au80qxa0,20,889,460,427,446,DHelmetP1Helmet
_4au80qxa0,21,1065,472,482,464,DHelmetP1Helmet
_4au80qxa0,22,1324,478,484,492,DHelmetP1Helmet
_4au80qxa0,23,1578,478,342,446,DHelmetP1Helmet
_i7vvf7bbp,17,0,490,285,422,DHelmetP1NoHelmet
_i7vvf7bbp,18,128,499,360,447,DHelmetP1NoHelmet
_i7vvf7bbp,19,316,510,397,474,DHelmetP1NoHelmet
_i7vvf7bbp,20,524,523,450,503,DHelmetP1NoHelmet
_i7vvf7bbp,21,771,537,523,543,DHelmetP1NoHelmet
_i7vvf7bbp,22,1049,542,614,538,DHelmetP1NoHelmet
_i7vvf7bbp,23,1377,561,543,519,DHelmetP1NoHelmet
_o7kopvssf,19,0,447,235,309,DHelmetP1Helmet
_o7kopvssf,20,91,447,263,323,DHelmetP1Helmet
_o7kopvssf,21,199,449,279,339,DHelmetP1Helmet
_o7kopvssf,22,320,457,297,347,DHelmetP1Helmet
_o7kopvssf,23,446,457,321,369,DHelmetP1Helmet
_o7kopvssf,24,590,458,345,391,DHelmetP1Helmet
_o7kopvssf,25,746,468,375,407,DHelmetP1Helmet
_o7kopvssf,26,918,478,407,423,DHelmetP1Helmet
_o7kopvssf,27,1101,488,461,445,DHelmetP1Helmet
_o7kopvssf,28,1309,491,515,473,DHelmetP1Helmet
_o7kopvssf,29,1538,498,382,455,DHelmetP1Helmet
_fosq61mrd,28,0,473,347,404,DNoHelmetP1NoHelmet
_fosq61mrd,29,133,483,372,421,DNoHelmetP1NoHelmet
_fosq61mrd,30,273,486,408,446,DNoHelmetP1NoHelmet
_fosq61mrd,31,433,495,447,467,DNoHelmetP1NoHelmet
_fosq61mrd,32,606,504,501,500,DNoHelmetP1NoHelmet
_fosq61mrd,33,806,513,558,530,DNoHelmetP1NoHelmet
_fosq61mrd,34,1028,522,636,558,DNoHelmetP1NoHelmet
_fosq61mrd,35,1281,528,639,552,DNoHelmetP1NoHelmet
_fosq61mrd,36,1570,539,350,541,DNoHelmetP1NoHelmet
_687ppya66,37,0,443,220,319,DNoHelmetP1NoHelmetP2NoHelmet
_687ppya66,38,72,447,290,333,DNoHelmetP1NoHelmetP2NoHelmet
_687ppya66,39,201,450,307,349,DNoHelmetP1NoHelmetP2NoHelmet
_687ppya66,40,342,459,327,359,DNoHelmetP1NoHelmetP2NoHelmet
_687ppya66,41,503,452,346,391,DNoHelmetP1NoHelmetP2NoHelmet
_687ppya66,42,679,461,382,411,DNoHelmetP1NoHelmetP2NoHelmet
_687ppya66,43,876,470,417,431,DNoHelmetP1NoHelmetP2NoHelmet
_687ppya66,44,1053,475,500,457,DNoHelmetP1NoHelmetP2NoHelmet
_687ppya66,45,1313,483,536,483,DNoHelmetP1NoHelmetP2NoHelmet
_687ppya66,46,1592,492,328,460,DNoHelmetP1NoHelmetP2NoHelmet
_145gmssxq,39,0,472,315,385,DNoHelmetP1NoHelmet
_145gmssxq,40,120,481,348,399,DNoHelmetP1NoHelmet
_145gmssxq,41,259,489,374,414,DNoHelmetP1NoHelmet
_145gmssxq,42,413,495,409,436,DNoHelmetP1NoHelmet
_145gmssxq,43,579,501,445,458,DNoHelmetP1NoHelmet
_145gmssxq,44,764,509,487,481,DNoHelmetP1NoHelmet
_145gmssxq,45,967,518,544,514,DNoHelmetP1NoHelmet
_145gmssxq,46,1200,529,605,542,DNoHelmetP1NoHelmet
_145gmssxq,47,1452,532,468,548,DNoHelmetP1NoHelmet
_7av7u353l,35,0,475,253,419,DHelmet
_7av7u353l,36,58,486,338,432,DHelmet
_7av7u353l,37,179,489,378,461,DHelmet
_7av7u353l,38,323,497,404,485,DHelmet
_7av7u353l,39,475,506,451,507,DHelmet
_7av7u353l,40,643,519,505,537,DHelmet
_7av7u353l,41,837,522,565,558,DHelmet
_7av7u353l,42,1052,529,644,551,DHelmet
_7av7u353l,43,1295,547,625,533,DHelmet
_qt60oxwsz,43,0,447,227,358,DHelmet
_qt60oxwsz,44,72,449,287,373,DHelmet
_qt60oxwsz,45,195,454,311,388,DHelmet
_qt60oxwsz,46,326,466,336,403,DHelmet
_qt60oxwsz,47,472,461,365,436,DHelmet
_qt60oxwsz,48,628,469,403,459,DHelmet
_qt60oxwsz,49,801,476,444,480,DHelmet
_qt60oxwsz,50,990,484,499,507,DHelmet
_qt60oxwsz,51,1204,492,567,544,DHelmet
_qt60oxwsz,52,1448,499,472,545,DHelmet
_esef4uagb,50,0,476,250,398,DHelmet
_esef4uagb,51,54,484,336,414,DHelmet
_esef4uagb,52,182,490,364,436,DHelmet
_esef4uagb,53,325,496,393,461,DHelmet
_esef4uagb,54,483,502,432,487,DHelmet
_esef4uagb,55,652,511,478,519,DHelmet
_esef4uagb,56,843,516,536,555,DHelmet
_esef4uagb,57,1054,524,605,555,DHelmet
_esef4uagb,58,1290,540,630,540,DHelmet
_esef4uagb,59,1553,550,367,530,DHelmet
_ratvjsann,54,0,464,204,338,DHelmetP1Helmet
_ratvjsann,55,21,470,305,350,DHelmetP1Helmet
_ratvjsann,56,158,476,305,362,DHelmetP1Helmet
_ratvjsann,57,274,479,335,382,DHelmetP1Helmet
_ratvjsann,58,406,484,364,402,DHelmetP1Helmet
_ratvjsann,59,549,493,398,419,DHelmetP1Helmet
_ratvjsann,60,713,503,432,436,DHelmetP1Helmet
_ratvjsann,61,895,507,470,460,DHelmetP1Helmet
_ratvjsann,62,1078,514,540,491,DHelmetP1Helmet
_ratvjsann,63,1279,520,626,526,DHelmetP1Helmet
_ratvjsann,64,1524,527,396,492,DHelmetP1Helmet
_j0p2gwfcd,65,1566,464,333,331,DHelmet
_kxt5f6n9z,55,0,527,285,509,DHelmetP1Helmet
_kxt5f6n9z,56,0,518,416,540,DHelmetP1Helmet
_kxt5f6n9z,57,100,523,455,557,DHelmetP1Helmet
_kxt5f6n9z,58,221,533,489,547,DHelmetP1Helmet
_kxt5f6n9z,59,353,537,517,543,DHelmetP1Helmet
_kxt5f6n9z,60,492,541,559,539,DHelmetP1Helmet
_kxt5f6n9z,61,640,547,598,533,DHelmetP1Helmet
_kxt5f6n9z,62,803,553,619,527,DHelmetP1Helmet
_kxt5f6n9z,63,979,561,676,519,DHelmetP1Helmet
_kxt5f6n9z,64,1189,572,668,508,DHelmetP1Helmet
_kxt5f6n9z,65,1408,587,512,493,DHelmetP1Helmet
_g1axih7rn,59,0,398,123,172,DHelmet
_g1axih7rn,60,8,401,175,177,DHelmet
_g1axih7rn,61,106,401,150,182,DHelmet
_g1axih7rn,62,158,402,156,186,DHelmet
_g1axih7rn,63,228,402,163,191,DHelmet
_g1axih7rn,64,299,402,169,197,DHelmet
_g1axih7rn,65,374,403,175,201,DHelmet
_g1axih7rn,66,452,406,187,203,DHelmet
_g1axih7rn,67,535,408,199,209,DHelmet
_g1axih7rn,68,631,409,209,217,DHelmet
_g1axih7rn,69,730,409,220,223,DHelmet
_g1axih7rn,70,853,408,216,230,DHelmet
_g1axih7rn,71,996,406,209,240,DHelmet
_g1axih7rn,72,1134,411,208,248,DHelmet
_g1axih7rn,73,1238,410,256,253,DHelmet
_g1axih7rn,74,1358,413,304,258,DHelmet
_g1axih7rn,75,1516,419,319,262,DHelmet
_g1axih7rn,76,1687,421,233,267,DHelmet
_nvbiu6g3a,60,0,443,203,328,DHelmet
_nvbiu6g3a,61,40,446,270,336,DHelmet
_nvbiu6g3a,62,143,449,286,349,DHelmet
_nvbiu6g3a,63,251,452,303,362,DHelmet
_nvbiu6g3a,64,366,456,322,377,DHelmet
_nvbiu6g3a,65,493,460,342,396,DHelmet
_nvbiu6g3a,66,628,457,368,420,DHelmet
_nvbiu6g3a,67,774,470,399,434,DHelmet
_nvbiu6g3a,68,938,479,439,450,DHelmet
_nvbiu6g3a,69,1112,483,488,476,DHelmet
_nvbiu6g3a,70,1304,487,542,508,DHelmet
_nvbiu6g3a,71,1524,489,396,488,DHelmet
_p8nu5amfb,63,0,430,172,294,DHelmet
_p8nu5amfb,64,44,435,223,299,DHelmet
_p8nu5amfb,65,120,437,250,310,DHelmet
_p8nu5amfb,66,215,440,263,320,DHelmet
_p8nu5amfb,67,329,441,269,335,DHelmet
_p8nu5amfb,68,432,444,290,346,DHelmet
_p8nu5amfb,69,553,447,312,358,DHelmet
_p8nu5amfb,70,709,449,304,376,DHelmet
_p8nu5amfb,71,881,455,295,394,DHelmet
_p8nu5amfb,72,1072,458,287,413,DHelmet
_p8nu5amfb,73,1135,465,425,429,DHelmet
_p8nu5amfb,74,1308,472,474,446,DHelmet
_p8nu5amfb,75,1491,470,429,343,DHelmet
_iicylkb5h,65,0,463,181,336,DHelmet
_iicylkb5h,66,0,466,299,348,DHelmet
_iicylkb5h,67,123,472,306,363,DHelmet
_iicylkb5h,68,241,474,332,380,DHelmet
_iicylkb5h,69,372,476,356,405,DHelmet
_iicylkb5h,70,512,490,385,413,DHelmet
_iicylkb5h,71,665,495,414,438,DHelmet
_iicylkb5h,72,835,500,454,460,DHelmet
_iicylkb5h,73,1021,505,502,490,DHelmet
_iicylkb5h,74,1225,512,561,523,DHelmet
_iicylkb5h,75,1458,519,462,529,DHelmet
_uz2tqxikx,67,0,429,190,265,DNoHelmetP1NoHelmet
_uz2tqxikx,68,67,431,211,273,DNoHelmetP1NoHelmet
_uz2tqxikx,69,149,433,220,281,DNoHelmetP1NoHelmet
_uz2tqxikx,70,236,435,230,290,DNoHelmetP1NoHelmet
_uz2tqxikx,71,325,439,244,299,DNoHelmetP1NoHelmet
_uz2tqxikx,72,420,443,258,307,DNoHelmetP1NoHelmet
_uz2tqxikx,73,525,445,276,321,DNoHelmetP1NoHelmet
_uz2tqxikx,74,637,447,293,335,DNoHelmetP1NoHelmet
_uz2tqxikx,75,757,451,320,350,DNoHelmetP1NoHelmet
_uz2tqxikx,76,889,458,344,364,DNoHelmetP1NoHelmet
_uz2tqxikx,77,1033,464,374,379,DNoHelmetP1NoHelmet
_uz2tqxikx,78,1189,472,407,396,DNoHelmetP1NoHelmet
_uz2tqxikx,79,1360,476,453,413,DNoHelmetP1NoHelmet
_uz2tqxikx,80,1556,480,364,420,DNoHelmetP1NoHelmet
_s4vzu8ceb,79,0,432,155,292,DHelmetP1Helmet
_s4vzu8ceb,80,0,436,250,299,DHelmetP1Helmet
_s4vzu8ceb,81,88,437,261,313,DHelmetP1Helmet
_s4vzu8ceb,82,181,441,276,318,DHelmetP1Helmet
_s4vzu8ceb,83,283,441,293,331,DHelmetP1Helmet
_s4vzu8ceb,84,391,447,313,338,DHelmetP1Helmet
_s4vzu8ceb,85,511,448,325,355,DHelmetP1Helmet
_s4vzu8ceb,86,635,449,350,370,DHelmetP1Helmet
_s4vzu8ceb,87,774,450,369,390,DHelmetP1Helmet
_s4vzu8ceb,88,917,456,400,402,DHelmetP1Helmet
_s4vzu8ceb,89,1075,462,431,417,DHelmetP1Helmet
_s4vzu8ceb,90,1244,468,470,433,DHelmetP1Helmet
_s4vzu8ceb,91,1428,473,492,448,DHelmetP1Helmet
_s4vzu8ceb,92,1632,473,288,434,DHelmetP1Helmet
_6wd5bxf1v,87,0,463,207,339,DNoHelmetP1NoHelmetP2NoHelmet
_6wd5bxf1v,88,44,469,307,354,DNoHelmetP1NoHelmetP2NoHelmet
_6wd5bxf1v,89,173,476,331,366,DNoHelmetP1NoHelmetP2NoHelmet
_6wd5bxf1v,90,326,480,352,387,DNoHelmetP1NoHelmetP2NoHelmet
_6wd5bxf1v,91,490,480,376,412,DNoHelmetP1NoHelmetP2NoHelmet
_6wd5bxf1v,92,670,489,404,431,DNoHelmetP1NoHelmetP2NoHelmet
_6wd5bxf1v,93,863,499,444,450,DNoHelmetP1NoHelmetP2NoHelmet
_6wd5bxf1v,94,1076,508,499,481,DNoHelmetP1NoHelmetP2NoHelmet
_6wd5bxf1v,95,1308,507,563,523,DNoHelmetP1NoHelmetP2NoHelmet
_6wd5bxf1v,96,1569,515,351,516,DNoHelmetP1NoHelmetP2NoHelmet
_3vcdqwhy0,98,816,398,156,224,DHelmet
_3vcdqwhy0,99,941,398,186,236,DHelmet
_3vcdqwhy0,100,1066,398,217,247,DHelmet
_lnpzn8w7u,89,0,438,230,307,DHelmetP1Helmet
_lnpzn8w7u,90,59,440,264,315,DHelmetP1Helmet
_lnpzn8w7u,91,149,443,276,322,DHelmetP1Helmet
_lnpzn8w7u,92,238,446,289,331,DHelmetP1Helmet
_lnpzn8w7u,93,337,450,302,340,DHelmetP1Helmet
_lnpzn8w7u,94,444,453,317,354,DHelmetP1Helmet
_lnpzn8w7u,95,553,455,333,363,DHelmetP1Helmet
_lnpzn8w7u,96,673,455,352,381,DHelmetP1Helmet
_lnpzn8w7u,97,795,455,379,399,DHelmetP1Helmet
_lnpzn8w7u,98,932,460,403,413,DHelmetP1Helmet
_lnpzn8w7u,99,1079,465,436,428,DHelmetP1Helmet
_lnpzn8w7u,100,1236,472,477,443,DHelmetP1Helmet
_m6aic0g2u,92,0,430,215,284,DHelmet
_m6aic0g2u,93,66,435,241,287,DHelmet
_m6aic0g2u,94,152,437,256,296,DHelmet
_m6aic0g2u,95,244,439,268,302,DHelmet
_m6aic0g2u,96,343,441,279,309,DHelmet
_m6aic0g2u,97,447,445,294,318,DHelmet
_m6aic0g2u,98,556,447,309,327,DHelmet
_m6aic0g2u,99,672,449,330,340,DHelmet
_m6aic0g2u,100,800,452,351,353,DHelmet
_fnjmzb8yf,96,0,489,290,420,DHelmet
_fnjmzb8yf,97,84,493,348,434,DHelmet
_fnjmzb8yf,98,214,500,379,454,DHelmet
_fnjmzb8yf,99,356,507,413,474,DHelmet
_fnjmzb8yf,100,516,513,448,496,DHelmet
