track_id,frame_id,x,y,w,h,label
_pev55xncw,1,973,414,143,221,DNoHelmet
_pev55xncw,2,926,409,135,215,DNoHelmet
_pev55xncw,3,885,405,127,208,DNoHelmet
_pev55xncw,4,848,401,118,202,DNoHelmet
_pev55xncw,5,812,396,115,194,DNoHelmet
_pev55xncw,6,777,390,110,188,DNoHelmet
_pev55xncw,7,745,389,106,181,DNoHelmet
_pev55xncw,8,713,388,102,174,DNoHelmet
_pev55xncw,9,687,385,97,168,DNoHelmet
_pev55xncw,10,661,383,93,162,DNoHelmet
_pev55xncw,11,636,380,90,157,DNoHelmet
_pev55xncw,12,610,377,88,153,DNoHelmet
_pev55xncw,13,587,374,85,149,DNoHelmet
_pev55xncw,14,567,372,82,145,DNoHelmet
_pev55xncw,15,548,370,79,141,DNoHelmet
_pev55xncw,16,528,369,77,138,DNoHelmet
_pev55xncw,17,507,368,76,135,DNoHelmet
_pev55xncw,18,487,366,74,133,DNoHelmet
_pev55xncw,19,470,365,73,130,DNoHelmet
_pev55xncw,20,453,364,71,127,DNoHelmet
_pev55xncw,21,436,362,69,125,DNoHelmet
_pev55xncw,22,420,362,68,121,DNoHelmet
_pev55xncw,23,405,361,66,118,DNoHelmet
_pev55xncw,24,389,360,66,116,DNoHelmet
_pev55xncw,25,374,359,64,113,DNoHelmet
_pev55xncw,26,360,359,63,110,DNoHelmet
_pev55xncw,27,346,358,62,107,DNoHelmet
_pev55xncw,28,332,357,61,105,DNoHelmet
_pev55xncw,29,320,356,58,102,DNoHelmet
_pev55xncw,30,308,355,56,100,DNoHelmet
_pev55xncw,31,297,354,54,98,DNoHelmet
_pev55xncw,32,287,353,51,96,DNoHelmet
_pev55xncw,33,278,351,49,94,DNoHelmet
_pev55xncw,34,269,351,47,92,DNoHelmet
_pev55xncw,35,260,350,46,90,DNoHelmet
_pev55xncw,36,252,349,45,89,DNoHelmet
_pev55xncw,37,243,348,45,88,DNoHelmet
_pev55xncw,38,235,347,45,88,DNoHelmet
_pev55xncw,39,226,346,45,87,DNoHelmet
_pev55xncw,40,218,345,44,86,DNoHelmet
_pev55xncw,41,209,344,45,86,DNoHelmet
_pev55xncw,42,203,343,43,84,DNoHelmet
_pev55xncw,43,196,342,43,82,DNoHelmet
_pev55xncw,44,189,341,43,81,DNoHelmet
_pev55xncw,45,183,340,41,79,DNoHelmet
_pev55xncw,46,177,341,41,77,DNoHelmet
_pev55xncw,47,172,341,40,76,DNoHelmet
_pev55xncw,48,167,341,39,75,DNoHelmet
_pev55xncw,49,161,342,39,73,DNoHelmet
_pev55xncw,50,156,342,38,71,DNoHelmet
_2y582ea69,4,1378,448,224,255,DHelmet
_2y582ea69,5,1304,441,205,258,DHelmet
_2y582ea69,6,1237,432,189,250,DHelmet
_2y582ea69,7,1176,425,174,242,DHelmet
_2y582ea69,8,1120,420,162,235,DHelmet
_2y582ea69,9,1063,416,151,226,DHelmet
_2y582ea69,10,1015,412,140,218,DHelmet
_2y582ea69,11,971,408,129,209,DHelmet
_2y582ea69,12,927,404,119,201,DHelmet
_2y582ea69,13,887,403,109,192,DHelmet
_2y582ea69,14,850,400,103,185,DHelmet
_2y582ea69,15,813,397,97,179,DHelmet
_2y582ea69,16,780,394,92,172,DHelmet
_2y582ea69,17,745,392,89,167,DHelmet
_2y582ea69,18,716,390,83,163,DHelmet
_2y582ea69,19,686,388,79,158,DHelmet
_2y582ea69,20,659,386,76,154,DHelmet
_2y582ea69,21,631,384,74,149,DHelmet
_2y582ea69,22,605,381,71,146,DHelmet
_2y582ea69,23,578,379,70,142,DHelmet
_2y582ea69,24,554,377,68,137,DHelmet
_2y582ea69,25,530,375,66,133,DHelmet
_2y582ea69,26,508,374,65,129,DHelmet
_2y582ea69,27,487,372,63,127,DHelmet
_2y582ea69,28,465,371,62,124,DHelmet
_2y582ea69,29,443,369,61,122,DHelmet
_2y582ea69,30,422,367,60,119,DHelmet
_2y582ea69,31,403,365,59,116,DHelmet
_2y582ea69,32,384,362,57,114,DHelmet
_2y582ea69,33,365,360,56,111,DHelmet
_2y582ea69,34,349,359,55,109,DHelmet
_2y582ea69,35,334,358,53,107,DHelmet
_2y582ea69,36,318,357,52,106,DHelmet
_2y582ea69,37,302,356,51,104,DHelmet
_2y582ea69,38,290,353,49,103,DHelmet
_2y582ea69,39,277,350,49,101,DHelmet
_2y582ea69,40,265,348,47,99,DHelmet
_2y582ea69,41,252,345,46,98,DHelmet
_2y582ea69,42,240,345,45,96,DHelmet
_2y582ea69,43,228,345,44,95,DHelmet
_2y582ea69,44,216,345,43,93,DHelmet
_2y582ea69,45,207,344,41,91,DHelmet
_2y582ea69,46,197,343,40,90,DHelmet
_2y582ea69,47,187,342,40,88,DHelmet
_tied0jl6m,11,1673,443,247,337,DHelmet
_tied0jl6m,12,1599,438,244,326,DHelmet
_tied0jl6m,13,1530,434,232,314,DHelmet
_tied0jl6m,14,1469,429,224,303,DHelmet
_tied0jl6m,15,1407,423,217,293,DHelmet
_tied0jl6m,16,1353,421,201,281,DHelmet
_tied0jl6m,17,1304,416,189,271,DHelmet
_tied0jl6m,18,1255,412,176,259,DHelmet
_tied0jl6m,19,1208,407,169,253,DHelmet
_tied0jl6m,20,1164,406,161,246,DHelmet
_tied0jl6m,21,1123,402,153,240,DHelmet
_tied0jl6m,22,1086,399,146,233,DHelmet
_tied0jl6m,23,1049,396,138,226,DHelmet
_tied0jl6m,24,1012,393,130,219,DHelmet
_tied0jl6m,25,983,390,122,212,DHelmet
_tied0jl6m,26,954,386,113,206,DHelmet
_tied0jl6m,27,923,385,111,203,DHelmet
_tied0jl6m,28,892,384,109,199,DHelmet
_tied0jl6m,29,867,383,109,195,DHelmet
_tied0jl6m,30,843,382,108,192,DHelmet
_tied0jl6m,31,816,381,106,184,DHelmet
_tied0jl6m,32,790,379,103,178,DHelmet
_tied0jl6m,33,764,378,100,170,DHelmet
_tied0jl6m,34,738,376,97,163,DHelmet
_tied0jl6m,35,718,375,95,160,DHelmet
_tied0jl6m,36,698,373,93,158,DHelmet
_tied0jl6m,37,678,372,92,155,DHelmet
_tied0jl6m,38,655,369,89,151,DHelmet
_tied0jl6m,39,642,368,74,147,DHelmet
_tied0jl6m,40,627,367,83,143,DHelmet
_tied0jl6m,41,609,366,80,139,DHelmet
_tied0jl6m,42,593,364,79,138,DHelmet
_tied0jl6m,43,577,363,78,135,DHelmet
_tied0jl6m,44,562,361,76,134,DHelmet
_tied0jl6m,45,546,360,74,131,DHelmet
_tied0jl6m,46,531,358,71,130,DHelmet
_tied0jl6m,47,515,357,69,127,DHelmet
_tied0jl6m,48,503,355,66,125,DHelmet
_tied0jl6m,49,492,354,63,123,DHelmet
_tied0jl6m,50,478,353,61,122,DHelmet
_tied0jl6m,51,464,353,60,120,DHelmet
_tied0jl6m,52,450,352,58,119,DHelmet
_tied0jl6m,53,439,351,56,117,DHelmet
_tied0jl6m,54,427,349,55,117,DHelmet
_tied0jl6m,55,418,349,52,115,DHelmet
_tied0jl6m,56,409,349,50,114,DHelmet
_tied0jl6m,57,399,349,49,112,DHelmet
_tied0jl6m,58,389,349,48,109,DHelmet
_tied0jl6m,59,378,349,48,106,DHelmet
_tied0jl6m,60,368,349,47,102,DHelmet
_tied0jl6m,61,357,349,47,99,DHelmet
_tied0jl6m,62,349,348,46,97,DHelmet
_tied0jl6m,63,340,347,46,95,DHelmet
_tied0jl6m,64,332,347,45,91,DHelmet
_tied0jl6m,65,323,346,46,89,DHelmet
_tied0jl6m,66,315,345,45,87,DHelmet
_tied0jl6m,67,306,344,45,85,DHelmet
_tied0jl6m,68,299,344,44,84,DHelmet
_tied0jl6m,69,292,343,43,84,DHelmet
_tied0jl6m,70,284,342,43,83,DHelmet
_tied0jl6m,71,277,341,43,83,DHelmet
_tied0jl6m,72,271,340,42,83,DHelmet
_tied0jl6m,73,265,340,41,82,DHelmet
_tied0jl6m,74,258,339,41,83,DHelmet
_tied0jl6m,75,252,338,41,83,DHelmet
_tied0jl6m,76,246,337,40,83,DHelmet
_tied0jl6m,77,240,336,39,84,DHelmet
_tied0jl6m,78,233,336,40,83,DHelmet
_tied0jl6m,79,228,335,39,86,DHelmet
_tied0jl6m,80,221,335,39,85,DHelmet
_tied0jl6m,81,214,335,38,84,DHelmet
_tied0jl6m,82,207,335,38,83,DHelmet
_tied0jl6m,83,200,335,37,82,DHelmet
_tied0jl6m,84,194,334,37,81,DHelmet
_tied0jl6m,85,188,334,37,80,DHelmet
_tied0jl6m,86,183,334,35,79,DHelmet
_tied0jl6m,87,177,334,35,78,DHelmet
_tied0jl6m,88,171,334,35,77,DHelmet
_tied0jl6m,89,166,333,35,77,DHelmet
_tied0jl6m,90,162,333,34,76,DHelmet
_tied0jl6m,91,157,333,34,74,DHelmet
_tied0jl6m,92,153,333,33,73,DHelmet
_tied0jl6m,93,148,332,33,73,DHelmet
_8cy9thkl0,16,1719,460,201,308,DHelmet
_8cy9thkl0,17,1652,456,260,303,DHelmet
_8cy9thkl0,18,1584,450,246,288,DHelmet
_8cy9thkl0,19,1516,442,250,283,DHelmet
_8cy9thkl0,20,1457,438,228,263,DHelmet
_8cy9thkl0,21,1399,434,204,242,DHelmet
_8cy9thkl0,22,1348,430,196,241,DHelmet
_8cy9thkl0,23,1297,426,188,239,DHelmet
_8cy9thkl0,24,1247,422,178,238,DHelmet
_8cy9thkl0,25,1196,418,170,236,DHelmet
_8cy9thkl0,26,1155,416,162,223,DHelmet
_8cy9thkl0,27,1117,413,153,217,DHelmet
_8cy9thkl0,28,1079,410,145,212,DHelmet
_8cy9thkl0,29,1046,407,136,206,DHelmet
_8cy9thkl0,30,1013,404,127,200,DHelmet
_8cy9thkl0,31,981,401,122,195,DHelmet
_8cy9thkl0,32,949,397,117,191,DHelmet
_8cy9thkl0,33,921,396,111,186,DHelmet
_8cy9thkl0,34,892,395,105,182,DHelmet
_8cy9thkl0,35,865,392,102,179,DHelmet
_8cy9thkl0,36,838,392,99,173,DHelmet
_8cy9thkl0,37,812,390,96,169,DHelmet
_8cy9thkl0,38,787,389,92,165,DHelmet
_8cy9thkl0,39,764,387,89,161,DHelmet
_8cy9thkl0,40,740,385,86,157,DHelmet
_8cy9thkl0,41,717,383,83,154,DHelmet
_8cy9thkl0,42,694,380,82,150,DHelmet
_8cy9thkl0,43,676,380,80,145,DHelmet
_8cy9thkl0,44,657,380,79,140,DHelmet
_8cy9thkl0,45,638,378,78,138,DHelmet
_8cy9thkl0,46,619,375,76,137,DHelmet
_8cy9thkl0,47,599,373,76,135,DHelmet
_8cy9thkl0,48,580,370,75,133,DHelmet
_8cy9thkl0,49,562,369,74,130,DHelmet
_8cy9thkl0,50,544,368,74,127,DHelmet
_8cy9thkl0,51,526,367,73,124,DHelmet
_8cy9thkl0,52,508,366,72,121,DHelmet
_8cy9thkl0,53,491,365,70,118,DHelmet
_8cy9thkl0,54,473,364,70,115,DHelmet
_8cy9thkl0,55,455,363,69,111,DHelmet
_8cy9thkl0,56,437,362,68,108,DHelmet
_8cy9thkl0,57,425,361,67,107,DHelmet
_8cy9thkl0,58,414,360,66,106,DHelmet
_8cy9thkl0,59,402,358,65,105,DHelmet
_8cy9thkl0,60,390,357,65,104,DHelmet
_8cy9thkl0,61,378,356,64,103,DHelmet
_8cy9thkl0,62,367,354,62,103,DHelmet
_8cy9thkl0,63,355,353,62,101,DHelmet
_8cy9thkl0,64,343,351,61,101,DHelmet
_8cy9thkl0,65,331,350,61,100,DHelmet
_8cy9thkl0,66,320,349,59,99,DHelmet
_8cy9thkl0,67,310,348,59,98,DHelmet
_8cy9thkl0,68,301,348,58,97,DHelmet
_8cy9thkl0,69,292,347,56,96,DHelmet
_8cy9thkl0,70,282,346,56,96,DHelmet
_8cy9thkl0,71,273,346,55,94,DHelmet
_8cy9thkl0,72,264,345,54,94,DHelmet
_8cy9thkl0,73,254,345,54,92,DHelmet
_8cy9thkl0,74,245,344,52,92,DHelmet
_8cy9thkl0,75,236,344,51,90,DHelmet
_8cy9thkl0,76,235,343,50,90,DHelmet
_8cy9thkl0,77,234,343,50,88,DHelmet
_8cy9thkl0,78,223,342,48,88,DHelmet
_8cy9thkl0,79,211,342,48,87,DHelmet
_8cy9thkl0,80,200,342,47,86,DHelmet
_8cy9thkl0,81,188,341,47,86,DHelmet
_8cy9thkl0,82,177,341,45,84,DHelmet
_8cy9thkl0,83,169,338,45,83,DHelmet
_8cy9thkl0,84,161,337,44,82,DHelmet
_8cy9thkl0,85,154,335,43,81,DHelmet
_8cy9thkl0,86,148,335,42,80,DHelmet
_8cy9thkl0,87,141,335,41,79,DHelmet
_8cy9thkl0,88,135,334,40,79,DHelmet
_8cy9thkl0,89,129,334,39,78,DHelmet
_8cy9thkl0,90,122,334,38,77,DHelmet
_8cy9thkl0,91,116,334,37,76,DHelmet
_8cy9thkl0,92,109,334,37,75,DHelmet
_f2jsvfhqs,9,1593,449,283,363,DHelmet
_f2jsvfhqs,10,1497,440,282,391,DHelmet
_f2jsvfhqs,11,1401,434,284,368,DHelmet
_f2jsvfhqs,12,1318,432,261,345,DHelmet
_f2jsvfhqs,13,1246,424,237,329,DHelmet
_f2jsvfhqs,14,1180,416,215,314,DHelmet
_f2jsvfhqs,15,1115,411,200,298,DHelmet
_f2jsvfhqs,16,1059,406,185,282,DHelmet
_f2jsvfhqs,17,1005,402,172,273,DHelmet
_f2jsvfhqs,18,958,399,158,263,DHelmet
_f2jsvfhqs,19,915,393,144,253,DHelmet
_f2jsvfhqs,20,873,390,135,243,DHelmet
_f2jsvfhqs,21,840,385,126,233,DHelmet
_f2jsvfhqs,22,800,383,121,223,DHelmet
_f2jsvfhqs,23,770,382,115,212,DHelmet
_f2jsvfhqs,24,740,380,109,206,DHelmet
_f2jsvfhqs,25,710,377,103,200,DHelmet
_f2jsvfhqs,26,684,376,101,194,DHelmet
_f2jsvfhqs,27,659,374,97,188,DHelmet
_f2jsvfhqs,28,635,373,94,182,DHelmet
_f2jsvfhqs,29,612,372,90,176,DHelmet
_f2jsvfhqs,30,590,370,89,170,DHelmet
_f2jsvfhqs,31,569,369,87,164,DHelmet
_f2jsvfhqs,32,549,368,86,158,DHelmet
_f2jsvfhqs,33,529,366,84,152,DHelmet
_f2jsvfhqs,34,513,364,81,148,DHelmet
_f2jsvfhqs,35,497,362,78,145,DHelmet
_f2jsvfhqs,36,483,361,76,141,DHelmet
_f2jsvfhqs,37,470,360,72,137,DHelmet
_f2jsvfhqs,38,456,359,70,133,DHelmet
_f2jsvfhqs,39,443,359,66,129,DHelmet
_f2jsvfhqs,40,430,357,66,128,DHelmet
_f2jsvfhqs,41,417,356,66,126,DHelmet
_f2jsvfhqs,42,405,355,65,124,DHelmet
_f2jsvfhqs,43,392,354,65,122,DHelmet
_f2jsvfhqs,44,379,353,65,120,DHelmet
_f2jsvfhqs,45,368,352,64,117,DHelmet
_f2jsvfhqs,46,358,351,62,115,DHelmet
_f2jsvfhqs,47,347,350,61,113,DHelmet
_f2jsvfhqs,48,336,349,60,111,DHelmet
_f2jsvfhqs,49,326,349,59,108,DHelmet
_f2jsvfhqs,50,317,348,57,106,DHelmet
_f2jsvfhqs,51,307,347,55,103,DHelmet
_f2jsvfhqs,52,297,346,54,101,DHelmet
_f2jsvfhqs,53,289,346,53,99,DHelmet
_f2jsvfhqs,54,281,345,51,98,DHelmet
_f2jsvfhqs,55,273,344,50,97,DHelmet
_f2jsvfhqs,56,265,343,49,96,DHelmet
_f2jsvfhqs,57,257,342,47,95,DHelmet
_f2jsvfhqs,58,249,342,46,93,DHelmet
_f2jsvfhqs,59,241,341,45,92,DHelmet
_f2jsvfhqs,60,233,340,43,91,DHelmet
_1x7zps1vj,19,1677,460,243,423,DHelmet
_1x7zps1vj,20,1563,452,315,401,DHelmet
_1x7zps1vj,21,1461,441,283,379,DHelmet
_1x7zps1vj,22,1368,437,252,354,DHelmet
_1x7zps1vj,23,1285,429,227,330,DHelmet
_1x7zps1vj,24,1212,421,207,315,DHelmet
_1x7zps1vj,25,1144,414,188,300,DHelmet
_1x7zps1vj,26,1080,411,174,285,DHelmet
_1x7zps1vj,27,1025,406,155,273,DHelmet
_1x7zps1vj,28,970,402,143,259,DHelmet
_1x7zps1vj,29,923,397,126,247,DHelmet
_1x7zps1vj,30,874,393,129,236,DHelmet
_1x7zps1vj,31,835,390,119,227,DHelmet
_1x7zps1vj,32,796,387,110,217,DHelmet
_1x7zps1vj,33,758,385,108,210,DHelmet
_1x7zps1vj,34,720,382,106,203,DHelmet
_1x7zps1vj,35,687,379,101,196,DHelmet
_1x7zps1vj,36,653,376,96,190,DHelmet
_1x7zps1vj,37,626,374,85,182,DHelmet
_1x7zps1vj,38,596,370,84,179,DHelmet
_1x7zps1vj,39,566,366,83,175,DHelmet
_1x7zps1vj,40,545,362,81,172,DHelmet
_1x7zps1vj,41,523,361,79,167,DHelmet
_1x7zps1vj,42,501,360,77,163,DHelmet
_1x7zps1vj,43,481,359,76,159,DHelmet
_1x7zps1vj,44,461,359,74,154,DHelmet
_1x7zps1vj,45,441,359,73,149,DHelmet
_1x7zps1vj,46,426,357,71,144,DHelmet
_1x7zps1vj,47,411,356,69,140,DHelmet
_1x7zps1vj,48,396,355,67,136,DHelmet
_1x7zps1vj,49,383,354,64,132,DHelmet
_1x7zps1vj,50,370,353,60,127,DHelmet
_1x7zps1vj,51,356,352,60,125,DHelmet
_1x7zps1vj,52,343,351,58,123,DHelmet
_1x7zps1vj,53,329,350,58,121,DHelmet
_1x7zps1vj,54,315,349,58,118,DHelmet
_1x7zps1vj,55,305,348,56,116,DHelmet
_1x7zps1vj,56,295,347,55,114,DHelmet
_1x7zps1vj,57,283,346,54,112,DHelmet
_1x7zps1vj,58,271,345,53,109,DHelmet
_1x7zps1vj,59,262,344,53,107,DHelmet
_1x7zps1vj,60,254,343,52,105,DHelmet
_1x7zps1vj,61,245,342,53,103,DHelmet
_1x7zps1vj,62,238,341,50,102,DHelmet
_1x7zps1vj,63,231,341,48,99,DHelmet
_1x7zps1vj,64,224,340,45,98,DHelmet
_1x7zps1vj,65,217,339,44,97,DHelmet
_1x7zps1vj,66,210,339,43,95,DHelmet
_1x7zps1vj,67,203,338,42,93,DHelmet
_1x7zps1vj,68,195,338,42,91,DHelmet
_1x7zps1vj,69,188,337,41,90,DHelmet
_1x7zps1vj,70,181,337,39,88,DHelmet
_1x7zps1vj,71,174,336,38,86,DHelmet
_1x7zps1vj,72,167,336,37,84,DHelmet
_2mzcta58y,22,1707,441,213,258,DHelmet
_2mzcta58y,23,1636,435,207,252,DHelmet
_2mzcta58y,24,1570,437,183,239,DHelmet
_2mzcta58y,25,1509,430,183,240,DHelmet
_2mzcta58y,26,1449,427,183,240,DHelmet
_2mzcta58y,27,1396,424,182,240,DHelmet
_2mzcta58y,28,1348,421,177,234,DHelmet
_2mzcta58y,29,1301,417,171,229,DHelmet
_2mzcta58y,30,1253,413,165,225,DHelmet
_2mzcta58y,31,1206,409,159,220,DHelmet
_2mzcta58y,32,1166,406,153,215,DHelmet
_2mzcta58y,33,1126,403,147,210,DHelmet
_2mzcta58y,34,1085,401,142,204,DHelmet
_2mzcta58y,35,1053,398,135,200,DHelmet
_2mzcta58y,36,1020,395,130,195,DHelmet
_2mzcta58y,37,987,393,124,190,DHelmet
_2mzcta58y,38,961,391,118,185,DHelmet
_2mzcta58y,39,935,389,112,180,DHelmet
_2mzcta58y,40,909,387,106,175,DHelmet
_2mzcta58y,41,886,385,100,172,DHelmet
_2mzcta58y,42,863,383,93,169,DHelmet
_2mzcta58y,43,839,382,90,165,DHelmet
_2mzcta58y,44,816,381,85,161,DHelmet
_2mzcta58y,45,792,380,82,157,DHelmet
_2mzcta58y,46,769,378,77,154,DHelmet
_2mzcta58y,47,749,377,76,150,DHelmet
_2mzcta58y,48,732,375,73,147,DHelmet
_2mzcta58y,49,714,373,72,143,DHelmet
_2mzcta58y,50,698,371,70,140,DHelmet
_2mzcta58y,51,681,370,68,136,DHelmet
_2mzcta58y,52,665,368,66,133,DHelmet
_2mzcta58y,53,648,366,65,129,DHelmet
_2mzcta58y,54,632,365,64,128,DHelmet
_2mzcta58y,55,616,364,63,126,DHelmet
_2mzcta58y,56,600,363,62,124,DHelmet
_2mzcta58y,57,584,361,61,123,DHelmet
_2mzcta58y,58,568,360,60,122,DHelmet
_2mzcta58y,59,552,359,59,120,DHelmet
_2mzcta58y,60,542,359,57,118,DHelmet
_2mzcta58y,61,532,359,56,117,DHelmet
_2mzcta58y,62,522,359,54,115,DHelmet
_2mzcta58y,63,511,359,54,113,DHelmet
_2mzcta58y,64,501,358,53,113,DHelmet
_2mzcta58y,65,490,357,51,111,DHelmet
_2mzcta58y,66,479,356,50,109,DHelmet
_2mzcta58y,67,468,355,49,107,DHelmet
_2mzcta58y,68,457,353,48,106,DHelmet
_2mzcta58y,69,446,352,47,105,DHelmet
_2mzcta58y,70,436,352,46,103,DHelmet
_2mzcta58y,71,426,352,45,101,DHelmet
_2mzcta58y,72,416,351,44,100,DHelmet
_2mzcta58y,73,406,351,43,99,DHelmet
_2mzcta58y,74,398,351,42,97,DHelmet
_2mzcta58y,75,391,351,40,95,DHelmet
_2mzcta58y,76,381,350,40,94,DHelmet
_2mzcta58y,77,372,348,39,94,DHelmet
_2mzcta58y,78,362,347,39,93,DHelmet
_2mzcta58y,79,352,346,39,92,DHelmet
_2mzcta58y,80,342,346,39,91,DHelmet
_2mzcta58y,81,334,345,38,91,DHelmet
_2mzcta58y,82,326,345,38,89,DHelmet
_2mzcta58y,83,317,345,37,88,DHelmet
_2mzcta58y,84,308,344,37,88,DHelmet
_2mzcta58y,85,299,344,36,87,DHelmet
_2mzcta58y,86,290,343,36,86,DHelmet
_2mzcta58y,87,282,343,36,85,DHelmet
_2mzcta58y,88,274,342,35,85,DHelmet
_2mzcta58y,89,266,342,35,83,DHelmet
_2mzcta58y,90,258,341,35,83,DHelmet
_2mzcta58y,91,251,341,34,82,DHelmet
_2mzcta58y,92,243,340,34,81,DHelmet
_2mzcta58y,93,235,340,34,80,DHelmet
_2mzcta58y,94,228,339,33,79,DHelmet
_2mzcta58y,95,220,339,33,78,DHelmet
_2mzcta58y,96,214,338,32,77,DHelmet
_2mzcta58y,97,207,337,33,77,DHelmet
_2mzcta58y,98,201,337,32,75,DHelmet
_2mzcta58y,99,195,336,31,75,DHelmet
_2mzcta58y,100,188,336,32,74,DHelmet
_yic5kwnkc,28,1670,446,250,316,DHelmet
_yic5kwnkc,29,1590,440,256,299,DHelmet
_yic5kwnkc,30,1517,435,237,289,DHelmet
_yic5kwnkc,31,1452,429,226,278,DHelmet
_yic5kwnkc,32,1389,426,217,267,DHelmet
_yic5kwnkc,33,1330,421,205,259,DHelmet
_yic5kwnkc,34,1279,417,194,250,DHelmet
_yic5kwnkc,35,1231,413,182,241,DHelmet
_yic5kwnkc,36,1184,412,171,233,DHelmet
_yic5kwnkc,37,1141,408,162,227,DHelmet
_yic5kwnkc,38,1101,404,153,221,DHelmet
_yic5kwnkc,39,1061,401,145,215,DHelmet
_yic5kwnkc,40,1026,398,137,209,DHelmet
_yic5kwnkc,41,993,396,131,203,DHelmet
_yic5kwnkc,42,959,393,126,198,DHelmet
_yic5kwnkc,43,925,391,120,192,DHelmet
_yic5kwnkc,44,895,389,114,186,DHelmet
_yic5kwnkc,45,866,386,106,181,DHelmet
_yic5kwnkc,46,837,383,105,176,DHelmet
_yic5kwnkc,47,809,380,102,171,DHelmet
_yic5kwnkc,48,780,377,101,166,DHelmet
_yic5kwnkc,49,759,377,99,163,DHelmet
_yic5kwnkc,50,734,377,98,156,DHelmet
_yic5kwnkc,51,709,377,96,150,DHelmet
_yic5kwnkc,52,688,374,94,149,DHelmet
_yic5kwnkc,53,666,372,92,147,DHelmet
_yic5kwnkc,54,645,369,90,146,DHelmet
_yic5kwnkc,55,625,367,82,142,DHelmet
_yic5kwnkc,56,605,366,74,137,DHelmet
_yic5kwnkc,57,586,364,65,133,DHelmet
_yic5kwnkc,58,566,362,58,129,DHelmet
_yic5kwnkc,59,546,360,50,125,DHelmet
_yic5kwnkc,60,534,361,41,120,DHelmet
_yic5kwnkc,61,512,359,42,120,DHelmet
_yic5kwnkc,62,491,357,42,121,DHelmet
_yic5kwnkc,63,469,355,43,121,DHelmet
_yic5kwnkc,64,448,352,43,122,DHelmet
_yic5kwnkc,65,426,350,44,123,DHelmet
_yic5kwnkc,66,413,350,45,123,DHelmet
_yic5kwnkc,67,400,350,45,123,DHelmet
_yic5kwnkc,68,386,349,46,124,DHelmet
_yic5kwnkc,69,368,348,63,124,DHelmet
_yic5kwnkc,70,354,347,60,118,DHelmet
_yic5kwnkc,71,340,347,57,111,DHelmet
_yic5kwnkc,72,325,346,55,106,DHelmet
_yic5kwnkc,73,314,346,51,104,DHelmet
_yic5kwnkc,74,302,345,48,102,DHelmet
_yic5kwnkc,75,293,345,45,104,DHelmet
_yic5kwnkc,76,285,344,41,96,DHelmet
_yic5kwnkc,77,276,343,38,87,DHelmet
_yic5kwnkc,78,267,343,38,87,DHelmet
_yic5kwnkc,79,258,342,38,88,DHelmet
_yic5kwnkc,80,249,342,39,89,DHelmet
_yic5kwnkc,81,241,341,39,90,DHelmet
_yic5kwnkc,82,233,341,39,90,DHelmet
_yic5kwnkc,83,225,340,39,91,DHelmet
_yic5kwnkc,84,217,340,38,89,DHelmet
_8ah4vlr56,23,1705,466,215,340,DHelmetP1NoHelmet
_8ah4vlr56,24,1622,458,298,341,DHelmetP1NoHelmet
_8ah4vlr56,25,1538,450,282,323,DHelmetP1NoHelmet
_8ah4vlr56,26,1465,445,266,311,DHelmetP1NoHelmet
_8ah4vlr56,27,1394,440,250,299,DHelmetP1NoHelmet
_8ah4vlr56,28,1328,433,234,289,DHelmetP1NoHelmet
_8ah4vlr56,29,1271,427,218,278,DHelmetP1NoHelmet
_8ah4vlr56,30,1218,424,203,267,DHelmetP1NoHelmet
_8ah4vlr56,31,1166,420,186,257,DHelmetP1NoHelmet
_8ah4vlr56,32,1119,415,167,250,DHelmetP1NoHelmet
_8ah4vlr56,33,1072,411,148,242,DHelmetP1NoHelmet
_8ah4vlr56,34,1031,410,139,232,DHelmetP1NoHelmet
_8ah4vlr56,35,989,409,131,223,DHelmetP1NoHelmet
_8ah4vlr56,36,953,409,121,212,DHelmetP1NoHelmet
_8ah4vlr56,37,919,404,113,206,DHelmetP1NoHelmet
_8ah4vlr56,38,885,400,105,199,DHelmetP1NoHelmet
_8ah4vlr56,39,852,398,102,194,DHelmetP1NoHelmet
_8ah4vlr56,40,818,396,101,189,DHelmetP1NoHelmet
_8ah4vlr56,41,792,394,99,183,DHelmetP1NoHelmet
_8ah4vlr56,42,766,392,97,178,DHelmetP1NoHelmet
_8ah4vlr56,43,736,388,101,175,DHelmetP1NoHelmet
_8ah4vlr56,44,711,384,97,173,DHelmetP1NoHelmet
_8ah4vlr56,45,686,380,94,170,DHelmetP1NoHelmet
_8ah4vlr56,46,662,376,90,169,DHelmetP1NoHelmet
_8ah4vlr56,47,637,375,88,163,DHelmetP1NoHelmet
_8ah4vlr56,48,612,373,87,159,DHelmetP1NoHelmet
_8ah4vlr56,49,591,372,84,155,DHelmetP1NoHelmet
_8ah4vlr56,50,570,371,81,152,DHelmetP1NoHelmet
_8ah4vlr56,51,549,371,77,148,DHelmetP1NoHelmet
_8ah4vlr56,52,530,370,75,144,DHelmetP1NoHelmet
_8ah4vlr56,53,510,369,73,141,DHelmetP1NoHelmet
_8ah4vlr56,54,493,367,71,139,DHelmetP1NoHelmet
_8ah4vlr56,55,477,365,67,136,DHelmetP1NoHelmet
_8ah4vlr56,56,460,363,65,134,DHelmetP1NoHelmet
_8ah4vlr56,57,443,361,63,131,DHelmetP1NoHelmet
_8ah4vlr56,58,426,359,61,129,DHelmetP1NoHelmet
_8ah4vlr56,59,412,358,60,126,DHelmetP1NoHelmet
_8ah4vlr56,60,397,356,59,124,DHelmetP1NoHelmet
_8ah4vlr56,61,383,355,58,122,DHelmetP1NoHelmet
_8ah4vlr56,62,368,353,58,120,DHelmetP1NoHelmet
_8ah4vlr56,63,354,352,57,117,DHelmetP1NoHelmet
_8ah4vlr56,64,342,351,56,115,DHelmetP1NoHelmet
_8ah4vlr56,65,330,351,55,113,DHelmetP1NoHelmet
_8ah4vlr56,66,318,350,54,111,DHelmetP1NoHelmet
_8ah4vlr56,67,307,349,54,109,DHelmetP1NoHelmet
_8ah4vlr56,68,296,348,53,108,DHelmetP1NoHelmet
_8ah4vlr56,69,285,347,53,107,DHelmetP1NoHelmet
_8ah4vlr56,70,277,345,51,106,DHelmetP1NoHelmet
_8ah4vlr56,71,268,344,51,105,DHelmetP1NoHelmet
_8ah4vlr56,72,259,343,51,104,DHelmetP1NoHelmet
_8ah4vlr56,73,251,343,49,102,DHelmetP1NoHelmet
_8ah4vlr56,74,242,342,49,101,DHelmetP1NoHelmet
_8ah4vlr56,75,233,341,48,100,DHelmetP1NoHelmet
_8ah4vlr56,76,224,341,48,98,DHelmetP1NoHelmet
_8ah4vlr56,77,216,340,46,97,DHelmetP1NoHelmet
_8ah4vlr56,78,210,340,46,95,DHelmetP1NoHelmet
_8ah4vlr56,79,203,339,45,95,DHelmetP1NoHelmet
_8ah4vlr56,80,195,339,44,93,DHelmetP1NoHelmet
_8ah4vlr56,81,188,339,43,92,DHelmetP1NoHelmet
_8ah4vlr56,82,180,339,43,90,DHelmetP1NoHelmet
_8ah4vlr56,83,172,338,42,90,DHelmetP1NoHelmet
_8ah4vlr56,84,164,338,42,88,DHelmetP1NoHelmet
_8ah4vlr56,85,157,338,40,87,DHelmetP1NoHelmet
_8ah4vlr56,86,149,338,40,85,DHelmetP1NoHelmet
_8ah4vlr56,87,141,337,39,85,DHelmetP1NoHelmet
_8ah4vlr56,88,133,337,39,83,DHelmetP1NoHelmet
_rmie50umd,35,1569,435,351,454,DNoHelmetP1NoHelmet
_rmie50umd,36,1477,427,345,435,DNoHelmetP1NoHelmet
_rmie50umd,37,1397,420,315,415,DNoHelmetP1NoHelmet
_rmie50umd,38,1317,417,292,395,DNoHelmetP1NoHelmet
_rmie50umd,39,1247,415,268,373,DNoHelmetP1NoHelmet
_rmie50umd,40,1181,410,249,357,DNoHelmetP1NoHelmet
_rmie50umd,41,1124,404,231,343,DNoHelmetP1NoHelmet
_rmie50umd,42,1068,401,215,330,DNoHelmetP1NoHelmet
_rmie50umd,43,1014,397,200,318,DNoHelmetP1NoHelmet
_rmie50umd,44,965,394,188,305,DNoHelmetP1NoHelmet
_rmie50umd,45,923,390,175,294,DNoHelmetP1NoHelmet
_rmie50umd,46,884,387,162,283,DNoHelmetP1NoHelmet
_rmie50umd,47,847,385,154,273,DNoHelmetP1NoHelmet
_rmie50umd,48,809,383,146,263,DNoHelmetP1NoHelmet
_rmie50umd,49,776,382,138,252,DNoHelmetP1NoHelmet
_rmie50umd,50,746,380,131,242,DNoHelmetP1NoHelmet
_rmie50umd,51,716,377,124,236,DNoHelmetP1NoHelmet
_rmie50umd,52,686,374,118,230,DNoHelmetP1NoHelmet
_rmie50umd,53,663,371,111,224,DNoHelmetP1NoHelmet
_rmie50umd,54,636,369,108,218,DNoHelmetP1NoHelmet
_rmie50umd,55,610,367,104,213,DNoHelmetP1NoHelmet
_rmie50umd,56,586,366,101,208,DNoHelmetP1NoHelmet
_rmie50umd,57,562,366,98,202,DNoHelmetP1NoHelmet
_rmie50umd,58,540,363,95,196,DNoHelmetP1NoHelmet
_rmie50umd,59,517,360,93,191,DNoHelmetP1NoHelmet
_rmie50umd,60,499,362,89,185,DNoHelmetP1NoHelmet
_rmie50umd,61,479,362,89,179,DNoHelmetP1NoHelmet
_rmie50umd,62,459,362,89,174,DNoHelmetP1NoHelmet
_rmie50umd,63,443,362,85,168,DNoHelmetP1NoHelmet
_rmie50umd,64,427,362,81,162,DNoHelmetP1NoHelmet
_rmie50umd,65,414,359,78,161,DNoHelmetP1NoHelmet
_rmie50umd,66,400,357,77,158,DNoHelmetP1NoHelmet
_rmie50umd,67,386,354,76,156,DNoHelmetP1NoHelmet
_rmie50umd,68,372,352,74,153,DNoHelmetP1NoHelmet
_rmie50umd,69,362,350,72,151,DNoHelmetP1NoHelmet
_rmie50umd,70,351,349,71,148,DNoHelmetP1NoHelmet
_rmie50umd,71,340,347,70,146,DNoHelmetP1NoHelmet
_rmie50umd,72,330,346,67,143,DNoHelmetP1NoHelmet
_rmie50umd,73,321,345,66,141,DNoHelmetP1NoHelmet
_rmie50umd,74,312,344,65,138,DNoHelmetP1NoHelmet
_rmie50umd,75,304,343,63,136,DNoHelmetP1NoHelmet
_rmie50umd,76,296,342,62,134,DNoHelmetP1NoHelmet
_rmie50umd,77,288,342,60,131,DNoHelmetP1NoHelmet
_rmie50umd,78,280,341,59,128,DNoHelmetP1NoHelmet
_rmie50umd,79,273,340,57,126,DNoHelmetP1NoHelmet
_rmie50umd,80,265,339,56,125,DNoHelmetP1NoHelmet
_rmie50umd,81,257,338,56,123,DNoHelmetP1NoHelmet
_rmie50umd,82,249,337,55,122,DNoHelmetP1NoHelmet
_rmie50umd,83,242,336,54,121,DNoHelmetP1NoHelmet
_rmie50umd,84,235,335,53,119,DNoHelmetP1NoHelmet
_rmie50umd,85,228,335,52,117,DNoHelmetP1NoHelmet
_rmie50umd,86,221,334,51,116,DNoHelmetP1NoHelmet
_rmie50umd,87,213,333,51,114,DNoHelmetP1NoHelmet
_rmie50umd,88,206,332,50,113,DNoHelmetP1NoHelmet
_rmie50umd,89,201,331,49,112,DNoHelmetP1NoHelmet
_rmie50umd,90,195,331,48,110,DNoHelmetP1NoHelmet
_rmie50umd,91,189,331,47,107,DNoHelmetP1NoHelmet
_rmie50umd,92,183,330,47,106,DNoHelmetP1NoHelmet
_rmie50umd,93,177,330,46,104,DNoHelmetP1NoHelmet
_rmie50umd,94,171,330,47,103,DNoHelmetP1NoHelmet
_rmie50umd,95,165,330,48,101,DNoHelmetP1NoHelmet
_rmie50umd,96,159,329,48,101,DNoHelmetP1NoHelmet
_rmie50umd,97,154,329,47,99,DNoHelmetP1NoHelmet
_rmie50umd,98,149,329,45,97,DNoHelmetP1NoHelmet
_rmie50umd,99,144,328,43,97,DNoHelmetP1NoHelmet
_rmie50umd,100,139,328,41,95,DNoHelmetP1NoHelmet
_dmbmcbu39,68,1683,449,237,364,DHelmet
_dmbmcbu39,69,1629,446,287,353,DHelmet
_dmbmcbu39,70,1587,441,267,342,DHelmet
_dmbmcbu39,71,1540,437,257,333,DHelmet
_dmbmcbu39,72,1498,434,247,328,DHelmet
_dmbmcbu39,73,1460,434,230,316,DHelmet
_dmbmcbu39,74,1430,431,212,305,DHelmet
_dmbmcbu39,75,1400,428,197,300,DHelmet
_dmbmcbu39,76,1370,426,196,278,DHelmet
_dmbmcbu39,77,1339,423,200,267,DHelmet
_dmbmcbu39,78,1309,421,202,256,DHelmet
_dmbmcbu39,79,1279,418,181,252,DHelmet
_dmbmcbu39,80,1247,416,185,254,DHelmet
_dmbmcbu39,81,1215,413,189,258,DHelmet
_dmbmcbu39,82,1183,411,193,260,DHelmet
_dmbmcbu39,83,1151,408,197,264,DHelmet
_dmbmcbu39,84,1133,407,187,257,DHelmet
_dmbmcbu39,85,1115,406,177,250,DHelmet
_dmbmcbu39,86,1098,404,169,250,DHelmet
_dmbmcbu39,87,1086,403,160,246,DHelmet
_dmbmcbu39,88,1074,402,151,242,DHelmet
_dmbmcbu39,89,1062,402,143,237,DHelmet
_dmbmcbu39,90,1045,400,139,234,DHelmet
_dmbmcbu39,91,1028,398,136,231,DHelmet
_dmbmcbu39,92,1005,397,138,227,DHelmet
_dmbmcbu39,93,988,396,137,224,DHelmet
_dmbmcbu39,94,972,395,135,221,DHelmet
_dmbmcbu39,95,955,394,133,218,DHelmet
_dmbmcbu39,96,938,393,132,215,DHelmet
_dmbmcbu39,97,922,392,130,212,DHelmet
_dmbmcbu39,98,908,391,124,209,DHelmet
_dmbmcbu39,99,894,390,118,206,DHelmet
_dmbmcbu39,100,879,389,113,203,DHelmet
_a7667wtu3,74,1593,441,327,371,DHelmetP1Helmet
_a7667wtu3,75,1529,437,310,362,DHelmetP1Helmet
_a7667wtu3,76,1474,432,290,351,DHelmetP1Helmet
_a7667wtu3,77,1414,429,278,339,DHelmetP1Helmet
_a7667wtu3,78,1363,425,262,328,DHelmetP1Helmet
_a7667wtu3,79,1312,420,247,318,DHelmetP1Helmet
_a7667wtu3,80,1266,418,231,307,DHelmetP1Helmet
_a7667wtu3,81,1227,415,217,299,DHelmetP1Helmet
_a7667wtu3,82,1179,411,208,292,DHelmetP1Helmet
_a7667wtu3,83,1134,408,215,283,DHelmetP1Helmet
_a7667wtu3,84,1090,405,203,278,DHelmetP1Helmet
_a7667wtu3,85,1047,402,190,272,DHelmetP1Helmet
_a7667wtu3,86,1004,399,189,266,DHelmetP1Helmet
_a7667wtu3,87,961,396,189,260,DHelmetP1Helmet
_a7667wtu3,88,924,393,183,254,DHelmetP1Helmet
_a7667wtu3,89,888,390,176,248,DHelmetP1Helmet
_a7667wtu3,90,856,388,169,242,DHelmetP1Helmet
_a7667wtu3,91,825,386,163,236,DHelmetP1Helmet
_a7667wtu3,92,797,385,156,230,DHelmetP1Helmet
_a7667wtu3,93,770,382,151,226,DHelmetP1Helmet
_a7667wtu3,94,743,380,146,221,DHelmetP1Helmet
_a7667wtu3,95,717,378,140,216,DHelmetP1Helmet
_a7667wtu3,96,697,377,132,211,DHelmetP1Helmet
_a7667wtu3,97,676,376,126,206,DHelmetP1Helmet
_a7667wtu3,98,657,374,122,202,DHelmetP1Helmet
_a7667wtu3,99,638,372,117,197,DHelmetP1Helmet
_a7667wtu3,100,619,371,112,192,DHelmetP1Helmet
_o9slq924z,1,1267,424,176,194,DHelmet
_o9slq924z,2,1267,424,177,194,DHelmet
_o9slq924z,3,1267,424,177,194,DHelmet
_o9slq924z,4,1267,425,178,193,DHelmet
_o9slq924z,5,1267,425,179,193,DHelmet
_o9slq924z,6,1267,425,180,193,DHelmet
_o9slq924z,7,1267,425,180,193,DHelmet
_o9slq924z,8,1267,425,181,193,DHelmet
_o9slq924z,9,1267,425,182,193,DHelmet
_o9slq924z,10,1267,425,182,193,DHelmet
_o9slq924z,11,1267,425,183,193,DHelmet
_o9slq924z,12,1267,425,184,193,DHelmet
_o9slq924z,13,1268,425,183,193,DHelmet
_o9slq924z,14,1268,425,184,193,DHelmet
_o9slq924z,15,1268,425,185,193,DHelmet
_o9slq924z,16,1268,425,185,193,DHelmet
_o9slq924z,17,1268,425,186,193,DHelmet
_o9slq924z,18,1268,425,187,193,DHelmet
_o9slq924z,19,1268,425,187,193,DHelmet
_o9slq924z,20,1268,425,188,193,DHelmet
_o9slq924z,21,1268,425,189,193,DHelmet
_o9slq924z,22,1268,426,189,192,DHelmet
_o9slq924z,23,1268,426,190,192,DHelmet
_o9slq924z,24,1268,426,191,192,DHelmet
_o9slq924z,25,1268,426,191,192,DHelmet
_o9slq924z,26,1268,426,192,192,DHelmet
_o9slq924z,27,1268,426,193,192,DHelmet
_o9slq924z,28,1268,426,193,192,DHelmet
_o9slq924z,29,1268,426,194,192,DHelmet
_o9slq924z,30,1268,426,195,192,DHelmet
_o9slq924z,31,1269,426,194,192,DHelmet
_o9slq924z,32,1269,426,195,192,DHelmet
_o9slq924z,33,1269,426,196,192,DHelmet
_o9slq924z,34,1269,426,196,192,DHelmet
_o9slq924z,35,1269,426,197,192,DHelmet
_o9slq924z,36,1269,426,198,192,DHelmet
_o9slq924z,37,1269,426,198,192,DHelmet
_o9slq924z,38,1269,426,199,192,DHelmet
_o9slq924z,39,1269,426,200,192,DHelmet
_o9slq924z,40,1269,427,201,191,DHelmet
_o9slq924z,41,1269,427,201,191,DHelmet
_o9slq924z,42,1269,427,202,191,DHelmet
_o9slq924z,43,1269,427,203,191,DHelmet
_o9slq924z,44,1269,427,203,191,DHelmet
_o9slq924z,45,1269,427,204,191,DHelmet
_o9slq924z,46,1269,427,205,191,DHelmet
_o9slq924z,47,1269,427,205,191,DHelmet
_o9slq924z,48,1270,427,205,191,DHelmet
_o9slq924z,49,1270,427,206,191,DHelmet
_o9slq924z,50,1270,427,206,191,DHelmet
_o9slq924z,51,1270,427,207,191,DHelmet
_o9slq924z,52,1270,427,208,191,DHelmet
_o9slq924z,53,1270,427,208,191,DHelmet
_o9slq924z,54,1270,427,209,191,DHelmet
_o9slq924z,55,1270,427,210,191,DHelmet
_o9slq924z,56,1270,427,210,191,DHelmet
_o9slq924z,57,1270,427,210,191,DHelmet
_o9slq924z,58,1270,427,210,191,DHelmet
_o9slq924z,59,1270,427,210,191,DHelmet
_o9slq924z,60,1270,427,210,191,DHelmet
_o9slq924z,61,1270,427,210,190,DHelmet
_o9slq924z,62,1270,427,210,190,DHelmet
_o9slq924z,63,1270,427,210,190,DHelmet
_o9slq924z,64,1270,427,210,190,DHelmet
_o9slq924z,65,1270,427,210,190,DHelmet
_o9slq924z,66,1270,427,210,190,DHelmet
_o9slq924z,67,1270,427,210,190,DHelmet
_o9slq924z,68,1270,426,210,191,DHelmet
_o9slq924z,69,1270,426,210,191,DHelmet
_o9slq924z,70,1270,426,210,191,DHelmet
_o9slq924z,71,1270,426,210,191,DHelmet
_o9slq924z,72,1270,426,210,191,DHelmet
_o9slq924z,73,1270,426,210,190,DHelmet
_o9slq924z,74,1270,426,210,190,DHelmet
_o9slq924z,75,1270,426,210,190,DHelmet
_o9slq924z,76,1270,425,210,191,DHelmet
_o9slq924z,77,1270,424,209,193,DHelmet
_o9slq924z,78,1270,423,209,194,DHelmet
_o9slq924z,79,1269,422,209,195,DHelmet
_o9slq924z,80,1269,421,209,196,DHelmet
_o9slq924z,81,1269,420,208,197,DHelmet
_o9slq924z,82,1272,413,207,198,DHelmet
_o9slq924z,83,1272,412,208,200,DHelmet
_o9slq924z,84,1273,412,207,201,DHelmet
_o9slq924z,85,1273,412,207,201,DHelmet
_o9slq924z,86,1274,412,206,202,DHelmet
_o9slq924z,87,1275,411,205,204,DHelmet
_o9slq924z,88,1275,411,205,204,DHelmet
_o9slq924z,89,1275,411,205,204,DHelmet
_o9slq924z,90,1276,411,204,204,DHelmet
_o9slq924z,91,1276,411,204,204,DHelmet
_o9slq924z,92,1276,411,205,204,DHelmet
_o9slq924z,93,1277,411,204,204,DHelmet
_o9slq924z,94,1277,411,204,204,DHelmet
_o9slq924z,95,1277,411,204,204,DHelmet
_o9slq924z,96,1277,411,204,204,DHelmet
_o9slq924z,97,1277,411,205,204,DHelmet
_o9slq924z,98,1278,411,204,204,DHelmet
_o9slq924z,99,1278,411,204,204,DHelmet
_o9slq924z,100,1278,411,204,204,DHelmet
_kiin3yh8n,5,1498,399,179,196,DNoHelmet
_kiin3yh8n,6,1513,398,180,196,DNoHelmet
_kiin3yh8n,7,1533,404,169,194,DNoHelmet
_kiin3yh8n,8,1549,404,168,194,DNoHelmet
_kiin3yh8n,9,1565,403,169,194,DNoHelmet
