track_id,frame_id,x,y,w,h,label
_5ng9x7ug7,6,18,483,59,122,DHelmetP1Helmet
_5ng9x7ug7,7,22,483,60,125,DHelmetP1Helmet
_5ng9x7ug7,8,27,483,61,129,DHelmetP1Helmet
_5ng9x7ug7,9,31,484,62,132,DHelmetP1Helmet
_5ng9x7ug7,10,37,484,65,135,DHelmetP1Helmet
_5ng9x7ug7,11,44,485,67,138,DHelmetP1Helmet
_5ng9x7ug7,12,51,486,69,140,DHelmetP1Helmet
_5ng9x7ug7,13,58,486,71,144,DHelmetP1Helmet
_5ng9x7ug7,14,64,487,74,146,DHelmetP1Helmet
_5ng9x7ug7,15,73,488,75,151,DHelmetP1Helmet
_5ng9x7ug7,16,81,489,77,155,DHelmetP1Helmet
_5ng9x7ug7,17,90,490,78,159,DHelmetP1Helmet
_5ng9x7ug7,18,98,491,80,164,DHelmetP1Helmet
_5ng9x7ug7,19,108,492,81,168,DHelmetP1Helmet
_5ng9x7ug7,20,117,493,84,173,DHelmetP1Helmet
_5ng9x7ug7,21,127,494,86,178,DHelmetP1Helmet
_5ng9x7ug7,22,136,495,88,183,DHelmetP1Helmet
_5ng9x7ug7,23,146,496,90,188,DHelmetP1Helmet
_5ng9x7ug7,24,155,496,93,194,DHelmetP1Helmet
_5ng9x7ug7,25,166,498,96,200,DHelmetP1Helmet
_5ng9x7ug7,26,176,500,100,206,DHelmetP1Helmet
_5ng9x7ug7,27,187,501,104,213,DHelmetP1Helmet
_5ng9x7ug7,28,197,503,108,219,DHelmetP1Helmet
_5ng9x7ug7,29,208,505,111,225,DHelmetP1Helmet
_5ng9x7ug7,30,221,507,111,233,DHelmetP1Helmet
_5ng9x7ug7,31,234,509,117,241,DHelmetP1Helmet
_5ng9x7ug7,32,247,511,122,250,DHelmetP1Helmet
_5ng9x7ug7,33,265,514,125,258,DHelmetP1Helmet
_5ng9x7ug7,34,282,517,129,266,DHelmetP1Helmet
_5ng9x7ug7,35,302,520,136,276,DHelmetP1Helmet
_5ng9x7ug7,36,322,522,142,286,DHelmetP1Helmet
_5ng9x7ug7,37,346,526,151,298,DHelmetP1Helmet
_5ng9x7ug7,38,369,529,160,312,DHelmetP1Helmet
_5ng9x7ug7,39,393,533,168,325,DHelmetP1Helmet
_5ng9x7ug7,40,422,536,174,340,DHelmetP1Helmet
_5ng9x7ug7,41,452,540,179,355,DHelmetP1Helmet
_5ng9x7ug7,42,484,544,189,375,DHelmetP1Helmet
_5ng9x7ug7,43,517,548,199,395,DHelmetP1Helmet
_5ng9x7ug7,44,555,554,209,416,DHelmetP1Helmet
_5ng9x7ug7,45,593,560,220,436,DHelmetP1Helmet
_5ng9x7ug7,46,635,565,240,465,DHelmetP1Helmet
_5ng9x7ug7,47,678,570,259,494,DHelmetP1Helmet
_5ng9x7ug7,48,725,575,288,505,DHelmetP1Helmet
_5ng9x7ug7,49,780,583,315,497,DHelmetP1Helmet
_5ng9x7ug7,50,839,593,344,487,DHelmetP1Helmet
_5ng9x7ug7,51,904,599,363,481,DHelmetP1Helmet
_5ng9x7ug7,52,972,609,377,471,DHelmetP1Helmet
_5ng9x7ug7,53,1050,622,411,458,DHelmetP1Helmet
_5ng9x7ug7,54,1140,638,445,442,DHelmetP1Helmet
_5ng9x7ug7,55,1236,654,497,426,DHelmetP1Helmet
_yghfkro7g,10,1319,537,212,280,DHelmetP1Helmet
_yghfkro7g,11,1238,535,210,266,DHelmetP1Helmet
_yghfkro7g,12,1164,531,199,255,DHelmetP1Helmet
_yghfkro7g,13,1091,527,186,243,DHelmetP1Helmet
_yghfkro7g,14,1026,523,176,235,DHelmetP1Helmet
_yghfkro7g,15,961,520,165,226,DHelmetP1Helmet
_yghfkro7g,16,904,516,156,218,DHelmetP1Helmet
_yghfkro7g,17,846,512,148,210,DHelmetP1Helmet
_yghfkro7g,18,796,509,141,205,DHelmetP1Helmet
_yghfkro7g,19,745,506,134,201,DHelmetP1Helmet
_yghfkro7g,20,699,505,129,194,DHelmetP1Helmet
_yghfkro7g,21,654,505,122,186,DHelmetP1Helmet
_yghfkro7g,22,613,503,118,181,DHelmetP1Helmet
_yghfkro7g,23,573,500,112,176,DHelmetP1Helmet
_yghfkro7g,24,541,499,105,171,DHelmetP1Helmet
_yghfkro7g,25,509,497,99,167,DHelmetP1Helmet
_yghfkro7g,26,481,497,95,162,DHelmetP1Helmet
_yghfkro7g,27,452,496,91,158,DHelmetP1Helmet
_yghfkro7g,28,427,495,87,154,DHelmetP1Helmet
_yghfkro7g,29,407,494,84,150,DHelmetP1Helmet
_yghfkro7g,30,387,493,80,146,DHelmetP1Helmet
_yghfkro7g,31,372,492,76,142,DHelmetP1Helmet
_yghfkro7g,32,364,491,71,140,DHelmetP1Helmet
_yghfkro7g,33,355,491,66,136,DHelmetP1Helmet
_yghfkro7g,34,346,490,66,134,DHelmetP1Helmet
_yghfkro7g,35,338,489,65,131,DHelmetP1Helmet
_yghfkro7g,36,329,488,65,128,DHelmetP1Helmet
_yghfkro7g,37,320,488,65,125,DHelmetP1Helmet
_yghfkro7g,38,320,487,64,123,DHelmetP1Helmet
_yghfkro7g,39,320,486,63,122,DHelmetP1Helmet
_yghfkro7g,40,320,486,62,119,DHelmetP1Helmet
_yghfkro7g,41,320,485,61,118,DHelmetP1Helmet
_yghfkro7g,42,320,485,60,115,DHelmetP1Helmet
_yghfkro7g,43,320,484,59,114,DHelmetP1Helmet
_yghfkro7g,44,321,484,60,113,DHelmetP1Helmet
_yghfkro7g,45,323,483,60,114,DHelmetP1Helmet
_yghfkro7g,46,325,483,59,114,DHelmetP1Helmet
_45q8ji68y,14,1565,549,291,321,DHelmet
_45q8ji68y,15,1452,548,278,308,DHelmet
_45q8ji68y,16,1350,542,255,297,DHelmet
_45q8ji68y,17,1254,535,236,284,DHelmet
_45q8ji68y,18,1168,531,217,271,DHelmet
_45q8ji68y,19,1086,528,198,258,DHelmet
_45q8ji68y,20,1009,522,184,248,DHelmet
_45q8ji68y,21,940,521,170,237,DHelmet
_45q8ji68y,22,874,517,158,229,DHelmet
_45q8ji68y,23,815,514,146,219,DHelmet
_45q8ji68y,24,761,512,137,210,DHelmet
_45q8ji68y,25,708,509,127,201,DHelmet
_45q8ji68y,26,662,506,121,196,DHelmet
_45q8ji68y,27,615,503,117,190,DHelmet
_45q8ji68y,28,577,503,111,181,DHelmet
_45q8ji68y,29,542,501,101,176,DHelmet
_45q8ji68y,30,508,499,89,171,DHelmet
_45q8ji68y,31,479,498,87,166,DHelmet
_45q8ji68y,32,451,496,84,162,DHelmet
_45q8ji68y,33,422,495,81,157,DHelmet
_45q8ji68y,34,398,494,79,153,DHelmet
_45q8ji68y,35,374,493,77,150,DHelmet
_45q8ji68y,36,359,491,74,147,DHelmet
_45q8ji68y,37,343,490,71,144,DHelmet
_45q8ji68y,38,325,488,67,141,DHelmet
_45q8ji68y,39,308,487,61,137,DHelmet
_45q8ji68y,40,294,487,60,134,DHelmet
_45q8ji68y,41,280,487,59,130,DHelmet
_45q8ji68y,42,266,486,58,128,DHelmet
_45q8ji68y,43,252,486,57,124,DHelmet
_45q8ji68y,44,238,486,55,121,DHelmet
_l1foi0xv8,13,1429,540,212,254,DHelmet
_l1foi0xv8,14,1369,538,197,247,DHelmet
_l1foi0xv8,15,1314,535,181,237,DHelmet
_l1foi0xv8,16,1259,532,165,228,DHelmet
_l1foi0xv8,17,1210,530,164,222,DHelmet
_l1foi0xv8,18,1161,529,163,215,DHelmet
_l1foi0xv8,19,1113,525,160,212,DHelmet
_l1foi0xv8,20,1065,522,156,208,DHelmet
_l1foi0xv8,21,1029,521,145,200,DHelmet
_l1foi0xv8,22,993,520,134,193,DHelmet
_l1foi0xv8,23,954,518,131,189,DHelmet
_l1foi0xv8,24,915,515,128,185,DHelmet
_l1foi0xv8,25,880,513,124,181,DHelmet
_l1foi0xv8,26,845,511,121,177,DHelmet
_l1foi0xv8,27,813,509,117,173,DHelmet
_l1foi0xv8,28,782,508,112,168,DHelmet
_l1foi0xv8,29,753,507,109,165,DHelmet
_l1foi0xv8,30,725,506,104,162,DHelmet
_l1foi0xv8,31,696,505,100,159,DHelmet
_l1foi0xv8,32,671,503,96,156,DHelmet
_l1foi0xv8,33,647,502,91,151,DHelmet
_l1foi0xv8,34,624,501,89,149,DHelmet
_l1foi0xv8,35,602,499,85,147,DHelmet
_l1foi0xv8,36,580,498,81,144,DHelmet
_l1foi0xv8,37,557,497,79,142,DHelmet
_l1foi0xv8,38,539,496,76,139,DHelmet
_l1foi0xv8,39,520,495,75,136,DHelmet
_l1foi0xv8,40,502,494,72,133,DHelmet
_l1foi0xv8,41,483,493,71,130,DHelmet
_l1foi0xv8,42,465,493,68,127,DHelmet
_l1foi0xv8,43,448,492,67,124,DHelmet
_l1foi0xv8,44,432,491,65,122,DHelmet
_l1foi0xv8,45,416,491,63,119,DHelmet
_l1foi0xv8,46,403,490,63,118,DHelmet
_l1foi0xv8,47,391,490,62,116,DHelmet
_l1foi0xv8,48,379,489,61,115,DHelmet
_l1foi0xv8,49,367,489,60,113,DHelmet
_l1foi0xv8,50,355,488,60,112,DHelmet
_l1foi0xv8,51,344,488,59,110,DHelmet
_l1foi0xv8,52,332,487,59,109,DHelmet
_twiwsv5q0,24,1658,554,262,301,DNoHelmet
_twiwsv5q0,25,1547,547,276,291,DNoHelmet
_twiwsv5q0,26,1447,544,255,277,DNoHelmet
_twiwsv5q0,27,1354,540,235,263,DNoHelmet
_twiwsv5q0,28,1267,537,219,250,DNoHelmet
_twiwsv5q0,29,1188,534,204,237,DNoHelmet
_twiwsv5q0,30,1112,529,192,231,DNoHelmet
_twiwsv5q0,31,1042,524,181,224,DNoHelmet
_twiwsv5q0,32,976,521,170,216,DNoHelmet
_twiwsv5q0,33,916,518,159,207,DNoHelmet
_twiwsv5q0,34,860,515,152,202,DNoHelmet
_twiwsv5q0,35,804,512,144,196,DNoHelmet
_twiwsv5q0,36,754,509,137,190,DNoHelmet
_twiwsv5q0,37,705,507,130,184,DNoHelmet
_twiwsv5q0,38,661,506,125,178,DNoHelmet
_twiwsv5q0,39,618,505,119,172,DNoHelmet
_twiwsv5q0,40,580,503,112,168,DNoHelmet
_twiwsv5q0,41,547,502,106,163,DNoHelmet
_twiwsv5q0,42,516,500,100,159,DNoHelmet
_twiwsv5q0,43,484,499,94,153,DNoHelmet
_twiwsv5q0,44,459,497,87,149,DNoHelmet
_twiwsv5q0,45,433,496,85,145,DNoHelmet
_twiwsv5q0,46,408,495,81,141,DNoHelmet
_twiwsv5q0,47,387,494,77,138,DNoHelmet
_twiwsv5q0,48,367,493,72,136,DNoHelmet
_twiwsv5q0,49,346,490,70,134,DNoHelmet
_twiwsv5q0,50,324,487,69,133,DNoHelmet
_twiwsv5q0,51,308,487,66,129,DNoHelmet
_twiwsv5q0,52,291,487,65,125,DNoHelmet
_twiwsv5q0,53,274,487,63,121,DNoHelmet
_twiwsv5q0,54,257,487,61,118,DNoHelmet
_twiwsv5q0,55,243,486,59,116,DNoHelmet
_twiwsv5q0,56,228,486,59,113,DNoHelmet
_twiwsv5q0,57,214,485,57,111,DNoHelmet
_mvw22japg,37,1650,557,270,298,DHelmetP1NoHelmetP2Helmet
_mvw22japg,38,1563,552,269,288,DHelmetP1NoHelmetP2Helmet
_mvw22japg,39,1483,548,248,277,DHelmetP1NoHelmetP2Helmet
_mvw22japg,40,1404,544,234,266,DHelmetP1NoHelmetP2Helmet
_mvw22japg,41,1333,541,218,255,DHelmetP1NoHelmetP2Helmet
_mvw22japg,42,1264,536,205,246,DHelmetP1NoHelmetP2Helmet
_mvw22japg,43,1201,533,192,237,DHelmetP1NoHelmetP2Helmet
_mvw22japg,44,1140,529,181,229,DHelmetP1NoHelmetP2Helmet
_mvw22japg,45,1085,528,170,220,DHelmetP1NoHelmetP2Helmet
_mvw22japg,46,1032,524,162,213,DHelmetP1NoHelmetP2Helmet
_mvw22japg,47,980,520,153,206,DHelmetP1NoHelmetP2Helmet
_mvw22japg,48,931,518,145,202,DHelmetP1NoHelmetP2Helmet
_mvw22japg,49,883,516,140,196,DHelmetP1NoHelmetP2Helmet
_mvw22japg,50,840,514,133,190,DHelmetP1NoHelmetP2Helmet
_mvw22japg,51,797,512,127,184,DHelmetP1NoHelmetP2Helmet
_mvw22japg,52,758,510,122,179,DHelmetP1NoHelmetP2Helmet
_mvw22japg,53,718,508,118,174,DHelmetP1NoHelmetP2Helmet
_mvw22japg,54,683,507,113,170,DHelmetP1NoHelmetP2Helmet
_mvw22japg,55,647,507,109,166,DHelmetP1NoHelmetP2Helmet
_mvw22japg,56,616,505,104,162,DHelmetP1NoHelmetP2Helmet
_mvw22japg,57,585,503,100,158,DHelmetP1NoHelmetP2Helmet
_mvw22japg,58,557,502,99,154,DHelmetP1NoHelmetP2Helmet
_mvw22japg,59,528,501,99,150,DHelmetP1NoHelmetP2Helmet
_mvw22japg,60,505,500,94,146,DHelmetP1NoHelmetP2Helmet
_mvw22japg,61,481,498,91,144,DHelmetP1NoHelmetP2Helmet
_mvw22japg,62,458,497,91,141,DHelmetP1NoHelmetP2Helmet
_mvw22japg,63,434,496,93,138,DHelmetP1NoHelmetP2Helmet
_mvw22japg,64,419,495,88,135,DHelmetP1NoHelmetP2Helmet
_mvw22japg,65,403,494,84,133,DHelmetP1NoHelmetP2Helmet
_mvw22japg,66,387,493,80,130,DHelmetP1NoHelmetP2Helmet
_mvw22japg,67,375,492,75,128,DHelmetP1NoHelmetP2Helmet
_mvw22japg,68,362,490,71,126,DHelmetP1NoHelmetP2Helmet
_mvw22japg,69,350,490,70,123,DHelmetP1NoHelmetP2Helmet
_mvw22japg,70,338,489,69,121,DHelmetP1NoHelmetP2Helmet
_mvw22japg,71,326,488,67,119,DHelmetP1NoHelmetP2Helmet
_mvw22japg,72,314,487,66,117,DHelmetP1NoHelmetP2Helmet
_mvw22japg,73,304,487,64,115,DHelmetP1NoHelmetP2Helmet
_mvw22japg,74,294,486,63,113,DHelmetP1NoHelmetP2Helmet
_mvw22japg,75,284,486,62,111,DHelmetP1NoHelmetP2Helmet
_mvw22japg,76,274,486,60,108,DHelmetP1NoHelmetP2Helmet
_quufph3kl,65,1734,548,186,287,DNoHelmet
_quufph3kl,66,1662,547,258,287,DNoHelmet
_quufph3kl,67,1597,543,260,282,DNoHelmet
_quufph3kl,68,1536,544,247,270,DNoHelmet
_quufph3kl,69,1475,542,236,261,DNoHelmet
_quufph3kl,70,1418,540,225,253,DNoHelmet
_quufph3kl,71,1366,537,214,246,DNoHelmet
_quufph3kl,72,1314,534,204,238,DNoHelmet
_quufph3kl,73,1266,532,196,233,DNoHelmet
_quufph3kl,74,1218,529,188,229,DNoHelmet
_quufph3kl,75,1175,527,181,223,DNoHelmet
_quufph3kl,76,1133,525,172,218,DNoHelmet
_quufph3kl,77,1095,523,165,213,DNoHelmet
_quufph3kl,78,1058,521,157,207,DNoHelmet
_quufph3kl,79,1025,520,149,202,DNoHelmet
_quufph3kl,80,992,519,141,197,DNoHelmet
_quufph3kl,81,960,518,138,193,DNoHelmet
_quufph3kl,82,928,516,135,189,DNoHelmet
_quufph3kl,83,901,515,131,185,DNoHelmet
_quufph3kl,84,874,514,126,181,DNoHelmet
_quufph3kl,85,846,512,123,178,DNoHelmet
_quufph3kl,86,818,510,121,175,DNoHelmet
_quufph3kl,87,792,509,120,174,DNoHelmet
_quufph3kl,88,766,507,119,173,DNoHelmet
_quufph3kl,89,742,506,116,170,DNoHelmet
_quufph3kl,90,719,506,113,166,DNoHelmet
_quufph3kl,91,697,505,110,163,DNoHelmet
_quufph3kl,92,676,505,106,158,DNoHelmet
_quufph3kl,93,659,504,100,156,DNoHelmet
_quufph3kl,94,642,503,95,154,DNoHelmet
_quufph3kl,95,623,502,94,154,DNoHelmet
_quufph3kl,96,605,501,93,153,DNoHelmet
_quufph3kl,97,587,499,89,150,DNoHelmet
_quufph3kl,98,570,498,84,146,DNoHelmet
_quufph3kl,99,556,498,80,142,DNoHelmet
_quufph3kl,100,541,498,77,138,DNoHelmet
_3bzn964m7,84,15,492,64,140,DHelmet
_3bzn964m7,85,19,493,67,142,DHelmet
_3bzn964m7,86,26,494,68,145,DHelmet
_3bzn964m7,87,33,494,70,149,DHelmet
_3bzn964m7,88,40,495,72,152,DHelmet
_3bzn964m7,89,47,496,73,155,DHelmet
_3bzn964m7,90,54,496,75,158,DHelmet
_3bzn964m7,91,61,497,76,161,DHelmet
_3bzn964m7,92,68,498,78,164,DHelmet
_3bzn964m7,93,74,498,80,168,DHelmet
_3bzn964m7,94,83,499,82,173,DHelmet
_3bzn964m7,95,91,500,85,178,DHelmet
_3bzn964m7,96,99,501,88,183,DHelmet
_3bzn964m7,97,108,502,90,188,DHelmet
_3bzn964m7,98,119,503,92,193,DHelmet
_3bzn964m7,99,129,504,96,198,DHelmet
_3bzn964m7,100,140,505,98,203,DHelmet
_i9qmfaerc,95,1746,561,174,330,DHelmet
_i9qmfaerc,96,1652,556,268,330,DHelmet
_i9qmfaerc,97,1567,557,275,311,DHelmet
_i9qmfaerc,98,1488,550,251,298,DHelmet
_i9qmfaerc,99,1413,546,233,289,DHelmet
_i9qmfaerc,100,1342,542,218,275,DHelmet
_hypb785uy,97,1709,549,211,279,DHelmetP1Helmet
_hypb785uy,98,1626,547,242,272,DHelmetP1Helmet
_hypb785uy,99,1580,547,218,261,DHelmetP1Helmet
_hypb785uy,100,1516,548,212,251,DHelmetP1Helmet
