track_id,frame_id,x,y,w,h,label
_vv0yl88r6,1,218,352,76,109,DHelmet
_vv0yl88r6,2,213,351,74,108,DHelmet
_vv0yl88r6,3,208,350,72,108,DHelmet
_vv0yl88r6,4,203,350,69,106,DHelmet
_vv0yl88r6,5,198,349,67,106,DHelmet
_vv0yl88r6,6,193,348,65,105,DHelmet
_vv0yl88r6,7,188,347,63,104,DHelmet
_vv0yl88r6,8,182,347,62,103,DHelmet
_vv0yl88r6,9,177,346,60,102,DHelmet
_vv0yl88r6,10,172,345,58,102,DHelmet
_vv0yl88r6,11,167,345,56,100,DHelmet
_uxdr9hdb5,1,282,360,59,122,DHelmet
_uxdr9hdb5,2,275,359,58,121,DHelmet
_uxdr9hdb5,3,268,359,57,119,DHelmet
_uxdr9hdb5,4,261,358,57,118,DHelmet
_uxdr9hdb5,5,254,358,56,116,DHelmet
_uxdr9hdb5,6,247,357,55,115,DHelmet
_uxdr9hdb5,7,240,356,54,114,DHelmet
_uxdr9hdb5,8,233,356,53,113,DHelmet
_uxdr9hdb5,9,227,355,53,112,DHelmet
_uxdr9hdb5,10,221,355,52,110,DHelmet
_uxdr9hdb5,11,216,354,51,109,DHelmet
_uxdr9hdb5,12,210,353,50,108,DHelmet
_gbr13ghv9,1,1155,483,248,406,DHelmet
_gbr13ghv9,2,1164,483,259,408,DHelmet
_gbr13ghv9,3,1173,483,270,410,DHelmet
_gbr13ghv9,4,1187,485,273,411,DHelmet
_gbr13ghv9,5,1200,488,277,411,DHelmet
_gbr13ghv9,6,1216,490,279,419,DHelmet
_gbr13ghv9,7,1232,492,282,427,DHelmet
_gbr13ghv9,8,1248,494,284,435,DHelmet
_gbr13ghv9,9,1264,496,287,443,DHelmet
_gbr13ghv9,10,1285,498,290,451,DHelmet
_gbr13ghv9,11,1307,500,292,460,DHelmet
_gbr13ghv9,12,1334,502,294,468,DHelmet
_gbr13ghv9,13,1360,504,297,476,DHelmet
_gbr13ghv9,14,1389,506,307,484,DHelmet
_gbr13ghv9,15,1422,512,319,494,DHelmet
_gbr13ghv9,16,1455,517,331,506,DHelmet
_gbr13ghv9,17,1488,523,353,516,DHelmet
_gbr13ghv9,18,1521,528,375,528,DHelmet
_gbr13ghv9,19,1552,534,368,537,DHelmet
_gbr13ghv9,20,1587,539,333,536,DHelmet
_gbr13ghv9,21,1622,543,298,536,DHelmet
_z8tw6rj4f,5,1095,447,158,208,DHelmetP1Helmet
_z8tw6rj4f,6,1061,441,148,206,DHelmetP1Helmet
_z8tw6rj4f,7,1027,436,137,203,DHelmetP1Helmet
_z8tw6rj4f,8,993,434,134,197,DHelmetP1Helmet
_z8tw6rj4f,9,960,431,130,193,DHelmetP1Helmet
_z8tw6rj4f,10,926,428,127,189,DHelmetP1Helmet
_z8tw6rj4f,11,892,426,124,184,DHelmetP1Helmet
_z8tw6rj4f,12,863,424,121,179,DHelmetP1Helmet
_z8tw6rj4f,13,833,421,118,176,DHelmetP1Helmet
_z8tw6rj4f,14,804,419,114,171,DHelmetP1Helmet
_z8tw6rj4f,15,779,418,111,166,DHelmetP1Helmet
_z8tw6rj4f,16,753,417,108,162,DHelmetP1Helmet
_z8tw6rj4f,17,728,416,104,157,DHelmetP1Helmet
_z8tw6rj4f,18,703,415,101,152,DHelmetP1Helmet
_z8tw6rj4f,19,683,410,97,153,DHelmetP1Helmet
_z8tw6rj4f,20,663,406,93,152,DHelmetP1Helmet
_z8tw6rj4f,21,643,401,90,153,DHelmetP1Helmet
_z8tw6rj4f,22,626,399,87,150,DHelmetP1Helmet
_z8tw6rj4f,23,608,397,86,148,DHelmetP1Helmet
_z8tw6rj4f,24,591,395,83,146,DHelmetP1Helmet
_z8tw6rj4f,25,574,393,81,143,DHelmetP1Helmet
_z8tw6rj4f,26,557,391,78,141,DHelmetP1Helmet
_z8tw6rj4f,27,539,389,77,138,DHelmetP1Helmet
_z8tw6rj4f,28,522,387,75,136,DHelmetP1Helmet
_z8tw6rj4f,29,513,386,72,134,DHelmetP1Helmet
_z8tw6rj4f,30,503,386,70,131,DHelmetP1Helmet
_z8tw6rj4f,31,494,385,67,129,DHelmetP1Helmet
_z8tw6rj4f,32,484,385,66,126,DHelmetP1Helmet
_z8tw6rj4f,33,474,383,65,125,DHelmetP1Helmet
_z8tw6rj4f,34,464,382,64,123,DHelmetP1Helmet
_z8tw6rj4f,35,454,380,63,123,DHelmetP1Helmet
_z8tw6rj4f,36,444,379,62,121,DHelmetP1Helmet
_z8tw6rj4f,37,437,377,61,120,DHelmetP1Helmet
_z8tw6rj4f,38,429,376,60,118,DHelmetP1Helmet
_z8tw6rj4f,39,422,374,59,117,DHelmetP1Helmet
_z8tw6rj4f,40,414,374,59,115,DHelmetP1Helmet
_z8tw6rj4f,41,407,373,59,114,DHelmetP1Helmet
_z8tw6rj4f,42,400,372,59,113,DHelmetP1Helmet
_z8tw6rj4f,43,392,372,59,111,DHelmetP1Helmet
_y815xmqtf,1,1034,460,225,296,DNoHelmet
_y815xmqtf,2,977,454,225,296,DNoHelmet
_y815xmqtf,3,924,450,218,287,DNoHelmet
_y815xmqtf,4,871,446,212,278,DNoHelmet
_y815xmqtf,5,823,440,202,270,DNoHelmet
_y815xmqtf,6,775,435,192,261,DNoHelmet
_y815xmqtf,7,731,429,184,254,DNoHelmet
_y815xmqtf,8,686,423,178,247,DNoHelmet
_y815xmqtf,9,642,417,170,240,DNoHelmet
_y815xmqtf,10,605,414,159,233,DNoHelmet
_y815xmqtf,11,569,411,147,226,DNoHelmet
_y815xmqtf,12,533,408,135,218,DNoHelmet
_y815xmqtf,13,502,405,129,212,DNoHelmet
_y815xmqtf,14,470,402,124,205,DNoHelmet
_y815xmqtf,15,439,399,118,199,DNoHelmet
_y815xmqtf,16,413,395,112,193,DNoHelmet
_y815xmqtf,17,387,392,106,187,DNoHelmet
_y815xmqtf,18,362,389,103,183,DNoHelmet
_y815xmqtf,19,336,386,100,178,DNoHelmet
_y815xmqtf,20,311,383,97,174,DNoHelmet
_y815xmqtf,21,292,380,93,170,DNoHelmet
_y815xmqtf,22,272,378,90,166,DNoHelmet
_y815xmqtf,23,253,376,87,162,DNoHelmet
_y815xmqtf,24,234,374,84,157,DNoHelmet
_y815xmqtf,25,219,372,81,153,DNoHelmet
_y815xmqtf,26,204,370,77,149,DNoHelmet
_y815xmqtf,27,188,368,75,145,DNoHelmet
_y815xmqtf,28,177,366,73,142,DNoHelmet
_y815xmqtf,29,165,365,72,139,DNoHelmet
_y815xmqtf,30,154,363,70,137,DNoHelmet
_y815xmqtf,31,142,361,69,134,DNoHelmet
_y815xmqtf,32,131,359,67,132,DNoHelmet
_y815xmqtf,33,125,358,66,130,DNoHelmet
_y815xmqtf,34,119,357,65,127,DNoHelmet
_y815xmqtf,35,114,356,63,125,DNoHelmet
_y815xmqtf,36,108,355,62,123,DNoHelmet
_y815xmqtf,37,102,354,61,121,DNoHelmet
_y815xmqtf,38,99,353,59,118,DNoHelmet
_y815xmqtf,39,96,352,57,116,DNoHelmet
_y815xmqtf,40,93,351,56,114,DNoHelmet
_y815xmqtf,41,90,350,54,112,DNoHelmet
_y815xmqtf,42,86,349,54,109,DNoHelmet
_y815xmqtf,43,83,348,52,107,DNoHelmet
_y815xmqtf,44,80,347,51,105,DNoHelmet
_284z7mtxo,1,1682,460,238,346,DHelmetP1Helmet
_284z7mtxo,2,1616,450,304,346,DHelmetP1Helmet
_284z7mtxo,3,1556,446,330,345,DHelmetP1Helmet
_284z7mtxo,4,1499,442,319,336,DHelmetP1Helmet
_284z7mtxo,5,1442,439,308,326,DHelmetP1Helmet
_284z7mtxo,6,1400,434,265,306,DHelmetP1Helmet
_284z7mtxo,7,1357,428,223,287,DHelmetP1Helmet
_284z7mtxo,8,1301,424,223,282,DHelmetP1Helmet
_284z7mtxo,9,1245,421,223,275,DHelmetP1Helmet
_284z7mtxo,10,1202,418,211,275,DHelmetP1Helmet
_284z7mtxo,11,1160,415,198,275,DHelmetP1Helmet
_284z7mtxo,12,1118,413,186,273,DHelmetP1Helmet
_284z7mtxo,13,1083,409,181,269,DHelmetP1Helmet
_284z7mtxo,14,1049,406,175,263,DHelmetP1Helmet
_284z7mtxo,15,1015,403,170,258,DHelmetP1Helmet
_284z7mtxo,16,980,400,165,252,DHelmetP1Helmet
_284z7mtxo,17,946,397,160,247,DHelmetP1Helmet
_284z7mtxo,18,917,395,155,242,DHelmetP1Helmet
_284z7mtxo,19,888,393,150,236,DHelmetP1Helmet
_284z7mtxo,20,859,391,144,231,DHelmetP1Helmet
_284z7mtxo,21,830,389,139,226,DHelmetP1Helmet
_284z7mtxo,22,801,387,134,221,DHelmetP1Helmet
_284z7mtxo,23,774,385,134,216,DHelmetP1Helmet
_284z7mtxo,24,747,382,133,213,DHelmetP1Helmet
_284z7mtxo,25,720,380,133,208,DHelmetP1Helmet
_284z7mtxo,26,693,378,132,204,DHelmetP1Helmet
_284z7mtxo,27,671,376,126,200,DHelmetP1Helmet
_284z7mtxo,28,649,375,120,196,DHelmetP1Helmet
_284z7mtxo,29,627,374,114,192,DHelmetP1Helmet
_284z7mtxo,30,606,372,107,188,DHelmetP1Helmet
_284z7mtxo,31,589,371,103,184,DHelmetP1Helmet
_284z7mtxo,32,573,370,98,181,DHelmetP1Helmet
_284z7mtxo,33,556,368,94,178,DHelmetP1Helmet
_284z7mtxo,34,543,367,90,174,DHelmetP1Helmet
_284z7mtxo,35,530,365,85,171,DHelmetP1Helmet
_284z7mtxo,36,517,364,81,168,DHelmetP1Helmet
_284z7mtxo,37,507,363,77,165,DHelmetP1Helmet
_284z7mtxo,38,496,362,75,163,DHelmetP1Helmet
_284z7mtxo,39,485,362,72,159,DHelmetP1Helmet
_284z7mtxo,40,475,361,68,156,DHelmetP1Helmet
_284z7mtxo,41,464,360,65,154,DHelmetP1Helmet
_284z7mtxo,42,455,359,63,151,DHelmetP1Helmet
_284z7mtxo,43,447,359,60,148,DHelmetP1Helmet
_284z7mtxo,44,438,358,57,145,DHelmetP1Helmet
_284z7mtxo,45,430,357,56,144,DHelmetP1Helmet
_284z7mtxo,46,421,357,57,142,DHelmetP1Helmet
_284z7mtxo,47,413,356,56,140,DHelmetP1Helmet
_284z7mtxo,48,405,355,56,139,DHelmetP1Helmet
_284z7mtxo,49,396,355,56,136,DHelmetP1Helmet
_284z7mtxo,50,388,354,55,135,DHelmetP1Helmet
_284z7mtxo,51,379,353,56,133,DHelmetP1Helmet
_284z7mtxo,52,371,353,55,131,DHelmetP1Helmet
_284z7mtxo,53,364,352,54,130,DHelmetP1Helmet
_284z7mtxo,54,356,352,55,127,DHelmetP1Helmet
_284z7mtxo,55,349,351,54,126,DHelmetP1Helmet
_284z7mtxo,56,342,350,54,124,DHelmetP1Helmet
_284z7mtxo,57,334,350,54,122,DHelmetP1Helmet
_284z7mtxo,58,327,349,54,121,DHelmetP1Helmet
_284z7mtxo,59,320,349,53,118,DHelmetP1Helmet
_w41et2iie,20,1498,492,316,374,DHelmetP1NoHelmet
_w41et2iie,21,1424,487,297,367,DHelmetP1NoHelmet
_w41et2iie,22,1361,477,282,356,DHelmetP1NoHelmet
_w41et2iie,23,1299,464,256,346,DHelmetP1NoHelmet
_w41et2iie,24,1243,458,247,334,DHelmetP1NoHelmet
_w41et2iie,25,1187,452,238,322,DHelmetP1NoHelmet
_w41et2iie,26,1139,449,221,309,DHelmetP1NoHelmet
_w41et2iie,27,1092,446,204,297,DHelmetP1NoHelmet
_w41et2iie,28,1047,442,195,285,DHelmetP1NoHelmet
_w41et2iie,29,1003,438,185,273,DHelmetP1NoHelmet
_w41et2iie,30,963,434,177,266,DHelmetP1NoHelmet
_w41et2iie,31,922,430,171,259,DHelmetP1NoHelmet
_w41et2iie,32,887,425,164,253,DHelmetP1NoHelmet
_w41et2iie,33,852,421,157,245,DHelmetP1NoHelmet
_w41et2iie,34,820,418,150,238,DHelmetP1NoHelmet
_w41et2iie,35,788,415,143,230,DHelmetP1NoHelmet
_w41et2iie,36,760,413,136,223,DHelmetP1NoHelmet
_w41et2iie,37,732,411,128,215,DHelmetP1NoHelmet
_w41et2iie,38,706,408,125,210,DHelmetP1NoHelmet
_w41et2iie,39,680,405,121,205,DHelmetP1NoHelmet
_w41et2iie,40,654,401,117,201,DHelmetP1NoHelmet
_w41et2iie,41,632,398,110,196,DHelmetP1NoHelmet
_w41et2iie,42,609,395,104,191,DHelmetP1NoHelmet
_w41et2iie,43,588,393,102,187,DHelmetP1NoHelmet
_w41et2iie,44,567,392,99,182,DHelmetP1NoHelmet
_w41et2iie,45,549,390,96,179,DHelmetP1NoHelmet
_w41et2iie,46,531,389,93,174,DHelmetP1NoHelmet
_w41et2iie,47,512,387,92,170,DHelmetP1NoHelmet
_w41et2iie,48,496,385,89,167,DHelmetP1NoHelmet
_w41et2iie,49,480,384,86,162,DHelmetP1NoHelmet
_w41et2iie,50,464,382,84,158,DHelmetP1NoHelmet
_w41et2iie,51,451,381,83,155,DHelmetP1NoHelmet
_w41et2iie,52,439,379,81,153,DHelmetP1NoHelmet
_w41et2iie,53,426,378,80,150,DHelmetP1NoHelmet
_w41et2iie,54,414,376,78,149,DHelmetP1NoHelmet
_w41et2iie,55,401,374,77,147,DHelmetP1NoHelmet
_w41et2iie,56,388,373,76,144,DHelmetP1NoHelmet
_w41et2iie,57,376,371,74,142,DHelmetP1NoHelmet
_w41et2iie,58,365,370,73,139,DHelmetP1NoHelmet
_w41et2iie,59,354,369,72,137,DHelmetP1NoHelmet
_w41et2iie,60,344,368,70,134,DHelmetP1NoHelmet
_w41et2iie,61,333,367,69,132,DHelmetP1NoHelmet
_w41et2iie,62,325,365,67,130,DHelmetP1NoHelmet
_w41et2iie,63,317,364,66,127,DHelmetP1NoHelmet
_w41et2iie,64,308,363,65,125,DHelmetP1NoHelmet
_w41et2iie,65,303,362,65,125,DHelmetP1NoHelmet
_x386bypow,22,1536,487,235,287,DHelmetP0NoHelmetP1NoHelmet
_x386bypow,23,1485,485,223,283,DHelmetP0NoHelmetP1NoHelmet
_x386bypow,24,1429,476,222,282,DHelmetP0NoHelmetP1NoHelmet
_x386bypow,25,1385,471,210,271,DHelmetP0NoHelmetP1NoHelmet
_x386bypow,26,1338,466,205,266,DHelmetP0NoHelmetP1NoHelmet
_x386bypow,27,1293,462,197,255,DHelmetP0NoHelmetP1NoHelmet
_x386bypow,28,1253,458,191,249,DHelmetP0NoHelmetP1NoHelmet
_x386bypow,29,1212,453,186,245,DHelmetP0NoHelmetP1NoHelmet
_x386bypow,30,1171,449,181,239,DHelmetP0NoHelmetP1NoHelmet
_x386bypow,31,1132,446,175,233,DHelmetP0NoHelmetP1NoHelmet
_x386bypow,32,1093,442,170,229,DHelmetP0NoHelmetP1NoHelmet
_x386bypow,33,1058,439,164,223,DHelmetP0NoHelmetP1NoHelmet
_x386bypow,34,1023,436,159,218,DHelmetP0NoHelmetP1NoHelmet
_x386bypow,35,988,432,155,214,DHelmetP0NoHelmetP1NoHelmet
_x386bypow,36,954,428,150,211,DHelmetP0NoHelmetP1NoHelmet
_x386bypow,37,924,424,147,208,DHelmetP0NoHelmetP1NoHelmet
_x386bypow,38,894,421,143,204,DHelmetP0NoHelmetP1NoHelmet
_x386bypow,39,865,418,138,200,DHelmetP0NoHelmetP1NoHelmet
_x386bypow,40,835,415,134,195,DHelmetP0NoHelmetP1NoHelmet
_x386bypow,41,810,414,129,190,DHelmetP0NoHelmetP1NoHelmet
_x386bypow,42,785,412,124,186,DHelmetP0NoHelmetP1NoHelmet
_x386bypow,43,761,409,121,183,DHelmetP0NoHelmetP1NoHelmet
_x386bypow,44,738,406,117,180,DHelmetP0NoHelmetP1NoHelmet
_x386bypow,45,714,403,113,177,DHelmetP0NoHelmetP1NoHelmet
_x386bypow,46,692,401,110,174,DHelmetP0NoHelmetP1NoHelmet
_x386bypow,47,671,399,106,171,DHelmetP0NoHelmetP1NoHelmet
_x386bypow,48,651,398,103,167,DHelmetP0NoHelmetP1NoHelmet
_x386bypow,49,631,396,99,165,DHelmetP0NoHelmetP1NoHelmet
_x386bypow,50,611,395,96,162,DHelmetP0NoHelmetP1NoHelmet
_x386bypow,51,591,394,92,159,DHelmetP0NoHelmetP1NoHelmet
_x386bypow,52,574,392,91,158,DHelmetP0NoHelmetP1NoHelmet
_x386bypow,53,556,390,91,157,DHelmetP0NoHelmetP1NoHelmet
_x386bypow,54,539,388,89,156,DHelmetP0NoHelmetP1NoHelmet
_x386bypow,55,522,386,88,153,DHelmetP0NoHelmetP1NoHelmet
_x386bypow,56,505,384,86,151,DHelmetP0NoHelmetP1NoHelmet
_x386bypow,57,489,382,84,148,DHelmetP0NoHelmetP1NoHelmet
_x386bypow,58,472,380,82,146,DHelmetP0NoHelmetP1NoHelmet
_x386bypow,59,459,379,79,144,DHelmetP0NoHelmetP1NoHelmet
_x386bypow,60,445,378,78,142,DHelmetP0NoHelmetP1NoHelmet
_x386bypow,61,432,377,76,140,DHelmetP0NoHelmetP1NoHelmet
_x386bypow,62,418,376,74,138,DHelmetP0NoHelmetP1NoHelmet
_x386bypow,63,408,376,72,135,DHelmetP0NoHelmetP1NoHelmet
_x386bypow,64,398,375,71,134,DHelmetP0NoHelmetP1NoHelmet
_x386bypow,65,388,374,69,132,DHelmetP0NoHelmetP1NoHelmet
_x386bypow,66,378,373,67,130,DHelmetP0NoHelmetP1NoHelmet
_x386bypow,67,368,372,65,128,DHelmetP0NoHelmetP1NoHelmet
_x386bypow,68,358,371,63,126,DHelmetP0NoHelmetP1NoHelmet
_x386bypow,69,352,370,62,124,DHelmetP0NoHelmetP1NoHelmet
_x386bypow,70,346,369,60,122,DHelmetP0NoHelmetP1NoHelmet
_x386bypow,71,341,368,60,121,DHelmetP0NoHelmetP1NoHelmet
_x386bypow,72,336,367,61,120,DHelmetP0NoHelmetP1NoHelmet
_x386bypow,73,331,366,61,119,DHelmetP0NoHelmetP1NoHelmet
_x386bypow,74,325,365,62,118,DHelmetP0NoHelmetP1NoHelmet
_x386bypow,75,320,364,63,117,DHelmetP0NoHelmetP1NoHelmet
_x386bypow,76,315,363,63,116,DHelmetP0NoHelmetP1NoHelmet
_x386bypow,77,313,362,60,115,DHelmetP0NoHelmetP1NoHelmet
_x386bypow,78,310,362,57,114,DHelmetP0NoHelmetP1NoHelmet
_x386bypow,79,308,361,54,113,DHelmetP0NoHelmetP1NoHelmet
_zo1cdp5dw,25,1662,497,258,404,DHelmet
_zo1cdp5dw,26,1596,492,324,404,DHelmet
_zo1cdp5dw,27,1534,487,329,389,DHelmet
_zo1cdp5dw,28,1475,481,312,375,DHelmet
_zo1cdp5dw,29,1422,476,294,362,DHelmet
_zo1cdp5dw,30,1369,471,277,349,DHelmet
_zo1cdp5dw,31,1320,466,264,339,DHelmet
_zo1cdp5dw,32,1272,461,250,329,DHelmet
_zo1cdp5dw,33,1231,457,236,316,DHelmet
_zo1cdp5dw,34,1189,452,222,305,DHelmet
_zo1cdp5dw,35,1151,449,211,294,DHelmet
_zo1cdp5dw,36,1112,445,201,285,DHelmet
_zo1cdp5dw,37,1076,442,191,277,DHelmet
_zo1cdp5dw,38,1040,439,182,269,DHelmet
_zo1cdp5dw,39,1009,437,172,261,DHelmet
_zo1cdp5dw,40,978,436,163,252,DHelmet
_zo1cdp5dw,41,949,432,157,247,DHelmet
_zo1cdp5dw,42,920,429,151,241,DHelmet
_zo1cdp5dw,43,891,426,144,235,DHelmet
_zo1cdp5dw,44,862,423,138,229,DHelmet
_zo1cdp5dw,45,834,420,135,224,DHelmet
_zo1cdp5dw,46,806,417,132,219,DHelmet
_zo1cdp5dw,47,778,414,129,213,DHelmet
_zo1cdp5dw,48,751,411,125,208,DHelmet
_zo1cdp5dw,49,724,408,123,205,DHelmet
_zo1cdp5dw,50,697,405,120,201,DHelmet
_zo1cdp5dw,51,671,402,117,198,DHelmet
_zo1cdp5dw,52,646,399,114,194,DHelmet
_zo1cdp5dw,53,621,396,112,191,DHelmet
_zo1cdp5dw,54,597,393,108,187,DHelmet
_zo1cdp5dw,55,572,390,106,184,DHelmet
_zo1cdp5dw,56,548,388,105,180,DHelmet
_zo1cdp5dw,57,523,387,105,175,DHelmet
_zo1cdp5dw,58,499,385,104,171,DHelmet
_zo1cdp5dw,59,475,383,103,168,DHelmet
_zo1cdp5dw,60,450,381,103,164,DHelmet
_zo1cdp5dw,61,426,380,102,159,DHelmet
_zo1cdp5dw,62,405,378,97,156,DHelmet
_zo1cdp5dw,63,386,377,95,153,DHelmet
_zo1cdp5dw,64,368,375,91,150,DHelmet
_zo1cdp5dw,65,351,374,87,147,DHelmet
_zo1cdp5dw,66,335,372,83,144,DHelmet
_zo1cdp5dw,67,319,370,82,142,DHelmet
_zo1cdp5dw,68,303,369,81,139,DHelmet
_zo1cdp5dw,69,287,367,81,137,DHelmet
_zo1cdp5dw,70,272,366,80,135,DHelmet
_zo1cdp5dw,71,257,364,79,134,DHelmet
_zo1cdp5dw,72,245,363,79,132,DHelmet
_zo1cdp5dw,73,234,362,77,129,DHelmet
_zo1cdp5dw,74,225,361,76,128,DHelmet
_zo1cdp5dw,75,216,360,75,126,DHelmet
_zo1cdp5dw,76,207,359,74,124,DHelmet
_zo1cdp5dw,77,198,358,73,123,DHelmet
_zo1cdp5dw,78,189,357,71,121,DHelmet
_zo1cdp5dw,79,181,356,72,119,DHelmet
_zo1cdp5dw,80,174,355,71,118,DHelmet
_zo1cdp5dw,81,167,354,70,116,DHelmet
_zo1cdp5dw,82,159,353,70,114,DHelmet
_zo1cdp5dw,83,152,352,69,113,DHelmet
_zo1cdp5dw,84,145,350,68,112,DHelmet
_zo1cdp5dw,85,137,349,68,110,DHelmet
_zo1cdp5dw,86,130,348,67,109,DHelmet
_zo1cdp5dw,87,123,347,66,107,DHelmet
_ug3t0you6,32,1664,506,256,344,DHelmet
_ug3t0you6,33,1602,499,279,334,DHelmet
_ug3t0you6,34,1547,493,258,323,DHelmet
_ug3t0you6,35,1492,487,237,312,DHelmet
_ug3t0you6,36,1442,481,216,302,DHelmet
_ug3t0you6,37,1395,476,204,291,DHelmet
_ug3t0you6,38,1349,471,191,281,DHelmet
_ug3t0you6,39,1308,466,178,271,DHelmet
_ug3t0you6,40,1267,461,165,260,DHelmet
_ug3t0you6,41,1227,457,159,252,DHelmet
_ug3t0you6,42,1187,452,152,245,DHelmet
_ug3t0you6,43,1150,449,145,237,DHelmet
_ug3t0you6,44,1113,446,139,229,DHelmet
_ug3t0you6,45,1079,443,136,223,DHelmet
_ug3t0you6,46,1046,440,132,217,DHelmet
_ug3t0you6,47,1012,436,129,212,DHelmet
_ug3t0you6,48,979,433,125,206,DHelmet
_ug3t0you6,49,949,430,122,200,DHelmet
_ug3t0you6,50,920,427,118,194,DHelmet
_ug3t0you6,51,891,424,115,188,DHelmet
_ug3t0you6,52,866,421,112,185,DHelmet
_ug3t0you6,53,841,418,109,181,DHelmet
_ug3t0you6,54,816,416,106,177,DHelmet
_ug3t0you6,55,791,413,103,173,DHelmet
_ug3t0you6,56,766,411,100,169,DHelmet
_ug3t0you6,57,744,409,97,166,DHelmet
_ug3t0you6,58,723,406,93,164,DHelmet
_ug3t0you6,59,702,404,90,161,DHelmet
_ug3t0you6,60,681,402,86,158,DHelmet
_ug3t0you6,61,659,400,84,155,DHelmet
_ug3t0you6,62,637,398,84,153,DHelmet
_ug3t0you6,63,614,396,86,151,DHelmet
_ug3t0you6,64,591,394,87,149,DHelmet
_ug3t0you6,65,569,392,88,147,DHelmet
_ug3t0you6,66,549,390,87,145,DHelmet
_ug3t0you6,67,530,388,85,143,DHelmet
_ug3t0you6,68,510,386,84,140,DHelmet
_ug3t0you6,69,491,384,82,138,DHelmet
_ug3t0you6,70,472,382,81,137,DHelmet
_ug3t0you6,71,453,381,81,135,DHelmet
_ug3t0you6,72,438,380,77,133,DHelmet
_ug3t0you6,73,422,379,73,130,DHelmet
_ug3t0you6,74,408,377,71,129,DHelmet
_ug3t0you6,75,394,376,68,127,DHelmet
_ug3t0you6,76,379,375,66,125,DHelmet
_ug3t0you6,77,365,374,63,123,DHelmet
_ug3t0you6,78,354,373,62,121,DHelmet
_ug3t0you6,79,342,372,61,119,DHelmet
_ug3t0you6,80,331,370,60,119,DHelmet
_ug3t0you6,81,321,370,59,116,DHelmet
_ug3t0you6,82,311,369,58,115,DHelmet
_ug3t0you6,83,301,368,57,114,DHelmet
_ug3t0you6,84,291,367,56,113,DHelmet
_ug3t0you6,85,285,366,55,111,DHelmet
_ug3t0you6,86,277,366,55,109,DHelmet
_t10ogu4lz,41,1666,489,254,315,DHelmetP1Helmet
_t10ogu4lz,42,1615,486,283,301,DHelmetP1Helmet
_t10ogu4lz,43,1567,479,273,297,DHelmetP1Helmet
_t10ogu4lz,44,1521,473,261,287,DHelmetP1Helmet
_t10ogu4lz,45,1478,471,251,278,DHelmetP1Helmet
_t10ogu4lz,46,1437,468,242,270,DHelmetP1Helmet
_t10ogu4lz,47,1396,465,233,262,DHelmetP1Helmet
_t10ogu4lz,48,1358,461,221,254,DHelmetP1Helmet
_t10ogu4lz,49,1321,458,208,246,DHelmetP1Helmet
_t10ogu4lz,50,1285,454,202,243,DHelmetP1Helmet
_t10ogu4lz,51,1249,450,197,240,DHelmetP1Helmet
_t10ogu4lz,52,1213,446,191,237,DHelmetP1Helmet
_t10ogu4lz,53,1181,443,184,232,DHelmetP1Helmet
_t10ogu4lz,54,1148,440,178,228,DHelmetP1Helmet
_t10ogu4lz,55,1118,437,173,223,DHelmetP1Helmet
_t10ogu4lz,56,1089,434,166,219,DHelmetP1Helmet
_t10ogu4lz,57,1060,430,160,215,DHelmetP1Helmet
_t10ogu4lz,58,1031,428,157,211,DHelmetP1Helmet
_t10ogu4lz,59,1003,426,153,207,DHelmetP1Helmet
_t10ogu4lz,60,977,424,150,204,DHelmetP1Helmet
_t10ogu4lz,61,952,422,146,200,DHelmetP1Helmet
_t10ogu4lz,62,929,420,142,195,DHelmetP1Helmet
_t10ogu4lz,63,906,417,137,192,DHelmetP1Helmet
_t10ogu4lz,64,883,414,133,189,DHelmetP1Helmet
_t10ogu4lz,65,861,412,127,184,DHelmetP1Helmet
_t10ogu4lz,66,841,410,125,182,DHelmetP1Helmet
_t10ogu4lz,67,821,408,122,179,DHelmetP1Helmet
_t10ogu4lz,68,801,406,120,176,DHelmetP1Helmet
_t10ogu4lz,69,781,404,117,174,DHelmetP1Helmet
_t10ogu4lz,70,761,403,114,170,DHelmetP1Helmet
_t10ogu4lz,71,741,401,112,168,DHelmetP1Helmet
_t10ogu4lz,72,721,399,109,165,DHelmetP1Helmet
_t10ogu4lz,73,701,397,107,162,DHelmetP1Helmet
_t10ogu4lz,74,681,395,104,160,DHelmetP1Helmet
_t10ogu4lz,75,663,394,102,157,DHelmetP1Helmet
_t10ogu4lz,76,644,392,102,156,DHelmetP1Helmet
_t10ogu4lz,77,626,390,100,154,DHelmetP1Helmet
_t10ogu4lz,78,607,389,99,152,DHelmetP1Helmet
_t10ogu4lz,79,589,387,98,151,DHelmetP1Helmet
_t10ogu4lz,80,571,385,96,149,DHelmetP1Helmet
_t10ogu4lz,81,552,384,97,147,DHelmetP1Helmet
_t10ogu4lz,82,534,382,97,145,DHelmetP1Helmet
_t10ogu4lz,83,516,381,96,143,DHelmetP1Helmet
_t10ogu4lz,84,502,379,94,141,DHelmetP1Helmet
_t10ogu4lz,85,487,377,92,140,DHelmetP1Helmet
_t10ogu4lz,86,472,376,90,138,DHelmetP1Helmet
_t10ogu4lz,87,460,375,88,136,DHelmetP1Helmet
_t10ogu4lz,88,448,374,86,134,DHelmetP1Helmet
_t10ogu4lz,89,436,373,85,132,DHelmetP1Helmet
_t10ogu4lz,90,424,372,83,131,DHelmetP1Helmet
_t10ogu4lz,91,413,371,80,129,DHelmetP1Helmet
_t10ogu4lz,92,401,370,79,127,DHelmetP1Helmet
_t10ogu4lz,93,389,369,77,126,DHelmetP1Helmet
_t10ogu4lz,94,380,369,76,123,DHelmetP1Helmet
_t10ogu4lz,95,371,368,74,122,DHelmetP1Helmet
_t10ogu4lz,96,363,367,72,120,DHelmetP1Helmet
_t10ogu4lz,97,354,367,70,118,DHelmetP1Helmet
_t10ogu4lz,98,345,366,69,116,DHelmetP1Helmet
_t10ogu4lz,99,337,366,66,114,DHelmetP1Helmet
_t10ogu4lz,100,328,365,65,113,DHelmetP1Helmet
_x5m0lcgvo,44,1691,506,229,349,DHelmet
_x5m0lcgvo,45,1604,498,316,349,DHelmet
_x5m0lcgvo,46,1517,489,312,336,DHelmet
_x5m0lcgvo,47,1440,482,291,323,DHelmet
_x5m0lcgvo,48,1362,476,271,309,DHelmet
_x5m0lcgvo,49,1297,469,254,300,DHelmet
_x5m0lcgvo,50,1232,463,238,289,DHelmet
_x5m0lcgvo,51,1179,457,220,280,DHelmet
_x5m0lcgvo,52,1125,452,203,270,DHelmet
_x5m0lcgvo,53,1079,447,191,261,DHelmet
_x5m0lcgvo,54,1032,442,180,252,DHelmet
_x5m0lcgvo,55,991,437,170,245,DHelmet
_x5m0lcgvo,56,949,431,162,240,DHelmet
_x5m0lcgvo,57,913,428,153,233,DHelmet
_x5m0lcgvo,58,877,424,144,226,DHelmet
_x5m0lcgvo,59,848,422,136,219,DHelmet
_x5m0lcgvo,60,820,419,127,213,DHelmet
_x5m0lcgvo,61,791,416,119,207,DHelmet
_x5m0lcgvo,62,764,414,114,201,DHelmet
_x5m0lcgvo,63,736,411,111,197,DHelmet
_x5m0lcgvo,64,709,409,106,191,DHelmet
_x5m0lcgvo,65,685,406,103,187,DHelmet
_x5m0lcgvo,66,662,404,99,181,DHelmet
_x5m0lcgvo,67,639,401,97,179,DHelmet
_x5m0lcgvo,68,617,399,94,175,DHelmet
_x5m0lcgvo,69,594,397,92,171,DHelmet
_x5m0lcgvo,70,574,395,89,167,DHelmet
_x5m0lcgvo,71,553,393,86,163,DHelmet
_x5m0lcgvo,72,532,391,84,159,DHelmet
_x5m0lcgvo,73,515,389,83,157,DHelmet
_x5m0lcgvo,74,498,387,81,154,DHelmet
_x5m0lcgvo,75,481,385,79,152,DHelmet
_x5m0lcgvo,76,463,384,78,149,DHelmet
_x5m0lcgvo,77,446,382,76,147,DHelmet
_x5m0lcgvo,78,429,380,75,145,DHelmet
_x5m0lcgvo,79,416,378,73,143,DHelmet
_x5m0lcgvo,80,403,377,71,140,DHelmet
_x5m0lcgvo,81,390,375,70,139,DHelmet
_x5m0lcgvo,82,376,374,69,136,DHelmet
_x5m0lcgvo,83,363,372,67,134,DHelmet
_x5m0lcgvo,84,350,371,66,131,DHelmet
_x5m0lcgvo,85,341,370,64,130,DHelmet
_x5m0lcgvo,86,332,369,63,128,DHelmet
_x5m0lcgvo,87,322,368,62,126,DHelmet
_x5m0lcgvo,88,313,367,61,124,DHelmet
_x5m0lcgvo,89,303,366,60,122,DHelmet
_x5m0lcgvo,90,294,365,59,121,DHelmet
_x5m0lcgvo,91,285,364,57,119,DHelmet
_x5m0lcgvo,92,275,363,56,117,DHelmet
_x5m0lcgvo,93,267,363,55,115,DHelmet
_x5m0lcgvo,94,259,362,54,114,DHelmet
_x5m0lcgvo,95,251,362,54,111,DHelmet
_x5m0lcgvo,96,244,362,52,109,DHelmet
_x5m0lcgvo,97,236,361,51,108,DHelmet
_x5m0lcgvo,98,228,361,50,106,DHelmet
_x5m0lcgvo,99,220,360,49,104,DHelmet
_x5m0lcgvo,100,212,360,48,102,DHelmet
_5a1jkwmop,84,1608,476,292,333,DHelmetP1Helmet
_5a1jkwmop,85,1541,473,276,317,DHelmetP1Helmet
_5a1jkwmop,86,1476,467,262,308,DHelmetP1Helmet
_5a1jkwmop,87,1417,461,249,300,DHelmetP1Helmet
_5a1jkwmop,88,1358,455,236,291,DHelmetP1Helmet
_5a1jkwmop,89,1306,450,224,282,DHelmetP1Helmet
_5a1jkwmop,90,1254,445,213,274,DHelmetP1Helmet
_5a1jkwmop,91,1202,440,202,265,DHelmetP1Helmet
_5a1jkwmop,92,1159,436,193,259,DHelmetP1Helmet
_5a1jkwmop,93,1116,433,185,252,DHelmetP1Helmet
_5a1jkwmop,94,1072,429,177,246,DHelmetP1Helmet
_5a1jkwmop,95,1037,426,167,240,DHelmetP1Helmet
_5a1jkwmop,96,1002,422,157,234,DHelmetP1Helmet
_5a1jkwmop,97,966,419,148,227,DHelmetP1Helmet
_5a1jkwmop,98,937,416,141,221,DHelmetP1Helmet
_5a1jkwmop,99,907,413,135,215,DHelmetP1Helmet
_5a1jkwmop,100,877,410,129,209,DHelmetP1Helmet
_k6gcqmytx,99,1692,481,228,318,DHelmetP1Helmet
_k6gcqmytx,100,1625,477,295,322,DHelmetP1Helmet
_xe1dm48dk,3,1631,512,289,407,DHelmetP1Helmet
_xe1dm48dk,4,1552,499,364,408,DHelmetP1Helmet
_xe1dm48dk,5,1479,494,324,378,DHelmetP1Helmet
_xe1dm48dk,6,1405,486,316,364,DHelmetP1Helmet
_xe1dm48dk,7,1331,479,308,350,DHelmetP1Helmet
_xe1dm48dk,8,1276,472,286,322,DHelmetP1Helmet
_xe1dm48dk,9,1221,465,263,294,DHelmetP1Helmet
_xe1dm48dk,10,1169,459,251,294,DHelmetP1Helmet
_xe1dm48dk,11,1116,454,239,292,DHelmetP1Helmet
_xe1dm48dk,12,1064,448,227,291,DHelmetP1Helmet
_xe1dm48dk,13,1016,443,216,282,DHelmetP1Helmet
_xe1dm48dk,14,969,438,204,274,DHelmetP1Helmet
_xe1dm48dk,15,928,436,195,264,DHelmetP1Helmet
_xe1dm48dk,16,887,433,187,255,DHelmetP1Helmet
_xe1dm48dk,17,848,428,176,249,DHelmetP1Helmet
_xe1dm48dk,18,809,423,165,243,DHelmetP1Helmet
_xe1dm48dk,19,771,419,160,238,DHelmetP1Helmet
_xe1dm48dk,20,733,415,156,232,DHelmetP1Helmet
_xe1dm48dk,21,700,411,151,226,DHelmetP1Helmet
_xe1dm48dk,22,666,407,147,221,DHelmetP1Helmet
_xe1dm48dk,23,632,403,142,215,DHelmetP1Helmet
_xe1dm48dk,24,601,400,138,210,DHelmetP1Helmet
_xe1dm48dk,25,570,397,134,206,DHelmetP1Helmet
_xe1dm48dk,26,539,393,130,202,DHelmetP1Helmet
_xe1dm48dk,27,509,390,125,197,DHelmetP1Helmet
_xe1dm48dk,28,484,388,122,193,DHelmetP1Helmet
_xe1dm48dk,29,459,386,118,188,DHelmetP1Helmet
_xe1dm48dk,30,434,384,114,183,DHelmetP1Helmet
_xe1dm48dk,31,413,382,110,179,DHelmetP1Helmet
_xe1dm48dk,32,392,379,105,175,DHelmetP1Helmet
_xe1dm48dk,33,373,378,102,171,DHelmetP1Helmet
_xe1dm48dk,34,353,376,100,169,DHelmetP1Helmet
_xe1dm48dk,35,334,374,96,166,DHelmetP1Helmet
_xe1dm48dk,36,315,373,93,163,DHelmetP1Helmet
_xe1dm48dk,37,296,371,90,160,DHelmetP1Helmet
_xe1dm48dk,38,283,370,87,158,DHelmetP1Helmet
_xe1dm48dk,39,271,369,84,155,DHelmetP1Helmet
_xe1dm48dk,40,258,368,81,152,DHelmetP1Helmet
_xe1dm48dk,41,245,368,78,148,DHelmetP1Helmet
_xe1dm48dk,42,233,367,75,146,DHelmetP1Helmet
_xe1dm48dk,43,223,366,73,144,DHelmetP1Helmet
_xe1dm48dk,44,213,365,72,142,DHelmetP1Helmet
_xe1dm48dk,45,203,364,71,139,DHelmetP1Helmet
_xe1dm48dk,46,193,363,69,137,DHelmetP1Helmet
_xe1dm48dk,47,185,362,68,135,DHelmetP1Helmet
_xe1dm48dk,48,177,361,66,133,DHelmetP1Helmet
_xe1dm48dk,49,169,359,65,132,DHelmetP1Helmet
_xe1dm48dk,50,163,359,64,129,DHelmetP1Helmet
_xe1dm48dk,51,158,358,62,128,DHelmetP1Helmet
_xe1dm48dk,52,152,358,61,125,DHelmetP1Helmet
_xe1dm48dk,53,147,357,59,123,DHelmetP1Helmet
_xe1dm48dk,54,141,356,59,122,DHelmetP1Helmet
_xe1dm48dk,55,136,355,59,120,DHelmetP1Helmet
_xe1dm48dk,56,131,355,59,117,DHelmetP1Helmet
_xe1dm48dk,57,125,354,59,116,DHelmetP1Helmet
_xe1dm48dk,58,120,353,59,114,DHelmetP1Helmet
_xe1dm48dk,59,114,352,60,112,DHelmetP1Helmet
_xe1dm48dk,60,109,351,59,110,DHelmetP1Helmet
_xe1dm48dk,61,104,351,59,108,DHelmetP1Helmet
