track_id,frame_id,x,y,w,h,label
_toc7906lu,1,296,478,60,126,DNoHelmetP1NoHelmet
_toc7906lu,2,307,478,61,129,DNoHelmetP1NoHelmet
_toc7906lu,3,318,479,62,132,DNoHelmetP1NoHelmet
_toc7906lu,4,328,479,65,135,DNoHelmetP1NoHelmet
_toc7906lu,5,339,479,66,139,DNoHelmetP1NoHelmet
_toc7906lu,6,352,480,67,141,DNoHelmetP1NoHelmet
_toc7906lu,7,365,480,68,144,DNoHelmetP1NoHelmet
_toc7906lu,8,378,480,69,148,DNoHelmetP1NoHelmet
_toc7906lu,9,391,482,72,149,DNoHelmetP1NoHelmet
_toc7906lu,10,405,483,73,151,DNoHelmetP1NoHelmet
_toc7906lu,11,419,484,74,153,DNoHelmetP1NoHelmet
_toc7906lu,12,433,485,75,156,DNoHelmetP1NoHelmet
_toc7906lu,13,447,486,76,158,DNoHelmetP1NoHelmet
_toc7906lu,14,460,487,78,160,DNoHelmetP1NoHelmet
_toc7906lu,15,474,488,80,162,DNoHelmetP1NoHelmet
_toc7906lu,16,489,489,83,167,DNoHelmetP1NoHelmet
_toc7906lu,17,504,490,86,171,DNoHelmetP1NoHelmet
_toc7906lu,18,519,491,89,175,DNoHelmetP1NoHelmet
_toc7906lu,19,535,492,88,180,DNoHelmetP1NoHelmet
_toc7906lu,20,551,493,86,184,DNoHelmetP1NoHelmet
_toc7906lu,21,566,493,91,189,DNoHelmetP1NoHelmet
_toc7906lu,22,581,493,95,194,DNoHelmetP1NoHelmet
_toc7906lu,23,596,493,99,199,DNoHelmetP1NoHelmet
_toc7906lu,24,611,493,103,204,DNoHelmetP1NoHelmet
_toc7906lu,25,630,495,106,209,DNoHelmetP1NoHelmet
_toc7906lu,26,648,496,109,214,DNoHelmetP1NoHelmet
_toc7906lu,27,666,498,113,219,DNoHelmetP1NoHelmet
_toc7906lu,28,684,499,116,224,DNoHelmetP1NoHelmet
_toc7906lu,29,703,501,118,230,DNoHelmetP1NoHelmet
_toc7906lu,30,722,502,121,237,DNoHelmetP1NoHelmet
_toc7906lu,31,743,503,126,244,DNoHelmetP1NoHelmet
_toc7906lu,32,764,504,131,251,DNoHelmetP1NoHelmet
_toc7906lu,33,787,506,132,257,DNoHelmetP1NoHelmet
_toc7906lu,34,811,508,137,264,DNoHelmetP1NoHelmet
_toc7906lu,35,835,510,142,271,DNoHelmetP1NoHelmet
_toc7906lu,36,859,512,151,277,DNoHelmetP1NoHelmet
_toc7906lu,37,884,514,158,284,DNoHelmetP1NoHelmet
_toc7906lu,38,911,516,166,292,DNoHelmetP1NoHelmet
_toc7906lu,39,939,518,174,300,DNoHelmetP1NoHelmet
_toc7906lu,40,969,520,183,308,DNoHelmetP1NoHelmet
_toc7906lu,41,999,521,191,317,DNoHelmetP1NoHelmet
_toc7906lu,42,1031,524,203,325,DNoHelmetP1NoHelmet
_toc7906lu,43,1064,527,214,334,DNoHelmetP1NoHelmet
_toc7906lu,44,1097,529,229,343,DNoHelmetP1NoHelmet
_toc7906lu,45,1135,531,242,354,DNoHelmetP1NoHelmet
_toc7906lu,46,1173,532,256,365,DNoHelmetP1NoHelmet
_toc7906lu,47,1211,534,270,376,DNoHelmetP1NoHelmet
_toc7906lu,48,1251,536,283,388,DNoHelmetP1NoHelmet
_toc7906lu,49,1292,539,295,399,DNoHelmetP1NoHelmet
_toc7906lu,50,1335,541,311,411,DNoHelmetP1NoHelmet
_toc7906lu,51,1379,543,326,423,DNoHelmetP1NoHelmet
_toc7906lu,52,1423,546,341,434,DNoHelmetP1NoHelmet
_toc7906lu,53,1467,548,357,446,DNoHelmetP1NoHelmet
_toc7906lu,54,1513,551,378,460,DNoHelmetP1NoHelmet
_toc7906lu,55,1560,553,360,474,DNoHelmetP1NoHelmet
_toc7906lu,56,1609,554,311,467,DNoHelmetP1NoHelmet
_toc7906lu,57,1657,555,263,459,DNoHelmetP1NoHelmet
_c645fzvwc,3,152,470,41,74,DHelmetP0NoHelmetP1NoHelmetP2Helmet
_c645fzvwc,4,158,471,42,75,DHelmetP0NoHelmetP1NoHelmetP2Helmet
_c645fzvwc,5,164,471,43,77,DHelmetP0NoHelmetP1NoHelmetP2Helmet
_c645fzvwc,6,170,471,44,78,DHelmetP0NoHelmetP1NoHelmetP2Helmet
_c645fzvwc,7,176,472,44,79,DHelmetP0NoHelmetP1NoHelmetP2Helmet
_c645fzvwc,8,184,472,44,80,DHelmetP0NoHelmetP1NoHelmetP2Helmet
_c645fzvwc,9,191,472,45,82,DHelmetP0NoHelmetP1NoHelmetP2Helmet
_c645fzvwc,10,198,472,46,83,DHelmetP0NoHelmetP1NoHelmetP2Helmet
_c645fzvwc,11,206,471,47,86,DHelmetP0NoHelmetP1NoHelmetP2Helmet
_c645fzvwc,12,213,472,48,87,DHelmetP0NoHelmetP1NoHelmetP2Helmet
_c645fzvwc,13,220,472,48,89,DHelmetP0NoHelmetP1NoHelmetP2Helmet
_c645fzvwc,14,228,472,48,91,DHelmetP0NoHelmetP1NoHelmetP2Helmet
_c645fzvwc,15,235,473,49,92,DHelmetP0NoHelmetP1NoHelmetP2Helmet
_c645fzvwc,16,242,473,50,93,DHelmetP0NoHelmetP1NoHelmetP2Helmet
_c645fzvwc,17,251,473,51,95,DHelmetP0NoHelmetP1NoHelmetP2Helmet
_c645fzvwc,18,260,474,51,96,DHelmetP0NoHelmetP1NoHelmetP2Helmet
_c645fzvwc,19,269,474,51,98,DHelmetP0NoHelmetP1NoHelmetP2Helmet
_c645fzvwc,20,277,474,53,100,DHelmetP0NoHelmetP1NoHelmetP2Helmet
_c645fzvwc,21,286,475,54,102,DHelmetP0NoHelmetP1NoHelmetP2Helmet
_c645fzvwc,22,295,475,55,104,DHelmetP0NoHelmetP1NoHelmetP2Helmet
_c645fzvwc,23,305,476,55,106,DHelmetP0NoHelmetP1NoHelmetP2Helmet
_c645fzvwc,24,314,476,56,108,DHelmetP0NoHelmetP1NoHelmetP2Helmet
_c645fzvwc,25,323,477,58,110,DHelmetP0NoHelmetP1NoHelmetP2Helmet
_c645fzvwc,26,332,477,59,112,DHelmetP0NoHelmetP1NoHelmetP2Helmet
_c645fzvwc,27,341,478,60,114,DHelmetP0NoHelmetP1NoHelmetP2Helmet
_c645fzvwc,28,351,478,61,117,DHelmetP0NoHelmetP1NoHelmetP2Helmet
_c645fzvwc,29,360,479,62,118,DHelmetP0NoHelmetP1NoHelmetP2Helmet
_c645fzvwc,30,370,479,63,121,DHelmetP0NoHelmetP1NoHelmetP2Helmet
_c645fzvwc,31,380,480,64,122,DHelmetP0NoHelmetP1NoHelmetP2Helmet
_c645fzvwc,32,389,480,65,125,DHelmetP0NoHelmetP1NoHelmetP2Helmet
_c645fzvwc,33,402,482,66,126,DHelmetP0NoHelmetP1NoHelmetP2Helmet
_c645fzvwc,34,415,483,67,129,DHelmetP0NoHelmetP1NoHelmetP2Helmet
_c645fzvwc,35,428,484,68,132,DHelmetP0NoHelmetP1NoHelmetP2Helmet
_c645fzvwc,36,442,486,67,134,DHelmetP0NoHelmetP1NoHelmetP2Helmet
_c645fzvwc,37,457,486,69,138,DHelmetP0NoHelmetP1NoHelmetP2Helmet
_c645fzvwc,38,472,487,71,141,DHelmetP0NoHelmetP1NoHelmetP2Helmet
_c645fzvwc,39,487,487,73,145,DHelmetP0NoHelmetP1NoHelmetP2Helmet
_c645fzvwc,40,503,488,75,149,DHelmetP0NoHelmetP1NoHelmetP2Helmet
_c645fzvwc,41,519,489,77,152,DHelmetP0NoHelmetP1NoHelmetP2Helmet
_c645fzvwc,42,535,489,80,156,DHelmetP0NoHelmetP1NoHelmetP2Helmet
_c645fzvwc,43,553,490,82,161,DHelmetP0NoHelmetP1NoHelmetP2Helmet
_c645fzvwc,44,571,491,84,166,DHelmetP0NoHelmetP1NoHelmetP2Helmet
_c645fzvwc,45,591,491,87,172,DHelmetP0NoHelmetP1NoHelmetP2Helmet
_c645fzvwc,46,612,492,89,176,DHelmetP0NoHelmetP1NoHelmetP2Helmet
_c645fzvwc,47,632,493,91,181,DHelmetP0NoHelmetP1NoHelmetP2Helmet
_c645fzvwc,48,652,493,94,187,DHelmetP0NoHelmetP1NoHelmetP2Helmet
_c645fzvwc,49,675,495,97,191,DHelmetP0NoHelmetP1NoHelmetP2Helmet
_c645fzvwc,50,697,497,102,195,DHelmetP0NoHelmetP1NoHelmetP2Helmet
_c645fzvwc,51,721,499,106,201,DHelmetP0NoHelmetP1NoHelmetP2Helmet
_c645fzvwc,52,746,501,108,207,DHelmetP0NoHelmetP1NoHelmetP2Helmet
_c645fzvwc,53,771,502,113,213,DHelmetP0NoHelmetP1NoHelmetP2Helmet
_c645fzvwc,54,797,504,117,219,DHelmetP0NoHelmetP1NoHelmetP2Helmet
_c645fzvwc,55,826,505,121,226,DHelmetP0NoHelmetP1NoHelmetP2Helmet
_c645fzvwc,56,854,506,126,233,DHelmetP0NoHelmetP1NoHelmetP2Helmet
_c645fzvwc,57,882,507,130,239,DHelmetP0NoHelmetP1NoHelmetP2Helmet
_c645fzvwc,58,911,509,136,247,DHelmetP0NoHelmetP1NoHelmetP2Helmet
_c645fzvwc,59,940,511,141,254,DHelmetP0NoHelmetP1NoHelmetP2Helmet
_c645fzvwc,60,972,513,146,262,DHelmetP0NoHelmetP1NoHelmetP2Helmet
_c645fzvwc,61,1003,515,152,269,DHelmetP0NoHelmetP1NoHelmetP2Helmet
_c645fzvwc,62,1035,516,157,278,DHelmetP0NoHelmetP1NoHelmetP2Helmet
_c645fzvwc,63,1068,521,163,284,DHelmetP0NoHelmetP1NoHelmetP2Helmet
_c645fzvwc,64,1101,522,170,294,DHelmetP0NoHelmetP1NoHelmetP2Helmet
_c645fzvwc,65,1134,522,177,304,DHelmetP0NoHelmetP1NoHelmetP2Helmet
_c645fzvwc,66,1167,523,183,314,DHelmetP0NoHelmetP1NoHelmetP2Helmet
_c645fzvwc,67,1200,524,190,324,DHelmetP0NoHelmetP1NoHelmetP2Helmet
_c645fzvwc,68,1233,526,198,336,DHelmetP0NoHelmetP1NoHelmetP2Helmet
_c645fzvwc,69,1266,527,207,349,DHelmetP0NoHelmetP1NoHelmetP2Helmet
_c645fzvwc,70,1299,529,215,362,DHelmetP0NoHelmetP1NoHelmetP2Helmet
_c645fzvwc,71,1336,533,227,371,DHelmetP0NoHelmetP1NoHelmetP2Helmet
_c645fzvwc,72,1373,537,239,381,DHelmetP0NoHelmetP1NoHelmetP2Helmet
_c645fzvwc,73,1410,542,251,390,DHelmetP0NoHelmetP1NoHelmetP2Helmet
_c645fzvwc,74,1448,546,263,402,DHelmetP0NoHelmetP1NoHelmetP2Helmet
_c645fzvwc,75,1485,549,276,415,DHelmetP0NoHelmetP1NoHelmetP2Helmet
_c645fzvwc,76,1523,553,287,426,DHelmetP0NoHelmetP1NoHelmetP2Helmet
_c645fzvwc,77,1561,556,299,439,DHelmetP0NoHelmetP1NoHelmetP2Helmet
_c645fzvwc,78,1600,558,312,453,DHelmetP0NoHelmetP1NoHelmetP2Helmet
_c645fzvwc,79,1639,559,281,469,DHelmetP0NoHelmetP1NoHelmetP2Helmet
_c645fzvwc,80,1678,560,242,434,DHelmetP0NoHelmetP1NoHelmetP2Helmet
_oruw32qoj,12,127,466,43,72,DHelmetP1Helmet
_oruw32qoj,13,132,467,44,72,DHelmetP1Helmet
_oruw32qoj,14,137,467,45,73,DHelmetP1Helmet
_oruw32qoj,15,142,467,47,75,DHelmetP1Helmet
_oruw32qoj,16,147,468,48,75,DHelmetP1Helmet
_oruw32qoj,17,153,468,48,76,DHelmetP1Helmet
_oruw32qoj,18,159,468,48,77,DHelmetP1Helmet
_oruw32qoj,19,164,469,49,77,DHelmetP1Helmet
_oruw32qoj,20,170,469,49,78,DHelmetP1Helmet
_oruw32qoj,21,177,469,49,80,DHelmetP1Helmet
_oruw32qoj,22,183,469,50,82,DHelmetP1Helmet
_oruw32qoj,23,190,469,49,84,DHelmetP1Helmet
_oruw32qoj,24,196,469,50,85,DHelmetP1Helmet
_oruw32qoj,25,202,469,51,87,DHelmetP1Helmet
_oruw32qoj,26,209,469,51,89,DHelmetP1Helmet
_oruw32qoj,27,215,469,52,91,DHelmetP1Helmet
_oruw32qoj,28,224,469,51,93,DHelmetP1Helmet
_oruw32qoj,29,232,469,52,94,DHelmetP1Helmet
_oruw32qoj,30,240,469,53,96,DHelmetP1Helmet
_oruw32qoj,31,248,469,54,98,DHelmetP1Helmet
_oruw32qoj,32,257,469,53,100,DHelmetP1Helmet
_oruw32qoj,33,265,469,54,101,DHelmetP1Helmet
_oruw32qoj,34,274,469,56,104,DHelmetP1Helmet
_oruw32qoj,35,283,469,58,106,DHelmetP1Helmet
_oruw32qoj,36,292,469,60,109,DHelmetP1Helmet
_oruw32qoj,37,301,470,62,110,DHelmetP1Helmet
_oruw32qoj,38,311,470,62,112,DHelmetP1Helmet
_oruw32qoj,39,320,470,64,115,DHelmetP1Helmet
_oruw32qoj,40,330,470,66,117,DHelmetP1Helmet
_oruw32qoj,41,340,471,67,119,DHelmetP1Helmet
_oruw32qoj,42,351,471,68,121,DHelmetP1Helmet
_oruw32qoj,43,361,471,69,123,DHelmetP1Helmet
_oruw32qoj,44,371,472,71,126,DHelmetP1Helmet
_oruw32qoj,45,381,473,72,128,DHelmetP1Helmet
_oruw32qoj,46,391,475,73,130,DHelmetP1Helmet
_oruw32qoj,47,401,476,75,132,DHelmetP1Helmet
_oruw32qoj,48,411,477,76,134,DHelmetP1Helmet
_oruw32qoj,49,421,478,78,137,DHelmetP1Helmet
_oruw32qoj,50,431,479,79,139,DHelmetP1Helmet
_oruw32qoj,51,441,480,81,141,DHelmetP1Helmet
_oruw32qoj,52,451,482,82,143,DHelmetP1Helmet
_oruw32qoj,53,462,482,85,148,DHelmetP1Helmet
_oruw32qoj,54,473,483,87,151,DHelmetP1Helmet
_oruw32qoj,55,484,483,90,156,DHelmetP1Helmet
_oruw32qoj,56,495,484,92,160,DHelmetP1Helmet
_oruw32qoj,57,506,484,94,165,DHelmetP1Helmet
_oruw32qoj,58,516,485,97,169,DHelmetP1Helmet
_oruw32qoj,59,526,485,100,174,DHelmetP1Helmet
_oruw32qoj,60,537,486,101,177,DHelmetP1Helmet
_oruw32qoj,61,551,486,104,184,DHelmetP1Helmet
_oruw32qoj,62,566,487,106,190,DHelmetP1Helmet
_oruw32qoj,63,580,487,109,197,DHelmetP1Helmet
_oruw32qoj,64,595,488,111,203,DHelmetP1Helmet
_oruw32qoj,65,612,489,114,210,DHelmetP1Helmet
_oruw32qoj,66,629,490,116,217,DHelmetP1Helmet
_oruw32qoj,67,647,492,118,222,DHelmetP1Helmet
_oruw32qoj,68,664,494,122,230,DHelmetP1Helmet
_oruw32qoj,69,682,496,126,237,DHelmetP1Helmet
_oruw32qoj,70,702,498,129,246,DHelmetP1Helmet
_oruw32qoj,71,722,500,133,254,DHelmetP1Helmet
_oruw32qoj,72,747,502,136,263,DHelmetP1Helmet
_oruw32qoj,73,769,504,142,272,DHelmetP1Helmet
_oruw32qoj,74,790,506,149,281,DHelmetP1Helmet
_oruw32qoj,75,813,508,156,291,DHelmetP1Helmet
_oruw32qoj,76,836,510,162,300,DHelmetP1Helmet
_oruw32qoj,77,865,510,165,315,DHelmetP1Helmet
_oruw32qoj,78,895,511,167,328,DHelmetP1Helmet
_oruw32qoj,79,921,516,175,339,DHelmetP1Helmet
_oruw32qoj,80,950,520,182,351,DHelmetP1Helmet
_oruw32qoj,81,978,525,191,362,DHelmetP1Helmet
_oruw32qoj,82,1011,527,198,379,DHelmetP1Helmet
_oruw32qoj,83,1044,529,206,396,DHelmetP1Helmet
_oruw32qoj,84,1078,534,213,411,DHelmetP1Helmet
_oruw32qoj,85,1113,539,222,426,DHelmetP1Helmet
_oruw32qoj,86,1149,544,230,442,DHelmetP1Helmet
_oruw32qoj,87,1183,546,244,461,DHelmetP1Helmet
_oruw32qoj,88,1224,549,251,483,DHelmetP1Helmet
_oruw32qoj,89,1266,553,269,504,DHelmetP1Helmet
_oruw32qoj,90,1306,554,294,526,DHelmetP1Helmet
_oruw32qoj,91,1346,562,317,518,DHelmetP1Helmet
_oruw32qoj,92,1395,564,342,516,DHelmetP1Helmet
_oruw32qoj,93,1443,567,378,513,DHelmetP1Helmet
_oruw32qoj,94,1499,578,395,502,DHelmetP1Helmet
_oruw32qoj,95,1553,582,367,498,DHelmetP1Helmet
_oruw32qoj,96,1608,586,312,494,DHelmetP1Helmet
_je53bsegl,22,133,472,47,85,DHelmet
_je53bsegl,23,135,472,48,86,DHelmet
_je53bsegl,24,138,473,48,87,DHelmet
_je53bsegl,25,140,473,50,89,DHelmet
_je53bsegl,26,143,473,50,90,DHelmet
_je53bsegl,27,145,474,51,91,DHelmet
_je53bsegl,28,148,474,52,92,DHelmet
_je53bsegl,29,150,474,53,94,DHelmet
_je53bsegl,30,153,475,53,94,DHelmet
_je53bsegl,31,155,475,55,96,DHelmet
_je53bsegl,32,158,475,55,98,DHelmet
_je53bsegl,33,160,475,56,99,DHelmet
_je53bsegl,34,163,476,57,100,DHelmet
_je53bsegl,35,166,476,57,102,DHelmet
_je53bsegl,36,169,476,57,104,DHelmet
_je53bsegl,37,171,477,58,105,DHelmet
_je53bsegl,38,174,477,58,106,DHelmet
_je53bsegl,39,177,477,58,108,DHelmet
_je53bsegl,40,180,478,60,109,DHelmet
_je53bsegl,41,183,478,61,111,DHelmet
_je53bsegl,42,186,478,63,113,DHelmet
_je53bsegl,43,190,478,64,115,DHelmet
_je53bsegl,44,194,479,64,115,DHelmet
_je53bsegl,45,197,479,66,117,DHelmet
_je53bsegl,46,202,479,65,119,DHelmet
_je53bsegl,47,207,480,65,120,DHelmet
_je53bsegl,48,211,480,67,122,DHelmet
_je53bsegl,49,216,481,67,124,DHelmet
_je53bsegl,50,221,482,68,125,DHelmet
_je53bsegl,51,225,482,69,127,DHelmet
_je53bsegl,52,230,483,70,128,DHelmet
_je53bsegl,53,235,483,71,131,DHelmet
_je53bsegl,54,240,484,72,132,DHelmet
_je53bsegl,55,246,484,72,134,DHelmet
_je53bsegl,56,251,485,73,135,DHelmet
_je53bsegl,57,256,485,74,138,DHelmet
_je53bsegl,58,263,486,75,139,DHelmet
_je53bsegl,59,270,486,76,142,DHelmet
_je53bsegl,60,277,487,77,144,DHelmet
_je53bsegl,61,283,487,78,147,DHelmet
_je53bsegl,62,290,488,79,149,DHelmet
_je53bsegl,63,298,489,81,151,DHelmet
_je53bsegl,64,305,490,83,153,DHelmet
_je53bsegl,65,313,491,85,156,DHelmet
_je53bsegl,66,320,492,88,158,DHelmet
_je53bsegl,67,328,493,89,161,DHelmet
_je53bsegl,68,339,493,89,164,DHelmet
_je53bsegl,69,349,493,89,168,DHelmet
_je53bsegl,70,358,493,94,171,DHelmet
_je53bsegl,71,368,493,97,175,DHelmet
_je53bsegl,72,379,493,101,179,DHelmet
_je53bsegl,73,390,494,105,182,DHelmet
_je53bsegl,74,400,494,109,186,DHelmet
_je53bsegl,75,414,494,109,190,DHelmet
_je53bsegl,76,427,495,109,194,DHelmet
_je53bsegl,77,441,498,111,195,DHelmet
_je53bsegl,78,454,500,114,198,DHelmet
_je53bsegl,79,469,501,117,201,DHelmet
_je53bsegl,80,484,501,120,206,DHelmet
_je53bsegl,81,499,501,123,211,DHelmet
_je53bsegl,82,515,502,125,215,DHelmet
_je53bsegl,83,531,503,127,219,DHelmet
_je53bsegl,84,547,504,129,223,DHelmet
_je53bsegl,85,564,506,130,227,DHelmet
_je53bsegl,86,580,507,134,232,DHelmet
_je53bsegl,87,598,508,138,238,DHelmet
_je53bsegl,88,616,509,142,244,DHelmet
_je53bsegl,89,634,510,146,249,DHelmet
_je53bsegl,90,655,511,149,255,DHelmet
_je53bsegl,91,675,512,153,261,DHelmet
_je53bsegl,92,696,513,157,266,DHelmet
_je53bsegl,93,717,515,160,271,DHelmet
_je53bsegl,94,738,516,163,277,DHelmet
_je53bsegl,95,759,518,165,282,DHelmet
_je53bsegl,96,780,519,168,288,DHelmet
_je53bsegl,97,803,521,175,295,DHelmet
_je53bsegl,98,825,522,183,303,DHelmet
_je53bsegl,99,850,524,191,313,DHelmet
_je53bsegl,100,875,527,198,318,DHelmet
