track_id,frame_id,x,y,w,h,label
_c9a10hend,1,273,515,56,114,DNoHelmet
_c9a10hend,2,260,515,55,111,DNoHelmet
_c9a10hend,3,247,514,55,110,DNoHelmet
_c9a10hend,4,234,513,55,108,DNoHelmet
_c9a10hend,5,221,512,54,107,DNoHelmet
_c9a10hend,6,208,512,54,104,DNoHelmet
_c9a10hend,7,197,511,53,103,DNoHelmet
_c9a10hend,8,187,510,52,101,DNoHelmet
_c9a10hend,9,176,510,52,99,DNoHelmet
_c9a10hend,10,165,509,52,97,DNoHelmet
_nadgvqzgj,1,434,523,57,110,DHelmet
_nadgvqzgj,2,423,523,56,108,DHelmet
_nadgvqzgj,3,411,522,56,108,DHelmet
_nadgvqzgj,4,399,521,56,107,DHelmet
_nadgvqzgj,5,388,521,54,105,DHelmet
_nadgvqzgj,6,376,520,54,104,DHelmet
_nadgvqzgj,7,364,519,54,103,DHelmet
_nadgvqzgj,8,352,519,53,101,DHelmet
_nadgvqzgj,9,341,518,52,101,DHelmet
_nadgvqzgj,10,331,518,51,98,DHelmet
_nadgvqzgj,11,321,517,50,97,DHelmet
_nadgvqzgj,12,311,517,48,95,DHelmet
_nadgvqzgj,13,301,516,47,94,DHelmet
_nadgvqzgj,14,292,514,45,91,DHelmet
_pinmsoloj,1,599,527,77,134,DHelmet
_pinmsoloj,2,573,526,75,132,DHelmet
_pinmsoloj,3,548,525,72,130,DHelmet
_pinmsoloj,4,522,524,70,128,DHelmet
_pinmsoloj,5,500,523,67,126,DHelmet
_pinmsoloj,6,478,523,65,123,DHelmet
_pinmsoloj,7,456,522,62,122,DHelmet
_pinmsoloj,8,434,522,60,119,DHelmet
_pinmsoloj,9,416,521,58,117,DHelmet
_pinmsoloj,10,397,520,57,115,DHelmet
_pinmsoloj,11,378,519,56,113,DHelmet
_pinmsoloj,12,360,518,54,111,DHelmet
_pinmsoloj,13,341,517,53,109,DHelmet
_pinmsoloj,14,324,517,49,107,DHelmet
_pinmsoloj,15,307,517,46,104,DHelmet
_pinmsoloj,16,290,516,43,103,DHelmet
_uow60t4np,1,642,556,118,223,DHelmet
_uow60t4np,2,617,553,115,218,DHelmet
_uow60t4np,3,592,551,112,211,DHelmet
_uow60t4np,4,567,549,108,205,DHelmet
_uow60t4np,5,542,547,105,198,DHelmet
_uow60t4np,6,523,546,103,192,DHelmet
_uow60t4np,7,505,545,99,186,DHelmet
_uow60t4np,8,487,544,96,180,DHelmet
_uow60t4np,9,469,543,93,173,DHelmet
_uow60t4np,10,450,542,90,167,DHelmet
_uow60t4np,11,434,541,87,163,DHelmet
_uow60t4np,12,417,539,85,160,DHelmet
_uow60t4np,13,400,538,83,156,DHelmet
_uow60t4np,14,388,536,80,153,DHelmet
_uow60t4np,15,375,535,79,149,DHelmet
_uow60t4np,16,363,534,76,145,DHelmet
_uow60t4np,17,350,532,74,141,DHelmet
_uow60t4np,18,338,531,72,137,DHelmet
_uow60t4np,19,326,529,69,134,DHelmet
_uow60t4np,20,313,528,68,130,DHelmet
_uow60t4np,21,302,527,67,128,DHelmet
_uow60t4np,22,292,526,65,127,DHelmet
_uow60t4np,23,281,525,64,125,DHelmet
_uow60t4np,24,270,525,63,123,DHelmet
_uow60t4np,25,259,524,62,121,DHelmet
_uow60t4np,26,249,523,61,120,DHelmet
_uow60t4np,27,238,523,60,117,DHelmet
_uow60t4np,28,227,522,59,116,DHelmet
_uow60t4np,29,216,521,58,114,DHelmet
_uow60t4np,30,207,521,57,111,DHelmet
_uow60t4np,31,197,520,57,110,DHelmet
_uow60t4np,32,188,519,56,108,DHelmet
_uow60t4np,33,179,519,55,105,DHelmet
_uow60t4np,34,169,518,55,104,DHelmet
_uow60t4np,35,160,518,55,101,DHelmet
_am86w6qfd,1,852,536,138,205,DNoHelmetP1NoHelmet
_am86w6qfd,2,799,534,131,201,DNoHelmetP1NoHelmet
_am86w6qfd,3,753,532,122,197,DNoHelmetP1NoHelmet
_am86w6qfd,4,707,531,114,192,DNoHelmetP1NoHelmet
_am86w6qfd,5,665,529,109,187,DNoHelmetP1NoHelmet
_am86w6qfd,6,623,527,104,181,DNoHelmetP1NoHelmet
_am86w6qfd,7,587,526,98,174,DNoHelmetP1NoHelmet
_am86w6qfd,8,550,524,93,168,DNoHelmetP1NoHelmet
_am86w6qfd,9,517,523,88,162,DNoHelmetP1NoHelmet
_am86w6qfd,10,484,522,83,156,DNoHelmetP1NoHelmet
_am86w6qfd,11,457,521,78,150,DNoHelmetP1NoHelmet
_am86w6qfd,12,431,519,72,144,DNoHelmetP1NoHelmet
_am86w6qfd,13,404,518,70,141,DNoHelmetP1NoHelmet
_am86w6qfd,14,377,517,67,138,DNoHelmetP1NoHelmet
_am86w6qfd,15,350,515,65,136,DNoHelmetP1NoHelmet
_am86w6qfd,16,328,514,64,133,DNoHelmetP1NoHelmet
_am86w6qfd,17,307,512,61,131,DNoHelmetP1NoHelmet
_am86w6qfd,18,285,511,59,127,DNoHelmetP1NoHelmet
_am86w6qfd,19,267,511,57,124,DNoHelmetP1NoHelmet
_am86w6qfd,20,248,511,56,121,DNoHelmetP1NoHelmet
_am86w6qfd,21,230,510,54,119,DNoHelmetP1NoHelmet
_am86w6qfd,22,211,510,53,116,DNoHelmetP1NoHelmet
_am86w6qfd,23,194,510,51,112,DNoHelmetP1NoHelmet
_am86w6qfd,24,177,509,49,109,DNoHelmetP1NoHelmet
_am86w6qfd,25,160,509,47,106,DNoHelmetP1NoHelmet
_s7lwnc6ug,1,897,549,147,261,DHelmet
_s7lwnc6ug,2,864,549,143,251,DHelmet
_s7lwnc6ug,3,831,549,139,241,DHelmet
_s7lwnc6ug,4,799,549,134,231,DHelmet
_s7lwnc6ug,5,767,547,131,225,DHelmet
_s7lwnc6ug,6,736,545,127,218,DHelmet
_s7lwnc6ug,7,710,543,123,213,DHelmet
_s7lwnc6ug,8,684,541,120,207,DHelmet
_s7lwnc6ug,9,658,540,117,201,DHelmet
_s7lwnc6ug,10,636,538,109,196,DHelmet
_s7lwnc6ug,11,613,537,103,191,DHelmet
_s7lwnc6ug,12,591,536,102,187,DHelmet
_s7lwnc6ug,13,569,535,100,183,DHelmet
_s7lwnc6ug,14,550,533,96,179,DHelmet
_s7lwnc6ug,15,532,532,91,174,DHelmet
_s7lwnc6ug,16,513,531,87,169,DHelmet
_s7lwnc6ug,17,497,530,85,166,DHelmet
_s7lwnc6ug,18,481,529,84,163,DHelmet
_s7lwnc6ug,19,465,528,83,159,DHelmet
_s7lwnc6ug,20,449,527,82,156,DHelmet
_s7lwnc6ug,21,434,526,80,154,DHelmet
_s7lwnc6ug,22,418,525,79,151,DHelmet
_s7lwnc6ug,23,403,524,77,148,DHelmet
_s7lwnc6ug,24,387,523,76,145,DHelmet
_s7lwnc6ug,25,372,522,75,142,DHelmet
_s7lwnc6ug,26,358,522,74,139,DHelmet
_s7lwnc6ug,27,344,522,73,136,DHelmet
_s7lwnc6ug,28,330,522,72,134,DHelmet
_s7lwnc6ug,29,317,522,71,131,DHelmet
_s7lwnc6ug,30,303,522,70,129,DHelmet
_s7lwnc6ug,31,289,522,69,126,DHelmet
_s7lwnc6ug,32,277,520,68,125,DHelmet
_s7lwnc6ug,33,265,519,66,124,DHelmet
_s7lwnc6ug,34,253,518,64,122,DHelmet
_s7lwnc6ug,35,241,516,62,122,DHelmet
_s7lwnc6ug,36,229,515,60,120,DHelmet
_s7lwnc6ug,37,217,515,61,117,DHelmet
_s7lwnc6ug,38,205,515,63,113,DHelmet
_s7lwnc6ug,39,194,515,63,110,DHelmet
_csc1kalhp,1,1402,583,200,250,DNoHelmet
_csc1kalhp,2,1336,579,188,241,DNoHelmet
_csc1kalhp,3,1271,576,174,230,DNoHelmet
_csc1kalhp,4,1217,573,161,221,DNoHelmet
_csc1kalhp,5,1164,571,147,211,DNoHelmet
_csc1kalhp,6,1113,566,141,204,DNoHelmet
_csc1kalhp,7,1063,561,135,198,DNoHelmet
_csc1kalhp,8,1018,558,129,192,DNoHelmet
_csc1kalhp,9,974,554,122,187,DNoHelmet
_csc1kalhp,10,929,551,116,180,DNoHelmet
_csc1kalhp,11,895,551,107,172,DNoHelmet
_csc1kalhp,12,858,550,105,166,DNoHelmet
_csc1kalhp,13,821,549,104,160,DNoHelmet
_csc1kalhp,14,784,547,102,156,DNoHelmet
_csc1kalhp,15,752,546,101,150,DNoHelmet
_csc1kalhp,16,720,545,99,144,DNoHelmet
_csc1kalhp,17,689,544,97,138,DNoHelmet
_csc1kalhp,18,657,543,95,132,DNoHelmet
_csc1kalhp,19,623,541,92,129,DNoHelmet
_csc1kalhp,20,589,538,88,127,DNoHelmet
_csc1kalhp,21,555,536,85,124,DNoHelmet
_csc1kalhp,22,531,534,82,122,DNoHelmet
_csc1kalhp,23,508,532,79,120,DNoHelmet
_csc1kalhp,24,485,530,75,119,DNoHelmet
_csc1kalhp,25,462,528,71,117,DNoHelmet
_csc1kalhp,26,440,527,70,115,DNoHelmet
_csc1kalhp,27,418,526,69,113,DNoHelmet
_csc1kalhp,28,396,525,68,111,DNoHelmet
_csc1kalhp,29,374,525,66,108,DNoHelmet
_e30dknnxe,2,1639,614,281,441,DHelmetP1Helmet
_e30dknnxe,3,1540,605,309,411,DHelmetP1Helmet
_e30dknnxe,4,1455,599,280,391,DHelmetP1Helmet
_e30dknnxe,5,1369,592,253,371,DHelmetP1Helmet
_e30dknnxe,6,1294,587,236,352,DHelmetP1Helmet
_e30dknnxe,7,1220,583,219,331,DHelmetP1Helmet
_e30dknnxe,8,1153,577,206,318,DHelmetP1Helmet
_e30dknnxe,9,1087,570,193,306,DHelmetP1Helmet
_e30dknnxe,10,1032,567,181,292,DHelmetP1Helmet
_e30dknnxe,11,978,564,168,279,DHelmetP1Helmet
_e30dknnxe,12,930,561,158,268,DHelmetP1Helmet
_e30dknnxe,13,881,558,148,257,DHelmetP1Helmet
_e30dknnxe,14,841,556,138,247,DHelmetP1Helmet
_e30dknnxe,15,801,555,128,236,DHelmetP1Helmet
_e30dknnxe,16,766,552,122,230,DHelmetP1Helmet
_e30dknnxe,17,732,550,115,223,DHelmetP1Helmet
_e30dknnxe,18,697,547,110,217,DHelmetP1Helmet
_e30dknnxe,19,668,545,103,211,DHelmetP1Helmet
_e30dknnxe,20,638,543,98,204,DHelmetP1Helmet
_e30dknnxe,21,610,541,96,199,DHelmetP1Helmet
_e30dknnxe,22,583,539,93,193,DHelmetP1Helmet
_e30dknnxe,23,555,537,91,188,DHelmetP1Helmet
_e30dknnxe,24,531,536,88,183,DHelmetP1Helmet
_e30dknnxe,25,506,534,87,179,DHelmetP1Helmet
_e30dknnxe,26,484,534,84,173,DHelmetP1Helmet
_e30dknnxe,27,462,533,82,168,DHelmetP1Helmet
_e30dknnxe,28,439,532,80,163,DHelmetP1Helmet
_e30dknnxe,29,417,532,78,157,DHelmetP1Helmet
_e30dknnxe,30,397,530,77,155,DHelmetP1Helmet
_e30dknnxe,31,377,529,76,152,DHelmetP1Helmet
_e30dknnxe,32,357,528,75,149,DHelmetP1Helmet
_e30dknnxe,33,337,527,74,146,DHelmetP1Helmet
_e30dknnxe,34,317,526,73,142,DHelmetP1Helmet
_e30dknnxe,35,302,525,72,139,DHelmetP1Helmet
_e30dknnxe,36,286,524,71,136,DHelmetP1Helmet
_e30dknnxe,37,271,523,70,133,DHelmetP1Helmet
_e30dknnxe,38,256,521,69,131,DHelmetP1Helmet
_e30dknnxe,39,242,520,68,129,DHelmetP1Helmet
_e30dknnxe,40,229,519,66,127,DHelmetP1Helmet
_e30dknnxe,41,216,518,63,125,DHelmetP1Helmet
_e30dknnxe,42,203,517,61,123,DHelmetP1Helmet
_n63ow4iad,9,1722,593,198,292,DHelmetP1Helmet
_n63ow4iad,10,1653,588,254,282,DHelmetP1Helmet
_n63ow4iad,11,1590,584,241,277,DHelmetP1Helmet
_n63ow4iad,12,1527,581,229,268,DHelmetP1Helmet
_n63ow4iad,13,1474,579,217,259,DHelmetP1Helmet
_n63ow4iad,14,1421,576,205,250,DHelmetP1Helmet
_n63ow4iad,15,1370,574,196,242,DHelmetP1Helmet
_n63ow4iad,16,1319,571,187,235,DHelmetP1Helmet
_n63ow4iad,17,1274,569,178,227,DHelmetP1Helmet
_n63ow4iad,18,1229,566,169,220,DHelmetP1Helmet
_n63ow4iad,19,1188,564,163,214,DHelmetP1Helmet
_n63ow4iad,20,1147,561,156,209,DHelmetP1Helmet
_n63ow4iad,21,1106,559,150,204,DHelmetP1Helmet
_n63ow4iad,22,1070,558,145,198,DHelmetP1Helmet
_n63ow4iad,23,1035,556,138,194,DHelmetP1Helmet
_n63ow4iad,24,1003,553,134,190,DHelmetP1Helmet
_n63ow4iad,25,971,550,130,187,DHelmetP1Helmet
_n63ow4iad,26,939,547,125,183,DHelmetP1Helmet
_n63ow4iad,27,907,544,121,180,DHelmetP1Helmet
_n63ow4iad,28,880,544,114,175,DHelmetP1Helmet
_n63ow4iad,29,853,544,107,169,DHelmetP1Helmet
_n63ow4iad,30,825,544,101,164,DHelmetP1Helmet
_n63ow4iad,31,798,544,94,158,DHelmetP1Helmet
_n63ow4iad,32,773,542,93,155,DHelmetP1Helmet
_n63ow4iad,33,748,540,93,151,DHelmetP1Helmet
_n63ow4iad,34,724,538,91,147,DHelmetP1Helmet
_n63ow4iad,35,703,536,89,144,DHelmetP1Helmet
_n63ow4iad,36,681,535,89,140,DHelmetP1Helmet
_n63ow4iad,37,661,534,87,138,DHelmetP1Helmet
_n63ow4iad,38,640,533,86,136,DHelmetP1Helmet
_n63ow4iad,39,619,532,84,133,DHelmetP1Helmet
_n63ow4iad,40,599,532,82,130,DHelmetP1Helmet
_8z3cou2e1,27,1566,627,354,453,DHelmet
_8z3cou2e1,28,1458,615,387,463,DHelmet
_8z3cou2e1,29,1360,605,347,437,DHelmet
_8z3cou2e1,30,1270,599,319,413,DHelmet
_8z3cou2e1,31,1191,595,291,389,DHelmet
_8z3cou2e1,32,1122,590,270,370,DHelmet
_8z3cou2e1,33,1052,584,251,352,DHelmet
_8z3cou2e1,34,993,579,231,332,DHelmet
_8z3cou2e1,35,943,574,214,318,DHelmet
_8z3cou2e1,36,893,569,197,305,DHelmet
_8z3cou2e1,37,850,566,184,293,DHelmet
_8z3cou2e1,38,808,563,169,281,DHelmet
_8z3cou2e1,39,773,560,156,270,DHelmet
_8z3cou2e1,40,739,557,148,258,DHelmet
_8z3cou2e1,41,704,555,142,245,DHelmet
_8z3cou2e1,42,678,552,134,238,DHelmet
_8z3cou2e1,43,652,550,127,230,DHelmet
_8z3cou2e1,44,625,547,120,223,DHelmet
_8z3cou2e1,45,599,545,113,215,DHelmet
_8z3cou2e1,46,579,543,110,210,DHelmet
_8z3cou2e1,47,560,542,105,204,DHelmet
_8z3cou2e1,48,540,541,102,198,DHelmet
_8z3cou2e1,49,521,539,98,193,DHelmet
_8z3cou2e1,50,501,538,95,187,DHelmet
_8z3cou2e1,51,485,536,91,181,DHelmet
_8z3cou2e1,52,468,533,88,177,DHelmet
_8z3cou2e1,53,451,531,85,171,DHelmet
_8z3cou2e1,54,440,530,82,168,DHelmet
_8z3cou2e1,55,428,529,81,164,DHelmet
_8z3cou2e1,56,416,528,80,161,DHelmet
_8z3cou2e1,57,404,527,78,157,DHelmet
_8z3cou2e1,58,392,526,77,153,DHelmet
_8z3cou2e1,59,381,525,75,150,DHelmet
_8z3cou2e1,60,369,524,73,146,DHelmet
_8z3cou2e1,61,357,523,72,143,DHelmet
_8z3cou2e1,62,345,522,70,139,DHelmet
_8z3cou2e1,63,337,522,69,136,DHelmet
_8z3cou2e1,64,328,521,68,135,DHelmet
_8z3cou2e1,65,320,521,66,132,DHelmet
_8z3cou2e1,66,311,521,65,129,DHelmet
_8z3cou2e1,67,303,520,63,128,DHelmet
_8z3cou2e1,68,296,520,62,125,DHelmet
_8z3cou2e1,69,290,519,61,123,DHelmet
_8z3cou2e1,70,284,519,60,120,DHelmet
_8z3cou2e1,71,278,518,58,119,DHelmet
_8z3cou2e1,72,273,518,56,116,DHelmet
_8z3cou2e1,73,267,518,56,113,DHelmet
_8z3cou2e1,74,262,517,54,112,DHelmet
_8z3cou2e1,75,257,517,52,109,DHelmet
_8z3cou2e1,76,251,516,51,107,DHelmet
_8z3cou2e1,77,246,516,50,105,DHelmet
_8z3cou2e1,78,241,516,48,102,DHelmet
_keffkctk5,18,1642,614,278,449,DHelmetP1HelmetP2NoHelmet
_keffkctk5,19,1550,605,370,429,DHelmetP1HelmetP2NoHelmet
_keffkctk5,20,1465,599,346,402,DHelmetP1HelmetP2NoHelmet
_keffkctk5,21,1391,594,311,384,DHelmetP1HelmetP2NoHelmet
_keffkctk5,22,1319,588,292,367,DHelmetP1HelmetP2NoHelmet
_keffkctk5,23,1247,582,274,350,DHelmetP1HelmetP2NoHelmet
_keffkctk5,24,1191,578,256,333,DHelmetP1HelmetP2NoHelmet
_keffkctk5,25,1135,573,237,316,DHelmetP1HelmetP2NoHelmet
_keffkctk5,26,1083,569,225,304,DHelmetP1HelmetP2NoHelmet
_keffkctk5,27,1031,564,212,293,DHelmetP1HelmetP2NoHelmet
_keffkctk5,28,989,563,199,280,DHelmetP1HelmetP2NoHelmet
_keffkctk5,29,947,561,186,269,DHelmetP1HelmetP2NoHelmet
_keffkctk5,30,909,559,178,260,DHelmetP1HelmetP2NoHelmet
_keffkctk5,31,871,557,170,250,DHelmetP1HelmetP2NoHelmet
_keffkctk5,32,833,555,162,241,DHelmetP1HelmetP2NoHelmet
_keffkctk5,33,796,553,152,231,DHelmetP1HelmetP2NoHelmet
_keffkctk5,34,767,551,149,224,DHelmetP1HelmetP2NoHelmet
_keffkctk5,35,738,548,145,218,DHelmetP1HelmetP2NoHelmet
_keffkctk5,36,709,545,142,212,DHelmetP1HelmetP2NoHelmet
_keffkctk5,37,689,543,130,207,DHelmetP1HelmetP2NoHelmet
_keffkctk5,38,669,540,119,203,DHelmetP1HelmetP2NoHelmet
_keffkctk5,39,646,539,115,198,DHelmetP1HelmetP2NoHelmet
_keffkctk5,40,623,538,110,193,DHelmetP1HelmetP2NoHelmet
_keffkctk5,41,602,537,106,188,DHelmetP1HelmetP2NoHelmet
_keffkctk5,42,581,535,101,184,DHelmetP1HelmetP2NoHelmet
_keffkctk5,43,560,534,97,180,DHelmetP1HelmetP2NoHelmet
_keffkctk5,44,540,533,92,175,DHelmetP1HelmetP2NoHelmet
_keffkctk5,45,519,532,88,170,DHelmetP1HelmetP2NoHelmet
_keffkctk5,46,499,531,83,165,DHelmetP1HelmetP2NoHelmet
_keffkctk5,47,481,529,79,161,DHelmetP1HelmetP2NoHelmet
_keffkctk5,48,463,528,74,157,DHelmetP1HelmetP2NoHelmet
_keffkctk5,49,445,527,73,154,DHelmetP1HelmetP2NoHelmet
_keffkctk5,50,427,526,73,151,DHelmetP1HelmetP2NoHelmet
_keffkctk5,51,409,525,72,148,DHelmetP1HelmetP2NoHelmet
_keffkctk5,52,391,524,71,145,DHelmetP1HelmetP2NoHelmet
_keffkctk5,53,373,523,71,143,DHelmetP1HelmetP2NoHelmet
_keffkctk5,54,355,521,70,141,DHelmetP1HelmetP2NoHelmet
_keffkctk5,55,337,520,69,138,DHelmetP1HelmetP2NoHelmet
_keffkctk5,56,324,520,68,135,DHelmetP1HelmetP2NoHelmet
_keffkctk5,57,310,520,68,132,DHelmetP1HelmetP2NoHelmet
_keffkctk5,58,297,519,67,130,DHelmetP1HelmetP2NoHelmet
_keffkctk5,59,284,519,66,127,DHelmetP1HelmetP2NoHelmet
_keffkctk5,60,270,519,66,124,DHelmetP1HelmetP2NoHelmet
_keffkctk5,61,257,519,65,121,DHelmetP1HelmetP2NoHelmet
_keffkctk5,62,247,518,64,120,DHelmetP1HelmetP2NoHelmet
_keffkctk5,63,237,517,64,119,DHelmetP1HelmetP2NoHelmet
_keffkctk5,64,227,517,63,116,DHelmetP1HelmetP2NoHelmet
_keffkctk5,65,218,516,62,115,DHelmetP1HelmetP2NoHelmet
_keffkctk5,66,209,516,61,113,DHelmetP1HelmetP2NoHelmet
_keffkctk5,67,201,515,60,111,DHelmetP1HelmetP2NoHelmet
_keffkctk5,68,192,515,60,109,DHelmetP1HelmetP2NoHelmet
_keffkctk5,69,184,514,59,108,DHelmetP1HelmetP2NoHelmet
_ddl7y82v7,38,1655,606,265,439,DHelmet
_ddl7y82v7,39,1566,601,305,409,DHelmet
_ddl7y82v7,40,1489,594,273,390,DHelmet
_ddl7y82v7,41,1420,589,250,369,DHelmet
_ddl7y82v7,42,1351,583,226,350,DHelmet
_ddl7y82v7,43,1289,582,208,330,DHelmet
_ddl7y82v7,44,1234,578,198,316,DHelmet
_ddl7y82v7,45,1179,573,188,304,DHelmet
_ddl7y82v7,46,1131,569,171,290,DHelmet
_ddl7y82v7,47,1083,564,154,277,DHelmet
_ddl7y82v7,48,1040,561,146,268,DHelmet
_ddl7y82v7,49,996,558,140,259,DHelmet
_ddl7y82v7,50,953,555,132,249,DHelmet
_ddl7y82v7,51,917,554,127,240,DHelmet
_ddl7y82v7,52,881,552,122,231,DHelmet
_ddl7y82v7,53,854,551,109,222,DHelmet
_ddl7y82v7,54,824,549,106,216,DHelmet
_ddl7y82v7,55,795,546,102,210,DHelmet
_ddl7y82v7,56,765,544,99,204,DHelmet
_ddl7y82v7,57,736,541,95,198,DHelmet
_ddl7y82v7,58,713,540,92,193,DHelmet
_ddl7y82v7,59,690,539,88,187,DHelmet
_ddl7y82v7,60,666,537,85,182,DHelmet
_ddl7y82v7,61,643,536,81,176,DHelmet
_ddl7y82v7,62,624,535,79,172,DHelmet
_ddl7y82v7,63,604,534,78,169,DHelmet
_ddl7y82v7,64,585,532,76,166,DHelmet
_ddl7y82v7,65,566,531,73,162,DHelmet
_ddl7y82v7,66,549,530,72,159,DHelmet
_ddl7y82v7,67,533,529,69,155,DHelmet
_ddl7y82v7,68,516,528,68,152,DHelmet
_ddl7y82v7,69,499,526,66,149,DHelmet
_ddl7y82v7,70,484,526,64,145,DHelmet
_ddl7y82v7,71,469,525,62,142,DHelmet
_ddl7y82v7,72,454,524,60,139,DHelmet
_ddl7y82v7,73,440,523,58,136,DHelmet
_ddl7y82v7,74,426,522,57,132,DHelmet
_ddl7y82v7,75,413,521,54,129,DHelmet
_ddl7y82v7,76,399,521,53,125,DHelmet
_ddl7y82v7,77,386,520,53,124,DHelmet
_ddl7y82v7,78,373,520,53,121,DHelmet
_ddl7y82v7,79,360,519,54,120,DHelmet
_ddl7y82v7,80,346,519,55,118,DHelmet
_mqr3hyaus,48,1618,636,302,444,DHelmetP1NoHelmetP2Helmet
_mqr3hyaus,49,1496,624,379,456,DHelmetP1NoHelmetP2Helmet
_mqr3hyaus,50,1391,610,339,439,DHelmetP1NoHelmetP2Helmet
_mqr3hyaus,51,1300,599,293,411,DHelmetP1NoHelmetP2Helmet
_mqr3hyaus,52,1220,595,278,379,DHelmetP1NoHelmetP2Helmet
_mqr3hyaus,53,1146,587,235,360,DHelmetP1NoHelmetP2Helmet
_mqr3hyaus,54,1082,580,193,340,DHelmetP1NoHelmetP2Helmet
_mqr3hyaus,55,1030,575,179,321,DHelmetP1NoHelmetP2Helmet
_mqr3hyaus,56,978,571,165,301,DHelmetP1NoHelmetP2Helmet
_mqr3hyaus,57,926,566,151,283,DHelmetP1NoHelmetP2Helmet
_mqr3hyaus,58,888,564,144,270,DHelmetP1NoHelmetP2Helmet
_mqr3hyaus,59,849,562,139,257,DHelmetP1NoHelmetP2Helmet
_mqr3hyaus,60,811,559,132,245,DHelmetP1NoHelmetP2Helmet
_mqr3hyaus,61,772,557,127,233,DHelmetP1NoHelmetP2Helmet
_mqr3hyaus,62,742,554,125,226,DHelmetP1NoHelmetP2Helmet
_mqr3hyaus,63,712,552,122,217,DHelmetP1NoHelmetP2Helmet
_mqr3hyaus,64,687,549,115,210,DHelmetP1NoHelmetP2Helmet
_mqr3hyaus,65,662,547,107,202,DHelmetP1NoHelmetP2Helmet
_mqr3hyaus,66,637,544,100,195,DHelmetP1NoHelmetP2Helmet
_mqr3hyaus,67,613,542,91,187,DHelmetP1NoHelmetP2Helmet
_mqr3hyaus,68,591,540,91,182,DHelmetP1NoHelmetP2Helmet
_mqr3hyaus,69,569,539,90,177,DHelmetP1NoHelmetP2Helmet
_mqr3hyaus,70,548,537,88,173,DHelmetP1NoHelmetP2Helmet
_mqr3hyaus,71,531,536,84,167,DHelmetP1NoHelmetP2Helmet
_mqr3hyaus,72,514,534,80,163,DHelmetP1NoHelmetP2Helmet
_mqr3hyaus,73,498,533,75,158,DHelmetP1NoHelmetP2Helmet
_mqr3hyaus,74,481,531,71,153,DHelmetP1NoHelmetP2Helmet
_mqr3hyaus,75,466,530,68,149,DHelmetP1NoHelmetP2Helmet
_mqr3hyaus,76,451,528,66,147,DHelmetP1NoHelmetP2Helmet
_mqr3hyaus,77,436,527,63,143,DHelmetP1NoHelmetP2Helmet
_mqr3hyaus,78,421,525,60,140,DHelmetP1NoHelmetP2Helmet
_mqr3hyaus,79,406,524,58,136,DHelmetP1NoHelmetP2Helmet
_mqr3hyaus,80,391,523,55,132,DHelmetP1NoHelmetP2Helmet
_mqr3hyaus,81,376,521,52,129,DHelmetP1NoHelmetP2Helmet
_mqr3hyaus,82,361,520,50,125,DHelmetP1NoHelmetP2Helmet
_il8i8cikt,59,1640,659,280,421,DNoHelmet
_il8i8cikt,60,1496,640,402,440,DNoHelmet
_il8i8cikt,61,1371,628,348,452,DNoHelmet
_il8i8cikt,62,1263,614,301,441,DNoHelmet
_il8i8cikt,63,1164,603,268,413,DNoHelmet
_il8i8cikt,64,1086,598,236,386,DNoHelmet
_il8i8cikt,65,1008,593,213,361,DNoHelmet
_il8i8cikt,66,946,585,190,336,DNoHelmet
_il8i8cikt,67,883,579,178,319,DNoHelmet
_il8i8cikt,68,821,573,166,302,DNoHelmet
_il8i8cikt,69,772,570,155,284,DNoHelmet
_il8i8cikt,70,723,563,148,273,DNoHelmet
_il8i8cikt,71,681,559,142,262,DNoHelmet
_il8i8cikt,72,640,555,135,251,DNoHelmet
_il8i8cikt,73,606,552,128,240,DNoHelmet
_il8i8cikt,74,572,549,122,229,DNoHelmet
_il8i8cikt,75,543,547,118,221,DNoHelmet
_il8i8cikt,76,514,545,114,213,DNoHelmet
_il8i8cikt,77,485,542,110,206,DNoHelmet
_il8i8cikt,78,463,540,105,198,DNoHelmet
_il8i8cikt,79,440,539,101,190,DNoHelmet
_il8i8cikt,80,418,537,96,183,DNoHelmet
_il8i8cikt,81,396,535,91,175,DNoHelmet
_il8i8cikt,82,382,535,88,170,DNoHelmet
_il8i8cikt,83,368,534,86,165,DNoHelmet
_il8i8cikt,84,354,533,83,160,DNoHelmet
_il8i8cikt,85,340,532,80,156,DNoHelmet
_il8i8cikt,86,326,531,77,151,DNoHelmet
_il8i8cikt,87,312,531,74,146,DNoHelmet
_il8i8cikt,88,298,530,71,141,DNoHelmet
_il8i8cikt,89,284,529,68,136,DNoHelmet
_il8i8cikt,90,270,528,65,132,DNoHelmet
_il8i8cikt,91,262,527,63,129,DNoHelmet
_il8i8cikt,92,253,526,62,127,DNoHelmet
_il8i8cikt,93,244,525,61,124,DNoHelmet
_il8i8cikt,94,235,523,60,123,DNoHelmet
_il8i8cikt,95,227,522,58,120,DNoHelmet
_il8i8cikt,96,218,521,57,118,DNoHelmet
_il8i8cikt,97,209,520,55,115,DNoHelmet
_il8i8cikt,98,200,518,54,114,DNoHelmet
_il8i8cikt,99,192,517,52,111,DNoHelmet
_il8i8cikt,100,183,516,51,108,DNoHelmet
_2v2q3qp1z,85,1544,644,376,436,DHelmet
_2v2q3qp1z,86,1425,632,390,448,DHelmet
_2v2q3qp1z,87,1316,618,348,462,DHelmet
_2v2q3qp1z,88,1225,609,306,437,DHelmet
_2v2q3qp1z,89,1144,602,272,414,DHelmet
_2v2q3qp1z,90,1069,595,246,387,DHelmet
_2v2q3qp1z,91,1001,590,227,365,DHelmet
_2v2q3qp1z,92,942,582,207,343,DHelmet
_2v2q3qp1z,93,889,577,192,325,DHelmet
_2v2q3qp1z,94,837,572,175,308,DHelmet
_2v2q3qp1z,95,787,567,166,296,DHelmet
_2v2q3qp1z,96,743,563,157,284,DHelmet
_2v2q3qp1z,97,699,558,148,273,DHelmet
_2v2q3qp1z,98,663,556,141,261,DHelmet
_2v2q3qp1z,99,627,553,134,249,DHelmet
_2v2q3qp1z,100,591,550,128,238,DHelmet
