track_id,frame_id,x,y,w,h,label
_bsl9em97o,1,427,345,50,104,DHelmet
_bsl9em97o,2,420,345,48,102,DHelmet
_bsl9em97o,3,413,346,46,100,DHelmet
_bsl9em97o,4,405,347,45,97,DHelmet
_bsl9em97o,5,398,347,42,95,DHelmet
_bsl9em97o,6,389,346,44,95,DHelmet
_bsl9em97o,7,381,345,45,96,DHelmet
_bsl9em97o,8,372,345,46,96,DHelmet
_bsl9em97o,9,366,344,47,96,DHelmet
_bsl9em97o,10,358,344,46,93,DHelmet
_bsl9em97o,11,351,343,45,93,DHelmet
_utb43pxgz,1,529,353,77,137,DNoHelmetP1NoHelmet
_utb43pxgz,2,517,353,75,134,DNoHelmetP1NoHelmet
_utb43pxgz,3,506,352,73,133,DNoHelmetP1NoHelmet
_utb43pxgz,4,494,351,72,131,DNoHelmetP1NoHelmet
_utb43pxgz,5,483,350,70,129,DNoHelmetP1NoHelmet
_utb43pxgz,6,471,350,70,127,DNoHelmetP1NoHelmet
_utb43pxgz,7,459,350,69,126,DNoHelmetP1NoHelmet
_utb43pxgz,8,450,349,67,124,DNoHelmetP1NoHelmet
_utb43pxgz,9,441,349,65,122,DNoHelmetP1NoHelmet
_utb43pxgz,10,432,348,63,121,DNoHelmetP1NoHelmet
_utb43pxgz,11,423,348,61,119,DNoHelmetP1NoHelmet
_utb43pxgz,12,414,347,61,119,DNoHelmetP1NoHelmet
_utb43pxgz,13,405,347,60,117,DNoHelmetP1NoHelmet
_utb43pxgz,14,396,347,60,116,DNoHelmetP1NoHelmet
_utb43pxgz,15,387,346,60,115,DNoHelmetP1NoHelmet
_utb43pxgz,16,378,346,59,114,DNoHelmetP1NoHelmet
_utb43pxgz,17,371,345,60,113,DNoHelmetP1NoHelmet
_utb43pxgz,18,364,345,60,111,DNoHelmetP1NoHelmet
_utb43pxgz,19,357,345,60,109,DNoHelmetP1NoHelmet
_utb43pxgz,20,349,344,62,109,DNoHelmetP1NoHelmet
_utb43pxgz,21,342,344,62,107,DNoHelmetP1NoHelmet
_utb43pxgz,22,335,343,61,106,DNoHelmetP1NoHelmet
_utb43pxgz,23,328,343,60,105,DNoHelmetP1NoHelmet
_utb43pxgz,24,320,342,59,105,DNoHelmetP1NoHelmet
_utb43pxgz,25,313,342,58,104,DNoHelmetP1NoHelmet
_utb43pxgz,26,306,342,56,102,DNoHelmetP1NoHelmet
_utb43pxgz,27,299,341,55,102,DNoHelmetP1NoHelmet
_utb43pxgz,28,290,341,56,101,DNoHelmetP1NoHelmet
_utb43pxgz,29,282,340,56,100,DNoHelmetP1NoHelmet
_utb43pxgz,30,273,340,57,99,DNoHelmetP1NoHelmet
_utb43pxgz,31,265,339,57,98,DNoHelmetP1NoHelmet
_utb43pxgz,32,257,339,56,97,DNoHelmetP1NoHelmet
_utb43pxgz,33,248,339,57,95,DNoHelmetP1NoHelmet
_utb43pxgz,34,240,338,56,95,DNoHelmetP1NoHelmet
_utb43pxgz,35,231,338,57,94,DNoHelmetP1NoHelmet
_utb43pxgz,36,223,338,56,93,DNoHelmetP1NoHelmet
_utb43pxgz,37,214,337,56,93,DNoHelmetP1NoHelmet
_utb43pxgz,38,206,337,55,92,DNoHelmetP1NoHelmet
_utb43pxgz,39,199,337,55,91,DNoHelmetP1NoHelmet
_utb43pxgz,40,193,336,55,91,DNoHelmetP1NoHelmet
_0bjc11dqj,34,282,340,50,92,DHelmet
_0bjc11dqj,35,277,340,50,91,DHelmet
_0bjc11dqj,36,272,339,49,91,DHelmet
_0bjc11dqj,37,268,339,48,90,DHelmet
_0bjc11dqj,38,263,339,47,89,DHelmet
_0bjc11dqj,39,258,338,47,88,DHelmet
_0bjc11dqj,40,253,338,46,87,DHelmet
_0bjc11dqj,41,248,337,46,87,DHelmet
_0bjc11dqj,42,244,337,44,86,DHelmet
_0bjc11dqj,43,239,337,43,85,DHelmet
_0bjc11dqj,44,235,337,41,85,DHelmet
_0bjc11dqj,45,230,337,40,84,DHelmet
_vn4h88wr4,1,780,380,80,147,DHelmetP1Helmet
_vn4h88wr4,2,762,379,79,145,DHelmetP1Helmet
_vn4h88wr4,3,744,378,79,142,DHelmetP1Helmet
_vn4h88wr4,4,726,377,78,140,DHelmetP1Helmet
_vn4h88wr4,5,709,376,76,137,DHelmetP1Helmet
_vn4h88wr4,6,693,375,76,134,DHelmetP1Helmet
_vn4h88wr4,7,678,374,75,132,DHelmetP1Helmet
_vn4h88wr4,8,663,373,74,129,DHelmetP1Helmet
_vn4h88wr4,9,651,372,73,128,DHelmetP1Helmet
_vn4h88wr4,10,638,371,72,126,DHelmetP1Helmet
_vn4h88wr4,11,626,370,70,125,DHelmetP1Helmet
_vn4h88wr4,12,613,369,70,123,DHelmetP1Helmet
_vn4h88wr4,13,601,368,68,122,DHelmetP1Helmet
_vn4h88wr4,14,588,367,67,120,DHelmetP1Helmet
_vn4h88wr4,15,576,367,66,117,DHelmetP1Helmet
_vn4h88wr4,16,565,365,65,118,DHelmetP1Helmet
_vn4h88wr4,17,555,364,64,118,DHelmetP1Helmet
_vn4h88wr4,18,545,362,62,119,DHelmetP1Helmet
_vn4h88wr4,19,534,361,63,118,DHelmetP1Helmet
_vn4h88wr4,20,524,361,62,117,DHelmetP1Helmet
_vn4h88wr4,21,514,360,62,116,DHelmetP1Helmet
_vn4h88wr4,22,503,360,62,114,DHelmetP1Helmet
_vn4h88wr4,23,493,359,62,113,DHelmetP1Helmet
_vn4h88wr4,24,483,359,61,111,DHelmetP1Helmet
_vn4h88wr4,25,472,358,62,111,DHelmetP1Helmet
_vn4h88wr4,26,463,358,61,109,DHelmetP1Helmet
_vn4h88wr4,27,453,357,61,108,DHelmetP1Helmet
_vn4h88wr4,28,444,357,61,106,DHelmetP1Helmet
_vn4h88wr4,29,434,356,61,105,DHelmetP1Helmet
_vn4h88wr4,30,424,356,61,104,DHelmetP1Helmet
_vn4h88wr4,31,415,355,60,103,DHelmetP1Helmet
_vn4h88wr4,32,405,355,61,101,DHelmetP1Helmet
_vn4h88wr4,33,396,354,60,100,DHelmetP1Helmet
_vn4h88wr4,34,386,354,60,98,DHelmetP1Helmet
_vn4h88wr4,35,378,353,59,98,DHelmetP1Helmet
_vn4h88wr4,36,369,353,59,96,DHelmetP1Helmet
_vn4h88wr4,37,361,352,57,96,DHelmetP1Helmet
_vn4h88wr4,38,352,351,57,96,DHelmetP1Helmet
_vn4h88wr4,39,344,351,55,94,DHelmetP1Helmet
_vn4h88wr4,40,336,350,54,94,DHelmetP1Helmet
_vn4h88wr4,41,327,349,54,93,DHelmetP1Helmet
_vn4h88wr4,42,319,349,52,92,DHelmetP1Helmet
_vn4h88wr4,43,310,348,52,91,DHelmetP1Helmet
_vn4h88wr4,44,302,347,50,91,DHelmetP1Helmet
_vn4h88wr4,45,294,347,50,90,DHelmetP1Helmet
_vn4h88wr4,46,286,347,50,88,DHelmetP1Helmet
_vn4h88wr4,47,278,346,50,88,DHelmetP1Helmet
_vn4h88wr4,48,270,346,50,87,DHelmetP1Helmet
_vn4h88wr4,49,263,345,48,87,DHelmetP1Helmet
_vn4h88wr4,50,255,345,49,85,DHelmetP1Helmet
_vn4h88wr4,51,248,344,48,85,DHelmetP1Helmet
_vn4h88wr4,52,241,343,47,84,DHelmetP1Helmet
_vn4h88wr4,53,233,343,47,83,DHelmetP1Helmet
_vn4h88wr4,54,226,342,47,82,DHelmetP1Helmet
_u1qznkzdi,14,1283,427,207,308,DHelmetP1Helmet
_u1qznkzdi,15,1228,424,192,295,DHelmetP1Helmet
_u1qznkzdi,16,1179,422,180,279,DHelmetP1Helmet
_u1qznkzdi,17,1130,414,169,274,DHelmetP1Helmet
_u1qznkzdi,18,1085,411,163,260,DHelmetP1Helmet
_u1qznkzdi,19,1046,414,148,247,DHelmetP1Helmet
_u1qznkzdi,20,1008,408,142,241,DHelmetP1Helmet
_u1qznkzdi,21,972,403,136,234,DHelmetP1Helmet
_u1qznkzdi,22,941,397,131,229,DHelmetP1Helmet
_u1qznkzdi,23,910,396,124,221,DHelmetP1Helmet
_u1qznkzdi,24,878,394,119,215,DHelmetP1Helmet
_u1qznkzdi,25,858,397,113,209,DHelmetP1Helmet
_u1qznkzdi,26,821,392,107,203,DHelmetP1Helmet
_u1qznkzdi,27,796,388,102,197,DHelmetP1Helmet
_u1qznkzdi,28,771,384,98,190,DHelmetP1Helmet
_u1qznkzdi,29,753,383,94,184,DHelmetP1Helmet
_u1qznkzdi,30,734,382,85,178,DHelmetP1Helmet
_u1qznkzdi,31,713,381,84,173,DHelmetP1Helmet
_u1qznkzdi,32,693,379,82,169,DHelmetP1Helmet
_u1qznkzdi,33,674,377,79,166,DHelmetP1Helmet
_u1qznkzdi,34,656,376,78,161,DHelmetP1Helmet
_u1qznkzdi,35,638,374,76,158,DHelmetP1Helmet
_u1qznkzdi,36,620,372,74,154,DHelmetP1Helmet
_u1qznkzdi,37,604,371,73,150,DHelmetP1Helmet
_u1qznkzdi,38,589,370,71,146,DHelmetP1Helmet
_u1qznkzdi,39,573,368,69,144,DHelmetP1Helmet
_u1qznkzdi,40,557,367,68,140,DHelmetP1Helmet
_u1qznkzdi,41,541,366,67,136,DHelmetP1Helmet
_u1qznkzdi,42,525,365,65,132,DHelmetP1Helmet
_u1qznkzdi,43,509,363,64,130,DHelmetP1Helmet
_u1qznkzdi,44,495,362,63,127,DHelmetP1Helmet
_u1qznkzdi,45,481,360,62,125,DHelmetP1Helmet
_u1qznkzdi,46,467,358,60,123,DHelmetP1Helmet
_u1qznkzdi,47,454,358,59,120,DHelmetP1Helmet
_u1qznkzdi,48,441,357,58,118,DHelmetP1Helmet
_u1qznkzdi,49,428,357,56,115,DHelmetP1Helmet
_u1qznkzdi,50,417,356,53,113,DHelmetP1Helmet
_u1qznkzdi,51,406,355,50,111,DHelmetP1Helmet
_u1qznkzdi,52,395,356,50,108,DHelmetP1Helmet
_u1qznkzdi,53,383,356,50,106,DHelmetP1Helmet
_u1qznkzdi,54,372,357,50,103,DHelmetP1Helmet
_u1qznkzdi,55,363,356,49,102,DHelmetP1Helmet
_u1qznkzdi,56,353,355,49,101,DHelmetP1Helmet
_u1qznkzdi,57,344,354,49,100,DHelmetP1Helmet
_u1qznkzdi,58,335,353,49,99,DHelmetP1Helmet
_u1qznkzdi,59,327,352,48,99,DHelmetP1Helmet
_u1qznkzdi,60,318,351,47,98,DHelmetP1Helmet
_u1qznkzdi,61,309,350,47,97,DHelmetP1Helmet
_u1qznkzdi,62,301,349,46,96,DHelmetP1Helmet
_u1qznkzdi,63,292,348,46,95,DHelmetP1Helmet
_u1qznkzdi,64,283,347,46,94,DHelmetP1Helmet
_u1qznkzdi,65,275,346,46,93,DHelmetP1Helmet
_u1qznkzdi,66,267,345,46,92,DHelmetP1Helmet
_u1qznkzdi,67,260,344,45,91,DHelmetP1Helmet
_u1qznkzdi,68,252,343,45,90,DHelmetP1Helmet
_u1qznkzdi,69,244,342,45,89,DHelmetP1Helmet
_u1qznkzdi,70,236,341,44,88,DHelmetP1Helmet
_u1qznkzdi,71,228,340,44,88,DHelmetP1Helmet
_yup8ygjqi,18,1324,433,268,348,DHelmetP1NoHelmet
_yup8ygjqi,19,1239,428,244,331,DHelmetP1NoHelmet
_yup8ygjqi,20,1161,418,224,315,DHelmetP1NoHelmet
_yup8ygjqi,21,1094,413,202,298,DHelmetP1NoHelmet
_yup8ygjqi,22,1023,406,180,289,DHelmetP1NoHelmet
_yup8ygjqi,23,965,403,175,272,DHelmetP1NoHelmet
_yup8ygjqi,24,901,400,167,258,DHelmetP1NoHelmet
_yup8ygjqi,25,849,397,156,244,DHelmetP1NoHelmet
_yup8ygjqi,26,795,393,147,234,DHelmetP1NoHelmet
_yup8ygjqi,27,751,388,138,225,DHelmetP1NoHelmet
_yup8ygjqi,28,706,386,130,215,DHelmetP1NoHelmet
_yup8ygjqi,29,666,382,118,207,DHelmetP1NoHelmet
_yup8ygjqi,30,635,377,106,200,DHelmetP1NoHelmet
_yup8ygjqi,31,599,374,103,193,DHelmetP1NoHelmet
_yup8ygjqi,32,570,372,95,186,DHelmetP1NoHelmet
_yup8ygjqi,33,545,371,90,179,DHelmetP1NoHelmet
_yup8ygjqi,34,522,369,84,173,DHelmetP1NoHelmet
_yup8ygjqi,35,501,367,83,167,DHelmetP1NoHelmet
_yup8ygjqi,36,481,365,79,163,DHelmetP1NoHelmet
_yup8ygjqi,37,464,364,75,158,DHelmetP1NoHelmet
_yup8ygjqi,38,447,362,76,154,DHelmetP1NoHelmet
_yup8ygjqi,39,434,360,73,150,DHelmetP1NoHelmet
_yup8ygjqi,40,421,358,72,146,DHelmetP1NoHelmet
_yup8ygjqi,41,409,356,71,143,DHelmetP1NoHelmet
_yup8ygjqi,42,398,355,71,140,DHelmetP1NoHelmet
_yup8ygjqi,43,388,355,69,135,DHelmetP1NoHelmet
_yup8ygjqi,44,378,354,68,132,DHelmetP1NoHelmet
_yup8ygjqi,45,368,353,68,130,DHelmetP1NoHelmet
_yup8ygjqi,46,358,353,67,127,DHelmetP1NoHelmet
_yup8ygjqi,47,348,352,67,125,DHelmetP1NoHelmet
_yup8ygjqi,48,337,351,67,123,DHelmetP1NoHelmet
_yup8ygjqi,49,327,351,66,120,DHelmetP1NoHelmet
_yup8ygjqi,50,317,350,64,118,DHelmetP1NoHelmet
_yup8ygjqi,51,306,349,64,116,DHelmetP1NoHelmet
_yup8ygjqi,52,298,349,62,113,DHelmetP1NoHelmet
_yup8ygjqi,53,289,348,60,112,DHelmetP1NoHelmet
_yup8ygjqi,54,281,347,58,110,DHelmetP1NoHelmet
_yup8ygjqi,55,274,346,56,108,DHelmetP1NoHelmet
_yup8ygjqi,56,266,345,54,106,DHelmetP1NoHelmet
_yup8ygjqi,57,258,344,52,104,DHelmetP1NoHelmet
_yup8ygjqi,58,250,343,51,103,DHelmetP1NoHelmet
_yup8ygjqi,59,243,342,50,102,DHelmetP1NoHelmet
_yup8ygjqi,60,235,341,49,100,DHelmetP1NoHelmet
_yup8ygjqi,61,227,340,49,99,DHelmetP1NoHelmet
_yup8ygjqi,62,221,340,48,97,DHelmetP1NoHelmet
_yup8ygjqi,63,215,339,46,96,DHelmetP1NoHelmet
_yup8ygjqi,64,209,339,45,94,DHelmetP1NoHelmet
_yup8ygjqi,65,203,338,44,93,DHelmetP1NoHelmet
_yup8ygjqi,66,197,338,42,91,DHelmetP1NoHelmet
_yup8ygjqi,67,192,337,40,89,DHelmetP1NoHelmet
_yup8ygjqi,68,186,337,40,90,DHelmetP1NoHelmet
_etlbx3j7o,24,1619,464,301,368,DHelmet
_etlbx3j7o,25,1521,458,317,349,DHelmet
_etlbx3j7o,26,1438,452,287,335,DHelmet
_etlbx3j7o,27,1357,443,262,319,DHelmet
_etlbx3j7o,28,1283,438,240,305,DHelmet
_etlbx3j7o,29,1215,432,218,292,DHelmet
_etlbx3j7o,30,1154,426,200,281,DHelmet
_etlbx3j7o,31,1096,421,183,269,DHelmet
_etlbx3j7o,32,1040,416,171,258,DHelmet
_etlbx3j7o,33,990,412,160,247,DHelmet
_etlbx3j7o,34,944,408,148,239,DHelmet
_etlbx3j7o,35,899,404,139,231,DHelmet
_etlbx3j7o,36,861,400,130,223,DHelmet
_etlbx3j7o,37,822,397,123,216,DHelmet
_etlbx3j7o,38,787,395,116,208,DHelmet
_etlbx3j7o,39,754,392,110,201,DHelmet
_etlbx3j7o,40,722,389,103,194,DHelmet
_etlbx3j7o,41,692,387,100,188,DHelmet
_etlbx3j7o,42,662,384,97,183,DHelmet
_etlbx3j7o,43,634,382,95,177,DHelmet
_etlbx3j7o,44,606,379,94,173,DHelmet
_etlbx3j7o,45,585,377,89,168,DHelmet
_etlbx3j7o,46,564,375,84,164,DHelmet
_etlbx3j7o,47,542,372,80,161,DHelmet
_etlbx3j7o,48,523,370,78,157,DHelmet
_etlbx3j7o,49,503,368,77,153,DHelmet
_etlbx3j7o,50,485,366,73,149,DHelmet
_etlbx3j7o,51,467,363,70,147,DHelmet
_etlbx3j7o,52,453,362,67,143,DHelmet
_etlbx3j7o,53,440,362,63,139,DHelmet
_etlbx3j7o,54,425,361,63,137,DHelmet
_etlbx3j7o,55,410,361,64,134,DHelmet
_etlbx3j7o,56,397,359,62,131,DHelmet
_etlbx3j7o,57,384,358,60,127,DHelmet
_etlbx3j7o,58,376,356,58,125,DHelmet
_etlbx3j7o,59,364,355,57,123,DHelmet
_etlbx3j7o,60,353,355,55,120,DHelmet
_etlbx3j7o,61,344,354,54,118,DHelmet
_etlbx3j7o,62,335,353,53,116,DHelmet
_etlbx3j7o,63,325,353,53,113,DHelmet
_etlbx3j7o,64,318,352,51,111,DHelmet
_etlbx3j7o,65,310,351,50,110,DHelmet
_etlbx3j7o,66,302,351,49,107,DHelmet
_etlbx3j7o,67,294,350,48,105,DHelmet
_etlbx3j7o,68,286,349,47,103,DHelmet
_etlbx3j7o,69,278,348,46,101,DHelmet
_etlbx3j7o,70,270,348,45,98,DHelmet
_etlbx3j7o,71,262,347,45,98,DHelmet
_etlbx3j7o,72,255,346,44,97,DHelmet
_etlbx3j7o,73,247,346,45,96,DHelmet
_etlbx3j7o,74,239,345,45,95,DHelmet
_etlbx3j7o,75,232,344,44,94,DHelmet
_etlbx3j7o,76,224,343,45,94,DHelmet
_etlbx3j7o,77,217,343,44,92,DHelmet
_etlbx3j7o,78,209,342,44,92,DHelmet
_etlbx3j7o,79,202,341,44,91,DHelmet
_etlbx3j7o,80,194,340,44,91,DHelmet
_etlbx3j7o,81,186,340,44,89,DHelmet
_etlbx3j7o,82,179,339,44,88,DHelmet
_etlbx3j7o,83,171,338,44,88,DHelmet
_i4za7jaio,30,1697,460,223,297,DHelmet
_i4za7jaio,31,1631,455,267,291,DHelmet
_i4za7jaio,32,1567,450,275,284,DHelmet
_i4za7jaio,33,1504,445,265,277,DHelmet
_i4za7jaio,34,1444,439,254,270,DHelmet
_i4za7jaio,35,1389,435,245,263,DHelmet
_i4za7jaio,36,1335,431,231,256,DHelmet
_i4za7jaio,37,1284,425,218,253,DHelmet
_i4za7jaio,38,1239,423,205,242,DHelmet
_i4za7jaio,39,1194,418,191,239,DHelmet
_i4za7jaio,40,1147,415,185,235,DHelmet
_i4za7jaio,41,1103,413,178,229,DHelmet
_i4za7jaio,42,1064,409,169,224,DHelmet
_i4za7jaio,43,1024,406,161,218,DHelmet
_i4za7jaio,44,986,402,154,215,DHelmet
_i4za7jaio,45,948,399,147,211,DHelmet
_i4za7jaio,46,912,396,141,205,DHelmet
_i4za7jaio,47,881,394,135,200,DHelmet
_i4za7jaio,48,850,393,129,195,DHelmet
_i4za7jaio,49,819,391,123,189,DHelmet
_i4za7jaio,50,788,389,116,184,DHelmet
_i4za7jaio,51,759,385,109,182,DHelmet
_i4za7jaio,52,735,381,103,180,DHelmet
_i4za7jaio,53,707,380,100,175,DHelmet
_i4za7jaio,54,682,379,96,170,DHelmet
_i4za7jaio,55,656,378,93,166,DHelmet
_i4za7jaio,56,633,376,90,163,DHelmet
_i4za7jaio,57,609,374,89,161,DHelmet
_i4za7jaio,58,586,373,86,157,DHelmet
_i4za7jaio,59,563,371,84,155,DHelmet
_i4za7jaio,60,541,369,82,152,DHelmet
_i4za7jaio,61,519,367,80,149,DHelmet
_i4za7jaio,62,497,365,78,147,DHelmet
_i4za7jaio,63,479,364,74,143,DHelmet
_i4za7jaio,64,461,362,70,141,DHelmet
_i4za7jaio,65,443,360,66,138,DHelmet
_i4za7jaio,66,426,359,65,136,DHelmet
_i4za7jaio,67,410,358,62,133,DHelmet
_i4za7jaio,68,393,357,60,131,DHelmet
_i4za7jaio,69,379,355,60,129,DHelmet
_i4za7jaio,70,366,354,59,127,DHelmet
_i4za7jaio,71,352,353,59,124,DHelmet
_i4za7jaio,72,338,352,59,122,DHelmet
_i4za7jaio,73,325,352,58,119,DHelmet
_i4za7jaio,74,313,351,56,117,DHelmet
_i4za7jaio,75,300,351,55,113,DHelmet
_i4za7jaio,76,288,350,53,111,DHelmet
_i4za7jaio,77,276,350,51,108,DHelmet
_i4za7jaio,78,265,349,51,107,DHelmet
_i4za7jaio,79,255,348,50,105,DHelmet
_i4za7jaio,80,244,347,49,103,DHelmet
_i4za7jaio,81,234,346,48,102,DHelmet
_i4za7jaio,82,223,345,48,100,DHelmet
_i4za7jaio,83,213,344,46,98,DHelmet
_i4za7jaio,84,202,343,46,97,DHelmet
_i4za7jaio,85,192,342,44,95,DHelmet
_yccu4fso3,34,1687,452,233,370,DHelmetP1NoHelmetP2Helmet
_yccu4fso3,35,1621,445,299,362,DHelmetP1NoHelmetP2Helmet
_yccu4fso3,36,1556,438,288,353,DHelmetP1NoHelmetP2Helmet
_yccu4fso3,37,1500,435,267,338,DHelmetP1NoHelmetP2Helmet
_yccu4fso3,38,1441,431,255,327,DHelmetP1NoHelmetP2Helmet
_yccu4fso3,39,1388,427,242,316,DHelmetP1NoHelmetP2Helmet
_yccu4fso3,40,1338,420,229,306,DHelmetP1NoHelmetP2Helmet
_yccu4fso3,41,1295,419,214,297,DHelmetP1NoHelmetP2Helmet
_yccu4fso3,42,1252,417,201,286,DHelmetP1NoHelmetP2Helmet
_yccu4fso3,43,1215,414,187,275,DHelmetP1NoHelmetP2Helmet
_yccu4fso3,44,1180,405,175,274,DHelmetP1NoHelmetP2Helmet
_yccu4fso3,45,1147,406,163,262,DHelmetP1NoHelmetP2Helmet
_yccu4fso3,46,1112,402,157,257,DHelmetP1NoHelmetP2Helmet
_yccu4fso3,47,1078,400,151,249,DHelmetP1NoHelmetP2Helmet
_yccu4fso3,48,1051,398,144,242,DHelmetP1NoHelmetP2Helmet
_yccu4fso3,49,1019,396,139,237,DHelmetP1NoHelmetP2Helmet
_yccu4fso3,50,986,394,139,229,DHelmetP1NoHelmetP2Helmet
_yccu4fso3,51,960,392,132,222,DHelmetP1NoHelmetP2Helmet
_yccu4fso3,52,931,389,131,220,DHelmetP1NoHelmetP2Helmet
_yccu4fso3,53,906,388,126,213,DHelmetP1NoHelmetP2Helmet
_yccu4fso3,54,881,387,121,207,DHelmetP1NoHelmetP2Helmet
_yccu4fso3,55,856,385,118,202,DHelmetP1NoHelmetP2Helmet
_yccu4fso3,56,833,384,113,197,DHelmetP1NoHelmetP2Helmet
_yccu4fso3,57,808,382,112,192,DHelmetP1NoHelmetP2Helmet
_yccu4fso3,58,786,380,108,187,DHelmetP1NoHelmetP2Helmet
_yccu4fso3,59,764,378,105,184,DHelmetP1NoHelmetP2Helmet
_yccu4fso3,60,742,377,103,180,DHelmetP1NoHelmetP2Helmet
_yccu4fso3,61,721,375,102,177,DHelmetP1NoHelmetP2Helmet
_yccu4fso3,62,701,373,100,174,DHelmetP1NoHelmetP2Helmet
_yccu4fso3,63,680,372,100,170,DHelmetP1NoHelmetP2Helmet
_yccu4fso3,64,660,370,98,167,DHelmetP1NoHelmetP2Helmet
_yccu4fso3,65,642,369,95,164,DHelmetP1NoHelmetP2Helmet
_yccu4fso3,66,624,367,93,163,DHelmetP1NoHelmetP2Helmet
_yccu4fso3,67,606,366,91,160,DHelmetP1NoHelmetP2Helmet
_yccu4fso3,68,589,365,89,157,DHelmetP1NoHelmetP2Helmet
_yccu4fso3,69,572,363,86,155,DHelmetP1NoHelmetP2Helmet
_yccu4fso3,70,555,362,84,153,DHelmetP1NoHelmetP2Helmet
_yccu4fso3,71,538,360,81,151,DHelmetP1NoHelmetP2Helmet
_yccu4fso3,72,521,359,79,148,DHelmetP1NoHelmetP2Helmet
_yccu4fso3,73,507,357,76,146,DHelmetP1NoHelmetP2Helmet
_yccu4fso3,74,493,355,73,144,DHelmetP1NoHelmetP2Helmet
_yccu4fso3,75,479,353,71,142,DHelmetP1NoHelmetP2Helmet
_yccu4fso3,76,464,353,72,139,DHelmetP1NoHelmetP2Helmet
_yccu4fso3,77,453,349,68,137,DHelmetP1NoHelmetP2Helmet
_yccu4fso3,78,441,349,67,135,DHelmetP1NoHelmetP2Helmet
_yccu4fso3,79,429,349,67,133,DHelmetP1NoHelmetP2Helmet
_yccu4fso3,80,417,349,66,131,DHelmetP1NoHelmetP2Helmet
_yccu4fso3,81,405,349,65,128,DHelmetP1NoHelmetP2Helmet
_yccu4fso3,82,395,349,64,126,DHelmetP1NoHelmetP2Helmet
_yccu4fso3,83,385,348,63,125,DHelmetP1NoHelmetP2Helmet
_yccu4fso3,84,374,348,63,123,DHelmetP1NoHelmetP2Helmet
_yccu4fso3,85,364,347,62,122,DHelmetP1NoHelmetP2Helmet
_yccu4fso3,86,354,347,62,119,DHelmetP1NoHelmetP2Helmet
_yccu4fso3,87,345,346,61,118,DHelmetP1NoHelmetP2Helmet
_yccu4fso3,88,337,346,60,116,DHelmetP1NoHelmetP2Helmet
_yccu4fso3,89,328,345,59,115,DHelmetP1NoHelmetP2Helmet
_yccu4fso3,90,320,345,58,113,DHelmetP1NoHelmetP2Helmet
_yccu4fso3,91,311,344,58,111,DHelmetP1NoHelmetP2Helmet
_yccu4fso3,92,303,344,56,109,DHelmetP1NoHelmetP2Helmet
_yccu4fso3,93,294,343,56,108,DHelmetP1NoHelmetP2Helmet
_yccu4fso3,94,286,343,55,106,DHelmetP1NoHelmetP2Helmet
_yccu4fso3,95,277,343,55,104,DHelmetP1NoHelmetP2Helmet
_yccu4fso3,96,269,342,54,102,DHelmetP1NoHelmetP2Helmet
_yccu4fso3,97,260,342,54,100,DHelmetP1NoHelmetP2Helmet
_yccu4fso3,98,251,341,54,99,DHelmetP1NoHelmetP2Helmet
_yccu4fso3,99,243,341,53,97,DHelmetP1NoHelmetP2Helmet
_yccu4fso3,100,234,340,53,96,DHelmetP1NoHelmetP2Helmet
_vt7gy286m,41,1716,449,204,296,DHelmet
_vt7gy286m,42,1657,446,263,287,DHelmet
_vt7gy286m,43,1601,441,252,281,DHelmet
_vt7gy286m,44,1547,437,239,274,DHelmet
_vt7gy286m,45,1494,435,229,266,DHelmet
_vt7gy286m,46,1442,433,218,259,DHelmet
_vt7gy286m,47,1395,429,208,253,DHelmet
_vt7gy286m,48,1349,424,198,248,DHelmet
_vt7gy286m,49,1307,420,186,242,DHelmet
_vt7gy286m,50,1268,418,176,236,DHelmet
_vt7gy286m,51,1228,416,168,229,DHelmet
_vt7gy286m,52,1197,412,156,225,DHelmet
_vt7gy286m,53,1165,409,146,221,DHelmet
_vt7gy286m,54,1134,406,135,216,DHelmet
_vt7gy286m,55,1104,403,131,213,DHelmet
_vt7gy286m,56,1074,400,127,209,DHelmet
_vt7gy286m,57,1045,397,123,205,DHelmet
_vt7gy286m,58,1017,396,119,200,DHelmet
_vt7gy286m,59,990,394,114,196,DHelmet
_vt7gy286m,60,965,392,110,192,DHelmet
_vt7gy286m,61,939,390,106,188,DHelmet
_vt7gy286m,62,916,388,103,184,DHelmet
_vt7gy286m,63,894,386,98,181,DHelmet
_vt7gy286m,64,872,384,94,178,DHelmet
_vt7gy286m,65,850,384,92,173,DHelmet
_vt7gy286m,66,829,383,89,168,DHelmet
_vt7gy286m,67,811,382,86,165,DHelmet
_vt7gy286m,68,792,380,84,163,DHelmet
_vt7gy286m,69,775,378,81,161,DHelmet
_vt7gy286m,70,758,377,79,158,DHelmet
_vt7gy286m,71,740,375,78,156,DHelmet
_vt7gy286m,72,723,374,75,154,DHelmet
_vt7gy286m,73,705,373,74,151,DHelmet
_vt7gy286m,74,687,372,73,149,DHelmet
_vt7gy286m,75,672,370,72,147,DHelmet
_vt7gy286m,76,658,369,70,144,DHelmet
_vt7gy286m,77,643,368,69,142,DHelmet
_vt7gy286m,78,628,367,68,139,DHelmet
_vt7gy286m,79,615,365,67,138,DHelmet
_vt7gy286m,80,602,364,67,136,DHelmet
_vt7gy286m,81,589,362,66,134,DHelmet
_vt7gy286m,82,576,361,65,132,DHelmet
_vt7gy286m,83,564,360,64,130,DHelmet
_vt7gy286m,84,552,359,63,129,DHelmet
_vt7gy286m,85,541,359,61,126,DHelmet
_vt7gy286m,86,529,358,59,124,DHelmet
_vt7gy286m,87,517,357,58,123,DHelmet
_vt7gy286m,88,507,357,58,121,DHelmet
_vt7gy286m,89,497,356,58,119,DHelmet
_vt7gy286m,90,487,356,57,117,DHelmet
_vt7gy286m,91,477,355,57,116,DHelmet
_vt7gy286m,92,468,355,56,114,DHelmet
_vt7gy286m,93,458,354,56,113,DHelmet
_vt7gy286m,94,448,354,55,111,DHelmet
_vt7gy286m,95,438,353,55,110,DHelmet
_vt7gy286m,96,428,353,55,108,DHelmet
_vt7gy286m,97,418,352,54,107,DHelmet
_vt7gy286m,98,408,352,54,105,DHelmet
_vt7gy286m,99,398,351,54,104,DHelmet
_vt7gy286m,100,388,351,54,101,DHelmet
_xul6q999s,50,1756,435,164,282,DHelmet
_xul6q999s,51,1704,431,216,278,DHelmet
_xul6q999s,52,1658,428,216,271,DHelmet
_xul6q999s,53,1610,425,207,264,DHelmet
_xul6q999s,54,1567,421,200,258,DHelmet
_xul6q999s,55,1522,420,195,251,DHelmet
_xul6q999s,56,1476,418,190,244,DHelmet
_xul6q999s,57,1431,416,185,237,DHelmet
_xul6q999s,58,1390,414,180,231,DHelmet
_xul6q999s,59,1348,411,176,225,DHelmet
_xul6q999s,60,1307,409,171,219,DHelmet
_xul6q999s,61,1268,406,166,215,DHelmet
_xul6q999s,62,1229,403,162,212,DHelmet
_xul6q999s,63,1190,401,157,207,DHelmet
_xul6q999s,64,1151,398,153,204,DHelmet
_xul6q999s,65,1118,395,147,200,DHelmet
_xul6q999s,66,1084,393,142,196,DHelmet
_xul6q999s,67,1052,393,137,190,DHelmet
_xul6q999s,68,1019,393,132,184,DHelmet
_xul6q999s,69,993,390,126,182,DHelmet
_xul6q999s,70,967,387,119,180,DHelmet
_xul6q999s,71,942,384,116,178,DHelmet
_xul6q999s,72,917,382,112,176,DHelmet
_xul6q999s,73,895,380,108,173,DHelmet
_xul6q999s,74,873,379,103,169,DHelmet
_xul6q999s,75,854,377,98,167,DHelmet
_xul6q999s,76,834,376,93,164,DHelmet
_xul6q999s,77,816,374,89,162,DHelmet
_xul6q999s,78,800,373,88,159,DHelmet
_xul6q999s,79,783,371,88,157,DHelmet
_xul6q999s,80,769,370,81,155,DHelmet
_xul6q999s,81,754,370,81,152,DHelmet
_xul6q999s,82,740,369,79,150,DHelmet
_xul6q999s,83,726,368,78,148,DHelmet
_xul6q999s,84,711,367,78,146,DHelmet
_xul6q999s,85,697,366,76,144,DHelmet
_xul6q999s,86,686,366,74,142,DHelmet
_xul6q999s,87,675,366,71,141,DHelmet
_xul6q999s,88,663,366,69,139,DHelmet
_xul6q999s,89,651,365,69,138,DHelmet
_xul6q999s,90,640,364,68,136,DHelmet
_xul6q999s,91,628,363,67,134,DHelmet
_xul6q999s,92,616,361,67,134,DHelmet
_xul6q999s,93,604,360,67,132,DHelmet
_xul6q999s,94,594,360,66,130,DHelmet
_xul6q999s,95,583,359,65,129,DHelmet
_xul6q999s,96,573,358,64,128,DHelmet
_xul6q999s,97,563,357,62,126,DHelmet
_xul6q999s,98,552,357,61,124,DHelmet
_xul6q999s,99,542,356,60,123,DHelmet
_xul6q999s,100,532,355,58,122,DHelmet
_pk6ew7221,1,101,412,172,325,DHelmet
_pk6ew7221,2,111,415,178,333,DHelmet
_pk6ew7221,3,124,418,184,340,DHelmet
_pk6ew7221,4,138,423,190,348,DHelmet
_pk6ew7221,5,158,426,196,359,DHelmet
_pk6ew7221,6,178,428,201,371,DHelmet
_pk6ew7221,7,200,429,211,387,DHelmet
_pk6ew7221,8,226,435,217,398,DHelmet
_pk6ew7221,9,253,440,224,411,DHelmet
_pk6ew7221,10,286,447,231,429,DHelmet
_pk6ew7221,11,320,453,237,447,DHelmet
_pk6ew7221,12,353,460,255,470,DHelmet
_pk6ew7221,13,396,465,270,499,DHelmet
_pk6ew7221,14,439,470,286,531,DHelmet
_pk6ew7221,15,490,483,302,558,DHelmet
_pk6ew7221,16,541,496,319,584,DHelmet
_pk6ew7221,17,598,508,344,572,DHelmet
_pk6ew7221,18,656,520,369,560,DHelmet
_pk6ew7221,19,723,536,393,544,DHelmet
_pk6ew7221,20,792,553,436,527,DHelmet
_pk6ew7221,21,872,571,483,509,DHelmet
_pk6ew7221,22,959,596,548,484,DHelmet
_pk6ew7221,23,1055,623,539,457,DHelmet
_pk6ew7221,24,1158,650,608,430,DHelmet
