track_id,frame_id,x,y,w,h,label
_omt9tnipo,1,421,397,102,115,DHelmet
_omt9tnipo,2,391,397,98,115,DHelmet
_omt9tnipo,3,360,397,95,114,DHelmet
_omt9tnipo,4,330,397,91,114,DHelmet
_omt9tnipo,5,299,397,88,114,DHelmet
_omt9tnipo,6,271,397,84,113,DHelmet
_omt9tnipo,7,245,396,80,113,DHelmet
_omt9tnipo,8,219,395,77,113,DHelmet
_2pqsbjqle,1,757,395,127,155,DHelmet
_2pqsbjqle,2,710,396,126,153,DHelmet
_2pqsbjqle,3,664,396,123,151,DHelmet
_2pqsbjqle,4,617,396,121,150,DHelmet
_2pqsbjqle,5,575,396,119,147,DHelmet
_2pqsbjqle,6,532,395,117,145,DHelmet
_2pqsbjqle,7,490,394,115,144,DHelmet
_2pqsbjqle,8,452,394,113,142,DHelmet
_2pqsbjqle,9,414,394,111,140,DHelmet
_2pqsbjqle,10,376,394,109,138,DHelmet
_2pqsbjqle,11,344,393,106,136,DHelmet
_2pqsbjqle,12,311,393,105,134,DHelmet
_2pqsbjqle,13,279,393,102,132,DHelmet
_2pqsbjqle,14,246,393,100,130,DHelmet
_2pqsbjqle,15,214,393,98,128,DHelmet
_2pqsbjqle,16,181,392,96,127,DHelmet
_2pqsbjqle,17,149,392,94,125,DHelmet
_2pqsbjqle,18,120,392,92,123,DHelmet
_2pqsbjqle,19,90,392,92,122,DHelmet
_2pqsbjqle,20,61,392,91,120,DHelmet
_2pqsbjqle,21,38,393,91,119,DHelmet
_lsctf41c6,41,1774,404,146,180,DHelmet
_lsctf41c6,42,1699,402,204,180,DHelmet
_lsctf41c6,43,1624,401,204,180,DHelmet
_lsctf41c6,44,1554,401,198,177,DHelmet
_lsctf41c6,45,1486,401,190,173,DHelmet
_lsctf41c6,46,1418,401,182,169,DHelmet
_lsctf41c6,47,1357,400,175,167,DHelmet
_lsctf41c6,48,1296,400,168,163,DHelmet
_lsctf41c6,49,1234,400,162,160,DHelmet
_lsctf41c6,50,1180,401,157,157,DHelmet
_lsctf41c6,51,1126,399,153,157,DHelmet
_lsctf41c6,52,1072,397,149,157,DHelmet
_lsctf41c6,53,1021,398,145,153,DHelmet
_lsctf41c6,54,970,398,141,151,DHelmet
_lsctf41c6,55,921,399,137,148,DHelmet
_lsctf41c6,56,873,398,134,146,DHelmet
_lsctf41c6,57,826,397,131,144,DHelmet
_lsctf41c6,58,779,396,127,143,DHelmet
_lsctf41c6,59,736,396,125,141,DHelmet
_lsctf41c6,60,694,397,122,138,DHelmet
_lsctf41c6,61,653,397,118,136,DHelmet
_lsctf41c6,62,614,397,115,134,DHelmet
_lsctf41c6,63,575,397,112,132,DHelmet
_lsctf41c6,64,537,397,109,128,DHelmet
_lsctf41c6,65,499,396,107,125,DHelmet
_lsctf41c6,66,466,396,104,121,DHelmet
_lsctf41c6,67,441,396,102,120,DHelmet
_lsctf41c6,68,416,395,99,120,DHelmet
_lsctf41c6,69,391,395,97,119,DHelmet
_lsctf41c6,70,366,395,94,119,DHelmet
_lsctf41c6,71,341,395,91,118,DHelmet
_lsctf41c6,72,316,394,89,118,DHelmet
_lsctf41c6,73,291,394,86,117,DHelmet
_lsctf41c6,74,266,394,84,116,DHelmet
_lsctf41c6,75,241,394,81,115,DHelmet
_lsctf41c6,76,216,393,79,115,DHelmet
_lsctf41c6,77,191,393,76,115,DHelmet
_lsctf41c6,78,166,393,74,114,DHelmet
_lsctf41c6,79,142,392,70,114,DHelmet
_lsctf41c6,80,123,392,67,112,DHelmet
_lsctf41c6,81,110,392,66,111,DHelmet
_lsctf41c6,82,98,392,63,110,DHelmet
_lsctf41c6,83,86,392,60,108,DHelmet
_lsctf41c6,84,74,392,57,107,DHelmet
_1ytxjw358,73,1718,410,202,175,DHelmet
_1ytxjw358,74,1625,408,205,177,DHelmet
_1ytxjw358,75,1532,408,201,173,DHelmet
_1ytxjw358,76,1449,408,195,169,DHelmet
_1ytxjw358,77,1364,407,183,166,DHelmet
_1ytxjw358,78,1288,407,172,162,DHelmet
_1ytxjw358,79,1211,407,167,158,DHelmet
_1ytxjw358,80,1140,407,163,154,DHelmet
_1ytxjw358,81,1071,404,158,153,DHelmet
_1ytxjw358,82,1009,404,153,150,DHelmet
_1ytxjw358,83,947,403,149,149,DHelmet
_1ytxjw358,84,886,403,143,147,DHelmet
_1ytxjw358,85,824,402,139,145,DHelmet
_1ytxjw358,86,772,402,134,143,DHelmet
_1ytxjw358,87,720,402,130,139,DHelmet
_1ytxjw358,88,669,402,126,135,DHelmet
_1ytxjw358,89,622,402,122,134,DHelmet
_1ytxjw358,90,576,402,118,134,DHelmet
_1ytxjw358,91,534,402,114,130,DHelmet
_1ytxjw358,92,493,401,110,128,DHelmet
_1ytxjw358,93,456,400,106,126,DHelmet
_1ytxjw358,94,420,400,101,123,DHelmet
_1ytxjw358,95,385,400,101,120,DHelmet
_1ytxjw358,96,352,400,102,117,DHelmet
_rcv9r444h,1,1466,460,454,406,DHelmet
_wduft0u7r,1,579,562,509,518,DHelmet
_wduft0u7r,2,816,573,576,507,DHelmet
_wduft0u7r,3,1083,584,643,496,DHelmet
_wduft0u7r,4,1389,607,531,473,DHelmet
_jaymngiqj,1,69,397,177,235,DNoHelmetP1NoHelmet
_jaymngiqj,2,164,397,180,243,DNoHelmetP1NoHelmet
_jaymngiqj,3,271,404,183,250,DNoHelmetP1NoHelmet
_jaymngiqj,4,383,408,187,258,DNoHelmetP1NoHelmet
_jaymngiqj,5,488,412,211,265,DNoHelmetP1NoHelmet
_jaymngiqj,6,605,415,235,273,DNoHelmetP1NoHelmet
_jaymngiqj,7,734,412,258,289,DNoHelmetP1NoHelmet
_jaymngiqj,8,879,411,279,305,DNoHelmetP1NoHelmet
_jaymngiqj,9,1053,412,268,321,DNoHelmetP1NoHelmet
_jaymngiqj,10,1226,413,324,337,DNoHelmetP1NoHelmet
_jaymngiqj,11,1445,418,346,353,DNoHelmetP1NoHelmet
_jaymngiqj,12,1690,424,230,353,DNoHelmetP1NoHelmet
_5cozlkrv4,2,34,424,212,286,DHelmetP1Helmet
_5cozlkrv4,3,129,427,233,295,DHelmetP1Helmet
_5cozlkrv4,4,234,429,254,305,DHelmetP1Helmet
_5cozlkrv4,5,353,435,275,315,DHelmetP1Helmet
_5cozlkrv4,6,487,436,296,324,DHelmetP1Helmet
_5cozlkrv4,7,617,439,317,334,DHelmetP1Helmet
_5cozlkrv4,8,770,444,338,344,DHelmetP1Helmet
_5cozlkrv4,9,936,449,359,354,DHelmetP1Helmet
_5cozlkrv4,10,1119,452,407,406,DHelmetP1Helmet
_5cozlkrv4,11,1324,458,455,431,DHelmetP1Helmet
_5cozlkrv4,12,1550,461,370,421,DHelmetP1Helmet
_y2wltiou7,3,0,476,310,369,DHelmetP1NoHelmetP2NoHelmet
_y2wltiou7,4,147,480,331,389,DHelmetP1NoHelmetP2NoHelmet
_y2wltiou7,5,310,486,356,413,DHelmetP1NoHelmetP2NoHelmet
_y2wltiou7,6,488,492,390,437,DHelmetP1NoHelmetP2NoHelmet
_y2wltiou7,7,683,499,436,460,DHelmetP1NoHelmetP2NoHelmet
_y2wltiou7,8,899,510,491,491,DHelmetP1NoHelmetP2NoHelmet
_y2wltiou7,9,1148,516,564,532,DHelmetP1NoHelmetP2NoHelmet
_y2wltiou7,10,1431,524,489,534,DHelmetP1NoHelmetP2NoHelmet
_v7zqo6nyx,8,45,388,239,309,DHelmetP1Helmet
_v7zqo6nyx,9,153,388,253,316,DHelmetP1Helmet
_v7zqo6nyx,10,283,390,258,307,DHelmetP1Helmet
_v7zqo6nyx,11,418,392,270,346,DHelmetP1Helmet
_v7zqo6nyx,12,552,394,144,326,DHelmetP1Helmet
_v7zqo6nyx,13,702,392,153,342,DHelmetP1Helmet
_v7zqo6nyx,14,863,385,167,369,DHelmetP1Helmet
_v7zqo6nyx,15,1039,388,217,386,DHelmetP1Helmet
_v7zqo6nyx,16,1237,392,267,402,DHelmetP1Helmet
_v7zqo6nyx,17,1454,395,345,419,DHelmetP1Helmet
_v7zqo6nyx,18,1694,394,226,444,DHelmetP1Helmet
_x7hvscnm8,7,0,469,189,342,DHelmetP1Helmet
_x7hvscnm8,8,34,472,284,359,DHelmetP1Helmet
_x7hvscnm8,9,148,476,305,378,DHelmetP1Helmet
_x7hvscnm8,10,272,480,335,397,DHelmetP1Helmet
_x7hvscnm8,11,412,484,364,416,DHelmetP1Helmet
_x7hvscnm8,12,566,493,398,435,DHelmetP1Helmet
_x7hvscnm8,13,738,506,433,453,DHelmetP1Helmet
_x7hvscnm8,14,924,507,482,486,DHelmetP1Helmet
_x7hvscnm8,15,1135,515,542,518,DHelmetP1Helmet
_x7hvscnm8,16,1370,522,550,555,DHelmetP1Helmet
_x7hvscnm8,17,1644,541,276,526,DHelmetP1Helmet
_ghj0sybf7,16,279,401,193,205,DHelmetP1Helmet
_ghj0sybf7,17,366,403,194,215,DHelmetP1Helmet
_ghj0sybf7,18,457,403,203,223,DHelmetP1Helmet
_ghj0sybf7,19,562,403,208,230,DHelmetP1Helmet
_ghj0sybf7,20,659,407,223,238,DHelmetP1Helmet
_ghj0sybf7,21,769,409,241,240,DHelmetP1Helmet
_ghj0sybf7,22,890,410,254,248,DHelmetP1Helmet
_ghj0sybf7,23,1020,411,273,259,DHelmetP1Helmet
_ghj0sybf7,24,1157,412,293,270,DHelmetP1Helmet
_ghj0sybf7,25,1312,413,313,281,DHelmetP1Helmet
_ghj0sybf7,26,1476,419,340,292,DHelmetP1Helmet
_ghj0sybf7,27,1656,418,264,290,DHelmetP1Helmet
_ub0x19qu1,22,6,397,169,222,DHelmetP1Helmet
_ub0x19qu1,23,85,406,180,224,DHelmetP1Helmet
_ub0x19qu1,24,174,406,189,234,DHelmetP1Helmet
_ub0x19qu1,25,267,406,201,244,DHelmetP1Helmet
_ub0x19qu1,26,367,409,211,249,DHelmetP1Helmet
_ub0x19qu1,27,480,411,220,256,DHelmetP1Helmet
_ub0x19qu1,28,597,413,237,268,DHelmetP1Helmet
_ub0x19qu1,29,726,414,255,282,DHelmetP1Helmet
_ub0x19qu1,30,864,415,275,298,DHelmetP1Helmet
_ub0x19qu1,31,1011,420,304,313,DHelmetP1Helmet
_ub0x19qu1,32,1180,422,334,329,DHelmetP1Helmet
_ub0x19qu1,33,1367,427,372,344,DHelmetP1Helmet
_ub0x19qu1,34,1584,434,336,361,DHelmetP1Helmet
_ed1nmxaoe,27,0,499,273,430,DNoHelmet
_ed1nmxaoe,28,95,506,344,460,DNoHelmet
_ed1nmxaoe,29,242,518,378,488,DNoHelmet
_ed1nmxaoe,30,409,530,422,516,DNoHelmet
_ed1nmxaoe,31,594,544,487,536,DNoHelmet
_ed1nmxaoe,32,812,553,554,527,DNoHelmet
_ed1nmxaoe,33,1057,563,634,517,DNoHelmet
_ed1nmxaoe,34,1353,584,567,496,DNoHelmet
_wir1epyj0,30,0,419,120,246,DHelmet
_wir1epyj0,31,17,421,198,254,DHelmet
_wir1epyj0,32,112,426,210,261,DHelmet
_wir1epyj0,33,213,427,223,274,DHelmet
_wir1epyj0,34,323,430,243,287,DHelmet
_wir1epyj0,35,443,434,262,299,DHelmet
_wir1epyj0,36,579,438,278,312,DHelmet
_wir1epyj0,37,725,439,302,325,DHelmet
_wir1epyj0,38,877,441,340,345,DHelmet
_wir1epyj0,39,1061,448,366,362,DHelmet
_wir1epyj0,40,1259,455,407,384,DHelmet
_wir1epyj0,41,1484,460,436,405,DHelmet
_9e5phjgxd,35,0,446,275,340,DHelmetP1Helmet
_9e5phjgxd,36,103,446,280,354,DHelmetP1Helmet
_9e5phjgxd,37,208,450,300,369,DHelmetP1Helmet
_9e5phjgxd,38,316,455,326,383,DHelmetP1Helmet
_9e5phjgxd,39,439,460,347,401,DHelmetP1Helmet
_9e5phjgxd,40,568,467,377,414,DHelmetP1Helmet
_9e5phjgxd,41,709,468,410,439,DHelmetP1Helmet
_9e5phjgxd,42,869,474,442,465,DHelmetP1Helmet
_9e5phjgxd,43,1043,483,482,481,DHelmetP1Helmet
_9e5phjgxd,44,1229,485,535,514,DHelmetP1Helmet
_9e5phjgxd,45,1435,490,485,538,DHelmetP1Helmet
_9e5phjgxd,46,1671,503,249,515,DHelmetP1Helmet
_aga1vy6wa,33,0,521,247,406,DHelmet
_aga1vy6wa,34,69,533,322,426,DHelmet
_aga1vy6wa,35,185,539,365,456,DHelmet
_aga1vy6wa,36,337,542,394,489,DHelmet
_aga1vy6wa,37,495,552,448,518,DHelmet
_aga1vy6wa,38,675,555,504,525,DHelmet
_aga1vy6wa,39,879,559,580,521,DHelmet
_aga1vy6wa,40,1107,569,650,511,DHelmet
_aga1vy6wa,41,1383,586,537,494,DHelmet
_6ogxsu838,39,0,489,262,414,DHelmetP1Helmet
_6ogxsu838,40,54,493,352,431,DHelmetP1Helmet
_6ogxsu838,41,174,499,391,454,DHelmetP1Helmet
_6ogxsu838,42,316,504,423,478,DHelmetP1Helmet
_6ogxsu838,43,477,514,456,498,DHelmetP1Helmet
_6ogxsu838,44,652,523,500,525,DHelmetP1Helmet
_6ogxsu838,45,838,529,560,551,DHelmetP1Helmet
_6ogxsu838,46,1045,533,626,547,DHelmetP1Helmet
_6ogxsu838,47,1280,553,640,527,DHelmetP1Helmet
_6ogxsu838,48,1549,556,371,524,DHelmetP1Helmet
_0k77nkeqi,41,48,455,184,327,DHelmetP1NoHelmet
_0k77nkeqi,42,145,454,219,338,DHelmetP1NoHelmet
_0k77nkeqi,43,267,460,253,348,DHelmetP1NoHelmet
_0k77nkeqi,44,397,459,301,370,DHelmetP1NoHelmet
_0k77nkeqi,45,539,467,350,391,DHelmetP1NoHelmet
_0k77nkeqi,46,691,471,398,419,DHelmetP1NoHelmet
_0k77nkeqi,47,861,478,446,434,DHelmetP1NoHelmet
_0k77nkeqi,48,1046,483,489,458,DHelmetP1NoHelmet
_0k77nkeqi,49,1250,487,540,483,DHelmetP1NoHelmet
_0k77nkeqi,50,1471,489,449,490,DHelmetP1NoHelmet
_fq9i9l89a,44,0,450,195,306,DHelmet
_fq9i9l89a,45,35,453,269,317,DHelmet
_fq9i9l89a,46,139,456,277,329,DHelmet
_fq9i9l89a,47,245,458,295,342,DHelmet
_fq9i9l89a,48,358,462,313,353,DHelmet
_fq9i9l89a,49,481,464,333,367,DHelmet
_fq9i9l89a,50,611,470,356,383,DHelmet
_fq9i9l89a,51,748,476,388,399,DHelmet
_fq9i9l89a,52,916,483,411,413,DHelmet
_fq9i9l89a,53,1119,489,412,434,DHelmet
_fq9i9l89a,54,1351,495,413,455,DHelmet
_fq9i9l89a,55,1628,493,292,456,DHelmet
_ta34ionc9,48,0,476,311,410,DHelmetP1Helmet
_ta34ionc9,49,113,481,369,431,DHelmetP1Helmet
_ta34ionc9,50,272,486,400,455,DHelmetP1Helmet
_ta34ionc9,51,442,490,443,477,DHelmetP1Helmet
_ta34ionc9,52,630,500,487,499,DHelmetP1Helmet
_ta34ionc9,53,840,506,544,529,DHelmetP1Helmet
_ta34ionc9,54,1074,509,614,564,DHelmetP1Helmet
_ta34ionc9,55,1330,519,590,561,DHelmetP1Helmet
_esz3tdl6k,52,0,418,88,229,DHelmetP1Helmet
_esz3tdl6k,53,40,415,126,229,DHelmetP1Helmet
_esz3tdl6k,54,138,412,126,240,DHelmetP1Helmet
_esz3tdl6k,55,239,418,126,240,DHelmetP1Helmet
_esz3tdl6k,56,345,421,123,239,DHelmetP1Helmet
_esz3tdl6k,57,450,423,120,239,DHelmetP1Helmet
_esz3tdl6k,58,578,425,167,257,DHelmetP1Helmet
_esz3tdl6k,59,705,426,214,275,DHelmetP1Helmet
_esz3tdl6k,60,832,428,261,292,DHelmetP1Helmet
_esz3tdl6k,61,990,430,308,310,DHelmetP1Helmet
_esz3tdl6k,62,1171,433,315,327,DHelmetP1Helmet
_esz3tdl6k,63,1352,436,333,344,DHelmetP1Helmet
_esz3tdl6k,64,1558,438,354,362,DHelmetP1Helmet
_ylffzpuhu,52,77,423,152,221,DHelmetP0NoHelmet
_ylffzpuhu,53,158,426,152,221,DHelmetP0NoHelmet
_ylffzpuhu,54,195,429,152,221,DHelmetP0NoHelmet
_ylffzpuhu,55,296,434,156,221,DHelmetP0NoHelmet
_ylffzpuhu,56,360,435,246,221,DHelmetP0NoHelmet
_ylffzpuhu,57,483,434,281,266,DHelmetP0NoHelmet
_ylffzpuhu,58,567,437,316,310,DHelmetP0NoHelmet
_ylffzpuhu,59,691,437,316,310,DHelmetP0NoHelmet
_ylffzpuhu,60,809,443,343,329,DHelmetP0NoHelmet
_ylffzpuhu,61,928,448,371,349,DHelmetP0NoHelmet
_ylffzpuhu,62,1063,450,397,367,DHelmetP0NoHelmet
_ylffzpuhu,63,1209,452,414,382,DHelmetP0NoHelmet
_ylffzpuhu,64,1362,458,449,394,DHelmetP0NoHelmet
_ylffzpuhu,65,1524,458,396,413,DHelmetP0NoHelmet
_kl5q5jjyd,49,0,449,175,291,DHelmetP1Helmet
_kl5q5jjyd,50,21,450,246,304,DHelmetP1Helmet
_kl5q5jjyd,51,95,458,272,308,DHelmetP1Helmet
_kl5q5jjyd,52,192,460,280,320,DHelmetP1Helmet
_kl5q5jjyd,53,299,461,287,333,DHelmetP1Helmet
_kl5q5jjyd,54,395,465,310,347,DHelmetP1Helmet
_kl5q5jjyd,55,532,469,308,357,DHelmetP1Helmet
_kl5q5jjyd,56,634,474,347,371,DHelmetP1Helmet
_kl5q5jjyd,57,754,479,385,385,DHelmetP1Helmet
_kl5q5jjyd,58,890,485,422,398,DHelmetP1Helmet
_kl5q5jjyd,59,1071,490,377,412,DHelmetP1Helmet
_kl5q5jjyd,60,1252,495,317,425,DHelmetP1Helmet
_kl5q5jjyd,61,1425,499,319,438,DHelmetP1Helmet
_kl5q5jjyd,62,1602,507,318,452,DHelmetP1Helmet
_7widj4c7u,51,0,464,166,342,DHelmet
_7widj4c7u,52,0,463,290,363,DHelmet
_7widj4c7u,53,104,469,318,377,DHelmet
_7widj4c7u,54,215,470,355,398,DHelmet
_7widj4c7u,55,378,478,350,416,DHelmet
_7widj4c7u,56,524,484,385,440,DHelmet
_7widj4c7u,57,695,490,420,464,DHelmet
_7widj4c7u,58,887,496,455,488,DHelmet
_7widj4c7u,59,1123,508,482,523,DHelmet
_7widj4c7u,60,1393,510,509,558,DHelmet
_vsc6nwili,54,0,542,377,505,DHelmetP1Helmet
_vsc6nwili,55,112,553,445,527,DHelmetP1Helmet
_vsc6nwili,56,269,561,484,519,DHelmetP1Helmet
_vsc6nwili,57,441,570,534,510,DHelmetP1Helmet
_vsc6nwili,58,630,580,589,500,DHelmetP1Helmet
_vsc6nwili,59,840,590,645,490,DHelmetP1Helmet
_vsc6nwili,60,1071,605,699,475,DHelmetP1Helmet
_vsc6nwili,61,1354,619,566,461,DHelmetP1Helmet
_cf4fp4p2h,56,0,452,259,327,DHelmetP1Helmet
_cf4fp4p2h,57,75,450,292,344,DHelmetP1Helmet
_cf4fp4p2h,58,183,454,299,356,DHelmetP1Helmet
_cf4fp4p2h,59,288,458,319,369,DHelmetP1Helmet
_cf4fp4p2h,60,406,461,337,382,DHelmetP1Helmet
_cf4fp4p2h,61,530,465,358,399,DHelmetP1Helmet
_cf4fp4p2h,62,663,471,388,418,DHelmetP1Helmet
_cf4fp4p2h,63,810,481,425,431,DHelmetP1Helmet
_cf4fp4p2h,64,973,487,462,453,DHelmetP1Helmet
_cf4fp4p2h,65,1152,493,510,477,DHelmetP1Helmet
_cf4fp4p2h,66,1345,492,563,503,DHelmetP1Helmet
_cf4fp4p2h,67,1560,495,360,489,DHelmetP1Helmet
_tooddjjy8,59,0,440,240,304,DHelmetP1NoHelmetP2NoHelmet
_tooddjjy8,60,78,440,254,315,DHelmetP1NoHelmetP2NoHelmet
_tooddjjy8,61,159,444,270,326,DHelmetP1NoHelmetP2NoHelmet
_tooddjjy8,62,249,447,284,335,DHelmetP1NoHelmetP2NoHelmet
_tooddjjy8,63,348,450,297,345,DHelmetP1NoHelmetP2NoHelmet
_tooddjjy8,64,449,455,317,354,DHelmetP1NoHelmetP2NoHelmet
_tooddjjy8,65,560,455,336,370,DHelmetP1NoHelmetP2NoHelmet
_tooddjjy8,66,673,459,364,383,DHelmetP1NoHelmetP2NoHelmet
_tooddjjy8,67,804,464,386,397,DHelmetP1NoHelmetP2NoHelmet
_tooddjjy8,68,953,469,409,411,DHelmetP1NoHelmetP2NoHelmet
_tooddjjy8,69,1087,476,440,412,DHelmetP1NoHelmetP2NoHelmet
_tooddjjy8,70,1250,477,442,413,DHelmetP1NoHelmetP2NoHelmet
_tooddjjy8,71,1423,480,497,434,DHelmetP1NoHelmetP2NoHelmet
_tooddjjy8,72,1616,487,304,450,DHelmetP1NoHelmetP2NoHelmet
_1d9g4vevm,63,0,495,233,428,DHelmet
_1d9g4vevm,64,55,502,353,448,DHelmet
_1d9g4vevm,65,214,512,385,473,DHelmet
_1d9g4vevm,66,389,521,430,498,DHelmet
_1d9g4vevm,67,583,530,482,530,DHelmet
_1d9g4vevm,68,801,536,549,544,DHelmet
_1d9g4vevm,69,1054,547,627,533,DHelmet
_1d9g4vevm,70,1341,565,579,515,DHelmet
_tzx0hnecr,63,15,450,263,352,DHelmetP1NoHelmetP2Helmet
_tzx0hnecr,64,93,452,289,369,DHelmetP1NoHelmetP2Helmet
_tzx0hnecr,65,185,454,240,385,DHelmetP1NoHelmetP2Helmet
_tzx0hnecr,66,288,458,294,383,DHelmetP1NoHelmetP2Helmet
_tzx0hnecr,67,397,461,279,382,DHelmetP1NoHelmetP2Helmet
_tzx0hnecr,68,515,468,351,418,DHelmetP1NoHelmetP2Helmet
_tzx0hnecr,69,645,475,397,454,DHelmetP1NoHelmetP2Helmet
_tzx0hnecr,70,783,482,428,467,DHelmetP1NoHelmetP2Helmet
_tzx0hnecr,71,937,486,470,493,DHelmetP1NoHelmetP2Helmet
_tzx0hnecr,72,1103,492,518,521,DHelmetP1NoHelmetP2Helmet
_tzx0hnecr,73,1286,496,578,550,DHelmetP1NoHelmetP2Helmet
_tzx0hnecr,74,1488,499,432,522,DHelmetP1NoHelmetP2Helmet
_6k2cny104,69,0,434,237,295,DHelmet
_6k2cny104,70,78,435,264,305,DHelmet
_6k2cny104,71,175,441,276,312,DHelmet
_6k2cny104,72,276,447,287,319,DHelmet
_6k2cny104,73,382,444,305,334,DHelmet
_6k2cny104,74,495,447,323,348,DHelmet
_6k2cny104,75,618,449,343,363,DHelmet
_6k2cny104,76,745,452,371,377,DHelmet
_6k2cny104,77,892,457,393,394,DHelmet
_6k2cny104,78,1039,462,433,410,DHelmet
_6k2cny104,79,1203,467,472,427,DHelmet
_6k2cny104,80,1403,472,503,446,DHelmet
_6k2cny104,81,1607,472,313,419,DHelmet
_d91c06zd7,72,0,484,220,379,DHelmetP1Helmet
_d91c06zd7,73,51,492,287,394,DHelmetP1Helmet
_d91c06zd7,74,143,496,326,411,DHelmetP1Helmet
_d91c06zd7,75,261,499,351,434,DHelmetP1Helmet
_d91c06zd7,76,392,506,376,457,DHelmetP1Helmet
_d91c06zd7,77,530,518,414,471,DHelmetP1Helmet
_d91c06zd7,78,684,526,450,495,DHelmetP1Helmet
_d91c06zd7,79,847,533,504,529,DHelmetP1Helmet
_d91c06zd7,80,1037,538,558,542,DHelmetP1Helmet
_d91c06zd7,81,1244,556,628,524,DHelmetP1Helmet
_d91c06zd7,82,1474,561,446,519,DHelmetP1Helmet
_hnp1onqoz,78,18,439,232,306,DHelmet
_hnp1onqoz,79,115,446,258,316,DHelmet
_hnp1onqoz,80,234,449,277,331,DHelmet
_hnp1onqoz,81,359,453,296,345,DHelmet
_hnp1onqoz,82,493,457,324,358,DHelmet
_hnp1onqoz,83,646,462,342,379,DHelmet
_hnp1onqoz,84,807,468,383,399,DHelmet
_hnp1onqoz,85,990,473,423,419,DHelmet
_hnp1onqoz,86,1190,480,474,447,DHelmet
_hnp1onqoz,87,1414,486,506,476,DHelmet
_hnp1onqoz,88,1673,492,247,463,DHelmet
_5iqu213u6,82,0,501,292,431,DHelmet
_5iqu213u6,83,94,506,350,456,DHelmet
_5iqu213u6,84,231,515,384,480,DHelmet
_5iqu213u6,85,377,524,426,507,DHelmet
_5iqu213u6,86,545,534,474,536,DHelmet
_5iqu213u6,87,734,544,530,536,DHelmet
_5iqu213u6,88,944,552,604,528,DHelmet
_5iqu213u6,89,1184,567,678,513,DHelmet
_5iqu213u6,90,1460,584,460,496,DHelmet
_9aaofh1ip,94,0,432,180,281,DHelmetP1Helmet
_9aaofh1ip,95,70,432,252,301,DHelmetP1Helmet
_9aaofh1ip,96,186,434,267,316,DHelmetP1Helmet
_9aaofh1ip,97,310,437,284,331,DHelmetP1Helmet
_9aaofh1ip,98,443,439,305,343,DHelmetP1Helmet
_9aaofh1ip,99,585,440,326,360,DHelmetP1Helmet
_9aaofh1ip,100,741,444,349,376,DHelmetP1Helmet
_jx0jarmqb,92,0,473,189,355,DHelmetP1Helmet
_jx0jarmqb,93,14,469,302,377,DHelmetP1Helmet
_jx0jarmqb,94,133,473,325,399,DHelmetP1Helmet
_jx0jarmqb,95,265,476,347,422,DHelmetP1Helmet
_jx0jarmqb,96,407,488,377,436,DHelmetP1Helmet
_jx0jarmqb,97,561,498,420,458,DHelmetP1Helmet
_jx0jarmqb,98,730,501,470,487,DHelmetP1Helmet
_jx0jarmqb,99,929,507,521,523,DHelmetP1Helmet
_jx0jarmqb,100,1143,513,592,560,DHelmetP1Helmet
_nhge93z2m,16,0,505,252,464,DHelmet
_nhge93z2m,17,52,515,387,487,DHelmet
_nhge93z2m,18,202,528,450,509,DHelmet
_nhge93z2m,19,401,538,493,541,DHelmet
_nhge93z2m,20,613,547,552,533,DHelmet
_nhge93z2m,21,857,557,627,523,DHelmet
_nhge93z2m,22,1135,570,720,510,DHelmet
_nhge93z2m,23,1466,588,454,492,DHelmet
_22t4w914u,18,25,487,246,373,DHelmet
_22t4w914u,19,95,492,336,383,DHelmet
_22t4w914u,20,237,496,366,405,DHelmet
_22t4w914u,21,387,508,402,425,DHelmet
_22t4w914u,22,560,520,437,444,DHelmet
_22t4w914u,23,749,525,488,476,DHelmet
_22t4w914u,24,960,532,539,508,DHelmet
_22t4w914u,25,1197,544,617,536,DHelmet
_22t4w914u,26,1473,555,447,525,DHelmet
