track_id,frame_id,x,y,w,h,label
_39l7fjyyg,1,352,265,92,173,DHelmetP1Helmet
_39l7fjyyg,2,331,263,88,168,DHelmetP1Helmet
_39l7fjyyg,3,310,261,84,163,DHelmetP1Helmet
_39l7fjyyg,4,291,260,81,157,DHelmetP1Helmet
_39l7fjyyg,5,271,258,79,152,DHelmetP1Helmet
_39l7fjyyg,6,252,256,75,147,DHelmetP1Helmet
_39l7fjyyg,7,237,253,74,145,DHelmetP1Helmet
_39l7fjyyg,8,221,250,73,143,DHelmetP1Helmet
_39l7fjyyg,9,206,247,71,141,DHelmetP1Helmet
_39l7fjyyg,10,191,244,70,139,DHelmetP1Helmet
_39l7fjyyg,11,177,243,69,135,DHelmetP1Helmet
_39l7fjyyg,12,163,243,68,130,DHelmetP1Helmet
_d7bc0bgmm,1,978,363,231,330,DHelmetP1Helmet
_d7bc0bgmm,2,916,349,218,316,DHelmetP1Helmet
_d7bc0bgmm,3,859,340,204,303,DHelmetP1Helmet
_d7bc0bgmm,4,805,335,194,289,DHelmetP1Helmet
_d7bc0bgmm,5,756,331,182,275,DHelmetP1Helmet
_d7bc0bgmm,6,712,325,174,265,DHelmetP1Helmet
_d7bc0bgmm,7,669,319,165,255,DHelmetP1Helmet
_d7bc0bgmm,8,630,313,156,245,DHelmetP1Helmet
_d7bc0bgmm,9,595,309,150,236,DHelmetP1Helmet
_d7bc0bgmm,10,560,305,143,227,DHelmetP1Helmet
_d7bc0bgmm,11,529,301,138,218,DHelmetP1Helmet
_d7bc0bgmm,12,499,298,133,211,DHelmetP1Helmet
_d7bc0bgmm,13,470,295,128,205,DHelmetP1Helmet
_d7bc0bgmm,14,445,291,123,199,DHelmetP1Helmet
_d7bc0bgmm,15,421,287,120,193,DHelmetP1Helmet
_d7bc0bgmm,16,397,282,117,189,DHelmetP1Helmet
_d7bc0bgmm,17,376,280,114,183,DHelmetP1Helmet
_d7bc0bgmm,18,356,278,109,178,DHelmetP1Helmet
_d7bc0bgmm,19,339,276,105,172,DHelmetP1Helmet
_d7bc0bgmm,20,323,273,100,168,DHelmetP1Helmet
_d7bc0bgmm,21,306,272,98,162,DHelmetP1Helmet
_d7bc0bgmm,22,290,270,95,158,DHelmetP1Helmet
_d7bc0bgmm,23,275,268,92,155,DHelmetP1Helmet
_d7bc0bgmm,24,259,266,90,152,DHelmetP1Helmet
_d7bc0bgmm,25,244,264,87,149,DHelmetP1Helmet
_d7bc0bgmm,26,231,262,84,146,DHelmetP1Helmet
_d7bc0bgmm,27,218,260,82,143,DHelmetP1Helmet
_d7bc0bgmm,28,206,257,79,141,DHelmetP1Helmet
_d7bc0bgmm,29,193,256,78,138,DHelmetP1Helmet
_d7bc0bgmm,30,180,255,77,134,DHelmetP1Helmet
_d7bc0bgmm,31,168,253,74,132,DHelmetP1Helmet
_d7bc0bgmm,32,155,252,73,129,DHelmetP1Helmet
_d7bc0bgmm,33,142,250,72,127,DHelmetP1Helmet
_nzbka5eeh,7,776,300,115,191,DHelmet
_nzbka5eeh,8,745,296,109,186,DHelmet
_nzbka5eeh,9,713,292,105,182,DHelmet
_nzbka5eeh,10,686,289,102,178,DHelmet
_nzbka5eeh,11,659,287,99,173,DHelmet
_nzbka5eeh,12,633,284,95,170,DHelmet
_nzbka5eeh,13,609,282,92,166,DHelmet
_nzbka5eeh,14,585,281,89,161,DHelmet
_nzbka5eeh,15,562,279,88,157,DHelmet
_nzbka5eeh,16,540,277,86,154,DHelmet
_nzbka5eeh,17,518,275,84,150,DHelmet
_nzbka5eeh,18,497,272,82,149,DHelmet
_nzbka5eeh,19,476,269,79,149,DHelmet
_nzbka5eeh,20,455,267,81,146,DHelmet
_nzbka5eeh,21,435,266,81,143,DHelmet
_nzbka5eeh,22,415,264,81,140,DHelmet
_nzbka5eeh,23,395,263,82,137,DHelmet
_nzbka5eeh,24,379,261,80,135,DHelmet
_nzbka5eeh,25,364,260,77,133,DHelmet
_nzbka5eeh,26,348,258,75,131,DHelmet
_nzbka5eeh,27,333,257,72,128,DHelmet
_nzbka5eeh,28,317,255,70,127,DHelmet
_nzbka5eeh,29,302,254,70,124,DHelmet
_nzbka5eeh,30,287,252,69,122,DHelmet
_nzbka5eeh,31,273,251,67,120,DHelmet
_nzbka5eeh,32,258,250,66,117,DHelmet
_ubim0qojc,1,1354,383,292,364,DHelmetP1NoHelmet
_ubim0qojc,2,1280,374,271,347,DHelmetP1NoHelmet
_ubim0qojc,3,1213,369,249,331,DHelmetP1NoHelmet
_ubim0qojc,4,1152,359,229,319,DHelmetP1NoHelmet
_ubim0qojc,5,1096,353,212,303,DHelmetP1NoHelmet
_ubim0qojc,6,1044,345,198,295,DHelmetP1NoHelmet
_ubim0qojc,7,995,340,184,282,DHelmetP1NoHelmet
_ubim0qojc,8,950,335,175,272,DHelmetP1NoHelmet
_ubim0qojc,9,905,331,164,259,DHelmetP1NoHelmet
_ubim0qojc,10,868,326,155,251,DHelmetP1NoHelmet
_ubim0qojc,11,830,321,146,244,DHelmetP1NoHelmet
_ubim0qojc,12,797,317,137,237,DHelmetP1NoHelmet
_ubim0qojc,13,763,312,129,230,DHelmetP1NoHelmet
_ubim0qojc,14,732,308,124,222,DHelmetP1NoHelmet
_ubim0qojc,15,700,303,119,215,DHelmetP1NoHelmet
_ubim0qojc,16,670,301,117,208,DHelmetP1NoHelmet
_ubim0qojc,17,641,299,113,201,DHelmetP1NoHelmet
_ubim0qojc,18,614,298,110,193,DHelmetP1NoHelmet
_ubim0qojc,19,587,296,108,186,DHelmetP1NoHelmet
_ubim0qojc,20,563,291,105,183,DHelmetP1NoHelmet
_ubim0qojc,21,539,286,101,180,DHelmetP1NoHelmet
_ubim0qojc,22,517,284,98,176,DHelmetP1NoHelmet
_ubim0qojc,23,495,282,96,173,DHelmetP1NoHelmet
_ubim0qojc,24,475,280,93,169,DHelmetP1NoHelmet
_ubim0qojc,25,455,278,90,165,DHelmetP1NoHelmet
_ubim0qojc,26,435,276,87,161,DHelmetP1NoHelmet
_ubim0qojc,27,418,274,84,157,DHelmetP1NoHelmet
_ubim0qojc,28,400,272,82,153,DHelmetP1NoHelmet
_ubim0qojc,29,383,271,79,149,DHelmetP1NoHelmet
_ubim0qojc,30,365,269,78,147,DHelmetP1NoHelmet
_ubim0qojc,31,350,267,76,144,DHelmetP1NoHelmet
_ubim0qojc,32,335,266,73,140,DHelmetP1NoHelmet
_ubim0qojc,33,320,263,70,138,DHelmetP1NoHelmet
_ubim0qojc,34,305,260,68,136,DHelmetP1NoHelmet
_r1i2m9anh,12,1154,336,175,250,DHelmet
_r1i2m9anh,13,1107,333,164,242,DHelmet
_r1i2m9anh,14,1066,330,152,234,DHelmet
_r1i2m9anh,15,1026,327,142,226,DHelmet
_r1i2m9anh,16,984,324,135,220,DHelmet
_r1i2m9anh,17,946,321,129,211,DHelmet
_r1i2m9anh,18,912,318,119,207,DHelmet
_r1i2m9anh,19,879,314,113,201,DHelmet
_r1i2m9anh,20,847,309,111,199,DHelmet
_r1i2m9anh,21,815,307,108,194,DHelmet
_r1i2m9anh,22,787,305,104,188,DHelmet
_r1i2m9anh,23,759,303,100,183,DHelmet
_r1i2m9anh,24,730,298,99,181,DHelmet
_r1i2m9anh,25,702,293,96,178,DHelmet
_r1i2m9anh,26,675,291,96,174,DHelmet
_r1i2m9anh,27,649,289,94,170,DHelmet
_r1i2m9anh,28,622,287,93,164,DHelmet
_r1i2m9anh,29,598,285,90,162,DHelmet
_r1i2m9anh,30,574,282,88,160,DHelmet
_r1i2m9anh,31,550,280,86,158,DHelmet
_r1i2m9anh,32,530,278,83,155,DHelmet
_r1i2m9anh,33,509,275,82,153,DHelmet
_r1i2m9anh,34,486,273,79,149,DHelmet
_r1i2m9anh,35,463,270,75,146,DHelmet
_r1i2m9anh,36,444,268,75,144,DHelmet
_r1i2m9anh,37,425,267,74,142,DHelmet
_r1i2m9anh,38,405,265,75,140,DHelmet
_r1i2m9anh,39,389,263,71,136,DHelmet
_r1i2m9anh,40,373,262,68,131,DHelmet
_r1i2m9anh,41,353,260,67,128,DHelmet
_r1i2m9anh,42,333,257,66,127,DHelmet
_u14rwaa64,3,1696,396,224,377,DHelmetP1Helmet
_u14rwaa64,4,1602,395,318,377,DHelmetP1Helmet
_u14rwaa64,5,1511,388,356,362,DHelmetP1Helmet
_u14rwaa64,6,1429,380,334,349,DHelmetP1Helmet
_u14rwaa64,7,1354,373,312,334,DHelmetP1Helmet
_u14rwaa64,8,1284,364,291,323,DHelmetP1Helmet
_u14rwaa64,9,1219,354,273,313,DHelmetP1Helmet
_u14rwaa64,10,1156,348,257,302,DHelmetP1Helmet
_u14rwaa64,11,1099,342,242,291,DHelmetP1Helmet
_u14rwaa64,12,1043,337,228,281,DHelmetP1Helmet
_u14rwaa64,13,994,332,214,270,DHelmetP1Helmet
_u14rwaa64,14,945,329,200,259,DHelmetP1Helmet
_u14rwaa64,15,902,325,186,249,DHelmetP1Helmet
_u14rwaa64,16,859,320,178,243,DHelmetP1Helmet
_u14rwaa64,17,816,314,170,238,DHelmetP1Helmet
_u14rwaa64,18,778,309,162,232,DHelmetP1Helmet
_u14rwaa64,19,741,304,157,228,DHelmetP1Helmet
_u14rwaa64,20,705,299,150,224,DHelmetP1Helmet
_u14rwaa64,21,670,296,144,216,DHelmetP1Helmet
_u14rwaa64,22,639,292,138,209,DHelmetP1Helmet
_u14rwaa64,23,608,291,135,202,DHelmetP1Helmet
_u14rwaa64,24,577,289,131,196,DHelmetP1Helmet
_u14rwaa64,25,551,285,126,193,DHelmetP1Helmet
_u14rwaa64,26,524,281,122,189,DHelmetP1Helmet
_u14rwaa64,27,500,277,118,187,DHelmetP1Helmet
_u14rwaa64,28,476,274,114,185,DHelmetP1Helmet
_u14rwaa64,29,454,273,108,178,DHelmetP1Helmet
_u14rwaa64,30,432,271,102,173,DHelmetP1Helmet
_u14rwaa64,31,412,270,99,169,DHelmetP1Helmet
_u14rwaa64,32,393,268,95,167,DHelmetP1Helmet
_u14rwaa64,33,372,265,94,164,DHelmetP1Helmet
_u14rwaa64,34,352,262,92,161,DHelmetP1Helmet
_u14rwaa64,35,331,260,91,157,DHelmetP1Helmet
_u14rwaa64,36,313,259,90,154,DHelmetP1Helmet
_u14rwaa64,37,295,258,89,150,DHelmetP1Helmet
_u14rwaa64,38,278,256,87,147,DHelmetP1Helmet
_u14rwaa64,39,261,254,85,144,DHelmetP1Helmet
_u14rwaa64,40,244,251,85,142,DHelmetP1Helmet
_u14rwaa64,41,228,249,83,139,DHelmetP1Helmet
_u14rwaa64,42,212,249,83,136,DHelmetP1Helmet
_u14rwaa64,43,197,249,81,133,DHelmetP1Helmet
_u14rwaa64,44,178,246,84,133,DHelmetP1Helmet
_u14rwaa64,45,160,242,85,134,DHelmetP1Helmet
_sn5hi7r76,11,1616,378,304,313,DHelmetP1Helmet
_sn5hi7r76,12,1536,372,287,303,DHelmetP1Helmet
_sn5hi7r76,13,1457,362,272,295,DHelmetP1Helmet
_sn5hi7r76,14,1387,355,257,286,DHelmetP1Helmet
_sn5hi7r76,15,1315,350,243,277,DHelmetP1Helmet
_sn5hi7r76,16,1252,344,227,268,DHelmetP1Helmet
_sn5hi7r76,17,1188,339,216,259,DHelmetP1Helmet
_sn5hi7r76,18,1130,334,205,250,DHelmetP1Helmet
_sn5hi7r76,19,1076,328,195,245,DHelmetP1Helmet
_sn5hi7r76,20,1024,322,185,240,DHelmetP1Helmet
_sn5hi7r76,21,975,318,176,232,DHelmetP1Helmet
_sn5hi7r76,22,928,314,167,224,DHelmetP1Helmet
_sn5hi7r76,23,883,309,159,217,DHelmetP1Helmet
_sn5hi7r76,24,844,305,149,208,DHelmetP1Helmet
_sn5hi7r76,25,803,301,143,204,DHelmetP1Helmet
_sn5hi7r76,26,767,299,136,200,DHelmetP1Helmet
_sn5hi7r76,27,733,295,128,194,DHelmetP1Helmet
_sn5hi7r76,28,700,291,121,188,DHelmetP1Helmet
_sn5hi7r76,29,668,287,115,183,DHelmetP1Helmet
_sn5hi7r76,30,639,285,111,179,DHelmetP1Helmet
_sn5hi7r76,31,610,282,107,175,DHelmetP1Helmet
_sn5hi7r76,32,580,279,104,171,DHelmetP1Helmet
_sn5hi7r76,33,555,277,101,167,DHelmetP1Helmet
_sn5hi7r76,34,530,275,97,164,DHelmetP1Helmet
_sn5hi7r76,35,504,273,96,161,DHelmetP1Helmet
_sn5hi7r76,36,478,271,95,158,DHelmetP1Helmet
_sn5hi7r76,37,454,268,93,154,DHelmetP1Helmet
_sn5hi7r76,38,430,265,91,151,DHelmetP1Helmet
_sn5hi7r76,39,409,264,89,148,DHelmetP1Helmet
_sn5hi7r76,40,388,263,87,145,DHelmetP1Helmet
_sn5hi7r76,41,363,261,87,144,DHelmetP1Helmet
_sn5hi7r76,42,344,259,85,142,DHelmetP1Helmet
_sn5hi7r76,43,324,257,84,141,DHelmetP1Helmet
_sn5hi7r76,44,304,255,84,139,DHelmetP1Helmet
_sn5hi7r76,45,287,253,82,138,DHelmetP1Helmet
_sn5hi7r76,46,270,251,81,136,DHelmetP1Helmet
_sn5hi7r76,47,253,250,79,133,DHelmetP1Helmet
_sn5hi7r76,48,239,248,76,132,DHelmetP1Helmet
_sn5hi7r76,49,224,246,74,130,DHelmetP1Helmet
_sn5hi7r76,50,209,244,71,129,DHelmetP1Helmet
_sn5hi7r76,51,195,243,72,127,DHelmetP1Helmet
_sn5hi7r76,52,180,242,72,125,DHelmetP1Helmet
_sn5hi7r76,53,166,241,72,123,DHelmetP1Helmet
_sn5hi7r76,54,151,240,72,121,DHelmetP1Helmet
_whze4ee1d,13,1616,406,304,380,DHelmetP1Helmet
_whze4ee1d,14,1524,396,339,364,DHelmetP1Helmet
_whze4ee1d,15,1440,388,313,349,DHelmetP1Helmet
_whze4ee1d,16,1363,379,287,335,DHelmetP1Helmet
_whze4ee1d,17,1291,370,263,323,DHelmetP1Helmet
_whze4ee1d,18,1223,364,244,311,DHelmetP1Helmet
_whze4ee1d,19,1160,356,229,299,DHelmetP1Helmet
_whze4ee1d,20,1102,349,212,289,DHelmetP1Helmet
_whze4ee1d,21,1050,344,196,279,DHelmetP1Helmet
_whze4ee1d,22,1000,337,184,270,DHelmetP1Helmet
_whze4ee1d,23,954,332,172,261,DHelmetP1Helmet
_whze4ee1d,24,910,327,163,251,DHelmetP1Helmet
_whze4ee1d,25,870,322,153,242,DHelmetP1Helmet
_whze4ee1d,26,831,316,146,237,DHelmetP1Helmet
_whze4ee1d,27,794,313,140,232,DHelmetP1Helmet
_whze4ee1d,28,760,309,133,226,DHelmetP1Helmet
_whze4ee1d,29,726,304,127,221,DHelmetP1Helmet
_whze4ee1d,30,696,301,122,215,DHelmetP1Helmet
_whze4ee1d,31,666,298,118,209,DHelmetP1Helmet
_whze4ee1d,32,636,295,113,202,DHelmetP1Helmet
_whze4ee1d,33,610,293,109,197,DHelmetP1Helmet
_whze4ee1d,34,583,292,107,191,DHelmetP1Helmet
_whze4ee1d,35,556,290,104,187,DHelmetP1Helmet
_whze4ee1d,36,531,287,102,183,DHelmetP1Helmet
_whze4ee1d,37,506,283,99,180,DHelmetP1Helmet
_whze4ee1d,38,484,280,97,176,DHelmetP1Helmet
_whze4ee1d,39,462,278,94,172,DHelmetP1Helmet
_whze4ee1d,40,439,275,92,169,DHelmetP1Helmet
_whze4ee1d,41,420,273,90,166,DHelmetP1Helmet
_whze4ee1d,42,402,271,87,162,DHelmetP1Helmet
_whze4ee1d,43,383,269,85,159,DHelmetP1Helmet
_whze4ee1d,44,364,267,83,155,DHelmetP1Helmet
_whze4ee1d,45,347,265,81,153,DHelmetP1Helmet
_whze4ee1d,46,330,263,80,151,DHelmetP1Helmet
_whze4ee1d,47,314,261,77,148,DHelmetP1Helmet
_whze4ee1d,48,297,259,76,146,DHelmetP1Helmet
_whze4ee1d,49,280,256,75,145,DHelmetP1Helmet
_whze4ee1d,50,264,254,73,143,DHelmetP1Helmet
_whze4ee1d,51,248,252,71,140,DHelmetP1Helmet
_whze4ee1d,52,233,251,70,138,DHelmetP1Helmet
_whze4ee1d,53,218,249,69,136,DHelmetP1Helmet
_whze4ee1d,54,204,247,67,134,DHelmetP1Helmet
_whze4ee1d,55,189,246,65,132,DHelmetP1Helmet
_whze4ee1d,56,174,244,64,130,DHelmetP1Helmet
_jyowm7gf6,98,1,245,82,171,DHelmet
_jyowm7gf6,99,16,249,84,173,DHelmet
_jyowm7gf6,100,33,251,81,182,DHelmet
_wtzkrq7eq,17,1676,400,244,306,DHelmet
_wtzkrq7eq,18,1600,391,274,297,DHelmet
_wtzkrq7eq,19,1523,384,264,289,DHelmet
_wtzkrq7eq,20,1453,376,248,282,DHelmet
_wtzkrq7eq,21,1389,370,235,273,DHelmet
_wtzkrq7eq,22,1326,364,220,264,DHelmet
_wtzkrq7eq,23,1269,358,208,255,DHelmet
_wtzkrq7eq,24,1213,352,196,246,DHelmet
_wtzkrq7eq,25,1163,348,185,238,DHelmet
_wtzkrq7eq,26,1113,345,174,229,DHelmet
_wtzkrq7eq,27,1069,338,165,226,DHelmet
_wtzkrq7eq,28,1025,332,155,222,DHelmet
_wtzkrq7eq,29,984,328,148,216,DHelmet
_wtzkrq7eq,30,945,325,142,209,DHelmet
_wtzkrq7eq,31,909,321,134,204,DHelmet
_wtzkrq7eq,32,874,317,126,199,DHelmet
_wtzkrq7eq,33,840,313,121,195,DHelmet
_wtzkrq7eq,34,811,309,115,191,DHelmet
_wtzkrq7eq,35,782,305,110,187,DHelmet
_wtzkrq7eq,36,757,302,104,183,DHelmet
_wtzkrq7eq,37,732,299,98,179,DHelmet
_wtzkrq7eq,38,708,297,95,174,DHelmet
_wtzkrq7eq,39,685,296,91,168,DHelmet
_wtzkrq7eq,40,663,292,87,166,DHelmet
_wtzkrq7eq,41,640,288,84,165,DHelmet
_wtzkrq7eq,42,619,287,83,161,DHelmet
_wtzkrq7eq,43,598,285,82,157,DHelmet
_wtzkrq7eq,44,576,284,81,153,DHelmet
_wtzkrq7eq,45,560,282,78,149,DHelmet
_wtzkrq7eq,46,543,280,74,145,DHelmet
_wtzkrq7eq,47,519,279,77,145,DHelmet
_wtzkrq7eq,48,496,278,79,144,DHelmet
_wtzkrq7eq,49,486,275,71,135,DHelmet
_wtzkrq7eq,50,466,273,71,134,DHelmet
_wtzkrq7eq,51,446,271,70,132,DHelmet
_wtzkrq7eq,52,427,270,69,130,DHelmet
_wtzkrq7eq,53,408,269,69,128,DHelmet
_vb1az3h50,23,1652,396,268,348,DHelmetP1Helmet
_vb1az3h50,24,1578,392,303,331,DHelmetP1Helmet
_vb1az3h50,25,1507,384,282,322,DHelmetP1Helmet
_vb1az3h50,26,1442,377,262,311,DHelmetP1Helmet
_vb1az3h50,27,1380,373,245,296,DHelmetP1Helmet
_vb1az3h50,28,1322,365,228,289,DHelmetP1Helmet
_vb1az3h50,29,1268,359,214,281,DHelmetP1Helmet
_vb1az3h50,30,1214,353,200,272,DHelmetP1Helmet
_vb1az3h50,31,1164,348,193,264,DHelmetP1Helmet
_vb1az3h50,32,1114,343,187,256,DHelmetP1Helmet
_vb1az3h50,33,1069,337,180,252,DHelmetP1Helmet
_vb1az3h50,34,1024,331,174,248,DHelmetP1Helmet
_vb1az3h50,35,985,327,167,242,DHelmetP1Helmet
_vb1az3h50,36,945,323,161,236,DHelmetP1Helmet
_vb1az3h50,37,911,319,151,225,DHelmetP1Helmet
_vb1az3h50,38,877,314,141,216,DHelmetP1Helmet
_vb1az3h50,39,846,311,137,214,DHelmetP1Helmet
_vb1az3h50,40,815,309,133,211,DHelmetP1Helmet
_vb1az3h50,41,789,307,124,204,DHelmetP1Helmet
_vb1az3h50,42,763,305,115,198,DHelmetP1Helmet
_vb1az3h50,43,738,301,109,189,DHelmetP1Helmet
_vb1az3h50,44,713,297,104,180,DHelmetP1Helmet
_aprd88xqv,45,1719,398,201,338,DNoHelmet
_aprd88xqv,46,1636,395,284,332,DNoHelmet
_aprd88xqv,47,1560,385,270,321,DNoHelmet
_aprd88xqv,48,1486,378,254,308,DNoHelmet
_aprd88xqv,49,1419,370,237,296,DNoHelmet
_aprd88xqv,50,1355,365,220,281,DNoHelmet
_aprd88xqv,51,1293,359,210,273,DNoHelmet
_aprd88xqv,52,1237,355,196,259,DNoHelmet
_aprd88xqv,53,1182,351,187,248,DNoHelmet
_aprd88xqv,54,1130,345,178,243,DNoHelmet
_aprd88xqv,55,1083,338,171,236,DNoHelmet
_aprd88xqv,56,1039,332,163,231,DNoHelmet
_aprd88xqv,57,994,326,156,226,DNoHelmet
_aprd88xqv,58,954,322,150,220,DNoHelmet
_aprd88xqv,59,914,318,143,214,DNoHelmet
_aprd88xqv,60,878,314,137,208,DNoHelmet
_aprd88xqv,61,842,310,131,203,DNoHelmet
_aprd88xqv,62,809,308,127,197,DNoHelmet
_aprd88xqv,63,777,305,121,192,DNoHelmet
_aprd88xqv,64,748,302,117,188,DNoHelmet
_aprd88xqv,65,720,299,112,183,DNoHelmet
_aprd88xqv,66,693,297,109,179,DNoHelmet
_aprd88xqv,67,666,294,106,176,DNoHelmet
_aprd88xqv,68,642,291,103,173,DNoHelmet
_aprd88xqv,69,619,289,99,168,DNoHelmet
_aprd88xqv,70,594,286,96,166,DNoHelmet
_aprd88xqv,71,575,284,92,162,DNoHelmet
_aprd88xqv,72,555,282,89,159,DNoHelmet
_aprd88xqv,73,535,280,86,155,DNoHelmet
_aprd88xqv,74,516,278,82,152,DNoHelmet
_aprd88xqv,75,500,277,80,148,DNoHelmet
_aprd88xqv,76,485,276,76,145,DNoHelmet
_aprd88xqv,77,469,274,74,144,DNoHelmet
_aprd88xqv,78,453,271,72,145,DNoHelmet
_aprd88xqv,79,436,269,72,143,DNoHelmet
_aprd88xqv,80,420,267,71,142,DNoHelmet
_aprd88xqv,81,404,266,69,139,DNoHelmet
_aprd88xqv,82,387,265,68,136,DNoHelmet
_7a2io025e,53,1673,392,247,349,DHelmet
_7a2io025e,54,1595,385,304,336,DHelmet
_7a2io025e,55,1518,378,289,327,DHelmet
_7a2io025e,56,1447,372,277,316,DHelmet
_7a2io025e,57,1376,365,264,307,DHelmet
_7a2io025e,58,1313,359,251,295,DHelmet
_7a2io025e,59,1250,353,238,284,DHelmet
_7a2io025e,60,1193,348,228,277,DHelmet
_7a2io025e,61,1136,343,217,270,DHelmet
_7a2io025e,62,1084,338,208,263,DHelmet
_7a2io025e,63,1032,333,198,256,DHelmet
_7a2io025e,64,985,328,189,249,DHelmet
_7a2io025e,65,937,323,180,243,DHelmet
_7a2io025e,66,896,318,171,237,DHelmet
_7a2io025e,67,854,313,164,232,DHelmet
_7a2io025e,68,815,308,157,226,DHelmet
_7a2io025e,69,777,305,151,220,DHelmet
_7a2io025e,70,741,301,145,216,DHelmet
_7a2io025e,71,709,297,139,212,DHelmet
_7a2io025e,72,678,293,132,208,DHelmet
_7a2io025e,73,648,291,128,203,DHelmet
_7a2io025e,74,618,289,124,198,DHelmet
_7a2io025e,75,591,286,121,194,DHelmet
_7a2io025e,76,564,284,117,189,DHelmet
_7a2io025e,77,540,281,113,187,DHelmet
_7a2io025e,78,516,278,109,185,DHelmet
_7a2io025e,79,494,276,106,181,DHelmet
_7a2io025e,80,472,274,102,177,DHelmet
_7a2io025e,81,453,272,99,174,DHelmet
_7a2io025e,82,434,270,96,172,DHelmet
_7a2io025e,83,415,268,92,169,DHelmet
_7a2io025e,84,397,266,90,166,DHelmet
_tpm3hc84z,21,0,378,171,459,DNoHelmetP1NoHelmet
_tpm3hc84z,22,0,378,188,457,DNoHelmetP1NoHelmet
_tpm3hc84z,23,0,375,204,444,DNoHelmetP1NoHelmet
_tpm3hc84z,24,0,368,220,434,DNoHelmetP1NoHelmet
_tpm3hc84z,25,0,364,236,424,DNoHelmetP1NoHelmet
_tpm3hc84z,26,0,362,254,413,DNoHelmetP1NoHelmet
_tpm3hc84z,27,10,359,261,404,DNoHelmetP1NoHelmet
_tpm3hc84z,28,12,356,273,394,DNoHelmetP1NoHelmet
_tpm3hc84z,29,13,353,286,384,DNoHelmetP1NoHelmet
_tpm3hc84z,30,29,352,280,373,DNoHelmetP1NoHelmet
_tpm3hc84z,31,45,351,274,361,DNoHelmetP1NoHelmet
_tpm3hc84z,32,62,346,267,354,DNoHelmetP1NoHelmet
_tpm3hc84z,33,80,340,258,347,DNoHelmetP1NoHelmet
_tpm3hc84z,34,96,337,249,340,DNoHelmetP1NoHelmet
_tpm3hc84z,35,112,333,240,334,DNoHelmetP1NoHelmet
_tpm3hc84z,36,125,330,235,327,DNoHelmetP1NoHelmet
_tpm3hc84z,37,137,326,231,321,DNoHelmetP1NoHelmet
_tpm3hc84z,38,149,322,228,315,DNoHelmetP1NoHelmet
_tpm3hc84z,39,161,320,219,308,DNoHelmetP1NoHelmet
_tpm3hc84z,40,171,318,213,302,DNoHelmetP1NoHelmet
_tpm3hc84z,41,179,316,206,295,DNoHelmetP1NoHelmet
_tpm3hc84z,42,186,314,200,289,DNoHelmetP1NoHelmet
_tpm3hc84z,43,194,312,194,282,DNoHelmetP1NoHelmet
_tpm3hc84z,44,201,310,188,276,DNoHelmetP1NoHelmet
_tpm3hc84z,45,205,308,184,271,DNoHelmetP1NoHelmet
_tpm3hc84z,46,210,306,178,266,DNoHelmetP1NoHelmet
_tpm3hc84z,47,214,304,174,261,DNoHelmetP1NoHelmet
_tpm3hc84z,48,218,301,170,257,DNoHelmetP1NoHelmet
_tpm3hc84z,49,222,299,166,252,DNoHelmetP1NoHelmet
_tpm3hc84z,50,222,296,162,246,DNoHelmetP1NoHelmet
_tpm3hc84z,51,224,294,156,242,DNoHelmetP1NoHelmet
_tpm3hc84z,52,225,293,152,236,DNoHelmetP1NoHelmet
_tpm3hc84z,53,227,291,146,231,DNoHelmetP1NoHelmet
_tpm3hc84z,54,228,289,142,227,DNoHelmetP1NoHelmet
_tpm3hc84z,55,228,288,140,221,DNoHelmetP1NoHelmet
_tpm3hc84z,56,228,286,134,216,DNoHelmetP1NoHelmet
_tpm3hc84z,57,229,285,126,211,DNoHelmetP1NoHelmet
_tpm3hc84z,58,227,283,124,208,DNoHelmetP1NoHelmet
_tpm3hc84z,59,226,281,121,205,DNoHelmetP1NoHelmet
_tpm3hc84z,60,224,279,119,202,DNoHelmetP1NoHelmet
_tpm3hc84z,61,222,277,117,199,DNoHelmetP1NoHelmet
_tpm3hc84z,62,219,276,116,195,DNoHelmetP1NoHelmet
_tpm3hc84z,63,217,274,114,192,DNoHelmetP1NoHelmet
_tpm3hc84z,64,214,273,113,187,DNoHelmetP1NoHelmet
_tpm3hc84z,65,211,271,112,184,DNoHelmetP1NoHelmet
_tpm3hc84z,66,205,268,111,183,DNoHelmetP1NoHelmet
_tpm3hc84z,67,202,267,109,181,DNoHelmetP1NoHelmet
_tpm3hc84z,68,200,267,107,177,DNoHelmetP1NoHelmet
_tpm3hc84z,69,197,266,106,174,DNoHelmetP1NoHelmet
_tpm3hc84z,70,195,265,102,171,DNoHelmetP1NoHelmet
_tpm3hc84z,71,192,265,99,167,DNoHelmetP1NoHelmet
_tpm3hc84z,72,189,264,97,164,DNoHelmetP1NoHelmet
_tpm3hc84z,73,184,262,95,162,DNoHelmetP1NoHelmet
_tpm3hc84z,74,178,261,94,158,DNoHelmetP1NoHelmet
_tpm3hc84z,75,172,259,93,156,DNoHelmetP1NoHelmet
