track_id,frame_id,x,y,w,h,label
_whsl3pz69,1,77,514,96,201,DHelmet
_whsl3pz69,2,83,516,98,204,DHelmet
_whsl3pz69,3,89,517,99,207,DHelmet
_whsl3pz69,4,95,518,101,212,DHelmet
_whsl3pz69,5,101,519,102,216,DHelmet
_whsl3pz69,6,107,521,104,219,DHelmet
_whsl3pz69,7,113,523,106,222,DHelmet
_whsl3pz69,8,120,524,106,228,DHelmet
_whsl3pz69,9,126,525,108,234,DHelmet
_whsl3pz69,10,132,527,109,238,DHelmet
_whsl3pz69,11,138,528,112,244,DHelmet
_whsl3pz69,12,144,529,115,250,DHelmet
_whsl3pz69,13,151,531,116,254,DHelmet
_whsl3pz69,14,157,532,118,260,DHelmet
_whsl3pz69,15,164,534,122,266,DHelmet
_whsl3pz69,16,171,536,126,273,DHelmet
_whsl3pz69,17,178,538,128,279,DHelmet
_whsl3pz69,18,185,540,131,286,DHelmet
_whsl3pz69,19,194,543,133,293,DHelmet
_whsl3pz69,20,203,545,135,301,DHelmet
_whsl3pz69,21,212,548,139,308,DHelmet
_whsl3pz69,22,221,550,144,316,DHelmet
_whsl3pz69,23,232,552,147,325,DHelmet
_whsl3pz69,24,242,555,150,332,DHelmet
_whsl3pz69,25,254,558,154,341,DHelmet
_whsl3pz69,26,267,561,157,349,DHelmet
_whsl3pz69,27,280,563,162,359,DHelmet
_whsl3pz69,28,292,566,168,368,DHelmet
_whsl3pz69,29,306,568,172,379,DHelmet
_whsl3pz69,30,320,570,177,389,DHelmet
_whsl3pz69,31,336,573,181,398,DHelmet
_whsl3pz69,32,352,576,185,408,DHelmet
_whsl3pz69,33,368,579,191,421,DHelmet
_whsl3pz69,34,384,582,197,435,DHelmet
_whsl3pz69,35,400,585,202,449,DHelmet
_whsl3pz69,36,416,588,208,464,DHelmet
_whsl3pz69,37,432,593,215,476,DHelmet
_whsl3pz69,38,451,599,221,481,DHelmet
_whsl3pz69,39,469,602,229,478,DHelmet
_whsl3pz69,40,488,604,235,476,DHelmet
_whsl3pz69,41,506,611,242,469,DHelmet
_whsl3pz69,42,525,619,252,461,DHelmet
_whsl3pz69,43,543,625,263,455,DHelmet
_whsl3pz69,44,566,632,270,448,DHelmet
_whsl3pz69,45,586,641,280,439,DHelmet
_whsl3pz69,46,606,645,290,435,DHelmet
_whsl3pz69,47,631,651,299,429,DHelmet
_whsl3pz69,48,655,658,310,422,DHelmet
_whsl3pz69,49,679,664,320,416,DHelmet
_whsl3pz69,50,704,671,329,409,DHelmet
_whsl3pz69,51,728,677,339,403,DHelmet
_whsl3pz69,52,752,684,353,396,DHelmet
_whsl3pz69,53,777,690,369,390,DHelmet
_whsl3pz69,54,801,696,385,384,DHelmet
_yg66zy9hl,23,58,481,64,128,DHelmet
_yg66zy9hl,24,62,482,65,130,DHelmet
_yg66zy9hl,25,66,482,67,132,DHelmet
_yg66zy9hl,26,70,482,68,135,DHelmet
_yg66zy9hl,27,74,482,70,137,DHelmet
_yg66zy9hl,28,80,483,70,139,DHelmet
_yg66zy9hl,29,86,483,69,142,DHelmet
_yg66zy9hl,30,91,484,70,144,DHelmet
_yg66zy9hl,31,97,485,69,146,DHelmet
_yg66zy9hl,32,104,485,71,150,DHelmet
_yg66zy9hl,33,111,486,72,152,DHelmet
_yg66zy9hl,34,118,486,74,155,DHelmet
_yg66zy9hl,35,126,487,76,157,DHelmet
_yg66zy9hl,36,134,487,79,161,DHelmet
_yg66zy9hl,37,141,488,82,163,DHelmet
_yg66zy9hl,38,150,489,83,166,DHelmet
_yg66zy9hl,39,159,490,84,169,DHelmet
_yg66zy9hl,40,169,491,84,172,DHelmet
_yg66zy9hl,41,178,492,85,176,DHelmet
_yg66zy9hl,42,187,492,86,180,DHelmet
_yg66zy9hl,43,196,493,86,183,DHelmet
_yg66zy9hl,44,205,494,90,188,DHelmet
_yg66zy9hl,45,214,495,93,192,DHelmet
_yg66zy9hl,46,225,496,94,195,DHelmet
_yg66zy9hl,47,236,497,94,199,DHelmet
_yg66zy9hl,48,246,498,97,203,DHelmet
_yg66zy9hl,49,256,499,99,208,DHelmet
_yg66zy9hl,50,266,500,102,212,DHelmet
_yg66zy9hl,51,276,502,105,214,DHelmet
_yg66zy9hl,52,286,503,109,221,DHelmet
_yg66zy9hl,53,296,504,113,227,DHelmet
_yg66zy9hl,54,307,507,116,230,DHelmet
_yg66zy9hl,55,319,510,119,233,DHelmet
_yg66zy9hl,56,332,512,122,237,DHelmet
_yg66zy9hl,57,345,514,125,242,DHelmet
_yg66zy9hl,58,359,515,128,247,DHelmet
_yg66zy9hl,59,373,517,132,251,DHelmet
_yg66zy9hl,60,390,517,131,259,DHelmet
_yg66zy9hl,61,406,517,132,267,DHelmet
_yg66zy9hl,62,422,519,133,274,DHelmet
_yg66zy9hl,63,437,521,135,280,DHelmet
_yg66zy9hl,64,453,522,139,288,DHelmet
_yg66zy9hl,65,468,523,143,296,DHelmet
_yg66zy9hl,66,484,525,146,304,DHelmet
_yg66zy9hl,67,499,528,149,312,DHelmet
_yg66zy9hl,68,514,530,153,320,DHelmet
_yg66zy9hl,69,528,531,158,330,DHelmet
_yg66zy9hl,70,541,533,163,340,DHelmet
_yg66zy9hl,71,554,536,167,348,DHelmet
_yg66zy9hl,72,569,541,171,355,DHelmet
_yg66zy9hl,73,584,547,175,361,DHelmet
_yg66zy9hl,74,600,551,180,371,DHelmet
_yg66zy9hl,75,617,554,183,382,DHelmet
_yg66zy9hl,76,632,557,190,393,DHelmet
_yg66zy9hl,77,648,560,196,405,DHelmet
_yg66zy9hl,78,664,561,204,419,DHelmet
_yg66zy9hl,79,681,562,211,433,DHelmet
_yg66zy9hl,80,699,564,215,446,DHelmet
_yg66zy9hl,81,716,565,226,461,DHelmet
_yg66zy9hl,82,735,565,233,476,DHelmet
_yg66zy9hl,83,754,569,240,488,DHelmet
_yg66zy9hl,84,775,570,249,510,DHelmet
_yg66zy9hl,85,797,572,263,508,DHelmet
_yg66zy9hl,86,821,574,282,506,DHelmet
_yg66zy9hl,87,846,576,305,504,DHelmet
_yg66zy9hl,88,875,578,325,502,DHelmet
_yg66zy9hl,89,905,581,343,499,DHelmet
_yg66zy9hl,90,939,585,358,495,DHelmet
_yg66zy9hl,91,974,590,370,490,DHelmet
_yg66zy9hl,92,1011,594,378,486,DHelmet
_yg66zy9hl,93,1052,596,385,484,DHelmet
_yg66zy9hl,94,1091,601,407,479,DHelmet
_yg66zy9hl,95,1131,608,407,472,DHelmet
_yg66zy9hl,96,1197,614,400,466,DHelmet
_yg66zy9hl,97,1244,620,420,460,DHelmet
_yg66zy9hl,98,1296,626,433,454,DHelmet
_yg66zy9hl,99,1346,635,435,445,DHelmet
_yg66zy9hl,100,1403,637,446,443,DHelmet
_m9xuzbihz,41,5,496,89,185,DHelmet
_m9xuzbihz,42,10,497,92,188,DHelmet
_m9xuzbihz,43,16,499,94,190,DHelmet
_m9xuzbihz,44,24,499,96,196,DHelmet
_m9xuzbihz,45,31,499,98,201,DHelmet
_m9xuzbihz,46,39,500,99,206,DHelmet
_m9xuzbihz,47,47,501,101,210,DHelmet
_m9xuzbihz,48,55,502,103,214,DHelmet
_m9xuzbihz,49,63,504,104,217,DHelmet
_m9xuzbihz,50,70,505,108,223,DHelmet
_m9xuzbihz,51,78,506,110,229,DHelmet
_m9xuzbihz,52,85,507,113,235,DHelmet
_m9xuzbihz,53,93,508,116,241,DHelmet
_m9xuzbihz,54,101,509,119,248,DHelmet
_m9xuzbihz,55,109,511,122,254,DHelmet
_m9xuzbihz,56,117,513,125,259,DHelmet
_m9xuzbihz,57,126,515,128,265,DHelmet
_m9xuzbihz,58,135,517,131,271,DHelmet
_m9xuzbihz,59,144,519,133,277,DHelmet
_m9xuzbihz,60,153,521,136,283,DHelmet
_m9xuzbihz,61,164,522,139,293,DHelmet
_m9xuzbihz,62,175,524,141,301,DHelmet
_m9xuzbihz,63,186,526,143,309,DHelmet
_m9xuzbihz,64,197,527,145,319,DHelmet
_m9xuzbihz,65,208,529,147,327,DHelmet
_m9xuzbihz,66,220,531,149,335,DHelmet
_m9xuzbihz,67,231,533,152,344,DHelmet
_m9xuzbihz,68,242,535,155,353,DHelmet
_m9xuzbihz,69,253,537,158,361,DHelmet
_m9xuzbihz,70,265,539,160,370,DHelmet
_m9xuzbihz,71,274,541,165,382,DHelmet
_m9xuzbihz,72,283,543,177,394,DHelmet
_m9xuzbihz,73,293,545,176,406,DHelmet
_m9xuzbihz,74,302,548,181,419,DHelmet
_m9xuzbihz,75,311,550,186,433,DHelmet
_m9xuzbihz,76,322,554,193,446,DHelmet
_m9xuzbihz,77,332,557,201,459,DHelmet
_m9xuzbihz,78,346,559,208,476,DHelmet
_m9xuzbihz,79,360,561,215,492,DHelmet
_m9xuzbihz,80,374,565,224,511,DHelmet
_m9xuzbihz,81,389,569,232,511,DHelmet
_m9xuzbihz,82,405,573,244,507,DHelmet
_m9xuzbihz,83,426,577,250,503,DHelmet
_m9xuzbihz,84,446,582,261,498,DHelmet
_m9xuzbihz,85,467,588,272,492,DHelmet
_m9xuzbihz,86,490,594,283,486,DHelmet
_m9xuzbihz,87,512,601,294,479,DHelmet
_m9xuzbihz,88,535,607,304,473,DHelmet
_m9xuzbihz,89,557,613,315,467,DHelmet
_m9xuzbihz,90,578,618,331,462,DHelmet
_m9xuzbihz,91,626,624,321,456,DHelmet
_m9xuzbihz,92,656,631,335,449,DHelmet
_m9xuzbihz,93,688,641,342,439,DHelmet
_m9xuzbihz,94,720,648,352,432,DHelmet
_m9xuzbihz,95,752,654,363,426,DHelmet
_m9xuzbihz,96,783,662,386,418,DHelmet
_eozw1rw3m,65,115,485,59,121,DHelmet
_eozw1rw3m,66,125,486,61,124,DHelmet
_eozw1rw3m,67,135,487,63,126,DHelmet
_eozw1rw3m,68,146,488,64,128,DHelmet
_eozw1rw3m,69,156,489,65,130,DHelmet
_eozw1rw3m,70,167,491,66,131,DHelmet
_eozw1rw3m,71,178,491,68,134,DHelmet
_eozw1rw3m,72,190,492,70,136,DHelmet
_eozw1rw3m,73,202,492,71,138,DHelmet
_eozw1rw3m,74,214,493,72,140,DHelmet
_eozw1rw3m,75,226,493,74,144,DHelmet
_eozw1rw3m,76,239,494,75,147,DHelmet
_eozw1rw3m,77,251,495,77,150,DHelmet
_eozw1rw3m,78,264,495,78,154,DHelmet
_eozw1rw3m,79,277,496,79,157,DHelmet
_eozw1rw3m,80,289,496,81,162,DHelmet
_eozw1rw3m,81,302,497,82,165,DHelmet
_eozw1rw3m,82,315,498,84,168,DHelmet
_eozw1rw3m,83,328,499,86,172,DHelmet
_eozw1rw3m,84,341,501,88,174,DHelmet
_eozw1rw3m,85,354,502,90,177,DHelmet
_eozw1rw3m,86,368,503,90,181,DHelmet
_eozw1rw3m,87,381,504,92,184,DHelmet
_eozw1rw3m,88,394,505,94,188,DHelmet
_eozw1rw3m,89,407,507,98,191,DHelmet
_eozw1rw3m,90,420,508,102,196,DHelmet
_eozw1rw3m,91,433,510,105,200,DHelmet
_eozw1rw3m,92,446,511,109,205,DHelmet
_eozw1rw3m,93,461,512,112,209,DHelmet
_eozw1rw3m,94,477,513,113,214,DHelmet
_eozw1rw3m,95,492,513,116,219,DHelmet
_eozw1rw3m,96,509,515,118,223,DHelmet
_eozw1rw3m,97,526,516,121,227,DHelmet
_eozw1rw3m,98,543,517,123,232,DHelmet
_eozw1rw3m,99,561,519,125,236,DHelmet
_eozw1rw3m,100,578,520,128,241,DHelmet
