track_id,frame_id,x,y,w,h,label
_tslk36q2j,1,1365,445,474,432,DHelmet
_tslk36q2j,2,1579,462,341,406,DHelmet
_9rhuas0rj,1,432,456,367,434,DHelmetP1Helmet
_9rhuas0rj,2,582,462,404,454,DHelmetP1Helmet
_9rhuas0rj,3,732,468,441,473,DHelmetP1Helmet
_9rhuas0rj,4,917,474,487,499,DHelmetP1Helmet
_9rhuas0rj,5,1103,480,532,526,DHelmetP1Helmet
_9rhuas0rj,6,1313,479,597,567,DHelmetP1Helmet
_9rhuas0rj,7,1568,483,350,557,DHelmetP1Helmet
_zcrbv8kni,1,637,435,290,344,DHelmetP1Helmet
_zcrbv8kni,2,799,437,310,363,DHelmetP1Helmet
_zcrbv8kni,3,962,440,329,381,DHelmetP1Helmet
_zcrbv8kni,4,1157,448,365,399,DHelmetP1Helmet
_zcrbv8kni,5,1352,456,402,417,DHelmetP1Helmet
_zcrbv8kni,6,1590,456,328,441,DHelmetP1Helmet
_tjengxm78,1,1180,405,187,183,DHelmetP1Helmet
_tjengxm78,2,1110,405,182,180,DHelmetP1Helmet
_tjengxm78,3,1040,404,176,177,DHelmetP1Helmet
_tjengxm78,4,969,403,172,175,DHelmetP1Helmet
_tjengxm78,5,899,403,167,172,DHelmetP1Helmet
_tjengxm78,6,842,402,162,170,DHelmetP1Helmet
_tjengxm78,7,785,400,158,169,DHelmetP1Helmet
_tjengxm78,8,728,399,153,167,DHelmetP1Helmet
_tjengxm78,9,671,398,149,165,DHelmetP1Helmet
_tjengxm78,10,614,397,144,163,DHelmetP1Helmet
_tjengxm78,11,557,396,139,161,DHelmetP1Helmet
_tjengxm78,12,508,396,134,155,DHelmetP1Helmet
_tjengxm78,13,460,396,128,149,DHelmetP1Helmet
_tjengxm78,14,416,395,126,148,DHelmetP1Helmet
_tjengxm78,15,372,395,124,145,DHelmetP1Helmet
_tjengxm78,16,328,394,123,144,DHelmetP1Helmet
_tjengxm78,17,284,394,121,142,DHelmetP1Helmet
_tjengxm78,18,239,393,120,140,DHelmetP1Helmet
_tjengxm78,19,198,393,118,139,DHelmetP1Helmet
_tjengxm78,20,157,393,115,139,DHelmetP1Helmet
_tjengxm78,21,116,392,113,139,DHelmetP1Helmet
_tjengxm78,22,75,392,120,140,DHelmetP1Helmet
_tjengxm78,23,40,394,112,135,DHelmetP1Helmet
_tjengxm78,24,6,396,103,130,DHelmetP1Helmet
_tjengxm78,25,2,396,67,125,DHelmetP1Helmet
_nolhjtihg,3,1612,405,242,218,DHelmetP1NoHelmet
_nolhjtihg,4,1520,404,231,212,DHelmetP1NoHelmet
_nolhjtihg,5,1427,403,221,206,DHelmetP1NoHelmet
_nolhjtihg,6,1334,401,211,202,DHelmetP1NoHelmet
_nolhjtihg,7,1242,400,200,196,DHelmetP1NoHelmet
_nolhjtihg,8,1165,399,192,192,DHelmetP1NoHelmet
_nolhjtihg,9,1088,398,184,188,DHelmetP1NoHelmet
_nolhjtihg,10,1012,397,176,184,DHelmetP1NoHelmet
_nolhjtihg,11,945,397,169,181,DHelmetP1NoHelmet
_nolhjtihg,12,879,396,161,179,DHelmetP1NoHelmet
_nolhjtihg,13,812,396,155,176,DHelmetP1NoHelmet
_nolhjtihg,14,751,397,150,170,DHelmetP1NoHelmet
_nolhjtihg,15,690,397,146,166,DHelmetP1NoHelmet
_nolhjtihg,16,639,396,140,164,DHelmetP1NoHelmet
_nolhjtihg,17,588,395,135,162,DHelmetP1NoHelmet
_nolhjtihg,18,536,394,130,160,DHelmetP1NoHelmet
_nolhjtihg,19,485,393,125,158,DHelmetP1NoHelmet
_nolhjtihg,20,433,392,120,156,DHelmetP1NoHelmet
_nolhjtihg,21,392,394,117,151,DHelmetP1NoHelmet
_nolhjtihg,22,351,396,113,146,DHelmetP1NoHelmet
_nolhjtihg,23,310,397,109,141,DHelmetP1NoHelmet
_nolhjtihg,24,269,396,107,140,DHelmetP1NoHelmet
_nolhjtihg,25,227,395,105,139,DHelmetP1NoHelmet
_nolhjtihg,26,185,394,103,138,DHelmetP1NoHelmet
_nolhjtihg,27,143,393,101,137,DHelmetP1NoHelmet
_nolhjtihg,28,109,393,98,135,DHelmetP1NoHelmet
_nolhjtihg,29,75,392,95,134,DHelmetP1NoHelmet
_nolhjtihg,30,41,391,93,132,DHelmetP1NoHelmet
_nolhjtihg,31,7,391,90,130,DHelmetP1NoHelmet
_833iuh2p5,7,3,439,193,334,DHelmet
_833iuh2p5,8,57,439,245,346,DHelmet
_833iuh2p5,9,148,443,269,356,DHelmet
_833iuh2p5,10,238,448,294,365,DHelmet
_833iuh2p5,11,350,454,313,378,DHelmet
_833iuh2p5,12,463,459,331,393,DHelmet
_833iuh2p5,13,592,465,356,408,DHelmet
_833iuh2p5,14,721,471,381,423,DHelmet
_833iuh2p5,15,869,475,420,445,DHelmet
_833iuh2p5,16,1017,479,458,466,DHelmet
_833iuh2p5,17,1200,484,497,495,DHelmet
_833iuh2p5,18,1382,488,538,524,DHelmet
_833iuh2p5,19,1598,487,322,525,DHelmet
_l6587htqd,10,3,437,173,285,DHelmet
_l6587htqd,11,59,437,220,293,DHelmet
_l6587htqd,12,148,441,242,302,DHelmet
_l6587htqd,13,238,444,263,311,DHelmet
_l6587htqd,14,353,447,278,322,DHelmet
_l6587htqd,15,468,451,293,332,DHelmet
_l6587htqd,16,599,453,313,348,DHelmet
_l6587htqd,17,729,455,334,365,DHelmet
_l6587htqd,18,880,462,364,378,DHelmet
_l6587htqd,19,1032,468,394,392,DHelmet
_l6587htqd,20,1212,471,435,413,DHelmet
_l6587htqd,21,1393,474,474,434,DHelmet
_l6587htqd,22,1612,479,308,426,DHelmet
_kcv1hhxq8,13,1706,412,214,209,DHelmet
_kcv1hhxq8,14,1600,409,219,204,DHelmet
_kcv1hhxq8,15,1493,405,222,200,DHelmet
_kcv1hhxq8,16,1398,404,209,197,DHelmet
_kcv1hhxq8,17,1303,403,196,193,DHelmet
_kcv1hhxq8,18,1226,403,181,186,DHelmet
_kcv1hhxq8,19,1149,403,166,180,DHelmet
_kcv1hhxq8,20,1073,402,159,176,DHelmet
_kcv1hhxq8,21,998,401,152,172,DHelmet
_kcv1hhxq8,22,922,400,146,169,DHelmet
_kcv1hhxq8,23,846,399,139,165,DHelmet
_kcv1hhxq8,24,785,398,139,164,DHelmet
_kcv1hhxq8,25,724,398,138,163,DHelmet
_kcv1hhxq8,26,663,398,138,161,DHelmet
_kcv1hhxq8,27,602,397,137,160,DHelmet
_kcv1hhxq8,28,550,396,134,158,DHelmet
_kcv1hhxq8,29,498,395,130,156,DHelmet
_kcv1hhxq8,30,446,394,127,153,DHelmet
_kcv1hhxq8,31,395,393,122,151,DHelmet
_kcv1hhxq8,32,348,394,119,147,DHelmet
_kcv1hhxq8,33,301,394,116,145,DHelmet
_kcv1hhxq8,34,254,394,113,143,DHelmet
_kcv1hhxq8,35,207,394,110,140,DHelmet
_kcv1hhxq8,36,160,395,107,137,DHelmet
_kcv1hhxq8,37,122,395,102,134,DHelmet
_kcv1hhxq8,38,84,395,98,131,DHelmet
_kcv1hhxq8,39,45,395,95,127,DHelmet
_kcv1hhxq8,40,17,393,81,128,DHelmet
_e9jwi8m9c,22,44,424,94,205,DHelmet
_e9jwi8m9c,23,114,419,147,257,DHelmet
_e9jwi8m9c,24,189,425,200,270,DHelmet
_e9jwi8m9c,25,278,431,228,292,DHelmet
_e9jwi8m9c,26,375,433,249,305,DHelmet
_e9jwi8m9c,27,471,436,271,318,DHelmet
_e9jwi8m9c,28,594,440,294,335,DHelmet
_e9jwi8m9c,29,717,444,317,351,DHelmet
_e9jwi8m9c,30,864,450,350,373,DHelmet
_e9jwi8m9c,31,1010,456,384,394,DHelmet
_e9jwi8m9c,32,1195,465,433,414,DHelmet
_e9jwi8m9c,33,1380,474,482,434,DHelmet
_e9jwi8m9c,34,1594,479,326,424,DHelmet
_alzcgi436,21,3,447,210,367,DHelmet
_alzcgi436,22,59,451,291,387,DHelmet
_alzcgi436,23,185,456,321,406,DHelmet
_alzcgi436,24,310,462,353,424,DHelmet
_alzcgi436,25,473,468,367,450,DHelmet
_alzcgi436,26,636,475,382,474,DHelmet
_alzcgi436,27,834,482,451,499,DHelmet
_alzcgi436,28,1033,488,520,526,DHelmet
_alzcgi436,29,1275,498,588,558,DHelmet
_alzcgi436,30,1681,508,239,520,DHelmet
_nl63x77qo,22,1745,419,175,184,DHelmet
_nl63x77qo,23,1646,417,175,179,DHelmet
_nl63x77qo,24,1546,416,174,173,DHelmet
_nl63x77qo,25,1447,415,171,167,DHelmet
_nl63x77qo,26,1347,413,170,162,DHelmet
_nl63x77qo,27,1267,412,165,160,DHelmet
_nl63x77qo,28,1186,411,162,158,DHelmet
_nl63x77qo,29,1103,407,162,158,DHelmet
_nl63x77qo,30,1032,407,156,155,DHelmet
_nl63x77qo,31,961,407,150,152,DHelmet
_nl63x77qo,32,890,407,144,149,DHelmet
_nl63x77qo,33,827,405,141,150,DHelmet
_nl63x77qo,34,765,404,137,149,DHelmet
_nl63x77qo,35,702,403,134,149,DHelmet
_nl63x77qo,36,648,403,130,146,DHelmet
_nl63x77qo,37,593,403,127,142,DHelmet
_nl63x77qo,38,539,403,124,139,DHelmet
_nl63x77qo,39,484,403,121,135,DHelmet
_nl63x77qo,40,437,402,119,134,DHelmet
_nl63x77qo,41,391,402,115,132,DHelmet
_nl63x77qo,42,344,402,113,129,DHelmet
_nl63x77qo,43,297,401,110,128,DHelmet
_nl63x77qo,44,257,401,108,127,DHelmet
_nl63x77qo,45,217,401,106,125,DHelmet
_nl63x77qo,46,176,401,104,123,DHelmet
_nl63x77qo,47,136,400,102,123,DHelmet
_nl63x77qo,48,96,400,99,121,DHelmet
_nl63x77qo,49,56,400,97,120,DHelmet
_nl63x77qo,50,24,398,92,118,DHelmet
_nl63x77qo,51,2,396,76,116,DHelmet
_90c46c85o,31,1762,409,158,207,DHelmet
_90c46c85o,32,1645,412,233,203,DHelmet
_90c46c85o,33,1544,410,222,197,DHelmet
_90c46c85o,34,1444,408,210,191,DHelmet
_90c46c85o,35,1343,407,199,184,DHelmet
_90c46c85o,36,1257,406,191,180,DHelmet
_90c46c85o,37,1170,405,183,177,DHelmet
_90c46c85o,38,1084,404,174,173,DHelmet
_90c46c85o,39,1011,403,169,169,DHelmet
_90c46c85o,40,938,402,163,164,DHelmet
_90c46c85o,41,866,401,156,159,DHelmet
_90c46c85o,42,804,401,147,157,DHelmet
_90c46c85o,43,742,400,138,156,DHelmet
_90c46c85o,44,680,400,129,155,DHelmet
_90c46c85o,45,621,400,127,151,DHelmet
_90c46c85o,46,563,400,124,147,DHelmet
_90c46c85o,47,515,400,115,143,DHelmet
_90c46c85o,48,466,399,108,141,DHelmet
_90c46c85o,49,418,399,99,137,DHelmet
_90c46c85o,50,369,399,91,134,DHelmet
_90c46c85o,51,321,399,82,130,DHelmet
_90c46c85o,52,276,397,82,131,DHelmet
_90c46c85o,53,227,396,99,130,DHelmet
_90c46c85o,54,189,397,94,128,DHelmet
_90c46c85o,55,150,397,90,127,DHelmet
_90c46c85o,56,111,397,88,125,DHelmet
_90c46c85o,57,72,396,86,124,DHelmet
_90c46c85o,58,37,396,83,122,DHelmet
_90c46c85o,59,2,396,80,120,DHelmet
_qxh1uh4u5,34,3,447,216,348,DHelmet
_qxh1uh4u5,35,65,447,275,365,DHelmet
_qxh1uh4u5,36,186,451,302,385,DHelmet
_qxh1uh4u5,37,306,455,330,406,DHelmet
_qxh1uh4u5,38,458,462,365,426,DHelmet
_qxh1uh4u5,39,611,470,399,445,DHelmet
_qxh1uh4u5,40,763,478,434,465,DHelmet
_qxh1uh4u5,41,966,483,488,496,DHelmet
_qxh1uh4u5,42,1170,488,541,528,DHelmet
_qxh1uh4u5,43,1417,495,503,569,DHelmet
_qxh1uh4u5,44,1690,502,230,562,DHelmet
_0e6m24liv,36,1,491,321,449,DHelmetP1Helmet
_0e6m24liv,37,84,499,373,465,DHelmetP1Helmet
_0e6m24liv,38,207,504,404,486,DHelmetP1Helmet
_0e6m24liv,39,329,508,436,508,DHelmetP1Helmet
_0e6m24liv,40,476,516,471,532,DHelmetP1Helmet
_0e6m24liv,41,623,523,507,556,DHelmetP1Helmet
_0e6m24liv,42,796,526,556,554,DHelmetP1Helmet
_0e6m24liv,43,969,530,605,550,DHelmetP1Helmet
_0e6m24liv,44,1161,543,587,537,DHelmetP1Helmet
_0e6m24liv,45,1354,555,566,525,DHelmetP1Helmet
_0e6m24liv,46,1595,570,325,510,DHelmetP1Helmet
_cqtn16fya,38,64,445,176,326,DHelmetP1Helmet
_cqtn16fya,39,221,451,178,336,DHelmetP1Helmet
_cqtn16fya,40,379,456,178,346,DHelmetP1Helmet
_cqtn16fya,41,576,462,257,304,DHelmetP1Helmet
_cqtn16fya,42,773,468,336,262,DHelmetP1Helmet
_cqtn16fya,43,981,478,383,268,DHelmetP1Helmet
_cqtn16fya,44,1243,480,511,452,DHelmetP1Helmet
_cqtn16fya,45,1513,484,405,428,DHelmetP1Helmet
_6ujm3kc22,38,27,428,147,297,DHelmet
_6ujm3kc22,39,127,431,148,296,DHelmet
_6ujm3kc22,40,246,431,152,314,DHelmet
_6ujm3kc22,41,375,431,193,324,DHelmet
_6ujm3kc22,42,510,432,293,363,DHelmet
_6ujm3kc22,43,664,435,330,379,DHelmet
_6ujm3kc22,44,818,439,367,394,DHelmet
_6ujm3kc22,45,1000,445,406,413,DHelmet
_6ujm3kc22,46,1182,451,445,431,DHelmet
_6ujm3kc22,47,1393,455,499,457,DHelmet
_6ujm3kc22,48,1630,459,290,450,DHelmet
_r27tm8cm7,50,10,463,227,367,DHelmet
_r27tm8cm7,51,64,466,331,388,DHelmet
_r27tm8cm7,52,209,468,354,410,DHelmet
_r27tm8cm7,53,381,477,386,429,DHelmet
_r27tm8cm7,54,554,486,418,447,DHelmet
_r27tm8cm7,55,763,493,469,476,DHelmet
_r27tm8cm7,56,971,500,522,506,DHelmet
_r27tm8cm7,57,1227,507,590,544,DHelmet
_r27tm8cm7,58,1515,514,405,532,DHelmet
_bgygp6ijs,60,1657,400,196,175,DHelmet
_bgygp6ijs,61,1582,400,193,172,DHelmet
_bgygp6ijs,62,1508,401,188,168,DHelmet
_bgygp6ijs,63,1434,401,184,166,DHelmet
_bgygp6ijs,64,1364,401,173,162,DHelmet
_bgygp6ijs,65,1294,401,163,159,DHelmet
_bgygp6ijs,66,1235,400,159,158,DHelmet
_bgygp6ijs,67,1175,400,157,156,DHelmet
_bgygp6ijs,68,1116,400,154,154,DHelmet
_bgygp6ijs,69,1057,399,151,153,DHelmet
_bgygp6ijs,70,997,399,148,151,DHelmet
_bgygp6ijs,71,938,399,145,149,DHelmet
_bgygp6ijs,72,888,397,138,147,DHelmet
_bgygp6ijs,73,841,397,135,145,DHelmet
_bgygp6ijs,74,793,397,134,143,DHelmet
_bgygp6ijs,75,745,397,132,141,DHelmet
_bgygp6ijs,76,707,397,128,140,DHelmet
_bgygp6ijs,77,669,396,125,139,DHelmet
_bgygp6ijs,78,630,396,122,137,DHelmet
_bgygp6ijs,79,592,396,118,135,DHelmet
_bgygp6ijs,80,553,395,116,135,DHelmet
_bgygp6ijs,81,515,395,112,133,DHelmet
_bgygp6ijs,82,485,395,109,131,DHelmet
_bgygp6ijs,83,455,395,107,129,DHelmet
_bgygp6ijs,84,425,395,104,126,DHelmet
_bgygp6ijs,85,395,395,102,124,DHelmet
_bgygp6ijs,86,365,395,99,122,DHelmet
_bgygp6ijs,87,335,395,97,120,DHelmet
_bgygp6ijs,88,305,395,94,118,DHelmet
_bgygp6ijs,89,282,395,94,117,DHelmet
_bgygp6ijs,90,260,395,92,117,DHelmet
_bgygp6ijs,91,237,395,91,116,DHelmet
_bgygp6ijs,92,215,395,90,115,DHelmet
_bgygp6ijs,93,192,395,89,115,DHelmet
_bgygp6ijs,94,170,395,87,114,DHelmet
_bgygp6ijs,95,154,394,85,114,DHelmet
_bgygp6ijs,96,139,394,81,113,DHelmet
_bgygp6ijs,97,123,394,78,112,DHelmet
_bgygp6ijs,98,107,394,76,111,DHelmet
_bgygp6ijs,99,92,394,72,109,DHelmet
_bgygp6ijs,100,76,393,69,109,DHelmet
_q9dpuh9na,63,3,463,209,347,DHelmet
_q9dpuh9na,64,57,464,275,366,DHelmet
_q9dpuh9na,65,146,466,307,383,DHelmet
_q9dpuh9na,66,265,473,330,399,DHelmet
_q9dpuh9na,67,385,480,353,414,DHelmet
_q9dpuh9na,68,528,486,385,435,DHelmet
_q9dpuh9na,69,672,492,415,456,DHelmet
_q9dpuh9na,70,846,498,460,481,DHelmet
_q9dpuh9na,71,1020,503,505,508,DHelmet
_q9dpuh9na,72,1222,511,564,540,DHelmet
_q9dpuh9na,73,1436,519,484,559,DHelmet
_w9kxhfozn,76,19,478,209,354,DHelmet
_w9kxhfozn,77,60,484,279,368,DHelmet
_w9kxhfozn,78,160,489,303,384,DHelmet
_w9kxhfozn,79,261,494,326,400,DHelmet
_w9kxhfozn,80,382,500,352,419,DHelmet
_w9kxhfozn,81,503,507,378,437,DHelmet
_w9kxhfozn,82,646,514,414,461,DHelmet
_w9kxhfozn,83,788,522,450,484,DHelmet
_w9kxhfozn,84,964,531,501,511,DHelmet
_w9kxhfozn,85,1140,541,551,538,DHelmet
_w9kxhfozn,86,1342,549,578,531,DHelmet
_w9kxhfozn,87,1566,559,354,521,DHelmet
_jey5a1koo,91,1686,407,223,197,DHelmetP1Helmet
_jey5a1koo,92,1574,405,220,193,DHelmetP1Helmet
_jey5a1koo,93,1463,403,217,189,DHelmetP1Helmet
_jey5a1koo,94,1368,403,211,186,DHelmetP1Helmet
_jey5a1koo,95,1274,403,204,182,DHelmetP1Helmet
_jey5a1koo,96,1193,402,198,179,DHelmetP1Helmet
_jey5a1koo,97,1113,402,192,174,DHelmetP1Helmet
_jey5a1koo,98,1032,402,186,170,DHelmetP1Helmet
_jey5a1koo,99,952,402,179,165,DHelmetP1Helmet
_jey5a1koo,100,871,401,173,162,DHelmetP1Helmet
_8p6be4o98,91,10,456,203,341,DHelmet
_8p6be4o98,92,61,458,269,358,DHelmet
_8p6be4o98,93,146,460,300,376,DHelmet
_8p6be4o98,94,261,466,320,390,DHelmet
_8p6be4o98,95,377,471,339,405,DHelmet
_8p6be4o98,96,509,476,375,427,DHelmet
_8p6be4o98,97,641,482,410,449,DHelmet
_8p6be4o98,98,807,489,445,470,DHelmet
_8p6be4o98,99,973,496,480,491,DHelmet
_8p6be4o98,100,1159,500,536,524,DHelmet
