track_id,frame_id,x,y,w,h,label
_gtkqjjqzq,1,930,490,227,228,DHelmetP1Helmet
_gtkqjjqzq,2,852,493,217,223,DHelmetP1Helmet
_gtkqjjqzq,3,775,497,206,217,DHelmetP1Helmet
_gtkqjjqzq,4,697,500,196,212,DHelmetP1Helmet
_gtkqjjqzq,5,630,503,190,208,DHelmetP1Helmet
_gtkqjjqzq,6,563,506,184,204,DHelmetP1Helmet
_gtkqjjqzq,7,496,508,178,201,DHelmetP1Helmet
_gtkqjjqzq,8,429,511,172,197,DHelmetP1Helmet
_gtkqjjqzq,9,374,513,167,194,DHelmetP1Helmet
_gtkqjjqzq,10,319,515,161,191,DHelmetP1Helmet
_gtkqjjqzq,11,263,517,156,188,DHelmetP1Helmet
_gtkqjjqzq,12,208,519,150,185,DHelmetP1Helmet
_gtkqjjqzq,13,152,520,146,183,DHelmetP1Helmet
_gtkqjjqzq,14,108,524,139,178,DHelmetP1Helmet
_gtkqjjqzq,15,64,528,132,172,DHelmetP1Helmet
_gtkqjjqzq,16,20,531,125,168,DHelmetP1Helmet
_gtkqjjqzq,17,1,531,99,166,DHelmetP1Helmet
_cllqo349x,40,13,554,192,263,DHelmet
_cllqo349x,41,128,550,215,274,DHelmet
_cllqo349x,42,270,547,234,289,DHelmet
_cllqo349x,43,411,545,255,303,DHelmet
_cllqo349x,44,585,536,288,324,DHelmet
_cllqo349x,45,759,528,322,345,DHelmet
_cllqo349x,46,967,522,368,368,DHelmet
_cllqo349x,47,1208,519,415,392,DHelmet
_cllqo349x,48,1491,515,429,416,DHelmet
_r3cfb0lqv,41,33,546,136,220,DHelmet
_r3cfb0lqv,42,135,539,165,235,DHelmet
_r3cfb0lqv,43,255,537,193,245,DHelmet
_r3cfb0lqv,44,374,535,222,255,DHelmet
_r3cfb0lqv,45,520,532,242,265,DHelmet
_r3cfb0lqv,46,666,530,262,275,DHelmet
_r3cfb0lqv,47,841,522,292,290,DHelmet
_r3cfb0lqv,48,1016,514,323,304,DHelmet
_r3cfb0lqv,49,1239,507,363,323,DHelmet
_r3cfb0lqv,50,1463,500,403,342,DHelmet
_r3cfb0lqv,51,1733,495,187,346,DHelmet
_cv3av9y5k,45,1,583,242,342,DHelmetP1Helmet
_cv3av9y5k,46,112,589,302,360,DHelmetP1Helmet
_cv3av9y5k,47,294,585,337,389,DHelmetP1Helmet
_cv3av9y5k,48,476,582,372,417,DHelmetP1Helmet
_cv3av9y5k,49,715,580,432,453,DHelmetP1Helmet
_cv3av9y5k,50,954,578,493,489,DHelmetP1Helmet
_cv3av9y5k,51,1259,577,588,503,DHelmetP1Helmet
_cv3av9y5k,52,1611,561,309,519,DHelmetP1Helmet
_5h1uvr73d,47,272,530,117,200,DNoHelmet
_5h1uvr73d,48,417,524,107,227,DNoHelmet
_5h1uvr73d,49,582,520,160,234,DNoHelmet
_5h1uvr73d,50,761,516,246,253,DNoHelmet
_5h1uvr73d,51,971,502,281,275,DNoHelmet
_5h1uvr73d,52,1210,494,316,296,DNoHelmet
_5h1uvr73d,53,1485,486,364,315,DNoHelmet
_s5cfocd8p,52,3,561,135,259,DHelmet
_s5cfocd8p,53,32,563,207,263,DHelmet
_s5cfocd8p,54,139,561,215,270,DHelmet
_s5cfocd8p,55,246,559,224,277,DHelmet
_s5cfocd8p,56,395,556,214,271,DHelmet
_s5cfocd8p,57,543,553,204,265,DHelmet
_s5cfocd8p,58,654,547,180,289,DHelmet
_s5cfocd8p,59,764,541,156,313,DHelmet
_s5cfocd8p,60,927,536,180,326,DHelmet
_s5cfocd8p,61,1119,532,265,348,DHelmet
_s5cfocd8p,62,1310,527,351,371,DHelmet
_s5cfocd8p,63,1535,522,385,399,DHelmet
_zfny6ass2,55,95,662,320,414,DHelmet
_zfny6ass2,56,289,659,397,418,DHelmet
_zfny6ass2,57,483,656,474,422,DHelmet
_zfny6ass2,58,779,656,549,423,DHelmet
_zfny6ass2,59,1076,656,623,424,DHelmet
_zfny6ass2,60,1456,660,464,419,DHelmet
_38onglhap,54,4,610,239,347,DNoHelmetP1NoHelmetP2NoHelmet
_38onglhap,55,65,607,338,344,DNoHelmetP1NoHelmetP2NoHelmet
_38onglhap,56,213,605,164,376,DNoHelmetP1NoHelmetP2NoHelmet
_38onglhap,57,384,601,212,384,DNoHelmetP1NoHelmetP2NoHelmet
_38onglhap,58,569,597,312,414,DNoHelmetP1NoHelmetP2NoHelmet
_38onglhap,59,780,598,446,432,DNoHelmetP1NoHelmetP2NoHelmet
_38onglhap,60,1040,595,534,461,DNoHelmetP1NoHelmetP2NoHelmet
_38onglhap,61,1301,591,619,489,DNoHelmetP1NoHelmetP2NoHelmet
_38onglhap,62,1615,582,305,498,DNoHelmetP1NoHelmetP2NoHelmet
_34q1r0x9b,100,3,581,209,312,DHelmet
_ejlgcz72q,98,31,666,303,413,DHelmet
_ejlgcz72q,99,106,670,416,410,DHelmet
_ejlgcz72q,100,238,669,417,410,DHelmet
_nn29n20hw,93,19,601,209,338,DHelmet
_nn29n20hw,94,95,599,264,354,DHelmet
_nn29n20hw,95,194,598,296,369,DHelmet
_nn29n20hw,96,321,598,326,385,DHelmet
_nn29n20hw,97,468,596,358,406,DHelmet
_nn29n20hw,98,614,594,390,428,DHelmet
_nn29n20hw,99,792,593,434,446,DHelmet
_nn29n20hw,100,970,593,479,463,DHelmet
_881axlfnp,90,2,534,152,199,DHelmetP1Helmet
_881axlfnp,91,64,532,175,205,DHelmetP1Helmet
_881axlfnp,92,147,531,181,207,DHelmetP1Helmet
_881axlfnp,93,230,530,188,209,DHelmetP1Helmet
_881axlfnp,94,324,527,199,216,DHelmetP1Helmet
_881axlfnp,95,419,524,209,222,DHelmetP1Helmet
_881axlfnp,96,528,520,222,231,DHelmetP1Helmet
_881axlfnp,97,638,516,234,241,DHelmetP1Helmet
_881axlfnp,98,767,510,250,247,DHelmetP1Helmet
_881axlfnp,99,895,504,267,254,DHelmetP1Helmet
_881axlfnp,100,1041,502,279,260,DHelmetP1Helmet
_y46kw20fx,86,40,543,108,215,DHelmet
_y46kw20fx,87,102,541,135,222,DHelmet
_y46kw20fx,88,163,539,164,230,DHelmet
_y46kw20fx,89,234,538,182,238,DHelmet
_y46kw20fx,90,306,536,199,247,DHelmet
_y46kw20fx,91,377,535,218,255,DHelmet
_y46kw20fx,92,461,532,229,261,DHelmet
_y46kw20fx,93,544,528,242,267,DHelmet
_y46kw20fx,94,627,524,254,274,DHelmet
_y46kw20fx,95,728,522,268,279,DHelmet
_y46kw20fx,96,829,519,282,285,DHelmet
_y46kw20fx,97,930,516,296,291,DHelmet
_y46kw20fx,98,1050,509,319,306,DHelmet
_y46kw20fx,99,1169,502,343,320,DHelmet
_y46kw20fx,100,1289,495,366,334,DHelmet
_k076mnczv,85,19,587,182,302,DHelmet
_k076mnczv,86,91,583,205,320,DHelmet
_k076mnczv,87,179,583,230,334,DHelmet
_k076mnczv,88,266,583,255,348,DHelmet
_k076mnczv,89,379,583,284,366,DHelmet
_k076mnczv,90,491,582,314,386,DHelmet
_k076mnczv,91,634,585,349,404,DHelmet
_k076mnczv,92,776,587,386,424,DHelmet
_k076mnczv,93,955,584,441,452,DHelmet
_k076mnczv,94,1135,581,494,481,DHelmet
_k076mnczv,95,1356,581,558,498,DHelmet
_k076mnczv,96,1606,577,314,502,DHelmet
_8pj53k5p5,58,19,587,303,362,DNoHelmetP1NoHelmet
_8pj53k5p5,59,147,585,337,380,DNoHelmetP1NoHelmet
_8pj53k5p5,60,290,581,382,404,DNoHelmetP1NoHelmet
_8pj53k5p5,61,432,578,428,428,DNoHelmetP1NoHelmet
_8pj53k5p5,62,623,578,484,451,DNoHelmetP1NoHelmet
_8pj53k5p5,63,814,578,540,474,DNoHelmetP1NoHelmet
_8pj53k5p5,64,1046,571,608,507,DNoHelmetP1NoHelmet
_8pj53k5p5,65,1318,565,602,515,DNoHelmetP1NoHelmet
_8pj53k5p5,66,1646,559,274,521,DNoHelmetP1NoHelmet
_5tqcyrie2,59,3,570,177,280,DHelmet
_5tqcyrie2,60,75,570,220,288,DHelmet
_5tqcyrie2,61,190,567,237,302,DHelmet
_5tqcyrie2,62,305,563,255,317,DHelmet
_5tqcyrie2,63,438,559,281,333,DHelmet
_5tqcyrie2,64,571,555,307,350,DHelmet
_5tqcyrie2,65,731,553,333,369,DHelmet
_5tqcyrie2,66,905,550,359,389,DHelmet
_5tqcyrie2,67,1090,544,405,409,DHelmet
_5tqcyrie2,68,1307,545,452,430,DHelmet
_5tqcyrie2,69,1551,534,369,435,DHelmet
_2bk2doff2,65,7,562,173,239,DNoHelmet
_2bk2doff2,66,92,557,184,257,DNoHelmet
_2bk2doff2,67,196,556,190,266,DNoHelmet
_2bk2doff2,68,300,555,196,274,DNoHelmet
_2bk2doff2,69,409,553,190,280,DNoHelmet
_2bk2doff2,70,518,550,185,287,DNoHelmet
_2bk2doff2,71,659,547,244,309,DNoHelmet
_2bk2doff2,72,800,545,303,331,DNoHelmet
_2bk2doff2,73,977,538,342,355,DNoHelmet
_2bk2doff2,74,1153,532,381,379,DNoHelmet
_2bk2doff2,75,1368,531,434,398,DNoHelmet
_2bk2doff2,76,1607,531,313,397,DNoHelmet
_fxgfmka2u,66,4,632,221,379,DHelmet
_fxgfmka2u,67,95,630,295,394,DHelmet
_fxgfmka2u,68,213,634,367,420,DHelmet
_fxgfmka2u,69,401,634,413,432,DHelmet
_fxgfmka2u,70,589,633,459,446,DHelmet
_fxgfmka2u,71,830,632,528,447,DHelmet
_fxgfmka2u,72,1072,630,596,449,DHelmet
_fxgfmka2u,73,1364,636,556,443,DHelmet
_mb0rgkr7h,68,1,522,153,205,DHelmet
_mb0rgkr7h,69,72,519,173,214,DHelmet
_mb0rgkr7h,70,167,516,177,219,DHelmet
_mb0rgkr7h,71,262,514,181,223,DHelmet
_mb0rgkr7h,72,360,507,195,233,DHelmet
_mb0rgkr7h,73,458,500,209,243,DHelmet
_mb0rgkr7h,74,581,498,218,250,DHelmet
_mb0rgkr7h,75,704,495,228,258,DHelmet
_mb0rgkr7h,76,842,486,252,272,DHelmet
_mb0rgkr7h,77,979,478,277,285,DHelmet
_mb0rgkr7h,78,1147,472,304,298,DHelmet
_mb0rgkr7h,79,1315,466,330,311,DHelmet
_mb0rgkr7h,80,1511,458,366,328,DHelmet
_mb0rgkr7h,81,1736,452,184,331,DHelmet
_uzre7o4y5,70,3,583,232,340,DHelmet
_uzre7o4y5,71,103,577,288,360,DHelmet
_uzre7o4y5,72,265,572,319,381,DHelmet
_uzre7o4y5,73,427,567,350,402,DHelmet
_uzre7o4y5,74,626,565,394,429,DHelmet
_uzre7o4y5,75,826,562,438,456,DHelmet
_uzre7o4y5,76,1083,555,509,492,DHelmet
_uzre7o4y5,77,1341,547,579,529,DHelmet
_uzre7o4y5,78,1663,541,257,535,DHelmet
_ade7ns01p,80,19,594,226,345,DHelmet
_ade7ns01p,81,98,593,281,362,DHelmet
_ade7ns01p,82,223,590,314,385,DHelmet
_ade7ns01p,83,348,587,347,408,DHelmet
_ade7ns01p,84,506,587,388,431,DHelmet
_ade7ns01p,85,664,586,429,454,DHelmet
_ade7ns01p,86,868,583,483,477,DHelmet
_ade7ns01p,87,1073,579,536,500,DHelmet
_ade7ns01p,88,1295,570,623,509,DHelmet
_ade7ns01p,89,1594,577,324,502,DHelmet
_tsl0a1f9m,83,3,640,262,438,DHelmet
_tsl0a1f9m,84,98,640,345,438,DHelmet
_tsl0a1f9m,85,207,644,451,436,DHelmet
_tsl0a1f9m,86,396,644,501,430,DHelmet
_tsl0a1f9m,87,593,654,550,425,DHelmet
_tsl0a1f9m,88,852,648,588,431,DHelmet
_tsl0a1f9m,89,1112,641,624,438,DHelmet
_tsl0a1f9m,90,1452,640,468,439,DHelmet
_p4c6dcogp,79,16,531,125,184,DHelmet
_p4c6dcogp,80,88,528,140,203,DHelmet
_p4c6dcogp,81,179,527,139,176,DHelmet
_p4c6dcogp,82,263,521,156,200,DHelmet
_p4c6dcogp,83,348,515,173,224,DHelmet
_p4c6dcogp,84,453,512,180,233,DHelmet
_p4c6dcogp,85,558,510,187,241,DHelmet
_p4c6dcogp,86,684,506,196,248,DHelmet
_p4c6dcogp,87,810,502,206,255,DHelmet
_p4c6dcogp,88,953,496,227,267,DHelmet
_p4c6dcogp,89,1097,490,246,279,DHelmet
_p4c6dcogp,90,1272,484,262,293,DHelmet
_p4c6dcogp,91,1447,479,277,306,DHelmet
_p4c6dcogp,92,1657,476,263,315,DHelmet
_opcoeramg,1,136,524,127,148,DHelmet
_opcoeramg,2,129,524,126,148,DHelmet
_opcoeramg,3,121,523,126,148,DHelmet
_opcoeramg,4,113,523,127,148,DHelmet
_opcoeramg,5,105,522,127,148,DHelmet
_opcoeramg,6,98,522,126,148,DHelmet
_opcoeramg,7,90,524,125,147,DHelmet
_opcoeramg,8,81,525,124,147,DHelmet
_opcoeramg,9,73,527,123,147,DHelmet
_opcoeramg,10,61,528,122,146,DHelmet
_opcoeramg,11,48,528,121,147,DHelmet
_opcoeramg,12,35,529,121,147,DHelmet
_opcoeramg,13,23,530,119,146,DHelmet
_opcoeramg,14,4,530,110,144,DHelmet
_opcoeramg,15,2,530,83,141,DHelmet
_opcoeramg,16,0,530,63,139,DHelmet
_mbvhaa4oa,1,296,512,146,159,DHelmetP1Helmet
_mbvhaa4oa,2,286,512,146,159,DHelmetP1Helmet
_mbvhaa4oa,3,276,512,147,159,DHelmetP1Helmet
_mbvhaa4oa,4,266,512,147,159,DHelmetP1Helmet
_mbvhaa4oa,5,257,512,146,159,DHelmetP1Helmet
_mbvhaa4oa,6,244,513,146,158,DHelmetP1Helmet
_mbvhaa4oa,7,231,513,146,159,DHelmetP1Helmet
_mbvhaa4oa,8,217,513,147,159,DHelmetP1Helmet
_mbvhaa4oa,9,204,513,147,159,DHelmetP1Helmet
_mbvhaa4oa,10,191,514,147,158,DHelmetP1Helmet
_mbvhaa4oa,11,178,515,144,158,DHelmetP1Helmet
_mbvhaa4oa,12,165,516,142,157,DHelmetP1Helmet
_mbvhaa4oa,13,152,517,140,156,DHelmetP1Helmet
_mbvhaa4oa,14,138,518,139,156,DHelmetP1Helmet
_mbvhaa4oa,15,125,519,136,155,DHelmetP1Helmet
_mbvhaa4oa,16,112,521,134,154,DHelmetP1Helmet
_mbvhaa4oa,17,99,522,132,153,DHelmetP1Helmet
_mbvhaa4oa,18,83,522,132,153,DHelmetP1Helmet
_mbvhaa4oa,19,68,522,131,153,DHelmetP1Helmet
_mbvhaa4oa,20,52,522,132,153,DHelmetP1Helmet
_mbvhaa4oa,21,39,521,128,154,DHelmetP1Helmet
_mbvhaa4oa,22,27,520,123,155,DHelmetP1Helmet
_mbvhaa4oa,23,4,520,125,155,DHelmetP1Helmet
_mbvhaa4oa,24,3,520,107,155,DHelmetP1Helmet
_mbvhaa4oa,25,3,520,87,155,DHelmetP1Helmet
_mbvhaa4oa,26,3,520,67,154,DHelmetP1Helmet
_qce02vude,1,462,503,125,159,DHelmetP1Helmet
_qce02vude,2,450,503,127,158,DHelmetP1Helmet
_qce02vude,3,439,503,128,158,DHelmetP1Helmet
_qce02vude,4,428,502,129,159,DHelmetP1Helmet
_qce02vude,5,417,502,130,159,DHelmetP1Helmet
_qce02vude,6,405,502,132,158,DHelmetP1Helmet
_qce02vude,7,392,503,134,158,DHelmetP1Helmet
_qce02vude,8,379,504,136,157,DHelmetP1Helmet
_qce02vude,9,366,505,138,157,DHelmetP1Helmet
_qce02vude,10,352,506,141,156,DHelmetP1Helmet
_qce02vude,11,339,507,143,156,DHelmetP1Helmet
_qce02vude,12,326,508,145,155,DHelmetP1Helmet
_qce02vude,13,313,509,147,155,DHelmetP1Helmet
_qce02vude,14,300,510,149,154,DHelmetP1Helmet
_qce02vude,15,287,510,147,155,DHelmetP1Helmet
_qce02vude,16,274,510,144,155,DHelmetP1Helmet
_qce02vude,17,262,510,141,155,DHelmetP1Helmet
_qce02vude,18,249,510,139,155,DHelmetP1Helmet
_qce02vude,19,237,510,136,156,DHelmetP1Helmet
_qce02vude,20,221,511,134,155,DHelmetP1Helmet
_qce02vude,21,205,511,132,155,DHelmetP1Helmet
_qce02vude,22,190,512,129,155,DHelmetP1Helmet
_qce02vude,23,174,513,128,154,DHelmetP1Helmet
_qce02vude,24,158,514,126,153,DHelmetP1Helmet
_qce02vude,25,142,515,124,153,DHelmetP1Helmet
_qce02vude,26,127,516,121,152,DHelmetP1Helmet
_qce02vude,27,111,516,120,152,DHelmetP1Helmet
_qce02vude,28,94,517,118,152,DHelmetP1Helmet
_qce02vude,29,77,518,117,151,DHelmetP1Helmet
_qce02vude,30,60,519,115,150,DHelmetP1Helmet
_qce02vude,31,42,520,115,149,DHelmetP1Helmet
_qce02vude,32,25,520,113,150,DHelmetP1Helmet
_qce02vude,33,14,520,103,149,DHelmetP1Helmet
_qce02vude,34,3,520,93,147,DHelmetP1Helmet
_qce02vude,35,0,519,75,148,DHelmetP1Helmet
_r3dghz3vs,1,1167,482,169,170,DHelmet
_r3dghz3vs,2,1160,482,169,170,DHelmet
_r3dghz3vs,3,1153,482,169,170,DHelmet
_r3dghz3vs,4,1146,483,169,170,DHelmet
_r3dghz3vs,5,1140,483,167,170,DHelmet
_r3dghz3vs,6,1133,483,167,170,DHelmet
_r3dghz3vs,7,1126,484,167,169,DHelmet
_r3dghz3vs,8,1119,484,167,169,DHelmet
_r3dghz3vs,9,1112,485,167,168,DHelmet
_r3dghz3vs,10,1106,485,166,168,DHelmet
_r3dghz3vs,11,1099,485,165,168,DHelmet
_r3dghz3vs,12,1092,486,165,168,DHelmet
_r3dghz3vs,13,1082,486,163,167,DHelmet
_r3dghz3vs,14,1072,486,161,167,DHelmet
_r3dghz3vs,15,1062,486,158,166,DHelmet
_r3dghz3vs,16,1052,486,156,165,DHelmet
_r3dghz3vs,17,1042,486,154,165,DHelmet
_r3dghz3vs,18,1032,486,151,164,DHelmet
_r3dghz3vs,19,1023,487,148,163,DHelmet
_r3dghz3vs,20,1013,487,146,162,DHelmet
_r3dghz3vs,21,1003,487,143,162,DHelmet
_r3dghz3vs,22,993,487,141,161,DHelmet
_r3dghz3vs,23,980,488,133,160,DHelmet
_r3dghz3vs,24,967,489,126,159,DHelmet
_r3dghz3vs,25,954,490,118,157,DHelmet
_r3dghz3vs,26,940,491,112,156,DHelmet
_r3dghz3vs,27,927,492,104,155,DHelmet
_n2ztdvt89,2,1021,487,96,164,DHelmet
_n2ztdvt89,3,954,487,163,164,DHelmet
_n2ztdvt89,4,948,487,160,163,DHelmet
_n2ztdvt89,5,942,486,158,164,DHelmet
_n2ztdvt89,6,935,486,156,164,DHelmet
_n2ztdvt89,7,928,486,156,164,DHelmet
_n2ztdvt89,8,920,486,156,164,DHelmet
_n2ztdvt89,9,913,486,156,164,DHelmet
_n2ztdvt89,10,905,486,156,164,DHelmet
_n2ztdvt89,11,898,486,156,164,DHelmet
_n2ztdvt89,12,890,487,156,164,DHelmet
_n2ztdvt89,13,883,487,156,164,DHelmet
_n2ztdvt89,14,875,487,156,164,DHelmet
_n2ztdvt89,15,866,487,156,164,DHelmet
_n2ztdvt89,16,857,487,156,164,DHelmet
_n2ztdvt89,17,848,488,156,164,DHelmet
_n2ztdvt89,18,838,488,156,164,DHelmet
_n2ztdvt89,19,829,488,156,164,DHelmet
_n2ztdvt89,20,820,488,156,164,DHelmet
_n2ztdvt89,21,812,489,154,163,DHelmet
_n2ztdvt89,22,803,490,153,162,DHelmet
_n2ztdvt89,23,794,491,152,161,DHelmet
_n2ztdvt89,24,786,492,150,159,DHelmet
_n2ztdvt89,25,777,493,148,158,DHelmet
_n2ztdvt89,26,769,494,146,157,DHelmet
_n2ztdvt89,27,760,495,145,156,DHelmet
_n2ztdvt89,28,747,496,144,155,DHelmet
_n2ztdvt89,29,735,496,143,155,DHelmet
_n2ztdvt89,30,722,497,142,153,DHelmet
_n2ztdvt89,31,709,497,141,153,DHelmet
_n2ztdvt89,32,697,498,139,152,DHelmet
_n2ztdvt89,33,684,498,138,152,DHelmet
_n2ztdvt89,34,671,499,137,151,DHelmet
_n2ztdvt89,35,656,500,131,150,DHelmet
_n2ztdvt89,36,641,500,124,151,DHelmet
_n2ztdvt89,37,625,501,118,150,DHelmet
_n2ztdvt89,38,608,502,113,151,DHelmet
_n2ztdvt89,39,591,502,109,152,DHelmet
_n2ztdvt89,40,574,503,104,153,DHelmet
_n2ztdvt89,41,555,504,101,150,DHelmet
_n2ztdvt89,42,537,504,97,148,DHelmet
_n2ztdvt89,43,519,505,95,146,DHelmet
_n2ztdvt89,44,501,505,92,146,DHelmet
_n2ztdvt89,45,482,505,90,146,DHelmet
_n2ztdvt89,46,464,506,88,145,DHelmet
_m0rt4aerl,14,719,498,87,156,DHelmetP1Helmet
_m0rt4aerl,15,707,499,93,155,DHelmetP1Helmet
_m0rt4aerl,16,696,500,97,154,DHelmetP1Helmet
_m0rt4aerl,17,684,501,103,154,DHelmetP1Helmet
_m0rt4aerl,18,673,502,108,153,DHelmetP1Helmet
_m0rt4aerl,19,660,502,111,153,DHelmetP1Helmet
_m0rt4aerl,20,647,502,115,153,DHelmetP1Helmet
_m0rt4aerl,21,634,502,119,153,DHelmetP1Helmet
_m0rt4aerl,22,621,502,122,153,DHelmetP1Helmet
_m0rt4aerl,23,607,502,127,153,DHelmetP1Helmet
_m0rt4aerl,24,593,502,128,153,DHelmetP1Helmet
_m0rt4aerl,25,578,502,129,153,DHelmetP1Helmet
_m0rt4aerl,26,564,502,130,154,DHelmetP1Helmet
_m0rt4aerl,27,549,502,131,154,DHelmetP1Helmet
_m0rt4aerl,28,535,502,132,154,DHelmetP1Helmet
_m0rt4aerl,29,520,502,134,154,DHelmetP1Helmet
_m0rt4aerl,30,506,503,128,153,DHelmetP1Helmet
_m0rt4aerl,31,492,504,123,152,DHelmetP1Helmet
_m0rt4aerl,32,478,506,117,150,DHelmetP1Helmet
_m0rt4aerl,33,464,507,112,149,DHelmetP1Helmet
_m0rt4aerl,34,450,508,107,148,DHelmetP1Helmet
_m0rt4aerl,35,436,510,101,146,DHelmetP1Helmet
_m0rt4aerl,36,416,511,99,145,DHelmetP1Helmet
_m0rt4aerl,37,396,512,97,144,DHelmetP1Helmet
_m0rt4aerl,38,376,512,96,144,DHelmetP1Helmet
_m0rt4aerl,39,356,513,95,143,DHelmetP1Helmet
_m0rt4aerl,40,336,514,94,142,DHelmetP1Helmet
_m0rt4aerl,41,316,515,94,141,DHelmetP1Helmet
_m0rt4aerl,42,296,516,93,140,DHelmetP1Helmet
_m0rt4aerl,43,276,517,92,139,DHelmetP1Helmet
_m0rt4aerl,44,257,518,91,138,DHelmetP1Helmet
_m0rt4aerl,45,237,519,90,137,DHelmetP1Helmet
_m0rt4aerl,46,215,519,91,137,DHelmetP1Helmet
_m0rt4aerl,47,194,519,90,137,DHelmetP1Helmet
_m0rt4aerl,48,172,519,91,137,DHelmetP1Helmet
_m0rt4aerl,49,152,520,90,137,DHelmetP1Helmet
_m0rt4aerl,50,131,521,90,137,DHelmetP1Helmet
_m0rt4aerl,51,110,522,90,137,DHelmetP1Helmet
_m0rt4aerl,52,89,523,90,138,DHelmetP1Helmet
_m0rt4aerl,53,68,524,90,138,DHelmetP1Helmet
_m0rt4aerl,54,57,523,91,137,DHelmetP1Helmet
_m0rt4aerl,55,35,524,77,134,DHelmetP1Helmet
_m0rt4aerl,56,20,524,77,134,DHelmetP1Helmet
_m0rt4aerl,57,2,524,71,134,DHelmetP1Helmet
_0md1jqkrh,1,1348,475,148,180,DHelmet
_0md1jqkrh,2,1341,475,148,180,DHelmet
_0md1jqkrh,3,1333,474,148,180,DHelmet
_0md1jqkrh,4,1325,474,148,180,DHelmet
_0md1jqkrh,5,1318,474,148,180,DHelmet
_0md1jqkrh,6,1310,474,148,180,DHelmet
_0md1jqkrh,7,1299,473,146,180,DHelmet
_0md1jqkrh,8,1287,473,145,180,DHelmet
_0md1jqkrh,9,1275,473,144,180,DHelmet
_0md1jqkrh,10,1264,473,141,180,DHelmet
_0md1jqkrh,11,1252,472,140,180,DHelmet
_3m2lnp68s,1,1416,460,190,200,DHelmetP1Helmet
_3m2lnp68s,2,1404,461,190,200,DHelmetP1Helmet
_3m2lnp68s,3,1392,462,190,200,DHelmetP1Helmet
_3m2lnp68s,4,1380,462,190,200,DHelmetP1Helmet
_3m2lnp68s,5,1368,463,190,200,DHelmetP1Helmet
_3m2lnp68s,6,1356,464,190,200,DHelmetP1Helmet
_3m2lnp68s,7,1343,464,191,200,DHelmetP1Helmet
_3m2lnp68s,8,1331,465,191,200,DHelmetP1Helmet
_3m2lnp68s,9,1319,466,191,200,DHelmetP1Helmet
_3m2lnp68s,10,1303,466,190,199,DHelmetP1Helmet
_3m2lnp68s,11,1286,467,190,198,DHelmetP1Helmet
_3m2lnp68s,12,1269,468,190,197,DHelmetP1Helmet
_3m2lnp68s,13,1252,469,190,195,DHelmetP1Helmet
_3m2lnp68s,14,1236,470,189,194,DHelmetP1Helmet
_3m2lnp68s,15,1219,471,189,193,DHelmetP1Helmet
_3m2lnp68s,16,1202,471,189,192,DHelmetP1Helmet
_3m2lnp68s,17,1186,472,188,191,DHelmetP1Helmet
_3m2lnp68s,18,1163,473,188,190,DHelmetP1Helmet
_3m2lnp68s,19,1141,474,187,189,DHelmetP1Helmet
_3m2lnp68s,20,1119,474,187,189,DHelmetP1Helmet
_3m2lnp68s,21,1097,475,186,187,DHelmetP1Helmet
_3m2lnp68s,22,1075,476,186,186,DHelmetP1Helmet
_3m2lnp68s,23,1053,477,185,185,DHelmetP1Helmet
_3m2lnp68s,24,1030,477,185,185,DHelmetP1Helmet
_3m2lnp68s,25,1008,478,185,184,DHelmetP1Helmet
_3m2lnp68s,26,986,479,184,183,DHelmetP1Helmet
_3m2lnp68s,27,962,480,180,182,DHelmetP1Helmet
_3m2lnp68s,28,938,481,176,182,DHelmetP1Helmet
_3m2lnp68s,29,914,482,172,181,DHelmetP1Helmet
_3m2lnp68s,30,890,484,168,180,DHelmetP1Helmet
_3m2lnp68s,31,867,485,163,179,DHelmetP1Helmet
_3m2lnp68s,32,843,486,160,179,DHelmetP1Helmet
_3m2lnp68s,33,819,487,156,178,DHelmetP1Helmet
_3m2lnp68s,34,795,488,152,178,DHelmetP1Helmet
_3m2lnp68s,35,769,489,151,176,DHelmetP1Helmet
_3m2lnp68s,36,743,491,149,174,DHelmetP1Helmet
_3m2lnp68s,37,717,492,148,173,DHelmetP1Helmet
_3m2lnp68s,38,692,493,146,172,DHelmetP1Helmet
_3m2lnp68s,39,666,494,145,171,DHelmetP1Helmet
_3m2lnp68s,40,640,495,144,169,DHelmetP1Helmet
_3m2lnp68s,41,614,496,143,168,DHelmetP1Helmet
_3m2lnp68s,42,589,498,141,167,DHelmetP1Helmet
_3m2lnp68s,43,565,499,138,166,DHelmetP1Helmet
_3m2lnp68s,44,540,500,136,166,DHelmetP1Helmet
_3m2lnp68s,45,516,502,134,164,DHelmetP1Helmet
_3m2lnp68s,46,491,503,132,164,DHelmetP1Helmet
_3m2lnp68s,47,467,504,130,162,DHelmetP1Helmet
_3m2lnp68s,48,442,505,129,160,DHelmetP1Helmet
_3m2lnp68s,49,418,505,127,159,DHelmetP1Helmet
_3m2lnp68s,50,394,506,125,157,DHelmetP1Helmet
_3m2lnp68s,51,369,507,124,155,DHelmetP1Helmet
_3m2lnp68s,52,343,509,123,153,DHelmetP1Helmet
_3m2lnp68s,53,317,510,122,152,DHelmetP1Helmet
_3m2lnp68s,54,292,512,121,150,DHelmetP1Helmet
_3m2lnp68s,55,266,513,120,150,DHelmetP1Helmet
_3m2lnp68s,56,240,515,119,148,DHelmetP1Helmet
_3m2lnp68s,57,214,516,118,147,DHelmetP1Helmet
_3m2lnp68s,58,185,517,118,146,DHelmetP1Helmet
_3m2lnp68s,59,157,518,118,144,DHelmetP1Helmet
_3m2lnp68s,60,128,519,118,143,DHelmetP1Helmet
_3m2lnp68s,61,99,520,118,142,DHelmetP1Helmet
_3m2lnp68s,62,71,520,117,142,DHelmetP1Helmet
_3m2lnp68s,63,44,522,116,141,DHelmetP1Helmet
_3m2lnp68s,64,17,523,116,141,DHelmetP1Helmet
_3m2lnp68s,65,4,523,96,141,DHelmetP1Helmet
_3m2lnp68s,66,3,523,79,141,DHelmetP1Helmet
_02r0u3tt5,29,1058,490,99,166,DHelmet
_02r0u3tt5,30,1034,490,102,166,DHelmet
_02r0u3tt5,31,1010,490,105,166,DHelmet
_02r0u3tt5,32,986,490,108,166,DHelmet
_02r0u3tt5,33,961,490,112,165,DHelmet
_02r0u3tt5,34,937,491,115,164,DHelmet
_02r0u3tt5,35,913,491,118,164,DHelmet
_02r0u3tt5,36,888,491,122,164,DHelmet
_02r0u3tt5,37,863,492,124,164,DHelmet
_02r0u3tt5,38,838,492,127,164,DHelmet
_02r0u3tt5,39,813,493,130,164,DHelmet
_02r0u3tt5,40,788,494,132,164,DHelmet
_02r0u3tt5,41,762,494,136,164,DHelmet
_02r0u3tt5,42,737,495,139,164,DHelmet
_02r0u3tt5,43,715,496,138,163,DHelmet
_02r0u3tt5,44,693,498,138,162,DHelmet
_02r0u3tt5,45,671,499,137,161,DHelmet
_02r0u3tt5,46,649,501,137,159,DHelmet
_02r0u3tt5,47,627,500,136,159,DHelmet
_02r0u3tt5,48,604,502,135,156,DHelmet
_02r0u3tt5,49,580,503,135,155,DHelmet
_02r0u3tt5,50,556,504,134,153,DHelmet
_02r0u3tt5,51,532,506,134,151,DHelmet
_02r0u3tt5,52,508,507,134,149,DHelmet
_02r0u3tt5,53,485,508,130,148,DHelmet
_02r0u3tt5,54,462,509,127,148,DHelmet
_02r0u3tt5,55,439,510,124,147,DHelmet
_02r0u3tt5,56,416,511,121,146,DHelmet
_02r0u3tt5,57,392,512,119,145,DHelmet
_02r0u3tt5,58,369,512,116,146,DHelmet
_02r0u3tt5,59,344,514,115,143,DHelmet
_02r0u3tt5,60,319,515,114,141,DHelmet
_02r0u3tt5,61,294,516,113,140,DHelmet
_02r0u3tt5,62,269,518,112,137,DHelmet
_02r0u3tt5,63,244,519,110,135,DHelmet
_02r0u3tt5,64,219,520,109,134,DHelmet
_02r0u3tt5,65,193,522,109,133,DHelmet
_02r0u3tt5,66,167,524,109,133,DHelmet
_02r0u3tt5,67,141,525,109,134,DHelmet
_02r0u3tt5,68,115,527,109,133,DHelmet
_02r0u3tt5,69,94,528,104,132,DHelmet
_02r0u3tt5,70,72,529,100,130,DHelmet
_02r0u3tt5,71,51,530,95,128,DHelmet
_02r0u3tt5,72,29,531,91,127,DHelmet
_cuiiem7gg,85,468,514,116,132,DHelmet
_cuiiem7gg,86,432,514,116,132,DHelmet
_cuiiem7gg,87,396,514,116,132,DHelmet
_cuiiem7gg,88,362,515,113,131,DHelmet
_cuiiem7gg,89,328,516,110,130,DHelmet
_cuiiem7gg,90,294,518,107,129,DHelmet
_cuiiem7gg,91,259,519,106,128,DHelmet
_cuiiem7gg,92,230,520,102,124,DHelmet
_cuiiem7gg,93,201,521,98,120,DHelmet
_cuiiem7gg,94,171,522,96,116,DHelmet
_cuiiem7gg,95,145,523,94,116,DHelmet
_cuiiem7gg,96,118,524,94,116,DHelmet
_cuiiem7gg,97,92,525,93,117,DHelmet
_cuiiem7gg,98,65,526,92,117,DHelmet
_cuiiem7gg,99,39,527,91,117,DHelmet
_cuiiem7gg,100,12,528,90,118,DHelmet
_bayhde5zw,63,1724,447,196,208,DHelmet
_bayhde5zw,64,1661,451,205,203,DHelmet
_bayhde5zw,65,1639,454,159,194,DHelmet
_bayhde5zw,66,1602,456,118,194,DHelmet
_bayhde5zw,67,1539,456,112,195,DHelmet
_lcu9tgj6t,33,96,530,81,120,DHelmet
_lcu9tgj6t,34,83,534,84,117,DHelmet
_lcu9tgj6t,35,67,533,84,117,DHelmet
_lcu9tgj6t,36,52,532,83,117,DHelmet
_lcu9tgj6t,37,36,533,83,118,DHelmet
_lcu9tgj6t,38,19,535,84,117,DHelmet
_lcu9tgj6t,39,1,535,83,117,DHelmet
_ah7adqym7,23,101,525,92,134,DHelmet
_ah7adqym7,24,85,526,92,134,DHelmet
_ah7adqym7,25,69,527,92,134,DHelmet
_ah7adqym7,26,62,527,93,135,DHelmet
_ah7adqym7,27,47,527,92,134,DHelmet
_ah7adqym7,28,38,528,87,132,DHelmet
_ah7adqym7,29,30,529,81,130,DHelmet
_ah7adqym7,30,19,529,82,130,DHelmet
_ah7adqym7,31,9,529,81,130,DHelmet
