track_id,frame_id,x,y,w,h,label
_40myjt436,1,978,404,137,264,DHelmet
_40myjt436,2,941,401,133,258,DHelmet
_40myjt436,3,903,398,130,252,DHelmet
_40myjt436,4,866,395,126,246,DHelmet
_40myjt436,5,834,392,122,240,DHelmet
_40myjt436,6,802,388,118,235,DHelmet
_40myjt436,7,775,386,114,229,DHelmet
_40myjt436,8,748,384,111,223,DHelmet
_40myjt436,9,721,382,107,217,DHelmet
_40myjt436,10,694,380,103,211,DHelmet
_40myjt436,11,676,378,99,205,DHelmet
_40myjt436,12,657,375,95,200,DHelmet
_40myjt436,13,638,373,91,194,DHelmet
_40myjt436,14,619,371,88,188,DHelmet
_40myjt436,15,600,369,84,182,DHelmet
_40myjt436,16,582,367,80,176,DHelmet
_40myjt436,17,569,365,76,171,DHelmet
_40myjt436,18,553,364,72,165,DHelmet
_40myjt436,19,537,363,69,160,DHelmet
_40myjt436,20,522,363,65,153,DHelmet
_40myjt436,21,510,362,61,147,DHelmet
_40myjt436,22,497,361,62,144,DHelmet
_40myjt436,23,484,360,63,142,DHelmet
_40myjt436,24,471,359,63,139,DHelmet
_40myjt436,25,460,358,63,136,DHelmet
_40myjt436,26,449,357,63,134,DHelmet
_40myjt436,27,438,356,64,132,DHelmet
_40myjt436,28,428,355,63,129,DHelmet
_40myjt436,29,417,354,63,127,DHelmet
_40myjt436,30,406,354,64,125,DHelmet
_m0qdpteej,3,1761,471,159,280,DHelmet
_m0qdpteej,4,1694,460,226,280,DHelmet
_m0qdpteej,5,1626,456,235,270,DHelmet
_m0qdpteej,6,1560,449,224,262,DHelmet
_m0qdpteej,7,1501,443,213,255,DHelmet
_m0qdpteej,8,1443,439,202,247,DHelmet
_m0qdpteej,9,1392,433,189,242,DHelmet
_m0qdpteej,10,1341,427,176,236,DHelmet
_m0qdpteej,11,1292,423,169,230,DHelmet
_m0qdpteej,12,1248,420,161,223,DHelmet
_m0qdpteej,13,1205,416,152,217,DHelmet
_m0qdpteej,14,1162,414,148,210,DHelmet
_m0qdpteej,15,1120,412,143,204,DHelmet
_m0qdpteej,16,1082,408,137,199,DHelmet
_m0qdpteej,17,1043,404,133,195,DHelmet
_m0qdpteej,18,1009,400,128,192,DHelmet
_m0qdpteej,19,975,397,123,188,DHelmet
_m0qdpteej,20,944,395,117,184,DHelmet
_m0qdpteej,21,912,393,113,179,DHelmet
_m0qdpteej,22,885,391,108,175,DHelmet
_m0qdpteej,23,858,388,103,172,DHelmet
_m0qdpteej,24,833,386,98,168,DHelmet
_m0qdpteej,25,809,384,95,165,DHelmet
_m0qdpteej,26,786,382,91,162,DHelmet
_m0qdpteej,27,762,381,88,158,DHelmet
_m0qdpteej,28,740,379,87,155,DHelmet
_m0qdpteej,29,719,377,85,152,DHelmet
_m0qdpteej,30,697,376,83,148,DHelmet
_m0qdpteej,31,679,375,80,145,DHelmet
_m0qdpteej,32,660,374,79,142,DHelmet
_m0qdpteej,33,642,372,77,140,DHelmet
_m0qdpteej,34,624,371,75,138,DHelmet
_m0qdpteej,35,605,369,75,136,DHelmet
_m0qdpteej,36,590,368,72,134,DHelmet
_m0qdpteej,37,574,368,71,131,DHelmet
_m0qdpteej,38,558,368,70,127,DHelmet
_m0qdpteej,39,542,368,68,124,DHelmet
_m0qdpteej,40,529,365,67,124,DHelmet
_m0qdpteej,41,516,363,66,122,DHelmet
_m0qdpteej,42,503,361,65,121,DHelmet
_uvb2ffisg,53,1722,444,198,339,DHelmet
_uvb2ffisg,54,1619,438,272,330,DHelmet
_uvb2ffisg,55,1528,432,243,310,DHelmet
_uvb2ffisg,56,1443,424,225,299,DHelmet
_uvb2ffisg,57,1367,419,204,282,DHelmet
_uvb2ffisg,58,1295,416,189,269,DHelmet
_uvb2ffisg,59,1230,408,175,259,DHelmet
_uvb2ffisg,60,1170,406,162,246,DHelmet
_uvb2ffisg,61,1114,400,154,239,DHelmet
_uvb2ffisg,62,1063,398,139,228,DHelmet
_uvb2ffisg,63,1014,396,132,219,DHelmet
_uvb2ffisg,64,968,393,126,212,DHelmet
_uvb2ffisg,65,928,390,120,205,DHelmet
_uvb2ffisg,66,888,384,110,201,DHelmet
_uvb2ffisg,67,848,384,109,191,DHelmet
_uvb2ffisg,68,815,381,104,186,DHelmet
_uvb2ffisg,69,781,378,99,182,DHelmet
_uvb2ffisg,70,752,375,95,179,DHelmet
_uvb2ffisg,71,722,373,92,174,DHelmet
_uvb2ffisg,72,692,371,89,170,DHelmet
_uvb2ffisg,73,667,370,86,164,DHelmet
_uvb2ffisg,74,641,368,83,159,DHelmet
_uvb2ffisg,75,616,367,80,153,DHelmet
_uvb2ffisg,76,593,364,77,151,DHelmet
_uvb2ffisg,77,570,362,75,148,DHelmet
_uvb2ffisg,78,550,360,72,146,DHelmet
_uvb2ffisg,79,529,359,71,142,DHelmet
_uvb2ffisg,80,509,357,69,140,DHelmet
_uvb2ffisg,81,490,356,68,136,DHelmet
_uvb2ffisg,82,472,354,66,133,DHelmet
_uvb2ffisg,83,458,353,63,131,DHelmet
_uvb2ffisg,84,443,352,62,129,DHelmet
_uvb2ffisg,85,429,351,59,126,DHelmet
_uvb2ffisg,86,414,351,58,123,DHelmet
_uvb2ffisg,87,399,350,56,121,DHelmet
_e89xj2zdv,77,1635,444,285,330,DHelmetP1Helmet
_e89xj2zdv,78,1526,436,269,309,DHelmetP1Helmet
_e89xj2zdv,79,1429,429,240,289,DHelmetP1Helmet
_e89xj2zdv,80,1342,422,219,275,DHelmetP1Helmet
_e89xj2zdv,81,1263,413,197,262,DHelmetP1Helmet
_e89xj2zdv,82,1192,410,180,247,DHelmetP1Helmet
_e89xj2zdv,83,1125,406,169,235,DHelmetP1Helmet
_e89xj2zdv,84,1065,401,158,224,DHelmetP1Helmet
_e89xj2zdv,85,1010,396,147,216,DHelmetP1Helmet
_e89xj2zdv,86,958,393,139,204,DHelmetP1Helmet
_e89xj2zdv,87,910,389,130,197,DHelmetP1Helmet
_e89xj2zdv,88,868,386,119,191,DHelmetP1Helmet
_e89xj2zdv,89,827,383,114,183,DHelmetP1Helmet
_e89xj2zdv,90,791,380,107,179,DHelmetP1Helmet
_e89xj2zdv,91,755,376,100,175,DHelmetP1Helmet
_e89xj2zdv,92,724,374,96,167,DHelmetP1Helmet
_e89xj2zdv,93,692,372,93,159,DHelmetP1Helmet
_e89xj2zdv,94,663,370,90,155,DHelmetP1Helmet
_e89xj2zdv,95,635,368,86,151,DHelmetP1Helmet
_e89xj2zdv,96,606,366,84,148,DHelmetP1Helmet
_e89xj2zdv,97,581,364,84,144,DHelmetP1Helmet
_e89xj2zdv,98,562,362,78,140,DHelmetP1Helmet
_e89xj2zdv,99,540,360,76,137,DHelmetP1Helmet
_e89xj2zdv,100,518,359,73,132,DHelmetP1Helmet
_fqqq6b15n,78,132,350,67,129,DHelmetP1Helmet
_fqqq6b15n,79,138,351,68,132,DHelmetP1Helmet
_fqqq6b15n,80,144,352,69,135,DHelmetP1Helmet
_fqqq6b15n,81,150,353,70,138,DHelmetP1Helmet
_fqqq6b15n,82,155,354,72,141,DHelmetP1Helmet
_fqqq6b15n,83,161,355,73,144,DHelmetP1Helmet
_fqqq6b15n,84,167,356,74,147,DHelmetP1Helmet
_fqqq6b15n,85,172,357,76,150,DHelmetP1Helmet
_fqqq6b15n,86,178,358,78,153,DHelmetP1Helmet
_fqqq6b15n,87,184,358,79,157,DHelmetP1Helmet
_fqqq6b15n,88,189,359,81,161,DHelmetP1Helmet
_fqqq6b15n,89,195,361,83,165,DHelmetP1Helmet
_fqqq6b15n,90,201,363,84,168,DHelmetP1Helmet
_fqqq6b15n,91,207,366,85,171,DHelmetP1Helmet
_fqqq6b15n,92,212,368,87,175,DHelmetP1Helmet
_fqqq6b15n,93,219,369,90,181,DHelmetP1Helmet
_fqqq6b15n,94,225,369,93,189,DHelmetP1Helmet
_fqqq6b15n,95,233,370,95,195,DHelmetP1Helmet
_fqqq6b15n,96,241,371,96,202,DHelmetP1Helmet
_fqqq6b15n,97,248,373,103,208,DHelmetP1Helmet
_fqqq6b15n,98,256,375,108,215,DHelmetP1Helmet
_fqqq6b15n,99,268,377,114,222,DHelmetP1Helmet
_fqqq6b15n,100,280,380,120,228,DHelmetP1Helmet
