track_id,frame_id,x,y,w,h,label
_479st7auz,1,293,363,76,126,DNoHelmet
_479st7auz,2,277,362,74,123,DNoHelmet
_479st7auz,3,262,360,70,122,DNoHelmet
_479st7auz,4,246,359,68,119,DNoHelmet
_479st7auz,5,230,357,66,117,DNoHelmet
_479st7auz,6,214,356,63,115,DNoHelmet
_479st7auz,7,198,355,61,112,DNoHelmet
_479st7auz,8,186,354,60,111,DNoHelmet
_479st7auz,9,173,353,61,110,DNoHelmet
_479st7auz,10,161,352,61,109,DNoHelmet
_wruylxou6,1,573,432,170,320,DHelmetP1NoHelmet
_wruylxou6,2,614,436,181,336,DHelmetP1NoHelmet
_wruylxou6,3,655,441,192,351,DHelmetP1NoHelmet
_wruylxou6,4,700,448,206,369,DHelmetP1NoHelmet
_wruylxou6,5,746,455,219,387,DHelmetP1NoHelmet
_wruylxou6,6,798,464,234,405,DHelmetP1NoHelmet
_wruylxou6,7,849,473,249,423,DHelmetP1NoHelmet
_wruylxou6,8,905,482,267,444,DHelmetP1NoHelmet
_wruylxou6,9,960,490,285,467,DHelmetP1NoHelmet
_wruylxou6,10,1022,498,309,498,DHelmetP1NoHelmet
_wruylxou6,11,1085,506,332,530,DHelmetP1NoHelmet
_wruylxou6,12,1154,517,369,561,DHelmetP1NoHelmet
_wruylxou6,13,1223,529,405,551,DHelmetP1NoHelmet
_wruylxou6,14,1298,541,448,539,DHelmetP1NoHelmet
_wruylxou6,15,1385,554,487,526,DHelmetP1NoHelmet
_wruylxou6,16,1475,569,445,511,DHelmetP1NoHelmet
_wruylxou6,17,1574,586,346,494,DHelmetP1NoHelmet
_md3oo0iol,9,5,361,99,191,DHelmet
_md3oo0iol,10,12,363,95,197,DHelmet
_md3oo0iol,11,18,365,92,202,DHelmet
_md3oo0iol,12,25,368,96,208,DHelmet
_md3oo0iol,13,32,370,100,215,DHelmet
_md3oo0iol,14,39,372,103,222,DHelmet
_md3oo0iol,15,46,373,107,230,DHelmet
_md3oo0iol,16,53,374,110,239,DHelmet
_md3oo0iol,17,60,375,114,247,DHelmet
_md3oo0iol,18,67,379,118,255,DHelmet
_md3oo0iol,19,75,383,121,262,DHelmet
_md3oo0iol,20,88,386,125,272,DHelmet
_md3oo0iol,21,101,388,128,283,DHelmet
_md3oo0iol,22,114,391,131,293,DHelmet
_md3oo0iol,23,126,394,136,302,DHelmet
_md3oo0iol,24,137,398,142,314,DHelmet
_md3oo0iol,25,147,401,150,326,DHelmet
_md3oo0iol,26,157,405,157,338,DHelmet
_md3oo0iol,27,167,408,164,350,DHelmet
_md3oo0iol,28,183,414,169,362,DHelmet
_md3oo0iol,29,199,419,174,374,DHelmet
_md3oo0iol,30,215,424,180,387,DHelmet
_md3oo0iol,31,231,429,187,406,DHelmet
_md3oo0iol,32,248,434,194,425,DHelmet
_md3oo0iol,33,264,438,202,445,DHelmet
_md3oo0iol,34,280,443,210,463,DHelmet
_md3oo0iol,35,302,449,221,488,DHelmet
_md3oo0iol,36,324,456,231,511,DHelmet
_md3oo0iol,37,346,462,242,536,DHelmet
_md3oo0iol,38,368,468,253,560,DHelmet
_md3oo0iol,39,386,474,273,595,DHelmet
_md3oo0iol,40,412,483,287,594,DHelmet
_md3oo0iol,41,436,492,308,588,DHelmet
_md3oo0iol,42,465,502,321,578,DHelmet
_md3oo0iol,43,496,511,342,569,DHelmet
_md3oo0iol,44,528,520,368,560,DHelmet
_md3oo0iol,45,564,536,392,544,DHelmet
_md3oo0iol,46,603,549,418,531,DHelmet
_md3oo0iol,47,687,559,402,521,DHelmet
_md3oo0iol,48,740,575,424,505,DHelmet
_md3oo0iol,49,796,590,450,490,DHelmet
_md3oo0iol,50,859,610,476,470,DHelmet
_v1c6fpj2i,19,166,357,73,149,DHelmet
_v1c6fpj2i,20,181,358,73,153,DHelmet
_v1c6fpj2i,21,197,360,72,156,DHelmet
_v1c6fpj2i,22,212,362,72,159,DHelmet
_v1c6fpj2i,23,227,363,73,163,DHelmet
_v1c6fpj2i,24,242,365,73,166,DHelmet
_v1c6fpj2i,25,259,367,75,171,DHelmet
_v1c6fpj2i,26,276,369,78,177,DHelmet
_v1c6fpj2i,27,293,371,80,182,DHelmet
_v1c6fpj2i,28,314,374,83,187,DHelmet
_v1c6fpj2i,29,335,376,86,193,DHelmet
_v1c6fpj2i,30,356,379,88,198,DHelmet
_v1c6fpj2i,31,377,381,91,204,DHelmet
_v1c6fpj2i,32,399,384,97,212,DHelmet
_v1c6fpj2i,33,422,386,102,220,DHelmet
_v1c6fpj2i,34,444,388,107,229,DHelmet
_v1c6fpj2i,35,474,392,113,237,DHelmet
_v1c6fpj2i,36,504,395,119,247,DHelmet
_v1c6fpj2i,37,534,398,124,257,DHelmet
_v1c6fpj2i,38,564,401,130,267,DHelmet
_v1c6fpj2i,39,601,405,138,276,DHelmet
_v1c6fpj2i,40,638,408,146,286,DHelmet
_v1c6fpj2i,41,674,412,154,296,DHelmet
_v1c6fpj2i,42,714,416,161,310,DHelmet
_v1c6fpj2i,43,754,419,168,325,DHelmet
_v1c6fpj2i,44,801,424,183,338,DHelmet
_v1c6fpj2i,45,849,430,196,351,DHelmet
_v1c6fpj2i,46,905,435,211,369,DHelmet
_v1c6fpj2i,47,960,441,227,387,DHelmet
_v1c6fpj2i,48,1016,446,242,406,DHelmet
_v1c6fpj2i,49,1079,456,261,424,DHelmet
_v1c6fpj2i,50,1141,465,282,443,DHelmet
_v1c6fpj2i,51,1207,471,306,469,DHelmet
_v1c6fpj2i,52,1274,477,330,494,DHelmet
_v1c6fpj2i,53,1349,487,355,521,DHelmet
_v1c6fpj2i,54,1431,495,380,547,DHelmet
_v1c6fpj2i,55,1520,505,400,575,DHelmet
_v1c6fpj2i,56,1606,515,314,565,DHelmet
_r0v7b9sqo,29,98,360,65,119,DHelmet
_r0v7b9sqo,30,108,362,66,120,DHelmet
_r0v7b9sqo,31,118,363,67,123,DHelmet
_r0v7b9sqo,32,127,365,69,125,DHelmet
_r0v7b9sqo,33,138,366,70,128,DHelmet
_r0v7b9sqo,34,149,368,72,130,DHelmet
_r0v7b9sqo,35,161,370,73,132,DHelmet
_r0v7b9sqo,36,172,371,75,135,DHelmet
_r0v7b9sqo,37,185,373,77,139,DHelmet
_r0v7b9sqo,38,197,374,79,144,DHelmet
_r0v7b9sqo,39,209,375,81,148,DHelmet
_r0v7b9sqo,40,223,377,83,152,DHelmet
_r0v7b9sqo,41,237,378,85,157,DHelmet
_r0v7b9sqo,42,251,379,87,162,DHelmet
_r0v7b9sqo,43,265,381,90,165,DHelmet
_r0v7b9sqo,44,282,383,92,171,DHelmet
_r0v7b9sqo,45,299,385,95,178,DHelmet
_r0v7b9sqo,46,316,387,98,184,DHelmet
_r0v7b9sqo,47,337,389,101,190,DHelmet
_r0v7b9sqo,48,359,391,103,196,DHelmet
_r0v7b9sqo,49,380,393,105,203,DHelmet
_r0v7b9sqo,50,403,397,108,208,DHelmet
_r0v7b9sqo,51,426,400,111,215,DHelmet
_r0v7b9sqo,52,452,403,114,221,DHelmet
_r0v7b9sqo,53,479,407,116,227,DHelmet
_r0v7b9sqo,54,506,410,123,236,DHelmet
_r0v7b9sqo,55,534,413,129,245,DHelmet
_r0v7b9sqo,56,563,417,136,254,DHelmet
_r0v7b9sqo,57,593,420,142,263,DHelmet
_r0v7b9sqo,58,628,426,148,272,DHelmet
_r0v7b9sqo,59,663,431,154,282,DHelmet
_r0v7b9sqo,60,697,437,161,290,DHelmet
_r0v7b9sqo,61,736,442,169,305,DHelmet
_r0v7b9sqo,62,774,447,178,320,DHelmet
_r0v7b9sqo,63,817,453,187,335,DHelmet
_r0v7b9sqo,64,860,459,195,350,DHelmet
_r0v7b9sqo,65,902,466,205,363,DHelmet
_r0v7b9sqo,66,951,473,218,378,DHelmet
_r0v7b9sqo,67,999,480,233,393,DHelmet
_r0v7b9sqo,68,1051,487,253,408,DHelmet
_r0v7b9sqo,69,1104,495,272,423,DHelmet
_r0v7b9sqo,70,1161,501,300,445,DHelmet
_r0v7b9sqo,71,1218,508,329,467,DHelmet
_r0v7b9sqo,72,1282,517,361,487,DHelmet
_r0v7b9sqo,73,1346,525,394,509,DHelmet
_r0v7b9sqo,74,1414,533,436,533,DHelmet
_r0v7b9sqo,75,1482,545,438,533,DHelmet
_r0v7b9sqo,76,1555,556,365,524,DHelmet
_pf0v27528,64,33,353,59,121,DHelmet
_pf0v27528,65,40,354,60,124,DHelmet
_pf0v27528,66,47,355,62,127,DHelmet
_pf0v27528,67,57,356,63,130,DHelmet
_pf0v27528,68,67,357,65,133,DHelmet
_pf0v27528,69,75,358,67,136,DHelmet
_pf0v27528,70,84,359,68,139,DHelmet
_pf0v27528,71,95,360,70,142,DHelmet
_pf0v27528,72,107,361,71,145,DHelmet
_pf0v27528,73,117,362,73,149,DHelmet
_pf0v27528,74,128,362,75,154,DHelmet
_pf0v27528,75,139,363,77,157,DHelmet
_pf0v27528,76,151,364,80,162,DHelmet
_pf0v27528,77,163,366,82,166,DHelmet
_pf0v27528,78,175,367,85,170,DHelmet
_pf0v27528,79,190,370,87,174,DHelmet
_pf0v27528,80,205,372,89,179,DHelmet
_pf0v27528,81,220,374,91,183,DHelmet
_pf0v27528,82,235,377,92,187,DHelmet
_pf0v27528,83,249,379,95,192,DHelmet
_pf0v27528,84,264,382,97,195,DHelmet
_pf0v27528,85,279,384,101,201,DHelmet
_pf0v27528,86,294,386,105,207,DHelmet
_pf0v27528,87,310,388,107,212,DHelmet
_pf0v27528,88,325,390,111,218,DHelmet
_pf0v27528,89,343,393,115,225,DHelmet
_pf0v27528,90,361,396,118,233,DHelmet
_pf0v27528,91,380,400,120,240,DHelmet
_pf0v27528,92,398,404,127,249,DHelmet
_pf0v27528,93,417,408,132,258,DHelmet
_pf0v27528,94,439,412,138,266,DHelmet
_pf0v27528,95,461,415,143,275,DHelmet
_pf0v27528,96,484,418,151,284,DHelmet
_pf0v27528,97,507,421,159,293,DHelmet
_pf0v27528,98,535,426,166,301,DHelmet
_pf0v27528,99,562,430,174,310,DHelmet
_pf0v27528,100,590,434,181,318,DHelmet
_as33th29j,50,1674,496,246,310,DHelmet
_as33th29j,51,1609,491,272,298,DHelmet
_as33th29j,52,1545,487,257,288,DHelmet
_as33th29j,53,1489,482,240,278,DHelmet
_as33th29j,54,1433,477,224,269,DHelmet
_as33th29j,55,1379,469,209,259,DHelmet
_as33th29j,56,1328,464,197,252,DHelmet
_as33th29j,57,1283,459,186,245,DHelmet
_as33th29j,58,1238,454,174,238,DHelmet
_as33th29j,59,1197,449,166,231,DHelmet
_as33th29j,60,1155,444,159,224,DHelmet
_as33th29j,61,1114,440,150,217,DHelmet
_as33th29j,62,1077,437,144,210,DHelmet
_as33th29j,63,1040,434,137,203,DHelmet
_as33th29j,64,1009,431,130,198,DHelmet
_as33th29j,65,977,428,124,193,DHelmet
_as33th29j,66,948,424,117,189,DHelmet
_as33th29j,67,919,421,111,184,DHelmet
_as33th29j,68,894,417,105,180,DHelmet
_as33th29j,69,868,415,101,175,DHelmet
_as33th29j,70,841,412,97,171,DHelmet
_as33th29j,71,818,411,93,165,DHelmet
_as33th29j,72,794,410,90,160,DHelmet
_as33th29j,73,769,407,90,157,DHelmet
_as33th29j,74,745,404,88,155,DHelmet
_as33th29j,75,720,401,87,152,DHelmet
_as33th29j,76,695,398,87,149,DHelmet
_as33th29j,77,671,396,86,146,DHelmet
_as33th29j,78,648,393,84,145,DHelmet
_as33th29j,79,624,391,83,142,DHelmet
_as33th29j,80,601,389,81,139,DHelmet
_as33th29j,81,577,386,80,137,DHelmet
_as33th29j,82,555,384,78,134,DHelmet
_as33th29j,83,532,382,77,132,DHelmet
_as33th29j,84,510,380,75,129,DHelmet
_as33th29j,85,490,379,73,126,DHelmet
_as33th29j,86,471,378,71,122,DHelmet
_as33th29j,87,451,376,69,120,DHelmet
_as33th29j,88,434,375,68,118,DHelmet
_as33th29j,89,418,374,66,116,DHelmet
_as33th29j,90,401,372,65,115,DHelmet
_as33th29j,91,384,371,64,112,DHelmet
_as33th29j,92,369,370,62,111,DHelmet
_as33th29j,93,353,369,60,109,DHelmet
_as33th29j,94,340,368,59,107,DHelmet
_as33th29j,95,328,366,57,105,DHelmet
_as33th29j,96,315,365,56,103,DHelmet
_as33th29j,97,302,364,55,101,DHelmet
_7qm02bygy,62,1719,505,201,314,DHelmet
_7qm02bygy,63,1651,499,269,310,DHelmet
_7qm02bygy,64,1587,493,270,300,DHelmet
_7qm02bygy,65,1527,486,258,292,DHelmet
_7qm02bygy,66,1467,480,245,283,DHelmet
_7qm02bygy,67,1414,474,232,276,DHelmet
_7qm02bygy,68,1361,468,219,268,DHelmet
_7qm02bygy,69,1313,464,206,259,DHelmet
_7qm02bygy,70,1265,459,193,252,DHelmet
_7qm02bygy,71,1229,456,180,244,DHelmet
_7qm02bygy,72,1192,453,167,236,DHelmet
_7qm02bygy,73,1157,450,160,227,DHelmet
_7qm02bygy,74,1122,446,152,219,DHelmet
_7qm02bygy,75,1092,443,145,214,DHelmet
_7qm02bygy,76,1061,439,139,210,DHelmet
_7qm02bygy,77,1034,437,132,204,DHelmet
_7qm02bygy,78,1007,435,125,199,DHelmet
_7qm02bygy,79,979,432,122,195,DHelmet
_7qm02bygy,80,952,429,118,191,DHelmet
_7qm02bygy,81,926,426,116,187,DHelmet
_7qm02bygy,82,899,423,115,184,DHelmet
_7qm02bygy,83,873,420,113,181,DHelmet
_7qm02bygy,84,849,418,111,177,DHelmet
_7qm02bygy,85,825,415,108,174,DHelmet
_7qm02bygy,86,800,413,107,171,DHelmet
_7qm02bygy,87,778,411,105,168,DHelmet
_7qm02bygy,88,756,409,103,165,DHelmet
_7qm02bygy,89,734,407,101,162,DHelmet
_7qm02bygy,90,711,405,99,159,DHelmet
_7qm02bygy,91,691,403,97,156,DHelmet
_7qm02bygy,92,671,401,95,154,DHelmet
_7qm02bygy,93,651,400,93,150,DHelmet
_7qm02bygy,94,631,398,91,148,DHelmet
_7qm02bygy,95,613,397,89,145,DHelmet
_7qm02bygy,96,595,395,87,143,DHelmet
_7qm02bygy,97,578,394,84,139,DHelmet
_7qm02bygy,98,560,392,82,137,DHelmet
_7qm02bygy,99,542,391,80,134,DHelmet
_7qm02bygy,100,524,389,78,132,DHelmet
