track_id,frame_id,x,y,w,h,label
_txxrxm754,1,685,409,145,262,DHelmetP1Helmet
_txxrxm754,2,709,412,150,267,DHelmetP1Helmet
_txxrxm754,3,734,414,154,273,DHelmetP1Helmet
_txxrxm754,4,759,417,158,277,DHelmetP1Helmet
_txxrxm754,5,786,420,164,282,DHelmetP1Helmet
_txxrxm754,6,812,423,167,285,DHelmetP1Helmet
_txxrxm754,7,842,426,169,287,DHelmetP1Helmet
_txxrxm754,8,871,429,173,289,DHelmetP1Helmet
_txxrxm754,9,902,431,177,297,DHelmetP1Helmet
_txxrxm754,10,933,433,182,305,DHelmetP1Helmet
_txxrxm754,11,963,434,188,313,DHelmetP1Helmet
_1nte5tbqz,1,340,379,78,159,DHelmet
_1nte5tbqz,2,357,380,81,163,DHelmet
_1nte5tbqz,3,374,381,88,168,DHelmet
_1nte5tbqz,4,391,382,94,173,DHelmet
_1nte5tbqz,5,411,384,91,177,DHelmet
_1nte5tbqz,6,431,387,88,180,DHelmet
_1nte5tbqz,7,450,389,91,184,DHelmet
_1nte5tbqz,8,470,391,93,188,DHelmet
_1nte5tbqz,9,490,393,97,192,DHelmet
_1nte5tbqz,10,511,395,99,196,DHelmet
_1nte5tbqz,11,531,397,103,201,DHelmet
_1nte5tbqz,12,551,399,107,206,DHelmet
_1nte5tbqz,13,571,401,111,212,DHelmet
_1nte5tbqz,14,591,403,115,217,DHelmet
_1nte5tbqz,15,614,406,117,222,DHelmet
_1nte5tbqz,16,637,408,120,227,DHelmet
_1nte5tbqz,17,660,411,122,233,DHelmet
_1nte5tbqz,18,682,413,127,238,DHelmet
_1nte5tbqz,19,704,416,131,243,DHelmet
_1nte5tbqz,20,726,418,136,249,DHelmet
_1nte5tbqz,21,749,420,139,255,DHelmet
_1nte5tbqz,22,771,423,144,260,DHelmet
_1nte5tbqz,23,795,425,149,266,DHelmet
_1nte5tbqz,24,820,428,152,271,DHelmet
_1nte5tbqz,25,844,430,157,277,DHelmet
_1nte5tbqz,26,870,435,163,281,DHelmet
_1nte5tbqz,27,896,439,170,286,DHelmet
_1nte5tbqz,28,923,441,176,293,DHelmet
_1nte5tbqz,29,950,442,183,301,DHelmet
_1nte5tbqz,30,980,446,192,307,DHelmet
_1nte5tbqz,31,1010,450,200,312,DHelmet
_1nte5tbqz,32,1042,453,209,321,DHelmet
_1nte5tbqz,33,1074,456,218,329,DHelmet
_1nte5tbqz,34,1108,460,227,337,DHelmet
_1nte5tbqz,35,1142,464,235,344,DHelmet
_1nte5tbqz,36,1179,468,240,345,DHelmet
_1nte5tbqz,37,1216,473,245,345,DHelmet
_1nte5tbqz,38,1255,476,245,345,DHelmet
_1nte5tbqz,39,1294,479,245,345,DHelmet
_1nte5tbqz,40,1337,485,256,354,DHelmet
_1nte5tbqz,41,1380,491,266,362,DHelmet
_cp7ehl0z0,1,204,358,66,135,DHelmet
_cp7ehl0z0,2,211,359,67,137,DHelmet
_cp7ehl0z0,3,218,359,69,140,DHelmet
_cp7ehl0z0,4,225,360,71,143,DHelmet
_cp7ehl0z0,5,232,361,72,145,DHelmet
_cp7ehl0z0,6,240,362,73,147,DHelmet
_cp7ehl0z0,7,249,362,75,150,DHelmet
_cp7ehl0z0,8,258,362,77,153,DHelmet
_cp7ehl0z0,9,267,364,79,155,DHelmet
_cp7ehl0z0,10,277,365,81,158,DHelmet
_cp7ehl0z0,11,287,366,83,161,DHelmet
_cp7ehl0z0,12,299,368,84,163,DHelmet
_cp7ehl0z0,13,311,369,86,166,DHelmet
_cp7ehl0z0,14,323,371,89,169,DHelmet
_cp7ehl0z0,15,336,372,92,173,DHelmet
_cp7ehl0z0,16,349,374,94,175,DHelmet
_cp7ehl0z0,17,364,375,96,179,DHelmet
_cp7ehl0z0,18,379,377,99,182,DHelmet
_cp7ehl0z0,19,394,378,101,186,DHelmet
_cp7ehl0z0,20,408,380,104,188,DHelmet
_cp7ehl0z0,21,425,381,107,192,DHelmet
_cp7ehl0z0,22,441,382,110,197,DHelmet
_cp7ehl0z0,23,457,384,113,200,DHelmet
_cp7ehl0z0,24,473,385,117,204,DHelmet
_cp7ehl0z0,25,492,387,120,208,DHelmet
_cp7ehl0z0,26,511,389,123,211,DHelmet
_cp7ehl0z0,27,530,391,126,215,DHelmet
_cp7ehl0z0,28,548,393,130,219,DHelmet
_cp7ehl0z0,29,569,396,132,223,DHelmet
_cp7ehl0z0,30,590,398,134,228,DHelmet
_cp7ehl0z0,31,611,401,136,231,DHelmet
_cp7ehl0z0,32,632,403,139,236,DHelmet
_cp7ehl0z0,33,654,405,144,241,DHelmet
_cp7ehl0z0,34,677,408,148,245,DHelmet
_cp7ehl0z0,35,700,410,153,250,DHelmet
_cp7ehl0z0,36,722,412,159,255,DHelmet
_cp7ehl0z0,37,744,415,165,260,DHelmet
_cp7ehl0z0,38,768,417,169,265,DHelmet
_cp7ehl0z0,39,791,419,174,271,DHelmet
_cp7ehl0z0,40,815,421,182,277,DHelmet
_cp7ehl0z0,41,839,423,189,283,DHelmet
_cp7ehl0z0,42,867,426,191,289,DHelmet
_cp7ehl0z0,43,894,428,195,296,DHelmet
_cp7ehl0z0,44,921,431,197,302,DHelmet
_cp7ehl0z0,45,948,433,200,309,DHelmet
_cp7ehl0z0,46,974,436,204,315,DHelmet
_cp7ehl0z0,47,1000,439,209,321,DHelmet
_cp7ehl0z0,48,1028,441,216,328,DHelmet
_cp7ehl0z0,49,1056,444,224,334,DHelmet
_cp7ehl0z0,50,1084,446,235,341,DHelmet
_cp7ehl0z0,51,1112,449,246,347,DHelmet
_cp7ehl0z0,52,1143,452,258,356,DHelmet
_cp7ehl0z0,53,1175,456,269,364,DHelmet
_cp7ehl0z0,54,1206,459,281,374,DHelmet
_cp7ehl0z0,55,1240,462,292,383,DHelmet
_cp7ehl0z0,56,1274,466,304,391,DHelmet
_cp7ehl0z0,57,1313,471,315,400,DHelmet
_cp7ehl0z0,58,1352,475,327,410,DHelmet
_cp7ehl0z0,59,1393,480,338,419,DHelmet
_cp7ehl0z0,60,1434,485,349,428,DHelmet
_cp7ehl0z0,61,1474,490,362,437,DHelmet
_cp7ehl0z0,62,1518,491,381,452,DHelmet
_cp7ehl0z0,63,1560,497,360,458,DHelmet
_cp7ehl0z0,64,1606,500,314,458,DHelmet
_cp7ehl0z0,65,1651,506,269,457,DHelmet
_lob2f6dda,8,111,358,63,134,DHelmet
_lob2f6dda,9,116,359,65,136,DHelmet
_lob2f6dda,10,122,360,67,139,DHelmet
_lob2f6dda,11,128,361,69,142,DHelmet
_lob2f6dda,12,134,362,71,145,DHelmet
_lob2f6dda,13,140,363,73,148,DHelmet
_lob2f6dda,14,148,364,73,151,DHelmet
_lob2f6dda,15,155,366,75,153,DHelmet
_lob2f6dda,16,163,367,78,156,DHelmet
_lob2f6dda,17,171,368,81,160,DHelmet
_lob2f6dda,18,180,370,84,164,DHelmet
_lob2f6dda,19,190,372,86,168,DHelmet
_lob2f6dda,20,200,374,88,171,DHelmet
_lob2f6dda,21,211,376,90,175,DHelmet
_lob2f6dda,22,221,378,94,179,DHelmet
_lob2f6dda,23,232,380,96,182,DHelmet
_lob2f6dda,24,243,382,98,186,DHelmet
_lob2f6dda,25,255,384,101,191,DHelmet
_lob2f6dda,26,268,386,103,196,DHelmet
_lob2f6dda,27,281,388,105,202,DHelmet
_lob2f6dda,28,293,390,108,207,DHelmet
_lob2f6dda,29,307,392,110,214,DHelmet
_lob2f6dda,30,321,394,113,220,DHelmet
_lob2f6dda,31,334,396,116,227,DHelmet
_lob2f6dda,32,348,398,118,234,DHelmet
_lob2f6dda,33,363,402,122,241,DHelmet
_lob2f6dda,34,378,405,125,248,DHelmet
_lob2f6dda,35,393,409,129,255,DHelmet
_lob2f6dda,36,411,412,134,265,DHelmet
_lob2f6dda,37,428,415,141,275,DHelmet
_lob2f6dda,38,446,418,146,285,DHelmet
_lob2f6dda,39,467,423,151,295,DHelmet
_lob2f6dda,40,488,428,157,304,DHelmet
_lob2f6dda,41,508,433,163,314,DHelmet
_lob2f6dda,42,533,437,169,329,DHelmet
_lob2f6dda,43,558,442,176,342,DHelmet
_lob2f6dda,44,583,447,182,356,DHelmet
_lob2f6dda,45,611,453,191,373,DHelmet
_lob2f6dda,46,638,459,201,390,DHelmet
_lob2f6dda,47,670,468,210,403,DHelmet
_lob2f6dda,48,704,475,217,427,DHelmet
_lob2f6dda,49,738,482,234,451,DHelmet
_lob2f6dda,50,780,490,245,478,DHelmet
_lob2f6dda,51,821,498,266,511,DHelmet
_lob2f6dda,52,869,511,288,539,DHelmet
_lob2f6dda,53,921,521,321,559,DHelmet
_lob2f6dda,54,982,536,360,544,DHelmet
_lob2f6dda,55,1052,549,408,531,DHelmet
_lob2f6dda,56,1129,567,440,513,DHelmet
_lob2f6dda,57,1219,587,468,493,DHelmet
_lob2f6dda,58,1325,609,520,471,DHelmet
_lob2f6dda,59,1466,633,454,447,DHelmet
_fh0p7r57d,31,95,359,68,142,DHelmet
_fh0p7r57d,32,103,360,69,146,DHelmet
_fh0p7r57d,33,111,362,70,149,DHelmet
_fh0p7r57d,34,118,364,72,152,DHelmet
_fh0p7r57d,35,126,365,73,157,DHelmet
_fh0p7r57d,36,134,367,74,161,DHelmet
_fh0p7r57d,37,141,368,76,165,DHelmet
_fh0p7r57d,38,149,370,77,169,DHelmet
_fh0p7r57d,39,156,371,80,174,DHelmet
_fh0p7r57d,40,164,373,81,178,DHelmet
_fh0p7r57d,41,171,375,83,182,DHelmet
_fh0p7r57d,42,179,376,85,189,DHelmet
_fh0p7r57d,43,188,378,87,195,DHelmet
_fh0p7r57d,44,197,380,89,201,DHelmet
_fh0p7r57d,45,206,382,91,208,DHelmet
_fh0p7r57d,46,215,384,93,214,DHelmet
_fh0p7r57d,47,224,386,95,220,DHelmet
_fh0p7r57d,48,233,389,100,227,DHelmet
_fh0p7r57d,49,242,392,104,233,DHelmet
_fh0p7r57d,50,253,395,107,243,DHelmet
_fh0p7r57d,51,264,398,110,252,DHelmet
_fh0p7r57d,52,274,401,116,261,DHelmet
_fh0p7r57d,53,285,405,122,269,DHelmet
_fh0p7r57d,54,299,409,127,281,DHelmet
_fh0p7r57d,55,314,412,130,294,DHelmet
_fh0p7r57d,56,329,416,137,306,DHelmet
_fh0p7r57d,57,344,420,145,318,DHelmet
_fh0p7r57d,58,363,425,151,333,DHelmet
_fh0p7r57d,59,382,431,158,347,DHelmet
_fh0p7r57d,60,404,435,169,365,DHelmet
_fh0p7r57d,61,426,440,180,382,DHelmet
_fh0p7r57d,62,453,448,191,402,DHelmet
_fh0p7r57d,63,481,456,202,421,DHelmet
_fh0p7r57d,64,516,463,216,447,DHelmet
_fh0p7r57d,65,551,471,229,471,DHelmet
_fh0p7r57d,66,590,477,245,503,DHelmet
_fh0p7r57d,67,634,488,266,534,DHelmet
_fh0p7r57d,68,684,498,293,570,DHelmet
_fh0p7r57d,69,739,510,325,570,DHelmet
_fh0p7r57d,70,800,522,366,558,DHelmet
_fh0p7r57d,71,869,534,398,546,DHelmet
_fh0p7r57d,72,945,551,429,529,DHelmet
_fh0p7r57d,73,1031,569,442,511,DHelmet
_fh0p7r57d,74,1125,590,494,490,DHelmet
_fh0p7r57d,75,1236,613,522,467,DHelmet
_fh0p7r57d,76,1361,634,559,446,DHelmet
_u9fgm32ne,52,1577,487,287,327,DHelmet
_u9fgm32ne,53,1503,479,287,328,DHelmet
_u9fgm32ne,54,1428,473,277,330,DHelmet
_u9fgm32ne,55,1364,467,262,319,DHelmet
_u9fgm32ne,56,1300,461,247,308,DHelmet
_u9fgm32ne,57,1236,454,232,298,DHelmet
_u9fgm32ne,58,1180,448,217,287,DHelmet
_u9fgm32ne,59,1126,445,202,275,DHelmet
_u9fgm32ne,60,1075,440,190,267,DHelmet
_u9fgm32ne,61,1027,434,180,259,DHelmet
_u9fgm32ne,62,984,430,171,251,DHelmet
_u9fgm32ne,63,942,426,162,244,DHelmet
_u9fgm32ne,64,904,422,153,237,DHelmet
_u9fgm32ne,65,867,419,143,229,DHelmet
_u9fgm32ne,66,836,416,135,223,DHelmet
_u9fgm32ne,67,805,413,126,216,DHelmet
_u9fgm32ne,68,778,410,119,209,DHelmet
_u9fgm32ne,69,751,407,111,202,DHelmet
_u9fgm32ne,70,728,404,104,198,DHelmet
_u9fgm32ne,71,704,401,98,194,DHelmet
_u9fgm32ne,72,682,399,95,189,DHelmet
_u9fgm32ne,73,660,397,91,184,DHelmet
_u9fgm32ne,74,639,396,88,179,DHelmet
_u9fgm32ne,75,619,394,85,175,DHelmet
_u9fgm32ne,76,601,392,82,170,DHelmet
_u9fgm32ne,77,584,389,79,167,DHelmet
_u9fgm32ne,78,566,387,77,163,DHelmet
_u9fgm32ne,79,550,385,75,160,DHelmet
_u9fgm32ne,80,534,384,74,156,DHelmet
_u9fgm32ne,81,518,382,73,153,DHelmet
_u9fgm32ne,82,502,381,71,149,DHelmet
_u9fgm32ne,83,489,379,70,147,DHelmet
_u9fgm32ne,84,475,378,70,144,DHelmet
_u9fgm32ne,85,462,376,69,142,DHelmet
_u9fgm32ne,86,449,375,68,139,DHelmet
_u9fgm32ne,87,436,373,67,137,DHelmet
_u9fgm32ne,88,425,373,65,133,DHelmet
_u9fgm32ne,89,413,372,64,130,DHelmet
_u9fgm32ne,90,402,371,62,126,DHelmet
_u9fgm32ne,91,392,371,60,123,DHelmet
_u9fgm32ne,92,381,371,59,120,DHelmet
_u9fgm32ne,93,371,369,58,118,DHelmet
_u9fgm32ne,94,361,367,57,117,DHelmet
_8mz09e1zc,58,1672,486,248,366,DHelmet
_8mz09e1zc,59,1603,478,313,367,DHelmet
_8mz09e1zc,60,1536,474,309,358,DHelmet
_8mz09e1zc,61,1477,470,308,336,DHelmet
_8mz09e1zc,62,1416,464,276,326,DHelmet
_8mz09e1zc,63,1358,459,257,323,DHelmet
_8mz09e1zc,64,1308,449,245,318,DHelmet
_8mz09e1zc,65,1259,448,231,306,DHelmet
_8mz09e1zc,66,1209,447,218,294,DHelmet
_8mz09e1zc,67,1161,441,213,288,DHelmet
_8mz09e1zc,68,1117,435,204,281,DHelmet
_8mz09e1zc,69,1074,432,197,273,DHelmet
_8mz09e1zc,70,1032,428,191,266,DHelmet
_8mz09e1zc,71,995,424,182,260,DHelmet
_8mz09e1zc,72,958,421,172,253,DHelmet
_8mz09e1zc,73,925,419,162,247,DHelmet
_8mz09e1zc,74,894,416,153,241,DHelmet
_8mz09e1zc,75,863,413,144,235,DHelmet
_8mz09e1zc,76,836,410,138,230,DHelmet
_8mz09e1zc,77,809,408,131,224,DHelmet
_8mz09e1zc,78,782,405,124,219,DHelmet
_8mz09e1zc,79,757,402,120,215,DHelmet
_8mz09e1zc,80,732,400,115,209,DHelmet
_8mz09e1zc,81,710,397,111,205,DHelmet
_8mz09e1zc,82,687,395,108,200,DHelmet
_8mz09e1zc,83,666,393,104,195,DHelmet
_8mz09e1zc,84,645,390,100,192,DHelmet
_8mz09e1zc,85,626,389,98,187,DHelmet
_8mz09e1zc,86,606,388,96,183,DHelmet
_8mz09e1zc,87,581,387,100,179,DHelmet
_8mz09e1zc,88,567,385,96,175,DHelmet
_8mz09e1zc,89,557,384,92,167,DHelmet
_8mz09e1zc,90,541,382,87,167,DHelmet
_8mz09e1zc,91,524,381,83,165,DHelmet
_8mz09e1zc,92,508,381,82,161,DHelmet
_8mz09e1zc,93,491,379,81,158,DHelmet
_8mz09e1zc,94,475,377,79,155,DHelmet
_8mz09e1zc,95,464,375,75,152,DHelmet
_8mz09e1zc,96,452,374,72,149,DHelmet
_8mz09e1zc,97,437,372,71,148,DHelmet
_8mz09e1zc,98,423,371,69,146,DHelmet
_bvvtdlkrw,66,1558,472,315,306,DHelmetP1Helmet
_bvvtdlkrw,67,1517,469,310,302,DHelmetP1Helmet
_bvvtdlkrw,68,1478,465,303,299,DHelmetP1Helmet
_bvvtdlkrw,69,1439,462,297,294,DHelmetP1Helmet
_bvvtdlkrw,70,1400,460,291,288,DHelmetP1Helmet
_bvvtdlkrw,71,1361,458,285,281,DHelmetP1Helmet
_bvvtdlkrw,72,1324,454,279,279,DHelmetP1Helmet
_bvvtdlkrw,73,1287,450,274,276,DHelmetP1Helmet
_bvvtdlkrw,74,1254,446,256,270,DHelmetP1Helmet
_bvvtdlkrw,75,1220,442,238,263,DHelmetP1Helmet
_bvvtdlkrw,76,1184,440,226,261,DHelmetP1Helmet
_bvvtdlkrw,77,1154,438,231,258,DHelmetP1Helmet
_bvvtdlkrw,78,1131,435,212,254,DHelmetP1Helmet
_bvvtdlkrw,79,1107,432,193,249,DHelmetP1Helmet
_bvvtdlkrw,80,1078,428,185,246,DHelmetP1Helmet
_bvvtdlkrw,81,1048,424,177,243,DHelmetP1Helmet
_bvvtdlkrw,82,1018,422,171,238,DHelmetP1Helmet
_bvvtdlkrw,83,987,419,166,235,DHelmetP1Helmet
_bvvtdlkrw,84,961,418,159,229,DHelmetP1Helmet
_bvvtdlkrw,85,935,416,152,225,DHelmetP1Helmet
_bvvtdlkrw,86,909,413,147,222,DHelmetP1Helmet
_bvvtdlkrw,87,883,411,143,217,DHelmetP1Helmet
_bvvtdlkrw,88,857,409,139,212,DHelmetP1Helmet
_bvvtdlkrw,89,831,407,135,208,DHelmetP1Helmet
_bvvtdlkrw,90,808,404,131,206,DHelmetP1Helmet
_bvvtdlkrw,91,784,402,128,203,DHelmetP1Helmet
_bvvtdlkrw,92,764,400,122,199,DHelmetP1Helmet
_bvvtdlkrw,93,744,399,116,194,DHelmetP1Helmet
_bvvtdlkrw,94,724,397,110,190,DHelmetP1Helmet
_bvvtdlkrw,95,704,395,104,186,DHelmetP1Helmet
_bvvtdlkrw,96,687,393,100,181,DHelmetP1Helmet
_bvvtdlkrw,97,668,391,98,179,DHelmetP1Helmet
_bvvtdlkrw,98,650,390,95,176,DHelmetP1Helmet
_bvvtdlkrw,99,632,389,92,172,DHelmetP1Helmet
_bvvtdlkrw,100,613,388,90,169,DHelmetP1Helmet
_olb0reiir,70,1613,481,307,391,DHelmetP1Helmet
_olb0reiir,71,1534,474,355,380,DHelmetP1Helmet
_olb0reiir,72,1456,469,339,366,DHelmetP1Helmet
_olb0reiir,73,1384,463,316,350,DHelmetP1Helmet
_olb0reiir,74,1317,456,297,341,DHelmetP1Helmet
_olb0reiir,75,1251,450,278,320,DHelmetP1Helmet
_olb0reiir,76,1191,448,266,316,DHelmetP1Helmet
_olb0reiir,77,1131,446,255,304,DHelmetP1Helmet
_olb0reiir,78,1078,439,236,297,DHelmetP1Helmet
_olb0reiir,79,1028,431,222,290,DHelmetP1Helmet
_olb0reiir,80,982,425,209,282,DHelmetP1Helmet
_olb0reiir,81,937,418,195,276,DHelmetP1Helmet
_olb0reiir,82,896,415,186,268,DHelmetP1Helmet
_olb0reiir,83,855,411,176,261,DHelmetP1Helmet
_olb0reiir,84,820,409,162,251,DHelmetP1Helmet
_olb0reiir,85,783,405,155,244,DHelmetP1Helmet
_olb0reiir,86,750,402,145,239,DHelmetP1Helmet
_olb0reiir,87,722,399,136,229,DHelmetP1Helmet
_olb0reiir,88,691,395,130,226,DHelmetP1Helmet
_olb0reiir,89,660,392,129,218,DHelmetP1Helmet
_olb0reiir,90,633,389,123,212,DHelmetP1Helmet
_olb0reiir,91,617,389,111,204,DHelmetP1Helmet
_olb0reiir,92,594,385,105,202,DHelmetP1Helmet
_olb0reiir,93,568,383,103,198,DHelmetP1Helmet
_olb0reiir,94,545,380,101,193,DHelmetP1Helmet
_olb0reiir,95,526,379,97,186,DHelmetP1Helmet
_olb0reiir,96,507,377,93,181,DHelmetP1Helmet
_olb0reiir,97,490,373,88,179,DHelmetP1Helmet
_olb0reiir,98,470,375,88,171,DHelmetP1Helmet
_olb0reiir,99,450,374,88,168,DHelmetP1Helmet
_olb0reiir,100,435,370,84,165,DHelmetP1Helmet
_hywr5engz,73,1540,480,287,312,DHelmet
_hywr5engz,74,1491,477,285,306,DHelmet
_hywr5engz,75,1455,472,277,302,DHelmet
_hywr5engz,76,1415,469,271,285,DHelmet
_hywr5engz,77,1384,468,255,291,DHelmet
_hywr5engz,78,1352,464,249,283,DHelmet
_hywr5engz,79,1319,461,243,280,DHelmet
_hywr5engz,80,1287,459,235,275,DHelmet
_hywr5engz,81,1254,456,229,271,DHelmet
_hywr5engz,82,1222,454,219,267,DHelmet
_hywr5engz,83,1189,451,216,263,DHelmet
_hywr5engz,84,1157,448,213,259,DHelmet
_hywr5engz,85,1124,446,211,255,DHelmet
_hywr5engz,86,1092,443,207,251,DHelmet
_hywr5engz,87,1061,440,202,247,DHelmet
_hywr5engz,88,1029,437,197,244,DHelmet
_hywr5engz,89,999,435,193,239,DHelmet
_hywr5engz,90,970,432,188,235,DHelmet
_hywr5engz,91,940,429,184,231,DHelmet
_hywr5engz,92,914,427,177,227,DHelmet
_hywr5engz,93,888,424,169,225,DHelmet
_hywr5engz,94,865,422,161,221,DHelmet
_hywr5engz,95,842,420,154,217,DHelmet
_hywr5engz,96,821,417,147,214,DHelmet
_hywr5engz,97,800,415,139,210,DHelmet
_hywr5engz,98,781,413,132,207,DHelmet
_hywr5engz,99,761,412,125,203,DHelmet
_hywr5engz,100,742,410,117,199,DHelmet
_g2v1yxrh7,76,1739,510,181,286,DHelmet
_g2v1yxrh7,77,1702,506,218,285,DHelmet
_g2v1yxrh7,78,1659,501,261,286,DHelmet
_g2v1yxrh7,79,1619,499,288,279,DHelmet
_g2v1yxrh7,80,1578,498,283,272,DHelmet
_g2v1yxrh7,81,1538,495,277,268,DHelmet
_g2v1yxrh7,82,1499,492,271,264,DHelmet
_g2v1yxrh7,83,1459,489,266,260,DHelmet
_g2v1yxrh7,84,1422,486,257,256,DHelmet
_g2v1yxrh7,85,1385,483,249,252,DHelmet
_g2v1yxrh7,86,1352,477,242,251,DHelmet
_g2v1yxrh7,87,1319,471,235,251,DHelmet
_g2v1yxrh7,88,1289,469,228,247,DHelmet
_g2v1yxrh7,89,1259,466,220,243,DHelmet
_g2v1yxrh7,90,1229,464,213,239,DHelmet
_g2v1yxrh7,91,1200,461,208,236,DHelmet
_g2v1yxrh7,92,1171,459,204,232,DHelmet
_g2v1yxrh7,93,1143,456,198,229,DHelmet
_g2v1yxrh7,94,1114,453,193,226,DHelmet
_g2v1yxrh7,95,1089,450,186,222,DHelmet
_g2v1yxrh7,96,1062,448,180,219,DHelmet
_g2v1yxrh7,97,1039,447,171,213,DHelmet
_g2v1yxrh7,98,1017,441,160,213,DHelmet
_g2v1yxrh7,99,992,438,160,214,DHelmet
_g2v1yxrh7,100,974,436,160,214,DHelmet
_4ocmobnem,68,169,363,70,141,DHelmet
_4ocmobnem,69,181,364,72,145,DHelmet
_4ocmobnem,70,192,366,74,148,DHelmet
_4ocmobnem,71,203,367,77,151,DHelmet
_4ocmobnem,72,215,368,79,155,DHelmet
_4ocmobnem,73,228,370,82,160,DHelmet
_4ocmobnem,74,241,371,85,165,DHelmet
_4ocmobnem,75,256,373,86,169,DHelmet
_4ocmobnem,76,271,374,87,175,DHelmet
_4ocmobnem,77,286,376,92,180,DHelmet
_4ocmobnem,78,302,378,96,186,DHelmet
_4ocmobnem,79,318,380,100,191,DHelmet
_4ocmobnem,80,337,382,104,198,DHelmet
_4ocmobnem,81,356,385,107,204,DHelmet
_4ocmobnem,82,377,388,111,210,DHelmet
_4ocmobnem,83,399,390,114,217,DHelmet
_4ocmobnem,84,421,395,119,222,DHelmet
_4ocmobnem,85,443,400,124,227,DHelmet
_4ocmobnem,86,469,402,129,237,DHelmet
_4ocmobnem,87,494,404,136,248,DHelmet
_4ocmobnem,88,522,409,143,255,DHelmet
_4ocmobnem,89,551,414,149,262,DHelmet
_4ocmobnem,90,583,418,156,271,DHelmet
_4ocmobnem,91,616,422,162,281,DHelmet
_4ocmobnem,92,653,427,170,292,DHelmet
_4ocmobnem,93,689,432,179,304,DHelmet
_4ocmobnem,94,725,437,189,315,DHelmet
_4ocmobnem,95,764,442,201,327,DHelmet
_4ocmobnem,96,803,447,214,338,DHelmet
_4ocmobnem,97,842,452,227,350,DHelmet
_4ocmobnem,98,881,458,240,360,DHelmet
_4ocmobnem,99,919,463,255,372,DHelmet
_4ocmobnem,100,957,468,270,383,DHelmet
_16fuq54zp,84,156,362,76,139,DHelmetP1Helmet
_16fuq54zp,85,167,363,76,142,DHelmetP1Helmet
_16fuq54zp,86,178,364,77,146,DHelmetP1Helmet
_16fuq54zp,87,189,365,79,149,DHelmetP1Helmet
_16fuq54zp,88,200,366,81,152,DHelmetP1Helmet
_16fuq54zp,89,212,368,83,155,DHelmetP1Helmet
_16fuq54zp,90,224,370,85,158,DHelmetP1Helmet
_16fuq54zp,91,236,371,87,162,DHelmetP1Helmet
_16fuq54zp,92,250,373,89,165,DHelmetP1Helmet
_16fuq54zp,93,264,375,90,167,DHelmetP1Helmet
_16fuq54zp,94,277,377,92,170,DHelmetP1Helmet
_16fuq54zp,95,292,376,97,177,DHelmetP1Helmet
_16fuq54zp,96,308,376,100,183,DHelmetP1Helmet
_16fuq54zp,97,326,379,101,186,DHelmetP1Helmet
_16fuq54zp,98,344,382,102,190,DHelmetP1Helmet
_16fuq54zp,99,362,385,104,194,DHelmetP1Helmet
_16fuq54zp,100,375,385,110,201,DHelmetP1Helmet
