track_id,frame_id,x,y,w,h,label
_95maoas14,1,220,482,93,185,DHelmetP1Helmet
_95maoas14,2,236,486,94,187,DHelmetP1Helmet
_95maoas14,3,252,490,95,189,DHelmetP1Helmet
_95maoas14,4,270,492,97,193,DHelmetP1Helmet
_95maoas14,5,288,494,99,198,DHelmetP1Helmet
_95maoas14,6,308,494,102,205,DHelmetP1Helmet
_95maoas14,7,327,494,105,212,DHelmetP1Helmet
_95maoas14,8,348,495,109,220,DHelmetP1Helmet
_95maoas14,9,369,496,113,227,DHelmetP1Helmet
_95maoas14,10,392,499,117,233,DHelmetP1Helmet
_95maoas14,11,416,502,121,239,DHelmetP1Helmet
_95maoas14,12,444,504,123,247,DHelmetP1Helmet
_95maoas14,13,470,507,130,255,DHelmetP1Helmet
_95maoas14,14,496,510,138,263,DHelmetP1Helmet
_95maoas14,15,527,513,145,270,DHelmetP1Helmet
_95maoas14,16,557,515,153,278,DHelmetP1Helmet
_95maoas14,17,587,517,161,286,DHelmetP1Helmet
_95maoas14,18,623,519,170,299,DHelmetP1Helmet
_95maoas14,19,658,521,179,312,DHelmetP1Helmet
_95maoas14,20,696,522,189,324,DHelmetP1Helmet
_95maoas14,21,735,523,197,336,DHelmetP1Helmet
_95maoas14,22,777,526,211,351,DHelmetP1Helmet
_95maoas14,23,820,530,223,365,DHelmetP1Helmet
_95maoas14,24,866,532,237,380,DHelmetP1Helmet
_95maoas14,25,912,534,251,394,DHelmetP1Helmet
_95maoas14,26,962,537,270,409,DHelmetP1Helmet
_95maoas14,27,1011,540,290,425,DHelmetP1Helmet
_95maoas14,28,1063,547,310,438,DHelmetP1Helmet
_95maoas14,29,1116,553,330,452,DHelmetP1Helmet
_95maoas14,30,1172,553,352,475,DHelmetP1Helmet
_95maoas14,31,1229,553,374,498,DHelmetP1Helmet
_95maoas14,32,1286,557,396,509,DHelmetP1Helmet
_95maoas14,33,1343,561,417,519,DHelmetP1Helmet
_95maoas14,34,1400,564,455,516,DHelmetP1Helmet
_95maoas14,35,1458,567,462,513,DHelmetP1Helmet
_95maoas14,36,1521,573,399,507,DHelmetP1Helmet
_95maoas14,37,1584,579,336,501,DHelmetP1Helmet
_9t7s1azss,17,1657,557,263,353,DHelmetP1NoHelmet
_9t7s1azss,18,1532,546,343,360,DHelmetP1NoHelmet
_9t7s1azss,19,1425,540,315,341,DHelmetP1NoHelmet
_9t7s1azss,20,1318,534,288,323,DHelmetP1NoHelmet
_9t7s1azss,21,1233,527,261,310,DHelmetP1NoHelmet
_9t7s1azss,22,1147,521,236,296,DHelmetP1NoHelmet
_9t7s1azss,23,1093,520,201,279,DHelmetP1NoHelmet
_9t7s1azss,24,1038,519,168,262,DHelmetP1NoHelmet
_9t7s1azss,25,968,511,157,247,DHelmetP1NoHelmet
_9t7s1azss,26,897,504,147,232,DHelmetP1NoHelmet
_9t7s1azss,27,848,503,145,238,DHelmetP1NoHelmet
_9t7s1azss,28,799,503,142,229,DHelmetP1NoHelmet
_9t7s1azss,29,758,500,131,223,DHelmetP1NoHelmet
_9t7s1azss,30,717,497,120,216,DHelmetP1NoHelmet
_9t7s1azss,31,683,495,113,208,DHelmetP1NoHelmet
_9t7s1azss,32,649,494,106,198,DHelmetP1NoHelmet
_9t7s1azss,33,618,493,99,193,DHelmetP1NoHelmet
_9t7s1azss,34,587,492,93,187,DHelmetP1NoHelmet
_9t7s1azss,35,560,490,89,181,DHelmetP1NoHelmet
_9t7s1azss,36,533,489,85,173,DHelmetP1NoHelmet
_9t7s1azss,37,508,485,81,172,DHelmetP1NoHelmet
_9t7s1azss,38,483,482,78,170,DHelmetP1NoHelmet
_9t7s1azss,39,458,474,78,171,DHelmetP1NoHelmet
_9t7s1azss,40,433,467,79,171,DHelmetP1NoHelmet
_9t7s1azss,41,410,474,79,160,DHelmetP1NoHelmet
_9t7s1azss,42,387,482,78,149,DHelmetP1NoHelmet
_9t7s1azss,43,365,482,77,144,DHelmetP1NoHelmet
_9t7s1azss,44,343,482,76,139,DHelmetP1NoHelmet
_9t7s1azss,45,326,479,74,138,DHelmetP1NoHelmet
_9t7s1azss,46,309,476,72,137,DHelmetP1NoHelmet
_9t7s1azss,47,294,477,69,131,DHelmetP1NoHelmet
_9t7s1azss,48,280,477,65,127,DHelmetP1NoHelmet
_9t7s1azss,49,262,475,66,127,DHelmetP1NoHelmet
_9t7s1azss,50,245,473,65,126,DHelmetP1NoHelmet
_9t7s1azss,51,233,473,61,122,DHelmetP1NoHelmet
_9t7s1azss,52,222,473,57,118,DHelmetP1NoHelmet
_9t7s1azss,53,210,472,57,118,DHelmetP1NoHelmet
_9t7s1azss,54,198,470,57,118,DHelmetP1NoHelmet
_9t7s1azss,55,188,470,55,116,DHelmetP1NoHelmet
_9t7s1azss,56,177,469,53,114,DHelmetP1NoHelmet
_9t7s1azss,57,168,469,52,111,DHelmetP1NoHelmet
_9t7s1azss,58,159,469,50,108,DHelmetP1NoHelmet
_9t7s1azss,59,150,469,50,106,DHelmetP1NoHelmet
_9t7s1azss,60,142,469,50,104,DHelmetP1NoHelmet
_9t7s1azss,61,133,470,50,101,DHelmetP1NoHelmet
_9t7s1azss,62,124,470,50,99,DHelmetP1NoHelmet
_9t7s1azss,63,115,470,52,97,DHelmetP1NoHelmet
_9t7s1azss,64,107,469,53,96,DHelmetP1NoHelmet
_9t7s1azss,65,101,468,52,96,DHelmetP1NoHelmet
_clh3mnh5x,20,1544,538,178,256,DHelmet
_clh3mnh5x,21,1414,535,234,251,DHelmet
_clh3mnh5x,22,1381,531,187,241,DHelmet
_clh3mnh5x,23,1298,529,199,232,DHelmet
_clh3mnh5x,24,1242,525,191,228,DHelmet
_clh3mnh5x,25,1186,521,184,224,DHelmet
_clh3mnh5x,26,1132,521,182,207,DHelmet
_clh3mnh5x,27,1077,521,182,190,DHelmet
_clh3mnh5x,28,1037,518,162,193,DHelmet
_clh3mnh5x,29,997,516,142,194,DHelmet
_clh3mnh5x,30,954,512,140,192,DHelmet
_clh3mnh5x,31,911,509,137,188,DHelmet
_clh3mnh5x,32,872,507,132,184,DHelmet
_clh3mnh5x,33,833,505,126,179,DHelmet
_clh3mnh5x,34,799,502,120,176,DHelmet
_clh3mnh5x,35,764,500,115,171,DHelmet
_clh3mnh5x,36,733,500,105,167,DHelmet
_clh3mnh5x,37,701,500,97,163,DHelmet
_clh3mnh5x,38,673,497,91,161,DHelmet
_clh3mnh5x,39,644,495,86,158,DHelmet
_clh3mnh5x,40,619,495,85,153,DHelmet
_clh3mnh5x,41,593,495,86,148,DHelmet
_clh3mnh5x,42,570,493,83,145,DHelmet
_clh3mnh5x,43,547,491,80,143,DHelmet
_clh3mnh5x,44,524,491,78,140,DHelmet
_clh3mnh5x,45,502,491,74,137,DHelmet
_clh3mnh5x,46,483,488,70,135,DHelmet
_clh3mnh5x,47,464,486,65,133,DHelmet
_clh3mnh5x,48,446,485,63,130,DHelmet
_clh3mnh5x,49,428,485,61,126,DHelmet
_clh3mnh5x,50,413,485,59,123,DHelmet
_clh3mnh5x,51,398,485,57,120,DHelmet
_clh3mnh5x,52,383,484,55,119,DHelmet
_clh3mnh5x,53,369,484,51,116,DHelmet
_clh3mnh5x,54,355,483,51,114,DHelmet
_clh3mnh5x,55,341,482,52,111,DHelmet
_clh3mnh5x,56,328,482,47,108,DHelmet
_clh3mnh5x,57,315,482,42,104,DHelmet
_clh3mnh5x,58,304,481,40,100,DHelmet
_clh3mnh5x,59,293,481,38,95,DHelmet
_clh3mnh5x,60,281,479,38,95,DHelmet
_clh3mnh5x,61,270,477,37,95,DHelmet
_clh3mnh5x,62,263,477,37,95,DHelmet
_clh3mnh5x,63,256,476,37,95,DHelmet
_clh3mnh5x,64,246,476,37,97,DHelmet
_clh3mnh5x,65,235,476,38,98,DHelmet
_clh3mnh5x,66,222,475,40,97,DHelmet
_clh3mnh5x,67,208,474,44,96,DHelmet
_clh3mnh5x,68,200,473,41,96,DHelmet
_clh3mnh5x,69,191,472,39,95,DHelmet
_wn29hljrs,24,1703,548,217,295,DHelmetP1NoHelmet
_wn29hljrs,25,1626,547,276,290,DHelmetP1NoHelmet
_wn29hljrs,26,1555,544,263,280,DHelmetP1NoHelmet
_wn29hljrs,27,1485,541,249,270,DHelmetP1NoHelmet
_wn29hljrs,28,1421,538,236,262,DHelmetP1NoHelmet
_wn29hljrs,29,1358,535,222,253,DHelmetP1NoHelmet
_wn29hljrs,30,1296,532,217,242,DHelmetP1NoHelmet
_wn29hljrs,31,1245,529,183,217,DHelmetP1NoHelmet
_wn29hljrs,32,1194,526,183,221,DHelmetP1NoHelmet
_wn29hljrs,33,1143,523,183,225,DHelmetP1NoHelmet
_wn29hljrs,34,1097,521,174,219,DHelmetP1NoHelmet
_wn29hljrs,35,1051,520,166,212,DHelmetP1NoHelmet
_wn29hljrs,36,1010,517,157,206,DHelmetP1NoHelmet
_wn29hljrs,37,970,514,148,200,DHelmetP1NoHelmet
_wn29hljrs,38,929,509,140,200,DHelmetP1NoHelmet
_wn29hljrs,39,888,504,132,200,DHelmetP1NoHelmet
_wn29hljrs,40,857,505,126,191,DHelmetP1NoHelmet
_wn29hljrs,41,825,507,121,180,DHelmetP1NoHelmet
_wn29hljrs,42,795,505,113,178,DHelmetP1NoHelmet
_wn29hljrs,43,765,504,104,174,DHelmetP1NoHelmet
_wn29hljrs,44,731,502,103,170,DHelmetP1NoHelmet
_wn29hljrs,45,697,501,103,165,DHelmetP1NoHelmet
_wn29hljrs,46,666,500,108,164,DHelmetP1NoHelmet
_wn29hljrs,47,635,499,114,163,DHelmetP1NoHelmet
_wn29hljrs,48,620,498,96,157,DHelmetP1NoHelmet
_wn29hljrs,49,605,498,79,150,DHelmetP1NoHelmet
_wn29hljrs,50,579,494,79,150,DHelmetP1NoHelmet
_wn29hljrs,51,554,491,79,150,DHelmetP1NoHelmet
_wn29hljrs,52,528,490,82,147,DHelmetP1NoHelmet
_wn29hljrs,53,503,489,84,145,DHelmetP1NoHelmet
_wn29hljrs,54,484,488,82,141,DHelmetP1NoHelmet
_wn29hljrs,55,465,488,80,136,DHelmetP1NoHelmet
_wn29hljrs,56,449,488,76,133,DHelmetP1NoHelmet
_wn29hljrs,57,432,488,73,130,DHelmetP1NoHelmet
_wn29hljrs,58,417,486,69,128,DHelmetP1NoHelmet
_wn29hljrs,59,403,484,63,126,DHelmetP1NoHelmet
_wn29hljrs,60,389,483,63,124,DHelmetP1NoHelmet
_wn29hljrs,61,375,483,63,122,DHelmetP1NoHelmet
_wn29hljrs,62,362,482,62,120,DHelmetP1NoHelmet
_wn29hljrs,63,349,481,61,117,DHelmetP1NoHelmet
_wn29hljrs,64,338,480,61,118,DHelmetP1NoHelmet
_wn29hljrs,65,327,480,61,117,DHelmetP1NoHelmet
_wn29hljrs,66,314,480,60,113,DHelmetP1NoHelmet
_wn29hljrs,67,301,480,60,109,DHelmetP1NoHelmet
_wn29hljrs,68,290,479,59,108,DHelmetP1NoHelmet
_wn29hljrs,69,280,478,57,107,DHelmetP1NoHelmet
_wn29hljrs,70,268,478,58,104,DHelmetP1NoHelmet
_wn29hljrs,71,257,477,57,102,DHelmetP1NoHelmet
_wn29hljrs,72,249,476,54,102,DHelmetP1NoHelmet
_wn29hljrs,73,242,474,50,102,DHelmetP1NoHelmet
_wn29hljrs,74,233,475,48,100,DHelmetP1NoHelmet
_wn29hljrs,75,224,475,47,98,DHelmetP1NoHelmet
_wn29hljrs,76,215,476,47,96,DHelmetP1NoHelmet
_wn29hljrs,77,206,476,47,96,DHelmetP1NoHelmet
_wn29hljrs,78,197,475,46,93,DHelmetP1NoHelmet
_wn29hljrs,79,187,473,46,91,DHelmetP1NoHelmet
_wn29hljrs,80,175,474,47,91,DHelmetP1NoHelmet
_wn29hljrs,81,164,474,46,91,DHelmetP1NoHelmet
_wn29hljrs,82,154,473,47,89,DHelmetP1NoHelmet
_wn29hljrs,83,145,472,46,86,DHelmetP1NoHelmet
_dr29fgfrg,28,1689,556,231,346,DHelmet
_dr29fgfrg,29,1622,556,283,330,DHelmet
_dr29fgfrg,30,1554,552,270,319,DHelmet
_dr29fgfrg,31,1494,549,244,305,DHelmet
_dr29fgfrg,32,1434,545,219,292,DHelmet
_dr29fgfrg,33,1380,543,221,277,DHelmet
_dr29fgfrg,34,1325,541,224,261,DHelmet
_dr29fgfrg,35,1274,535,199,264,DHelmet
_dr29fgfrg,36,1223,530,173,266,DHelmet
_dr29fgfrg,37,1177,529,175,254,DHelmet
_dr29fgfrg,38,1131,528,177,242,DHelmet
_dr29fgfrg,39,1088,524,171,239,DHelmet
_dr29fgfrg,40,1044,521,167,235,DHelmet
_dr29fgfrg,41,1016,519,151,228,DHelmet
_dr29fgfrg,42,989,518,134,221,DHelmet
_dr29fgfrg,43,955,517,129,214,DHelmet
_dr29fgfrg,44,922,517,122,207,DHelmet
_dr29fgfrg,45,892,514,117,202,DHelmet
_dr29fgfrg,46,863,512,112,197,DHelmet
_dr29fgfrg,47,833,510,110,192,DHelmet
_dr29fgfrg,48,803,508,108,187,DHelmet
_dr29fgfrg,49,776,506,105,184,DHelmet
_dr29fgfrg,50,749,505,103,179,DHelmet
_dr29fgfrg,51,723,504,100,176,DHelmet
_dr29fgfrg,52,697,503,97,172,DHelmet
_dr29fgfrg,53,675,503,93,167,DHelmet
_dr29fgfrg,54,653,503,89,162,DHelmet
_dr29fgfrg,55,632,500,84,161,DHelmet
_dr29fgfrg,56,612,498,79,159,DHelmet
_dr29fgfrg,57,591,497,79,156,DHelmet
_dr29fgfrg,58,571,496,77,153,DHelmet
_dr29fgfrg,59,550,495,77,149,DHelmet
_dr29fgfrg,60,529,494,77,146,DHelmet
_dr29fgfrg,61,511,493,76,143,DHelmet
_dr29fgfrg,62,493,492,75,140,DHelmet
_dr29fgfrg,63,476,491,74,139,DHelmet
_dr29fgfrg,64,460,490,72,139,DHelmet
_dr29fgfrg,65,443,489,72,136,DHelmet
_dr29fgfrg,66,426,488,72,134,DHelmet
_dr29fgfrg,67,409,488,70,130,DHelmet
_dr29fgfrg,68,393,489,67,125,DHelmet
_dr29fgfrg,69,380,488,64,123,DHelmet
_dr29fgfrg,70,367,487,60,122,DHelmet
_dr29fgfrg,71,351,486,60,120,DHelmet
_dr29fgfrg,72,335,486,61,117,DHelmet
_dr29fgfrg,73,321,485,61,114,DHelmet
_dr29fgfrg,74,307,484,61,111,DHelmet
_dr29fgfrg,75,294,483,58,111,DHelmet
_dr29fgfrg,76,282,482,54,111,DHelmet
_dr29fgfrg,77,271,482,51,112,DHelmet
_dr29fgfrg,78,261,482,47,112,DHelmet
_dr29fgfrg,79,247,482,48,106,DHelmet
_dr29fgfrg,80,232,482,51,100,DHelmet
_dr29fgfrg,81,220,480,51,101,DHelmet
_dr29fgfrg,82,208,478,51,101,DHelmet
_dr29fgfrg,83,198,476,49,101,DHelmet
_dr29fgfrg,84,187,474,47,101,DHelmet
_dr29fgfrg,85,177,474,47,101,DHelmet
_dr29fgfrg,86,167,473,47,101,DHelmet
_dr29fgfrg,87,158,474,47,98,DHelmet
_dr29fgfrg,88,149,475,47,95,DHelmet
_dr29fgfrg,89,141,475,48,93,DHelmet
_dr29fgfrg,90,134,474,47,91,DHelmet
_dr29fgfrg,91,126,475,47,88,DHelmet
_dr29fgfrg,92,117,475,48,86,DHelmet
_6tnmo9bfj,31,1675,568,245,353,DHelmet
_6tnmo9bfj,32,1596,562,311,344,DHelmet
_6tnmo9bfj,33,1489,557,297,329,DHelmet
_6tnmo9bfj,34,1382,551,283,316,DHelmet
_6tnmo9bfj,35,1295,546,266,303,DHelmet
_6tnmo9bfj,36,1209,540,247,290,DHelmet
_6tnmo9bfj,37,1134,536,231,280,DHelmet
_6tnmo9bfj,38,1060,532,215,270,DHelmet
_6tnmo9bfj,39,998,529,195,258,DHelmet
_6tnmo9bfj,40,935,526,177,246,DHelmet
_6tnmo9bfj,41,881,522,164,237,DHelmet
_6tnmo9bfj,42,826,518,152,228,DHelmet
_6tnmo9bfj,43,782,516,137,220,DHelmet
_6tnmo9bfj,44,737,515,123,212,DHelmet
_6tnmo9bfj,45,696,514,118,201,DHelmet
_6tnmo9bfj,46,655,513,113,190,DHelmet
_6tnmo9bfj,47,619,508,106,187,DHelmet
_6tnmo9bfj,48,583,503,99,184,DHelmet
_6tnmo9bfj,49,549,501,97,178,DHelmet
_6tnmo9bfj,50,515,499,96,171,DHelmet
_6tnmo9bfj,51,491,498,88,166,DHelmet
_6tnmo9bfj,52,466,497,81,161,DHelmet
_6tnmo9bfj,53,437,494,81,158,DHelmet
_6tnmo9bfj,54,408,492,81,154,DHelmet
_6tnmo9bfj,55,382,492,79,147,DHelmet
_6tnmo9bfj,56,356,492,78,140,DHelmet
_6tnmo9bfj,57,338,490,72,137,DHelmet
_6tnmo9bfj,58,319,488,67,134,DHelmet
_6tnmo9bfj,59,300,487,64,129,DHelmet
_6tnmo9bfj,60,281,487,60,123,DHelmet
_6tnmo9bfj,61,261,486,61,121,DHelmet
_6tnmo9bfj,62,242,486,60,118,DHelmet
_6tnmo9bfj,63,226,484,57,115,DHelmet
_6tnmo9bfj,64,211,483,54,112,DHelmet
_6tnmo9bfj,65,196,481,54,110,DHelmet
_6tnmo9bfj,66,181,478,53,108,DHelmet
_6tnmo9bfj,67,168,475,54,108,DHelmet
_6tnmo9bfj,68,156,471,53,108,DHelmet
_6tnmo9bfj,69,148,471,48,105,DHelmet
_6tnmo9bfj,70,140,471,42,102,DHelmet
_6tnmo9bfj,71,128,473,43,96,DHelmet
_6tnmo9bfj,72,116,474,44,91,DHelmet
_6tnmo9bfj,73,105,474,44,91,DHelmet
_6tnmo9bfj,74,94,474,44,91,DHelmet
_448yibftk,41,1649,548,271,338,DHelmetP1Helmet
_448yibftk,42,1569,547,301,326,DHelmetP1Helmet
_448yibftk,43,1499,544,293,313,DHelmetP1Helmet
_448yibftk,44,1428,541,287,300,DHelmetP1Helmet
_448yibftk,45,1368,537,268,291,DHelmetP1Helmet
_448yibftk,46,1307,533,250,282,DHelmetP1Helmet
_448yibftk,47,1253,529,237,273,DHelmetP1Helmet
_448yibftk,48,1199,526,223,262,DHelmetP1Helmet
_448yibftk,49,1151,523,214,249,DHelmetP1Helmet
_448yibftk,50,1104,521,204,235,DHelmetP1Helmet
_448yibftk,51,1062,518,189,233,DHelmetP1Helmet
_448yibftk,52,1020,515,174,232,DHelmetP1Helmet
_448yibftk,53,983,513,165,226,DHelmetP1Helmet
_448yibftk,54,945,512,157,220,DHelmetP1Helmet
_448yibftk,55,912,511,145,208,DHelmetP1Helmet
_448yibftk,56,878,510,135,197,DHelmetP1Helmet
_448yibftk,57,849,508,135,191,DHelmetP1Helmet
_448yibftk,58,819,507,136,184,DHelmetP1Helmet
_448yibftk,59,791,508,129,177,DHelmetP1Helmet
_448yibftk,60,763,510,121,168,DHelmetP1Helmet
_448yibftk,61,733,505,122,176,DHelmetP1Helmet
_448yibftk,62,702,501,123,182,DHelmetP1Helmet
_448yibftk,63,690,499,108,179,DHelmetP1Helmet
_448yibftk,64,677,497,93,175,DHelmetP1Helmet
_448yibftk,65,654,497,91,172,DHelmetP1Helmet
_448yibftk,66,632,497,89,168,DHelmetP1Helmet
_448yibftk,67,603,496,94,164,DHelmetP1Helmet
_448yibftk,68,574,496,100,159,DHelmetP1Helmet
_448yibftk,69,559,495,94,155,DHelmetP1Helmet
_448yibftk,70,544,495,89,150,DHelmetP1Helmet
_448yibftk,71,526,492,88,150,DHelmetP1Helmet
_448yibftk,72,509,490,86,150,DHelmetP1Helmet
_448yibftk,73,490,490,87,147,DHelmetP1Helmet
_448yibftk,74,471,490,87,144,DHelmetP1Helmet
_448yibftk,75,460,488,82,142,DHelmetP1Helmet
_448yibftk,76,449,487,76,139,DHelmetP1Helmet
_448yibftk,77,434,486,75,136,DHelmetP1Helmet
_448yibftk,78,418,485,76,134,DHelmetP1Helmet
_448yibftk,79,406,484,71,133,DHelmetP1Helmet
_448yibftk,80,395,484,66,131,DHelmetP1Helmet
_448yibftk,81,382,482,68,124,DHelmetP1Helmet
_448yibftk,82,370,481,68,116,DHelmetP1Helmet
_448yibftk,83,358,482,66,116,DHelmetP1Helmet
_448yibftk,84,346,484,64,115,DHelmetP1Helmet
_448yibftk,85,333,483,63,116,DHelmetP1Helmet
_448yibftk,86,319,483,64,115,DHelmetP1Helmet
_448yibftk,87,310,481,64,115,DHelmetP1Helmet
_448yibftk,88,301,479,64,115,DHelmetP1Helmet
_448yibftk,89,293,479,61,113,DHelmetP1Helmet
_448yibftk,90,285,480,59,110,DHelmetP1Helmet
_448yibftk,91,277,479,58,111,DHelmetP1Helmet
_448yibftk,92,270,479,56,110,DHelmetP1Helmet
_448yibftk,93,261,477,56,110,DHelmetP1Helmet
_448yibftk,94,252,475,56,109,DHelmetP1Helmet
_448yibftk,95,246,477,55,105,DHelmetP1Helmet
_448yibftk,96,240,479,53,100,DHelmetP1Helmet
_448yibftk,97,232,477,53,101,DHelmetP1Helmet
_448yibftk,98,224,476,54,101,DHelmetP1Helmet
_448yibftk,99,218,475,52,101,DHelmetP1Helmet
_448yibftk,100,212,474,50,101,DHelmetP1Helmet
_g67kqec0z,44,1652,548,268,372,DHelmet
_g67kqec0z,45,1568,544,275,358,DHelmet
_g67kqec0z,46,1484,540,279,344,DHelmet
_g67kqec0z,47,1410,536,263,330,DHelmet
_g67kqec0z,48,1337,533,246,315,DHelmet
_g67kqec0z,49,1273,529,233,305,DHelmet
_g67kqec0z,50,1209,526,219,294,DHelmet
_g67kqec0z,51,1150,523,210,283,DHelmet
_g67kqec0z,52,1092,521,200,271,DHelmet
_g67kqec0z,53,1041,518,191,263,DHelmet
_g67kqec0z,54,991,516,180,254,DHelmet
_g67kqec0z,55,946,513,170,247,DHelmet
_g67kqec0z,56,902,511,158,239,DHelmet
_g67kqec0z,57,863,510,149,232,DHelmet
_g67kqec0z,58,823,509,142,225,DHelmet
_g67kqec0z,59,789,506,134,219,DHelmet
_g67kqec0z,60,755,503,127,213,DHelmet
_g67kqec0z,61,725,501,122,209,DHelmet
_g67kqec0z,62,694,499,117,204,DHelmet
_g67kqec0z,63,660,497,116,199,DHelmet
_g67kqec0z,64,625,495,117,193,DHelmet
_g67kqec0z,65,604,494,107,189,DHelmet
_g67kqec0z,66,583,493,98,185,DHelmet
_g67kqec0z,67,555,491,98,181,DHelmet
_g67kqec0z,68,527,490,98,176,DHelmet
_g67kqec0z,69,506,489,94,172,DHelmet
_g67kqec0z,70,485,489,91,166,DHelmet
_g67kqec0z,71,463,487,87,163,DHelmet
_g67kqec0z,72,441,486,83,160,DHelmet
_g67kqec0z,73,422,485,81,157,DHelmet
_g67kqec0z,74,403,484,80,155,DHelmet
_g67kqec0z,75,388,483,75,152,DHelmet
_g67kqec0z,76,373,482,71,150,DHelmet
_g67kqec0z,77,355,483,71,144,DHelmet
_g67kqec0z,78,338,484,70,138,DHelmet
_g67kqec0z,79,327,482,61,129,DHelmet
_g67kqec0z,80,316,480,53,121,DHelmet
_g67kqec0z,81,304,480,54,123,DHelmet
_g67kqec0z,82,291,480,56,126,DHelmet
_g67kqec0z,83,278,478,56,126,DHelmet
_g67kqec0z,84,265,476,56,127,DHelmet
_g67kqec0z,85,253,476,56,124,DHelmet
_g67kqec0z,86,242,475,55,122,DHelmet
_g67kqec0z,87,230,474,56,121,DHelmet
_g67kqec0z,88,219,473,57,120,DHelmet
_g67kqec0z,89,208,474,57,118,DHelmet
_g67kqec0z,90,197,474,57,116,DHelmet
_g67kqec0z,91,189,473,54,114,DHelmet
_g67kqec0z,92,180,472,52,112,DHelmet
_g67kqec0z,93,170,472,52,109,DHelmet
_g67kqec0z,94,160,472,51,106,DHelmet
_g67kqec0z,95,151,472,51,104,DHelmet
_g67kqec0z,96,142,471,50,102,DHelmet
_g67kqec0z,97,136,470,48,101,DHelmet
_g67kqec0z,98,130,469,45,99,DHelmet
_g67kqec0z,99,122,469,45,99,DHelmet
_g67kqec0z,100,113,468,46,99,DHelmet
_czwwhbz8r,46,1590,536,193,249,DHelmet
_czwwhbz8r,47,1563,532,186,252,DHelmet
_czwwhbz8r,48,1535,529,179,254,DHelmet
_czwwhbz8r,49,1499,528,185,249,DHelmet
_czwwhbz8r,50,1476,527,178,244,DHelmet
_czwwhbz8r,51,1459,527,168,238,DHelmet
_czwwhbz8r,52,1442,527,157,233,DHelmet
_czwwhbz8r,53,1431,526,145,228,DHelmet
_czwwhbz8r,54,1420,526,133,223,DHelmet
_czwwhbz8r,55,1415,524,114,201,DHelmet
_czwwhbz8r,56,1410,523,112,205,DHelmet
_czwwhbz8r,57,1410,523,113,222,DHelmet
_czwwhbz8r,58,1410,523,86,220,DHelmet
_czwwhbz8r,59,1410,523,80,216,DHelmet
_czwwhbz8r,60,1410,523,75,213,DHelmet
_czwwhbz8r,61,1408,519,80,210,DHelmet
_czwwhbz8r,62,1406,515,86,207,DHelmet
_czwwhbz8r,63,1404,511,91,203,DHelmet
_czwwhbz8r,64,1405,504,90,204,DHelmet
_czwwhbz8r,65,1405,498,91,203,DHelmet
_czwwhbz8r,66,1408,494,90,204,DHelmet
_czwwhbz8r,67,1410,491,91,203,DHelmet
_czwwhbz8r,68,1413,493,88,193,DHelmet
_czwwhbz8r,69,1415,496,86,182,DHelmet
_czwwhbz8r,70,1413,490,86,185,DHelmet
_czwwhbz8r,71,1411,485,86,186,DHelmet
_czwwhbz8r,72,1411,487,82,181,DHelmet
_czwwhbz8r,73,1411,490,78,175,DHelmet
_czwwhbz8r,74,1411,490,78,173,DHelmet
_czwwhbz8r,75,1411,490,78,171,DHelmet
_czwwhbz8r,76,1403,489,87,172,DHelmet
_czwwhbz8r,77,1395,489,97,171,DHelmet
_czwwhbz8r,78,1390,486,96,171,DHelmet
_czwwhbz8r,79,1384,484,97,171,DHelmet
_czwwhbz8r,80,1384,484,97,175,DHelmet
_czwwhbz8r,81,1384,484,97,179,DHelmet
_czwwhbz8r,82,1375,484,91,169,DHelmet
_czwwhbz8r,83,1367,484,85,159,DHelmet
_czwwhbz8r,84,1360,483,86,159,DHelmet
_czwwhbz8r,85,1352,483,87,158,DHelmet
_czwwhbz8r,86,1345,482,88,158,DHelmet
_czwwhbz8r,87,1338,482,89,157,DHelmet
_czwwhbz8r,88,1329,480,88,153,DHelmet
_czwwhbz8r,89,1320,479,87,149,DHelmet
_czwwhbz8r,90,1317,480,92,150,DHelmet
_czwwhbz8r,91,1315,481,95,152,DHelmet
_czwwhbz8r,92,1298,481,104,152,DHelmet
_czwwhbz8r,93,1281,482,112,152,DHelmet
_czwwhbz8r,94,1278,482,107,150,DHelmet
_czwwhbz8r,95,1275,483,102,147,DHelmet
_zh67ie698,51,1730,542,190,332,DHelmet
_zh67ie698,52,1659,540,261,346,DHelmet
_zh67ie698,53,1588,538,267,332,DHelmet
_zh67ie698,54,1525,533,252,320,DHelmet
_zh67ie698,55,1463,529,236,307,DHelmet
_zh67ie698,56,1407,528,226,295,DHelmet
_zh67ie698,57,1352,527,215,283,DHelmet
_zh67ie698,58,1304,524,201,274,DHelmet
_zh67ie698,59,1256,522,187,264,DHelmet
_zh67ie698,60,1214,520,175,256,DHelmet
_zh67ie698,61,1171,519,164,247,DHelmet
_zh67ie698,62,1135,517,151,234,DHelmet
_zh67ie698,63,1100,516,138,220,DHelmet
_zh67ie698,64,1067,513,135,214,DHelmet
_zh67ie698,65,1034,510,132,208,DHelmet
_zh67ie698,66,1005,508,123,205,DHelmet
_zh67ie698,67,976,507,115,200,DHelmet
_zh67ie698,68,949,505,110,196,DHelmet
_zh67ie698,69,923,504,105,190,DHelmet
_zh67ie698,70,896,502,99,187,DHelmet
_zh67ie698,71,870,501,92,183,DHelmet
_zh67ie698,72,843,499,87,181,DHelmet
_zh67ie698,73,815,498,83,178,DHelmet
_zh67ie698,74,791,497,79,175,DHelmet
_zh67ie698,75,766,497,77,170,DHelmet
_zh67ie698,76,738,495,69,165,DHelmet
_zh67ie698,77,709,494,62,159,DHelmet
_zh67ie698,78,684,492,62,158,DHelmet
_zh67ie698,79,659,491,61,156,DHelmet
_zh67ie698,80,635,490,64,152,DHelmet
_zh67ie698,81,612,490,66,148,DHelmet
_zh67ie698,82,589,488,67,146,DHelmet
_zh67ie698,83,567,486,67,144,DHelmet
_zh67ie698,84,547,485,66,142,DHelmet
_zh67ie698,85,526,485,66,140,DHelmet
_zh67ie698,86,509,484,60,137,DHelmet
_zh67ie698,87,492,484,54,134,DHelmet
_zh67ie698,88,473,483,53,132,DHelmet
_zh67ie698,89,455,483,51,130,DHelmet
_zh67ie698,90,439,482,50,128,DHelmet
_zh67ie698,91,422,482,50,126,DHelmet
_zh67ie698,92,406,480,50,126,DHelmet
_zh67ie698,93,390,478,50,127,DHelmet
_zh67ie698,94,375,478,50,125,DHelmet
_zh67ie698,95,360,477,50,124,DHelmet
_zh67ie698,96,344,476,51,120,DHelmet
_zh67ie698,97,329,475,51,116,DHelmet
_zh67ie698,98,314,475,52,116,DHelmet
_zh67ie698,99,299,475,53,116,DHelmet
_zh67ie698,100,285,473,53,116,DHelmet
_8yw25qnp6,55,1683,555,237,370,DNoHelmetP1Helmet
_8yw25qnp6,56,1607,551,313,362,DNoHelmetP1Helmet
_8yw25qnp6,57,1531,546,294,351,DNoHelmetP1Helmet
_8yw25qnp6,58,1465,541,276,338,DNoHelmetP1Helmet
_8yw25qnp6,59,1399,536,257,326,DNoHelmetP1Helmet
_8yw25qnp6,60,1343,531,242,315,DNoHelmetP1Helmet
_8yw25qnp6,61,1287,527,226,303,DNoHelmetP1Helmet
_8yw25qnp6,62,1237,526,213,293,DNoHelmetP1Helmet
_8yw25qnp6,63,1186,525,200,282,DNoHelmetP1Helmet
_8yw25qnp6,64,1144,522,188,274,DNoHelmetP1Helmet
_8yw25qnp6,65,1101,519,177,265,DNoHelmetP1Helmet
_8yw25qnp6,66,1061,516,169,258,DNoHelmetP1Helmet
_8yw25qnp6,67,1022,513,160,251,DNoHelmetP1Helmet
_8yw25qnp6,68,987,512,153,243,DNoHelmetP1Helmet
_8yw25qnp6,69,951,512,147,235,DNoHelmetP1Helmet
_8yw25qnp6,70,919,510,140,228,DNoHelmetP1Helmet
_8yw25qnp6,71,886,509,135,221,DNoHelmetP1Helmet
_8yw25qnp6,72,856,506,129,216,DNoHelmetP1Helmet
_8yw25qnp6,73,825,504,124,210,DNoHelmetP1Helmet
_8yw25qnp6,74,800,503,119,205,DNoHelmetP1Helmet
_8yw25qnp6,75,774,502,114,199,DNoHelmetP1Helmet
_8yw25qnp6,76,752,500,108,195,DNoHelmetP1Helmet
_8yw25qnp6,77,730,498,102,191,DNoHelmetP1Helmet
_8yw25qnp6,78,709,497,99,188,DNoHelmetP1Helmet
_8yw25qnp6,79,688,496,95,184,DNoHelmetP1Helmet
_8yw25qnp6,80,670,496,91,179,DNoHelmetP1Helmet
_8yw25qnp6,81,651,496,89,173,DNoHelmetP1Helmet
_8yw25qnp6,82,632,495,88,171,DNoHelmetP1Helmet
_8yw25qnp6,83,613,494,88,168,DNoHelmetP1Helmet
_8yw25qnp6,84,593,493,89,165,DNoHelmetP1Helmet
_8yw25qnp6,85,574,492,89,162,DNoHelmetP1Helmet
_8yw25qnp6,86,555,489,88,162,DNoHelmetP1Helmet
_8yw25qnp6,87,535,487,89,162,DNoHelmetP1Helmet
_8yw25qnp6,88,518,487,80,147,DNoHelmetP1Helmet
_8yw25qnp6,89,502,487,71,144,DNoHelmetP1Helmet
_8yw25qnp6,90,486,487,74,144,DNoHelmetP1Helmet
_8yw25qnp6,91,470,487,76,144,DNoHelmetP1Helmet
_8yw25qnp6,92,453,484,76,144,DNoHelmetP1Helmet
_8yw25qnp6,93,436,481,76,144,DNoHelmetP1Helmet
_8yw25qnp6,94,422,481,72,141,DNoHelmetP1Helmet
_8yw25qnp6,95,408,482,67,137,DNoHelmetP1Helmet
_8yw25qnp6,96,394,480,67,135,DNoHelmetP1Helmet
_8yw25qnp6,97,380,478,67,134,DNoHelmetP1Helmet
_8yw25qnp6,98,364,478,67,132,DNoHelmetP1Helmet
_8yw25qnp6,99,347,478,68,131,DNoHelmetP1Helmet
_8yw25qnp6,100,335,472,68,131,DNoHelmetP1Helmet
_azbposuxl,57,1769,539,151,263,DHelmetP1Helmet
_azbposuxl,58,1728,535,192,267,DHelmetP1Helmet
_azbposuxl,59,1697,534,207,264,DHelmetP1Helmet
_azbposuxl,60,1666,534,214,259,DHelmetP1Helmet
_azbposuxl,61,1641,531,208,257,DHelmetP1Helmet
_azbposuxl,62,1616,529,202,254,DHelmetP1Helmet
_azbposuxl,63,1595,528,196,250,DHelmetP1Helmet
_azbposuxl,64,1575,528,190,245,DHelmetP1Helmet
_azbposuxl,65,1560,528,185,241,DHelmetP1Helmet
_azbposuxl,66,1544,528,180,237,DHelmetP1Helmet
_azbposuxl,67,1534,528,171,233,DHelmetP1Helmet
_azbposuxl,68,1523,528,164,229,DHelmetP1Helmet
_azbposuxl,69,1516,527,156,225,DHelmetP1Helmet
_azbposuxl,70,1509,527,149,221,DHelmetP1Helmet
_azbposuxl,71,1509,527,136,209,DHelmetP1Helmet
_azbposuxl,72,1509,527,123,197,DHelmetP1Helmet
_azbposuxl,73,1505,525,118,205,DHelmetP1Helmet
_azbposuxl,74,1501,524,113,213,DHelmetP1Helmet
_azbposuxl,75,1501,524,113,212,DHelmetP1Helmet
_azbposuxl,76,1501,524,113,212,DHelmetP1Helmet
_azbposuxl,77,1501,524,113,211,DHelmetP1Helmet
_azbposuxl,78,1501,524,113,202,DHelmetP1Helmet
_azbposuxl,79,1506,524,104,196,DHelmetP1Helmet
_azbposuxl,80,1511,524,96,190,DHelmetP1Helmet
_azbposuxl,81,1514,510,94,195,DHelmetP1Helmet
_azbposuxl,82,1504,510,95,196,DHelmetP1Helmet
_azbposuxl,83,1493,510,98,197,DHelmetP1Helmet
_azbposuxl,84,1483,510,99,198,DHelmetP1Helmet
_azbposuxl,85,1473,510,101,198,DHelmetP1Helmet
_azbposuxl,86,1487,510,101,196,DHelmetP1Helmet
_azbposuxl,87,1501,510,102,194,DHelmetP1Helmet
_azbposuxl,88,1515,510,103,192,DHelmetP1Helmet
_azbposuxl,89,1500,510,118,189,DHelmetP1Helmet
_azbposuxl,90,1501,503,118,189,DHelmetP1Helmet
_azbposuxl,91,1502,496,118,189,DHelmetP1Helmet
_azbposuxl,92,1504,495,118,189,DHelmetP1Helmet
_azbposuxl,93,1506,494,118,189,DHelmetP1Helmet
_azbposuxl,94,1507,493,118,189,DHelmetP1Helmet
_azbposuxl,95,1509,492,118,189,DHelmetP1Helmet
_hq8tke7q8,68,1741,572,179,294,DHelmet
_hq8tke7q8,69,1663,566,257,317,DHelmet
_hq8tke7q8,70,1585,559,267,307,DHelmet
_hq8tke7q8,71,1516,556,251,294,DHelmet
_hq8tke7q8,72,1447,552,236,281,DHelmet
_hq8tke7q8,73,1386,549,221,270,DHelmet
_hq8tke7q8,74,1326,545,205,259,DHelmet
_hq8tke7q8,75,1270,542,197,250,DHelmet
_hq8tke7q8,76,1215,538,188,241,DHelmet
_hq8tke7q8,77,1167,534,178,235,DHelmet
_hq8tke7q8,78,1120,531,166,228,DHelmet
_hq8tke7q8,79,1075,528,160,222,DHelmet
_hq8tke7q8,80,1031,526,153,216,DHelmet
_hq8tke7q8,81,992,524,146,209,DHelmet
_hq8tke7q8,82,953,523,140,202,DHelmet
_hq8tke7q8,83,917,519,134,197,DHelmet
_hq8tke7q8,84,881,516,128,191,DHelmet
_hq8tke7q8,85,847,515,124,186,DHelmet
_hq8tke7q8,86,812,515,121,180,DHelmet
_hq8tke7q8,87,783,512,116,177,DHelmet
_hq8tke7q8,88,753,509,112,174,DHelmet
_hq8tke7q8,89,719,509,112,168,DHelmet
_hq8tke7q8,90,685,510,112,161,DHelmet
_hq8tke7q8,91,667,507,92,155,DHelmet
_hq8tke7q8,92,648,505,74,147,DHelmet
_hq8tke7q8,93,625,503,78,149,DHelmet
_hq8tke7q8,94,602,502,82,151,DHelmet
_hq8tke7q8,95,580,499,83,151,DHelmet
_hq8tke7q8,96,559,497,83,151,DHelmet
_hq8tke7q8,97,540,496,82,147,DHelmet
_hq8tke7q8,98,520,495,83,144,DHelmet
_hq8tke7q8,99,505,496,79,139,DHelmet
_hq8tke7q8,100,490,497,75,135,DHelmet
_iisei9e8r,61,1,478,71,151,DHelmetP1Helmet
_iisei9e8r,62,2,482,73,151,DHelmetP1Helmet
_iisei9e8r,63,13,484,74,153,DHelmetP1Helmet
_iisei9e8r,64,24,486,75,155,DHelmetP1Helmet
_iisei9e8r,65,35,489,75,158,DHelmetP1Helmet
_iisei9e8r,66,46,492,76,161,DHelmetP1Helmet
_iisei9e8r,67,59,492,78,167,DHelmetP1Helmet
_iisei9e8r,68,71,492,82,173,DHelmetP1Helmet
_iisei9e8r,69,85,494,84,179,DHelmetP1Helmet
_iisei9e8r,70,98,496,87,184,DHelmetP1Helmet
_iisei9e8r,71,113,497,89,190,DHelmetP1Helmet
_iisei9e8r,72,128,499,91,194,DHelmetP1Helmet
_iisei9e8r,73,141,499,96,203,DHelmetP1Helmet
_iisei9e8r,74,155,499,100,211,DHelmetP1Helmet
_iisei9e8r,75,173,503,100,217,DHelmetP1Helmet
_iisei9e8r,76,191,507,100,224,DHelmetP1Helmet
_iisei9e8r,77,209,510,107,234,DHelmetP1Helmet
_iisei9e8r,78,227,514,114,244,DHelmetP1Helmet
_iisei9e8r,79,247,515,121,255,DHelmetP1Helmet
_iisei9e8r,80,266,517,128,266,DHelmetP1Helmet
_iisei9e8r,81,290,520,133,278,DHelmetP1Helmet
_iisei9e8r,82,314,524,137,288,DHelmetP1Helmet
_iisei9e8r,83,341,529,143,302,DHelmetP1Helmet
_iisei9e8r,84,368,534,148,316,DHelmetP1Helmet
_iisei9e8r,85,397,539,156,332,DHelmetP1Helmet
_iisei9e8r,86,426,544,163,349,DHelmetP1Helmet
_iisei9e8r,87,461,550,172,366,DHelmetP1Helmet
_iisei9e8r,88,496,551,181,388,DHelmetP1Helmet
_iisei9e8r,89,533,556,193,413,DHelmetP1Helmet
_iisei9e8r,90,570,561,204,438,DHelmetP1Helmet
_iisei9e8r,91,614,569,220,469,DHelmetP1Helmet
_iisei9e8r,92,658,576,237,500,DHelmetP1Helmet
_iisei9e8r,93,709,584,261,496,DHelmetP1Helmet
_iisei9e8r,94,760,591,285,489,DHelmetP1Helmet
_iisei9e8r,95,820,604,309,476,DHelmetP1Helmet
_iisei9e8r,96,880,617,334,463,DHelmetP1Helmet
_iisei9e8r,97,953,629,370,451,DHelmetP1Helmet
_iisei9e8r,98,1026,641,405,439,DHelmetP1Helmet
_iisei9e8r,99,1119,664,457,416,DHelmetP1Helmet
_iisei9e8r,100,1212,686,509,394,DHelmetP1Helmet
_2nz4tqivr,89,1770,548,150,255,DHelmet
_2nz4tqivr,90,1689,544,231,269,DHelmet
_2nz4tqivr,91,1608,539,239,263,DHelmet
_2nz4tqivr,92,1538,537,229,253,DHelmet
_2nz4tqivr,93,1468,536,220,242,DHelmet
_2nz4tqivr,94,1406,533,206,235,DHelmet
_2nz4tqivr,95,1345,531,191,227,DHelmet
_2nz4tqivr,96,1292,528,183,222,DHelmet
_2nz4tqivr,97,1239,526,174,216,DHelmet
_2nz4tqivr,98,1195,524,157,208,DHelmet
_2nz4tqivr,99,1147,523,151,202,DHelmet
_2nz4tqivr,100,1098,522,146,196,DHelmet
