track_id,frame_id,x,y,w,h,label
_4fj3z8mga,1,360,520,64,132,DHelmet
_4fj3z8mga,2,347,519,63,130,DHelmet
_4fj3z8mga,3,334,518,62,129,DHelmet
_4fj3z8mga,4,320,517,62,127,DHelmet
_4fj3z8mga,5,309,517,61,124,DHelmet
_4fj3z8mga,6,298,516,59,123,DHelmet
_4fj3z8mga,7,287,515,58,121,DHelmet
_4fj3z8mga,8,275,515,58,119,DHelmet
_zsqlhqghj,1,503,541,86,152,DHelmet
_zsqlhqghj,2,483,539,82,149,DHelmet
_zsqlhqghj,3,462,538,79,145,DHelmet
_zsqlhqghj,4,443,537,77,142,DHelmet
_zsqlhqghj,5,424,535,76,141,DHelmet
_zsqlhqghj,6,405,534,74,138,DHelmet
_zsqlhqghj,7,389,533,72,135,DHelmet
_zsqlhqghj,8,373,531,70,134,DHelmet
_zsqlhqghj,9,357,530,70,131,DHelmet
_zsqlhqghj,10,342,529,69,128,DHelmet
_zsqlhqghj,11,327,527,67,126,DHelmet
_zsqlhqghj,12,312,526,66,123,DHelmet
_k6x2n1bwg,1,704,533,111,193,DHelmet
_k6x2n1bwg,2,670,533,106,188,DHelmet
_k6x2n1bwg,3,639,532,102,183,DHelmet
_k6x2n1bwg,4,609,531,97,178,DHelmet
_k6x2n1bwg,5,581,530,95,173,DHelmet
_k6x2n1bwg,6,556,528,90,170,DHelmet
_k6x2n1bwg,7,532,527,84,165,DHelmet
_k6x2n1bwg,8,512,526,79,162,DHelmet
_k6x2n1bwg,9,492,524,74,159,DHelmet
_k6x2n1bwg,10,475,522,69,157,DHelmet
_k6x2n1bwg,11,453,522,72,153,DHelmet
_k6x2n1bwg,12,432,522,74,149,DHelmet
_k6x2n1bwg,13,418,522,68,144,DHelmet
_k6x2n1bwg,14,399,521,70,141,DHelmet
_k6x2n1bwg,15,385,520,68,138,DHelmet
_k6x2n1bwg,16,371,519,66,135,DHelmet
_k6x2n1bwg,17,357,518,64,132,DHelmet
_fz8kznwyc,5,648,540,58,149,DHelmetP1Helmet
_fz8kznwyc,6,620,539,63,146,DHelmetP1Helmet
_fz8kznwyc,7,595,539,66,140,DHelmetP1Helmet
_fz8kznwyc,8,571,539,68,134,DHelmetP1Helmet
_fz8kznwyc,9,553,537,68,132,DHelmetP1Helmet
_fz8kznwyc,10,535,536,67,130,DHelmetP1Helmet
_fz8kznwyc,11,517,535,67,127,DHelmetP1Helmet
_fz8kznwyc,12,499,533,67,125,DHelmetP1Helmet
_fz8kznwyc,13,484,532,66,123,DHelmetP1Helmet
_fz8kznwyc,14,469,531,65,121,DHelmetP1Helmet
_fz8kznwyc,15,454,530,64,119,DHelmetP1Helmet
_fz8kznwyc,16,439,529,64,117,DHelmetP1Helmet
_fz8kznwyc,17,424,528,63,115,DHelmetP1Helmet
_fz8kznwyc,18,409,527,62,113,DHelmetP1Helmet
_thbmh0po9,1,970,556,134,223,DHelmet
_thbmh0po9,2,941,554,128,218,DHelmet
_thbmh0po9,3,913,552,122,214,DHelmet
_thbmh0po9,4,887,551,117,209,DHelmet
_thbmh0po9,5,861,549,112,205,DHelmet
_thbmh0po9,6,837,548,107,200,DHelmet
_thbmh0po9,7,813,546,102,196,DHelmet
_thbmh0po9,8,791,544,99,192,DHelmet
_thbmh0po9,9,769,543,96,186,DHelmet
_thbmh0po9,10,748,542,94,183,DHelmet
_thbmh0po9,11,727,542,92,178,DHelmet
_thbmh0po9,12,708,541,90,173,DHelmet
_thbmh0po9,13,689,540,88,169,DHelmet
_thbmh0po9,14,672,539,86,166,DHelmet
_thbmh0po9,15,655,537,83,164,DHelmet
_thbmh0po9,16,637,536,82,161,DHelmet
_thbmh0po9,17,622,535,80,158,DHelmet
_thbmh0po9,18,606,534,79,155,DHelmet
_thbmh0po9,19,591,533,78,152,DHelmet
_thbmh0po9,20,577,532,76,151,DHelmet
_thbmh0po9,21,563,531,75,149,DHelmet
_thbmh0po9,22,549,530,74,147,DHelmet
_n8qaut829,1,1469,588,292,337,DHelmetP1Helmet
_n8qaut829,2,1404,584,274,325,DHelmetP1Helmet
_n8qaut829,3,1345,580,257,313,DHelmetP1Helmet
_n8qaut829,4,1288,576,245,304,DHelmetP1Helmet
_n8qaut829,5,1233,573,233,296,DHelmetP1Helmet
_n8qaut829,6,1182,570,221,287,DHelmetP1Helmet
_n8qaut829,7,1136,567,209,279,DHelmetP1Helmet
_n8qaut829,8,1090,564,197,271,DHelmetP1Helmet
_n8qaut829,9,1046,562,190,264,DHelmetP1Helmet
_n8qaut829,10,1003,560,181,257,DHelmetP1Helmet
_n8qaut829,11,964,558,173,250,DHelmetP1Helmet
_n8qaut829,12,925,556,165,243,DHelmetP1Helmet
_n8qaut829,13,889,554,157,236,DHelmetP1Helmet
_n8qaut829,14,853,552,148,229,DHelmetP1Helmet
_n8qaut829,15,818,548,143,223,DHelmetP1Helmet
_n8qaut829,16,788,546,141,218,DHelmetP1Helmet
_n8qaut829,17,758,545,138,213,DHelmetP1Helmet
_n8qaut829,18,728,543,135,208,DHelmetP1Helmet
_n8qaut829,19,706,542,128,203,DHelmetP1Helmet
_n8qaut829,20,685,541,120,198,DHelmetP1Helmet
_n8qaut829,21,663,541,113,192,DHelmetP1Helmet
_n8qaut829,22,642,540,105,186,DHelmetP1Helmet
_n8qaut829,23,619,537,103,185,DHelmetP1Helmet
_n8qaut829,24,597,535,100,183,DHelmetP1Helmet
_n8qaut829,25,575,534,100,179,DHelmetP1Helmet
_n8qaut829,26,553,533,100,175,DHelmetP1Helmet
_n8qaut829,27,531,533,100,169,DHelmetP1Helmet
_n8qaut829,28,509,532,100,165,DHelmetP1Helmet
_n8qaut829,29,491,531,98,162,DHelmetP1Helmet
_n8qaut829,30,477,530,95,159,DHelmetP1Helmet
_n8qaut829,31,462,529,93,156,DHelmetP1Helmet
_n8qaut829,32,448,529,89,152,DHelmetP1Helmet
_n8qaut829,33,433,528,87,149,DHelmetP1Helmet
_n8qaut829,34,419,527,86,147,DHelmetP1Helmet
_n8qaut829,35,405,526,85,145,DHelmetP1Helmet
_n8qaut829,36,391,525,84,143,DHelmetP1Helmet
_n8qaut829,37,377,524,83,141,DHelmetP1Helmet
_n8qaut829,38,363,523,81,139,DHelmetP1Helmet
_n8qaut829,39,351,523,80,136,DHelmetP1Helmet
_n8qaut829,40,339,522,78,134,DHelmetP1Helmet
_n8qaut829,41,327,522,77,131,DHelmetP1Helmet
_n8qaut829,42,315,521,75,129,DHelmetP1Helmet
_stiwo91rc,1,1583,597,270,281,DHelmet
_stiwo91rc,2,1528,597,250,271,DHelmet
_stiwo91rc,3,1472,596,230,262,DHelmet
_stiwo91rc,4,1410,592,225,254,DHelmet
_stiwo91rc,5,1347,587,220,247,DHelmet
_stiwo91rc,6,1302,584,211,241,DHelmet
_stiwo91rc,7,1256,581,204,236,DHelmet
_stiwo91rc,8,1210,578,196,231,DHelmet
_stiwo91rc,9,1164,575,188,226,DHelmet
_stiwo91rc,10,1119,571,180,222,DHelmet
_stiwo91rc,11,1073,568,172,216,DHelmet
_stiwo91rc,12,1034,566,165,211,DHelmet
_stiwo91rc,13,996,565,157,205,DHelmet
_stiwo91rc,14,957,563,149,200,DHelmet
_stiwo91rc,15,929,561,141,194,DHelmet
_stiwo91rc,16,900,559,133,188,DHelmet
_stiwo91rc,17,871,557,125,181,DHelmet
_stiwo91rc,18,849,555,118,177,DHelmet
_stiwo91rc,19,827,553,110,174,DHelmet
_stiwo91rc,20,805,551,102,170,DHelmet
_stiwo91rc,21,784,550,98,167,DHelmet
_stiwo91rc,22,763,549,95,164,DHelmet
_stiwo91rc,23,747,548,91,161,DHelmet
_stiwo91rc,24,728,547,87,158,DHelmet
_stiwo91rc,25,710,546,82,155,DHelmet
_stiwo91rc,26,694,545,81,152,DHelmet
_stiwo91rc,27,679,543,79,150,DHelmet
_stiwo91rc,28,664,542,77,147,DHelmet
_stiwo91rc,29,648,541,76,144,DHelmet
_stiwo91rc,30,633,540,75,141,DHelmet
_stiwo91rc,31,617,539,74,138,DHelmet
_stiwo91rc,32,604,538,72,137,DHelmet
_stiwo91rc,33,590,537,71,136,DHelmet
_ma0jwp4rx,3,1661,627,259,365,DHelmet
_ma0jwp4rx,4,1571,623,347,361,DHelmet
_ma0jwp4rx,5,1488,614,314,350,DHelmet
_ma0jwp4rx,6,1411,609,291,334,DHelmet
_ma0jwp4rx,7,1338,606,268,319,DHelmet
_ma0jwp4rx,8,1271,600,249,307,DHelmet
_ma0jwp4rx,9,1204,595,231,294,DHelmet
_ma0jwp4rx,10,1144,591,216,284,DHelmet
_ma0jwp4rx,11,1085,587,201,274,DHelmet
_ma0jwp4rx,12,1030,583,191,264,DHelmet
_ma0jwp4rx,13,974,578,182,255,DHelmet
_ma0jwp4rx,14,923,576,174,246,DHelmet
_ma0jwp4rx,15,872,574,166,238,DHelmet
_ma0jwp4rx,16,824,570,160,232,DHelmet
_ma0jwp4rx,17,777,566,153,226,DHelmet
_ma0jwp4rx,18,734,562,146,220,DHelmet
_ma0jwp4rx,19,691,559,139,214,DHelmet
_ma0jwp4rx,20,653,557,132,207,DHelmet
_ma0jwp4rx,21,615,554,125,202,DHelmet
_ma0jwp4rx,22,581,552,118,196,DHelmet
_ma0jwp4rx,23,548,550,111,189,DHelmet
_ma0jwp4rx,24,520,549,104,183,DHelmet
_ma0jwp4rx,25,492,547,97,178,DHelmet
_ma0jwp4rx,26,464,544,95,173,DHelmet
_ma0jwp4rx,27,443,543,92,169,DHelmet
_ma0jwp4rx,28,422,542,89,165,DHelmet
_ma0jwp4rx,29,400,540,87,162,DHelmet
_ma0jwp4rx,30,379,539,84,158,DHelmet
_ma0jwp4rx,31,363,538,76,153,DHelmet
_ma0jwp4rx,32,348,536,74,149,DHelmet
_ma0jwp4rx,33,332,534,73,146,DHelmet
_ma0jwp4rx,34,317,533,71,141,DHelmet
_ma0jwp4rx,35,305,531,69,139,DHelmet
_ma0jwp4rx,36,293,530,68,136,DHelmet
_ma0jwp4rx,37,281,529,66,132,DHelmet
_ma0jwp4rx,38,269,527,64,130,DHelmet
_csol3j95e,5,1719,599,201,316,DHelmet
_csol3j95e,6,1654,595,266,316,DHelmet
_csol3j95e,7,1589,593,282,303,DHelmet
_csol3j95e,8,1529,589,265,294,DHelmet
_csol3j95e,9,1470,586,260,285,DHelmet
_csol3j95e,10,1416,583,238,277,DHelmet
_csol3j95e,11,1365,579,232,270,DHelmet
_csol3j95e,12,1316,576,221,262,DHelmet
_csol3j95e,13,1266,572,211,255,DHelmet
_csol3j95e,14,1224,571,201,246,DHelmet
_csol3j95e,15,1181,569,192,239,DHelmet
_csol3j95e,16,1141,567,181,232,DHelmet
_csol3j95e,17,1102,566,168,224,DHelmet
_csol3j95e,18,1066,563,160,220,DHelmet
_csol3j95e,19,1031,561,152,215,DHelmet
_csol3j95e,20,995,558,145,211,DHelmet
_csol3j95e,21,966,556,137,206,DHelmet
_csol3j95e,22,936,554,130,202,DHelmet
_csol3j95e,23,906,551,123,199,DHelmet
_csol3j95e,24,879,550,120,194,DHelmet
_csol3j95e,25,852,548,117,189,DHelmet
_csol3j95e,26,825,547,113,184,DHelmet
_csol3j95e,27,799,546,109,179,DHelmet
_csol3j95e,28,774,545,107,176,DHelmet
_csol3j95e,29,749,544,104,173,DHelmet
_csol3j95e,30,724,543,104,169,DHelmet
_csol3j95e,31,702,541,101,167,DHelmet
_csol3j95e,32,681,539,97,164,DHelmet
_csol3j95e,33,659,538,94,160,DHelmet
_csol3j95e,34,639,537,91,157,DHelmet
_csol3j95e,35,619,536,88,154,DHelmet
_csol3j95e,36,598,535,86,151,DHelmet
_csol3j95e,37,581,534,84,149,DHelmet
_csol3j95e,38,564,534,82,145,DHelmet
_csol3j95e,39,546,533,81,143,DHelmet
_csol3j95e,40,529,532,79,141,DHelmet
_csol3j95e,41,511,531,78,139,DHelmet
_csol3j95e,42,494,530,77,137,DHelmet
_csol3j95e,43,476,530,77,133,DHelmet
_csol3j95e,44,459,529,75,130,DHelmet
_csol3j95e,45,441,528,75,128,DHelmet
_y8qk31d1r,2,126,520,65,142,DHelmet
_y8qk31d1r,3,136,522,66,144,DHelmet
_y8qk31d1r,4,145,524,68,147,DHelmet
_y8qk31d1r,5,155,526,69,149,DHelmet
_y8qk31d1r,6,165,527,72,153,DHelmet
_y8qk31d1r,7,175,528,75,157,DHelmet
_y8qk31d1r,8,185,530,78,160,DHelmet
_y8qk31d1r,9,195,531,81,164,DHelmet
_y8qk31d1r,10,205,532,82,170,DHelmet
_y8qk31d1r,11,216,533,82,176,DHelmet
_y8qk31d1r,12,226,535,83,181,DHelmet
_y8qk31d1r,13,236,536,85,186,DHelmet
_y8qk31d1r,14,246,537,86,192,DHelmet
_y8qk31d1r,15,256,539,87,197,DHelmet
_y8qk31d1r,16,264,540,90,205,DHelmet
_y8qk31d1r,17,272,542,93,212,DHelmet
_y8qk31d1r,18,280,544,96,219,DHelmet
_y8qk31d1r,19,288,546,98,226,DHelmet
_y8qk31d1r,20,295,549,102,235,DHelmet
_y8qk31d1r,21,302,553,106,242,DHelmet
_y8qk31d1r,22,313,555,109,252,DHelmet
_y8qk31d1r,23,324,558,111,262,DHelmet
_y8qk31d1r,24,335,562,115,273,DHelmet
_y8qk31d1r,25,346,565,120,286,DHelmet
_y8qk31d1r,26,357,570,127,298,DHelmet
_y8qk31d1r,27,368,574,135,312,DHelmet
_y8qk31d1r,28,383,578,142,325,DHelmet
_y8qk31d1r,29,398,581,149,340,DHelmet
_y8qk31d1r,30,416,586,158,358,DHelmet
_y8qk31d1r,31,433,591,168,375,DHelmet
_y8qk31d1r,32,452,596,180,397,DHelmet
_y8qk31d1r,33,478,603,191,418,DHelmet
_y8qk31d1r,34,505,608,203,448,DHelmet
_y8qk31d1r,35,531,614,224,466,DHelmet
_y8qk31d1r,36,564,623,240,457,DHelmet
_y8qk31d1r,37,602,632,258,448,DHelmet
_y8qk31d1r,38,640,641,281,439,DHelmet
_y8qk31d1r,39,688,653,303,427,DHelmet
_y8qk31d1r,40,740,665,330,415,DHelmet
_y8qk31d1r,41,822,677,335,403,DHelmet
_y8qk31d1r,42,886,694,371,386,DHelmet
_y8qk31d1r,43,970,713,402,367,DHelmet
_eyopk76se,54,1698,600,222,302,DHelmet
_eyopk76se,55,1632,597,284,294,DHelmet
_eyopk76se,56,1569,596,272,286,DHelmet
_eyopk76se,57,1508,593,260,279,DHelmet
_eyopk76se,58,1450,589,247,272,DHelmet
_eyopk76se,59,1397,586,234,265,DHelmet
_eyopk76se,60,1346,582,223,258,DHelmet
_eyopk76se,61,1295,579,212,251,DHelmet
_eyopk76se,62,1250,576,202,245,DHelmet
_eyopk76se,63,1205,574,192,238,DHelmet
_eyopk76se,64,1164,571,185,233,DHelmet
_eyopk76se,65,1123,568,177,228,DHelmet
_eyopk76se,66,1087,566,167,222,DHelmet
_eyopk76se,67,1050,564,157,217,DHelmet
_eyopk76se,68,1015,562,151,211,DHelmet
_eyopk76se,69,979,560,147,206,DHelmet
_eyopk76se,70,948,558,141,202,DHelmet
_eyopk76se,71,917,556,136,198,DHelmet
_eyopk76se,72,890,554,131,195,DHelmet
_eyopk76se,73,863,552,126,191,DHelmet
_eyopk76se,74,836,550,121,187,DHelmet
_eyopk76se,75,812,549,118,183,DHelmet
_eyopk76se,76,788,548,115,180,DHelmet
_eyopk76se,77,764,547,112,176,DHelmet
_eyopk76se,78,740,546,109,172,DHelmet
_eyopk76se,79,719,545,107,168,DHelmet
_eyopk76se,80,698,544,104,164,DHelmet
_eyopk76se,81,677,543,101,160,DHelmet
_eyopk76se,82,658,541,100,158,DHelmet
_eyopk76se,83,640,540,97,155,DHelmet
_eyopk76se,84,621,539,96,153,DHelmet
_eyopk76se,85,603,538,93,150,DHelmet
_eyopk76se,86,586,537,92,148,DHelmet
_eyopk76se,87,570,536,89,145,DHelmet
_eyopk76se,88,553,535,88,143,DHelmet
_eyopk76se,89,537,534,85,141,DHelmet
_eyopk76se,90,520,533,84,138,DHelmet
_eyopk76se,91,506,532,82,136,DHelmet
_eyopk76se,92,492,531,80,134,DHelmet
_eyopk76se,93,478,530,77,132,DHelmet
_eyopk76se,94,466,529,76,130,DHelmet
_eyopk76se,95,453,528,75,128,DHelmet
_eyopk76se,96,440,527,74,126,DHelmet
_eyopk76se,97,430,527,73,124,DHelmet
_eyopk76se,98,419,527,72,121,DHelmet
_eyopk76se,99,408,526,71,120,DHelmet
_eyopk76se,100,398,526,69,117,DHelmet
_rqwwhvl5c,79,1622,590,298,339,DHelmetP1Helmet
_rqwwhvl5c,80,1543,588,284,321,DHelmetP1Helmet
_rqwwhvl5c,81,1470,584,264,308,DHelmetP1Helmet
_rqwwhvl5c,82,1403,581,248,297,DHelmetP1Helmet
_rqwwhvl5c,83,1339,575,233,288,DHelmetP1Helmet
_rqwwhvl5c,84,1280,571,219,278,DHelmetP1Helmet
_rqwwhvl5c,85,1226,570,203,265,DHelmetP1Helmet
_rqwwhvl5c,86,1173,565,191,257,DHelmetP1Helmet
_rqwwhvl5c,87,1124,563,182,250,DHelmetP1Helmet
_rqwwhvl5c,88,1076,559,173,242,DHelmetP1Helmet
_rqwwhvl5c,89,1035,557,164,234,DHelmetP1Helmet
_rqwwhvl5c,90,995,554,155,226,DHelmetP1Helmet
_rqwwhvl5c,91,957,553,146,219,DHelmetP1Helmet
_rqwwhvl5c,92,919,552,138,210,DHelmetP1Helmet
_rqwwhvl5c,93,885,548,130,208,DHelmetP1Helmet
_rqwwhvl5c,94,853,546,125,203,DHelmetP1Helmet
_rqwwhvl5c,95,822,544,118,196,DHelmetP1Helmet
_rqwwhvl5c,96,791,543,112,189,DHelmetP1Helmet
_rqwwhvl5c,97,763,541,106,186,DHelmetP1Helmet
_rqwwhvl5c,98,735,539,101,183,DHelmetP1Helmet
_rqwwhvl5c,99,709,538,95,179,DHelmetP1Helmet
_rqwwhvl5c,100,683,537,89,176,DHelmetP1Helmet
_529d5te7v,84,1641,579,279,401,DHelmet
_529d5te7v,85,1544,577,324,377,DHelmet
_529d5te7v,86,1455,573,298,360,DHelmet
_529d5te7v,87,1372,568,271,344,DHelmet
_529d5te7v,88,1294,562,250,331,DHelmet
_529d5te7v,89,1225,558,229,317,DHelmet
_529d5te7v,90,1159,556,213,303,DHelmet
_529d5te7v,91,1100,554,196,289,DHelmet
_529d5te7v,92,1043,550,183,279,DHelmet
_529d5te7v,93,992,547,170,268,DHelmet
_529d5te7v,94,945,546,158,257,DHelmet
_529d5te7v,95,899,545,146,246,DHelmet
_529d5te7v,96,859,542,137,239,DHelmet
_529d5te7v,97,819,538,128,233,DHelmet
_529d5te7v,98,781,536,122,225,DHelmet
_529d5te7v,99,743,534,116,218,DHelmet
_529d5te7v,100,711,532,110,211,DHelmet
_u5i2p4zhi,91,1646,590,274,358,DHelmet
_u5i2p4zhi,92,1553,586,294,343,DHelmet
_u5i2p4zhi,93,1467,580,272,330,DHelmet
_u5i2p4zhi,94,1389,576,250,316,DHelmet
_u5i2p4zhi,95,1315,571,234,303,DHelmet
_u5i2p4zhi,96,1249,568,213,289,DHelmet
_u5i2p4zhi,97,1187,566,197,277,DHelmet
_u5i2p4zhi,98,1131,564,183,264,DHelmet
_u5i2p4zhi,99,1076,558,175,255,DHelmet
_kbyjt6906,95,1651,631,269,426,DNoHelmet
_kbyjt6906,96,1493,615,338,400,DNoHelmet
_kbyjt6906,97,1356,599,295,376,DNoHelmet
_kbyjt6906,98,1234,598,256,343,DNoHelmet
_kbyjt6906,99,1125,592,229,315,DNoHelmet
_kbyjt6906,100,1027,578,203,301,DNoHelmet
