track_id,frame_id,x,y,w,h,label
_xrau62wvg,1,1484,694,436,386,DHelmet
_34hdlwf7e,1,1033,543,331,327,DHelmet
_34hdlwf7e,2,1231,547,351,341,DHelmet
_34hdlwf7e,3,1433,545,392,363,DHelmet
_34hdlwf7e,4,1642,547,278,361,DHelmet
_8d4rkoky5,1,847,581,406,437,DHelmetP1Helmet
_8d4rkoky5,2,992,585,443,454,DHelmetP1Helmet
_8d4rkoky5,3,1148,587,487,477,DHelmetP1Helmet
_8d4rkoky5,4,1323,589,536,491,DHelmetP1Helmet
_8d4rkoky5,5,1517,590,403,490,DHelmetP1Helmet
_o95sn7xgp,1,199,621,337,429,DNoHelmetP1NoHelmet
_o95sn7xgp,2,338,626,374,453,DNoHelmetP1NoHelmet
_o95sn7xgp,3,494,632,410,448,DNoHelmetP1NoHelmet
_o95sn7xgp,4,666,641,460,439,DNoHelmetP1NoHelmet
_o95sn7xgp,5,862,645,521,435,DNoHelmetP1NoHelmet
_o95sn7xgp,6,1084,653,577,427,DNoHelmetP1NoHelmet
_o95sn7xgp,7,1339,664,581,416,DNoHelmetP1NoHelmet
_sqa1ha0c9,2,2,589,164,295,DHelmet
_sqa1ha0c9,3,31,593,247,297,DHelmet
_sqa1ha0c9,4,139,594,266,311,DHelmet
_sqa1ha0c9,5,247,595,286,324,DHelmet
_sqa1ha0c9,6,372,596,307,337,DHelmet
_sqa1ha0c9,7,496,597,329,351,DHelmet
_sqa1ha0c9,8,640,599,357,369,DHelmet
_sqa1ha0c9,9,792,601,385,387,DHelmet
_sqa1ha0c9,10,962,607,418,403,DHelmet
_sqa1ha0c9,11,1144,613,460,419,DHelmet
_sqa1ha0c9,12,1345,613,509,446,DHelmet
_sqa1ha0c9,13,1571,614,349,437,DHelmet
_tpzoprnk3,1,57,520,96,123,DHelmetP1Helmet
_tpzoprnk3,2,23,518,95,122,DHelmetP1Helmet
_tpzoprnk3,3,4,518,79,122,DHelmetP1Helmet
_6c02r8776,9,2,532,98,184,DHelmet
_6c02r8776,10,43,527,148,196,DHelmet
_6c02r8776,11,137,526,152,204,DHelmet
_6c02r8776,12,231,526,156,211,DHelmet
_6c02r8776,13,337,524,165,222,DHelmet
_6c02r8776,14,443,522,173,233,DHelmet
_6c02r8776,15,570,524,184,244,DHelmet
_6c02r8776,16,702,526,195,255,DHelmet
_6c02r8776,17,848,525,218,272,DHelmet
_6c02r8776,18,1016,524,240,289,DHelmet
_6c02r8776,19,1200,527,273,307,DHelmet
_6c02r8776,20,1418,532,308,325,DHelmet
_6c02r8776,21,1671,531,249,329,DHelmet
_p9yigv9ci,12,19,536,173,215,DHelmetP1Helmet
_p9yigv9ci,13,98,536,181,221,DHelmetP1Helmet
_p9yigv9ci,14,190,536,189,226,DHelmetP1Helmet
_p9yigv9ci,15,289,539,192,234,DHelmetP1Helmet
_p9yigv9ci,16,375,539,214,200,DHelmetP1Helmet
_p9yigv9ci,17,482,541,115,237,DHelmetP1Helmet
_p9yigv9ci,18,597,539,186,246,DHelmetP1Helmet
_p9yigv9ci,19,719,536,249,269,DHelmetP1Helmet
_p9yigv9ci,20,850,536,273,278,DHelmetP1Helmet
_p9yigv9ci,21,992,539,295,289,DHelmetP1Helmet
_p9yigv9ci,22,1147,538,289,295,DHelmetP1Helmet
_p9yigv9ci,23,1314,542,350,318,DHelmetP1Helmet
_p9yigv9ci,24,1504,542,381,328,DHelmetP1Helmet
_p9yigv9ci,25,1707,541,213,328,DHelmetP1Helmet
_b6zqvsnos,13,4,591,233,338,DHelmetP1Helmet
_b6zqvsnos,14,90,591,289,352,DHelmetP1Helmet
_b6zqvsnos,15,217,593,315,370,DHelmetP1Helmet
_b6zqvsnos,16,369,597,341,390,DHelmetP1Helmet
_b6zqvsnos,17,532,599,371,415,DHelmetP1Helmet
_b6zqvsnos,18,710,603,412,441,DHelmetP1Helmet
_b6zqvsnos,19,911,613,456,455,DHelmetP1Helmet
_b6zqvsnos,20,1136,617,519,463,DHelmetP1Helmet
_b6zqvsnos,21,1390,619,530,461,DHelmetP1Helmet
_n84md2apx,15,44,642,274,432,DHelmet
_n84md2apx,16,66,644,411,436,DHelmet
_n84md2apx,17,201,650,449,430,DHelmet
_n84md2apx,18,344,657,496,423,DHelmet
_n84md2apx,19,504,668,542,412,DHelmet
_n84md2apx,20,681,672,600,408,DHelmet
_n84md2apx,21,884,672,653,408,DHelmet
_n84md2apx,22,1104,685,691,395,DHelmet
_n84md2apx,23,1360,698,560,382,DHelmet
_1ye42g108,20,4,618,223,377,DHelmetP1Helmet
_1ye42g108,21,49,622,320,396,DHelmetP1Helmet
_1ye42g108,22,184,627,344,411,DHelmetP1Helmet
_1ye42g108,23,318,633,369,425,DHelmetP1Helmet
_1ye42g108,24,466,634,409,446,DHelmetP1Helmet
_1ye42g108,25,632,645,446,435,DHelmetP1Helmet
_1ye42g108,26,839,649,470,431,DHelmetP1Helmet
_1ye42g108,27,1030,652,538,428,DHelmetP1Helmet
_1ye42g108,28,1251,658,595,422,DHelmetP1Helmet
_1ye42g108,29,1512,669,408,410,DHelmetP1Helmet
_mrr2v9dja,21,2,589,116,170,DHelmet
_mrr2v9dja,22,85,591,140,333,DHelmet
_mrr2v9dja,23,187,591,173,349,DHelmet
_mrr2v9dja,24,294,594,210,363,DHelmet
_mrr2v9dja,25,377,594,294,375,DHelmet
_mrr2v9dja,26,527,598,367,420,DHelmet
_mrr2v9dja,27,676,603,382,441,DHelmet
_mrr2v9dja,28,823,611,423,456,DHelmet
_mrr2v9dja,29,982,613,467,466,DHelmet
_mrr2v9dja,30,1164,617,515,463,DHelmet
_mrr2v9dja,31,1358,615,562,465,DHelmet
_mrr2v9dja,32,1575,622,345,458,DHelmet
_v0y0qqmmo,22,3,574,129,298,DNoHelmetP1NoHelmet
_v0y0qqmmo,23,103,571,146,310,DNoHelmetP1NoHelmet
_v0y0qqmmo,24,223,573,146,319,DNoHelmetP1NoHelmet
_v0y0qqmmo,25,364,570,134,322,DNoHelmetP1NoHelmet
_v0y0qqmmo,26,504,575,346,311,DNoHelmetP1NoHelmet
_v0y0qqmmo,27,676,575,372,323,DNoHelmetP1NoHelmet
_v0y0qqmmo,28,839,572,414,404,DNoHelmetP1NoHelmet
_v0y0qqmmo,29,1040,579,445,423,DNoHelmetP1NoHelmet
_v0y0qqmmo,30,1254,583,500,443,DNoHelmetP1NoHelmet
_v0y0qqmmo,31,1515,586,405,446,DNoHelmetP1NoHelmet
_g9e9g348a,15,1780,506,140,188,DHelmet
_g9e9g348a,16,1674,503,213,192,DHelmet
_g9e9g348a,17,1571,507,207,184,DHelmet
_g9e9g348a,18,1473,504,198,183,DHelmet
_g9e9g348a,19,1430,506,134,178,DHelmet
_g9e9g348a,20,1372,510,99,173,DHelmet
_m271cy79c,29,622,514,88,133,DNoHelmet
_m271cy79c,30,547,515,97,144,DNoHelmet
_m271cy79c,31,484,516,105,142,DNoHelmet
_m271cy79c,32,420,518,114,140,DNoHelmet
_m271cy79c,33,365,516,116,138,DNoHelmet
_m271cy79c,34,308,516,116,136,DNoHelmet
_m271cy79c,35,250,516,117,134,DNoHelmet
_m271cy79c,36,205,518,94,132,DNoHelmet
_m271cy79c,37,187,518,34,33,DNoHelmet
_m271cy79c,38,139,519,34,33,DNoHelmet
_m271cy79c,39,57,518,81,117,DNoHelmet
_m271cy79c,40,2,522,85,122,DNoHelmet
_18k6w9tkp,25,0,601,176,348,DHelmet
_18k6w9tkp,26,41,606,274,357,DHelmet
_18k6w9tkp,27,134,605,338,375,DHelmet
_18k6w9tkp,28,274,607,364,391,DHelmet
_18k6w9tkp,29,433,611,392,407,DHelmet
_18k6w9tkp,30,606,613,420,425,DHelmet
_18k6w9tkp,31,789,618,461,438,DHelmet
_18k6w9tkp,32,993,621,506,451,DHelmet
_18k6w9tkp,33,1215,619,557,461,DHelmet
_18k6w9tkp,34,1457,621,463,459,DHelmet
_mdd38cqfa,32,3,607,266,374,DHelmetP1Helmet
_mdd38cqfa,33,75,610,340,393,DHelmetP1Helmet
_mdd38cqfa,34,209,615,372,415,DHelmetP1Helmet
_mdd38cqfa,35,354,621,409,433,DHelmetP1Helmet
_mdd38cqfa,36,519,623,452,457,DHelmetP1Helmet
_mdd38cqfa,37,693,629,508,451,DHelmetP1Helmet
_mdd38cqfa,38,894,633,564,447,DHelmetP1Helmet
_mdd38cqfa,39,1111,638,635,442,DHelmetP1Helmet
_mdd38cqfa,40,1370,642,548,438,DHelmetP1Helmet
_gkb468vdd,33,5,581,127,303,DHelmet
_gkb468vdd,34,96,582,178,314,DHelmet
_gkb468vdd,35,230,582,180,323,DHelmet
_gkb468vdd,36,376,586,207,334,DHelmet
_gkb468vdd,37,535,585,236,350,DHelmet
_gkb468vdd,38,704,585,277,364,DHelmet
_gkb468vdd,39,894,587,322,385,DHelmet
_gkb468vdd,40,1095,597,416,413,DHelmet
_gkb468vdd,41,1322,594,500,440,DHelmet
_gkb468vdd,42,1578,595,342,449,DHelmet
_m5l1mnuhc,42,10,527,146,213,DHelmetP1Helmet
_m5l1mnuhc,43,107,531,156,215,DHelmetP1Helmet
_m5l1mnuhc,44,211,532,159,221,DHelmetP1Helmet
_m5l1mnuhc,45,326,531,169,230,DHelmetP1Helmet
_m5l1mnuhc,46,440,530,180,239,DHelmetP1Helmet
_m5l1mnuhc,47,573,530,192,247,DHelmetP1Helmet
_m5l1mnuhc,48,705,531,204,255,DHelmetP1Helmet
_m5l1mnuhc,49,851,534,223,261,DHelmetP1Helmet
_m5l1mnuhc,50,1011,534,247,277,DHelmetP1Helmet
_m5l1mnuhc,51,1184,531,271,293,DHelmetP1Helmet
_m5l1mnuhc,52,1381,530,287,308,DHelmetP1Helmet
_m5l1mnuhc,53,1602,527,304,333,DHelmetP1Helmet
_74ubysg2m,45,27,545,192,254,DNoHelmet
_74ubysg2m,46,152,542,200,271,DNoHelmet
_74ubysg2m,47,288,541,217,279,DNoHelmet
_74ubysg2m,48,424,543,234,287,DNoHelmet
_74ubysg2m,49,589,543,248,301,DNoHelmet
_74ubysg2m,50,753,543,263,314,DNoHelmet
_74ubysg2m,51,941,542,293,332,DNoHelmet
_74ubysg2m,52,1128,541,325,351,DNoHelmet
_74ubysg2m,53,1352,541,353,371,DNoHelmet
_74ubysg2m,54,1591,539,329,386,DNoHelmet
_zyuutbygg,49,2,609,274,421,DHelmetP1Helmet
_zyuutbygg,50,98,613,351,445,DHelmetP1Helmet
_zyuutbygg,51,255,618,389,462,DHelmetP1Helmet
_zyuutbygg,52,441,625,436,455,DHelmetP1Helmet
_zyuutbygg,53,626,632,484,448,DHelmetP1Helmet
_zyuutbygg,54,854,640,530,440,DHelmetP1Helmet
_zyuutbygg,55,1108,644,573,436,DHelmetP1Helmet
_zyuutbygg,56,1398,650,522,430,DHelmetP1Helmet
_22nx2q2lx,50,2,589,132,320,DHelmet
_22nx2q2lx,51,73,591,202,345,DHelmet
_22nx2q2lx,52,211,593,251,379,DHelmet
_22nx2q2lx,53,363,595,302,419,DHelmet
_22nx2q2lx,54,538,602,350,433,DHelmet
_22nx2q2lx,55,728,611,386,459,DHelmet
_22nx2q2lx,56,937,615,435,465,DHelmet
_22nx2q2lx,57,1178,621,493,459,DHelmet
_22nx2q2lx,58,1444,621,476,459,DHelmet
_1nddk1bdi,63,19,618,296,398,DHelmet
_1nddk1bdi,64,134,621,382,422,DHelmet
_1nddk1bdi,65,317,625,422,442,DHelmet
_1nddk1bdi,66,520,630,474,450,DHelmet
_1nddk1bdi,67,751,638,528,442,DHelmet
_1nddk1bdi,68,1013,642,593,438,DHelmet
_1nddk1bdi,69,1313,645,607,435,DHelmet
_ntomcz9vd,68,2,610,203,355,DHelmet
_ntomcz9vd,69,55,611,275,372,DHelmet
_ntomcz9vd,70,159,613,306,391,DHelmet
_ntomcz9vd,71,282,621,335,409,DHelmet
_ntomcz9vd,72,427,626,360,429,DHelmet
_ntomcz9vd,73,575,636,402,443,DHelmet
_ntomcz9vd,74,743,638,449,442,DHelmet
_ntomcz9vd,75,935,648,508,432,DHelmet
_ntomcz9vd,76,1151,649,565,431,DHelmet
_ntomcz9vd,77,1388,658,532,422,DHelmet
_p5rulixp8,74,1,573,232,342,DHelmetP1Helmet
_p5rulixp8,75,92,574,266,351,DHelmetP1Helmet
_p5rulixp8,76,217,574,279,370,DHelmetP1Helmet
_p5rulixp8,77,346,571,301,393,DHelmetP1Helmet
_p5rulixp8,78,483,577,326,410,DHelmetP1Helmet
_p5rulixp8,79,623,581,364,431,DHelmetP1Helmet
_p5rulixp8,80,796,586,397,454,DHelmetP1Helmet
_p5rulixp8,81,993,595,425,471,DHelmetP1Helmet
_p5rulixp8,82,1214,599,471,481,DHelmetP1Helmet
_p5rulixp8,83,1467,595,453,485,DHelmetP1Helmet
_pz1j6vvnu,75,3,618,184,370,DHelmet
_pz1j6vvnu,76,44,625,272,391,DHelmet
_pz1j6vvnu,77,135,633,325,409,DHelmet
_pz1j6vvnu,78,263,638,357,431,DHelmet
_pz1j6vvnu,79,410,644,391,436,DHelmet
_pz1j6vvnu,80,566,652,434,428,DHelmet
_pz1j6vvnu,81,747,660,466,420,DHelmet
_pz1j6vvnu,82,950,665,531,415,DHelmet
_pz1j6vvnu,83,1178,677,605,403,DHelmet
_pz1j6vvnu,84,1451,688,469,391,DHelmet
_96jxdogpq,97,43,557,190,281,DNoHelmet
_96jxdogpq,98,144,559,203,289,DNoHelmet
_96jxdogpq,99,257,561,212,299,DNoHelmet
_96jxdogpq,100,367,558,229,315,DNoHelmet
_fwu8xpb74,97,0,601,162,287,DHelmetP1Helmet
_fwu8xpb74,98,5,595,260,308,DHelmetP1Helmet
_fwu8xpb74,99,96,599,278,316,DHelmetP1Helmet
_fwu8xpb74,100,191,602,298,327,DHelmetP1Helmet
_pfld81dzu,93,1,593,164,297,DHelmet
_pfld81dzu,94,56,597,271,327,DHelmet
_pfld81dzu,95,166,598,292,342,DHelmet
_pfld81dzu,96,276,599,312,357,DHelmet
_pfld81dzu,97,405,602,341,375,DHelmet
_pfld81dzu,98,535,605,369,394,DHelmet
_pfld81dzu,99,694,611,401,411,DHelmet
_pfld81dzu,100,852,618,435,428,DHelmet
_1h6s2wden,75,4,526,117,203,DHelmetP1NoHelmet
_1h6s2wden,76,60,526,172,237,DHelmetP1NoHelmet
_1h6s2wden,77,146,528,206,237,DHelmetP1NoHelmet
_1h6s2wden,78,235,526,223,240,DHelmetP1NoHelmet
_1h6s2wden,79,330,527,217,246,DHelmetP1NoHelmet
_1h6s2wden,80,432,527,240,264,DHelmetP1NoHelmet
_1h6s2wden,81,541,527,250,268,DHelmetP1NoHelmet
_1h6s2wden,82,656,528,264,277,DHelmetP1NoHelmet
_1h6s2wden,83,776,524,279,287,DHelmetP1NoHelmet
_1h6s2wden,84,907,522,294,298,DHelmetP1NoHelmet
_1h6s2wden,85,1049,531,311,301,DHelmetP1NoHelmet
_1h6s2wden,86,1202,522,334,323,DHelmetP1NoHelmet
_1h6s2wden,87,1362,520,368,338,DHelmetP1NoHelmet
_1h6s2wden,88,1547,527,373,342,DHelmetP1NoHelmet
_1h6s2wden,89,1742,524,178,345,DHelmetP1NoHelmet
_zyzv89lf7,81,0,571,165,293,DHelmetP1NoHelmet
_zyzv89lf7,82,28,573,260,299,DHelmetP1NoHelmet
_zyzv89lf7,83,130,571,288,313,DHelmetP1NoHelmet
_zyzv89lf7,84,254,573,302,320,DHelmetP1NoHelmet
_zyzv89lf7,85,389,573,319,334,DHelmetP1NoHelmet
_zyzv89lf7,86,530,573,342,342,DHelmetP1NoHelmet
_zyzv89lf7,87,685,573,363,359,DHelmetP1NoHelmet
_zyzv89lf7,88,851,570,393,379,DHelmetP1NoHelmet
_zyzv89lf7,89,1038,578,421,390,DHelmetP1NoHelmet
_zyzv89lf7,90,1238,581,463,406,DHelmetP1NoHelmet
_zyzv89lf7,91,1456,578,464,428,DHelmetP1NoHelmet
_zyzv89lf7,92,1702,575,218,428,DHelmetP1NoHelmet
_6i44unhzj,87,3,607,254,405,DHelmetP1Helmet
_6i44unhzj,88,67,610,323,422,DHelmetP1Helmet
_6i44unhzj,89,186,617,342,438,DHelmetP1Helmet
_6i44unhzj,90,309,621,377,458,DHelmetP1Helmet
_6i44unhzj,91,445,625,412,455,DHelmetP1Helmet
_6i44unhzj,92,599,629,449,451,DHelmetP1Helmet
_6i44unhzj,93,765,636,495,444,DHelmetP1Helmet
_6i44unhzj,94,951,634,547,446,DHelmetP1Helmet
_6i44unhzj,95,1160,641,587,439,DHelmetP1Helmet
_6i44unhzj,96,1394,648,526,431,DHelmetP1Helmet
_6i44unhzj,97,1666,650,254,429,DHelmetP1Helmet
_6yn14fnd8,92,2,646,284,434,DHelmet
_6yn14fnd8,93,60,652,428,428,DHelmet
_6yn14fnd8,94,247,661,457,419,DHelmet
_6yn14fnd8,95,468,668,467,412,DHelmet
_6yn14fnd8,96,714,677,516,403,DHelmet
_6yn14fnd8,97,1021,685,541,395,DHelmet
_6yn14fnd8,98,1386,709,534,371,DHelmet
_7zo9flpw6,76,1709,510,211,212,DHelmet
_7zo9flpw6,77,1631,508,219,214,DHelmet
_5lcsqx44i,82,1227,507,200,189,DHelmet
_5lcsqx44i,83,1156,508,187,183,DHelmet
_5lcsqx44i,84,1083,512,181,179,DHelmet
_5lcsqx44i,85,1017,512,174,176,DHelmet
_5lcsqx44i,86,951,511,167,173,DHelmet
_5lcsqx44i,87,886,510,162,170,DHelmet
_5lcsqx44i,88,822,510,157,166,DHelmet
_5lcsqx44i,89,759,511,152,165,DHelmet
_2w41iuilh,94,482,514,131,153,DHelmet
_2w41iuilh,95,431,514,128,150,DHelmet
_2w41iuilh,96,380,514,124,146,DHelmet
_2w41iuilh,97,333,514,120,146,DHelmet
_2w41iuilh,98,286,515,116,144,DHelmet
_2w41iuilh,99,242,515,112,141,DHelmet
_2w41iuilh,100,198,515,107,139,DHelmet
_gyg9k4uxh,83,1403,504,168,160,DHelmet
_gyg9k4uxh,84,1337,506,163,159,DHelmet
_gyg9k4uxh,85,1270,507,158,159,DHelmet
_gyg9k4uxh,86,1207,506,155,156,DHelmet
_gyg9k4uxh,87,1144,506,152,152,DHelmet
_gyg9k4uxh,88,1085,506,145,152,DHelmet
_gyg9k4uxh,89,1025,507,140,151,DHelmet
_gyg9k4uxh,90,969,508,109,150,DHelmet
_bzdcu007v,96,729,511,68,140,DHelmet
_bzdcu007v,97,670,512,84,137,DHelmet
_bzdcu007v,98,612,513,98,135,DHelmet
_bzdcu007v,99,553,513,114,133,DHelmet
_bzdcu007v,100,514,512,115,132,DHelmet
_5x4iaqozv,84,1520,506,180,174,DHelmetP1Helmet
_5x4iaqozv,85,1441,508,169,171,DHelmetP1Helmet
_5x4iaqozv,86,1361,511,160,167,DHelmetP1Helmet
_5x4iaqozv,87,1267,510,165,166,DHelmetP1Helmet
_5x4iaqozv,88,1174,508,169,167,DHelmetP1Helmet
_5x4iaqozv,89,1099,510,162,162,DHelmetP1Helmet
_5x4iaqozv,90,1025,511,155,157,DHelmetP1Helmet
_5x4iaqozv,91,958,514,143,154,DHelmetP1Helmet
_6gt9vdrvx,95,676,506,127,152,DHelmetP1NoHelmet
_6gt9vdrvx,96,617,514,128,144,DHelmetP1NoHelmet
_6gt9vdrvx,97,561,516,123,142,DHelmetP1NoHelmet
_6gt9vdrvx,98,496,518,124,137,DHelmetP1NoHelmet
_6gt9vdrvx,99,441,522,120,133,DHelmetP1NoHelmet
_6gt9vdrvx,100,431,523,73,128,DHelmetP1NoHelmet
