track_id,frame_id,x,y,w,h,label
_c2j7c0wjs,40,1625,573,295,489,DHelmet
_c2j7c0wjs,41,1509,562,327,450,DHelmet
_c2j7c0wjs,42,1409,551,286,420,DHelmet
_c2j7c0wjs,43,1319,545,256,391,DHelmet
_c2j7c0wjs,44,1240,541,227,362,DHelmet
_c2j7c0wjs,45,1168,533,208,343,DHelmet
_c2j7c0wjs,46,1100,528,189,322,DHelmet
_c2j7c0wjs,47,1039,522,175,304,DHelmet
_c2j7c0wjs,48,984,521,160,286,DHelmet
_c2j7c0wjs,49,929,517,152,274,DHelmet
_c2j7c0wjs,50,879,513,144,263,DHelmet
_c2j7c0wjs,51,834,510,136,251,DHelmet
_c2j7c0wjs,52,788,508,128,239,DHelmet
_c2j7c0wjs,53,747,505,123,231,DHelmet
_c2j7c0wjs,54,705,503,118,221,DHelmet
_c2j7c0wjs,55,669,501,114,212,DHelmet
_c2j7c0wjs,56,634,499,109,203,DHelmet
_c2j7c0wjs,57,602,498,105,195,DHelmet
_c2j7c0wjs,58,570,496,101,189,DHelmet
_c2j7c0wjs,59,541,494,97,182,DHelmet
_c2j7c0wjs,60,512,493,93,174,DHelmet
_c2j7c0wjs,61,488,492,90,170,DHelmet
_c2j7c0wjs,62,464,491,87,165,DHelmet
_c2j7c0wjs,63,440,491,84,159,DHelmet
_c2j7c0wjs,64,416,490,81,155,DHelmet
_c2j7c0wjs,65,395,489,79,150,DHelmet
_c2j7c0wjs,66,375,488,75,146,DHelmet
_c2j7c0wjs,67,354,488,73,140,DHelmet
_c2j7c0wjs,68,337,487,71,137,DHelmet
_c2j7c0wjs,69,320,485,68,135,DHelmet
_c2j7c0wjs,70,303,484,66,132,DHelmet
_c2j7c0wjs,71,289,483,63,128,DHelmet
_c2j7c0wjs,72,274,482,62,125,DHelmet
_c2j7c0wjs,73,260,481,59,122,DHelmet
_c2j7c0wjs,74,249,480,57,120,DHelmet
_c2j7c0wjs,75,237,480,56,116,DHelmet
_c2j7c0wjs,76,226,479,53,114,DHelmet
_c2j7c0wjs,77,215,479,51,110,DHelmet
_c2j7c0wjs,78,204,479,48,107,DHelmet
_c2j7c0wjs,79,191,476,49,107,DHelmet
_luonwm20g,41,1744,567,176,321,DHelmet
_luonwm20g,42,1675,564,245,321,DHelmet
_luonwm20g,43,1606,561,271,313,DHelmet
_luonwm20g,44,1544,558,256,302,DHelmet
_luonwm20g,45,1482,554,241,292,DHelmet
_luonwm20g,46,1428,551,226,281,DHelmet
_luonwm20g,47,1374,547,211,270,DHelmet
_luonwm20g,48,1327,544,196,260,DHelmet
_luonwm20g,49,1280,542,181,249,DHelmet
_luonwm20g,50,1236,539,171,241,DHelmet
_luonwm20g,51,1192,536,161,234,DHelmet
_luonwm20g,52,1154,533,152,226,DHelmet
_luonwm20g,53,1116,530,142,219,DHelmet
_luonwm20g,54,1080,528,137,212,DHelmet
_luonwm20g,55,1043,526,132,205,DHelmet
_luonwm20g,56,1010,523,127,199,DHelmet
_luonwm20g,57,977,521,122,192,DHelmet
_luonwm20g,58,948,518,117,189,DHelmet
_luonwm20g,59,918,516,114,186,DHelmet
_luonwm20g,60,889,514,109,182,DHelmet
_luonwm20g,61,860,512,104,178,DHelmet
_luonwm20g,62,831,509,100,176,DHelmet
_luonwm20g,63,808,507,98,174,DHelmet
_luonwm20g,64,785,505,95,172,DHelmet
_luonwm20g,65,769,505,89,167,DHelmet
_luonwm20g,66,752,505,83,163,DHelmet
_luonwm20g,67,736,504,76,159,DHelmet
_luonwm20g,68,721,503,75,156,DHelmet
_luonwm20g,69,707,501,72,154,DHelmet
_luonwm20g,70,692,500,71,151,DHelmet
_luonwm20g,71,682,499,68,149,DHelmet
_luonwm20g,72,671,499,66,147,DHelmet
_luonwm20g,73,659,497,65,145,DHelmet
_luonwm20g,74,648,496,62,142,DHelmet
_luonwm20g,75,639,496,60,140,DHelmet
_luonwm20g,76,629,495,58,138,DHelmet
_luonwm20g,77,620,495,56,135,DHelmet
_luonwm20g,78,614,495,55,133,DHelmet
_luonwm20g,79,608,494,55,133,DHelmet
_luonwm20g,80,602,494,55,131,DHelmet
_luonwm20g,81,596,494,54,129,DHelmet
_luonwm20g,82,591,493,53,128,DHelmet
_luonwm20g,83,585,493,53,126,DHelmet
_luonwm20g,84,579,492,52,125,DHelmet
_luonwm20g,85,573,492,52,123,DHelmet
_luonwm20g,86,570,492,51,122,DHelmet
_luonwm20g,87,567,492,51,122,DHelmet
_luonwm20g,88,564,492,51,121,DHelmet
_luonwm20g,89,562,491,49,121,DHelmet
_luonwm20g,90,559,491,49,120,DHelmet
_luonwm20g,91,556,491,49,119,DHelmet
_luonwm20g,92,553,491,48,119,DHelmet
_luonwm20g,93,550,491,49,118,DHelmet
_luonwm20g,94,548,491,49,117,DHelmet
_luonwm20g,95,545,491,50,117,DHelmet
_luonwm20g,96,542,491,50,116,DHelmet
_luonwm20g,97,540,491,50,116,DHelmet
_luonwm20g,98,533,490,54,116,DHelmet
_luonwm20g,99,526,490,57,115,DHelmet
_luonwm20g,100,520,489,60,116,DHelmet
_3ru8gcm0l,48,1656,556,264,422,DHelmetP1Helmet
_3ru8gcm0l,49,1557,548,319,400,DHelmetP1Helmet
_3ru8gcm0l,50,1465,541,293,379,DHelmetP1Helmet
_3ru8gcm0l,51,1383,538,265,357,DHelmetP1Helmet
_3ru8gcm0l,52,1302,534,248,346,DHelmetP1Helmet
_3ru8gcm0l,53,1230,529,234,328,DHelmetP1Helmet
_3ru8gcm0l,54,1158,525,220,309,DHelmetP1Helmet
_3ru8gcm0l,55,1091,522,212,295,DHelmetP1Helmet
_3ru8gcm0l,56,1024,518,203,281,DHelmetP1Helmet
_3ru8gcm0l,57,968,514,191,272,DHelmetP1Helmet
_3ru8gcm0l,58,912,510,178,263,DHelmetP1Helmet
_3ru8gcm0l,59,863,508,170,254,DHelmetP1Helmet
_3ru8gcm0l,60,813,507,163,244,DHelmetP1Helmet
_3ru8gcm0l,61,773,505,155,234,DHelmetP1Helmet
_3ru8gcm0l,62,733,502,148,226,DHelmetP1Helmet
_3ru8gcm0l,63,694,500,144,220,DHelmetP1Helmet
_3ru8gcm0l,64,656,499,139,213,DHelmetP1Helmet
_3ru8gcm0l,65,625,496,133,207,DHelmetP1Helmet
_3ru8gcm0l,66,595,493,125,201,DHelmetP1Helmet
_3ru8gcm0l,67,569,493,119,194,DHelmetP1Helmet
_3ru8gcm0l,68,543,492,114,189,DHelmetP1Helmet
_3ru8gcm0l,69,521,491,109,183,DHelmetP1Helmet
_3ru8gcm0l,70,500,491,102,176,DHelmetP1Helmet
_3ru8gcm0l,71,478,489,99,172,DHelmetP1Helmet
_3ru8gcm0l,72,456,488,95,168,DHelmetP1Helmet
_3ru8gcm0l,73,438,487,92,164,DHelmetP1Helmet
_3ru8gcm0l,74,420,487,89,159,DHelmetP1Helmet
_3ru8gcm0l,75,402,486,87,156,DHelmetP1Helmet
_3ru8gcm0l,76,385,484,85,154,DHelmetP1Helmet
_3ru8gcm0l,77,367,483,84,150,DHelmetP1Helmet
_3ru8gcm0l,78,351,483,82,146,DHelmetP1Helmet
_3ru8gcm0l,79,336,483,80,141,DHelmetP1Helmet
_3ru8gcm0l,80,320,483,79,137,DHelmetP1Helmet
_3ru8gcm0l,81,305,482,79,135,DHelmetP1Helmet
_3ru8gcm0l,82,290,482,79,131,DHelmetP1Helmet
_3ru8gcm0l,83,278,481,77,129,DHelmetP1Helmet
_3ru8gcm0l,84,266,480,74,127,DHelmetP1Helmet
_3ru8gcm0l,85,255,479,70,124,DHelmetP1Helmet
_3ru8gcm0l,86,244,478,69,121,DHelmetP1Helmet
_3ru8gcm0l,87,234,477,67,119,DHelmetP1Helmet
_3ru8gcm0l,88,223,476,66,116,DHelmetP1Helmet
_3ru8gcm0l,89,215,475,65,114,DHelmetP1Helmet
_3ru8gcm0l,90,207,474,63,113,DHelmetP1Helmet
_3ru8gcm0l,91,198,474,63,111,DHelmetP1Helmet
_3ru8gcm0l,92,190,473,61,109,DHelmetP1Helmet
_3ru8gcm0l,93,181,473,61,107,DHelmetP1Helmet
_3ru8gcm0l,94,174,472,60,106,DHelmetP1Helmet
_3ru8gcm0l,95,167,472,59,103,DHelmetP1Helmet
_3ru8gcm0l,96,160,471,58,102,DHelmetP1Helmet
_3ru8gcm0l,97,153,470,57,100,DHelmetP1Helmet
_bzonl0ogb,50,1676,557,244,334,DHelmet
_bzonl0ogb,51,1560,552,258,333,DHelmet
_bzonl0ogb,52,1457,546,239,303,DHelmet
_bzonl0ogb,53,1368,541,219,289,DHelmet
_bzonl0ogb,54,1292,537,202,274,DHelmet
_bzonl0ogb,55,1217,533,184,259,DHelmet
_bzonl0ogb,56,1149,529,175,249,DHelmet
_bzonl0ogb,57,1081,524,166,241,DHelmet
_bzonl0ogb,58,1022,520,157,233,DHelmet
_bzonl0ogb,59,964,516,147,225,DHelmet
_bzonl0ogb,60,905,514,147,215,DHelmet
_bzonl0ogb,61,846,512,146,205,DHelmet
_bzonl0ogb,62,801,510,138,198,DHelmet
_bzonl0ogb,63,756,508,130,191,DHelmet
_bzonl0ogb,64,712,506,121,184,DHelmet
_bzonl0ogb,65,667,504,113,177,DHelmet
_bzonl0ogb,66,630,502,105,170,DHelmet
_bzonl0ogb,67,594,500,97,163,DHelmet
_bzonl0ogb,68,554,498,94,159,DHelmet
_bzonl0ogb,69,514,497,90,155,DHelmet
_bzonl0ogb,70,483,495,87,151,DHelmet
_bzonl0ogb,71,451,493,84,147,DHelmet
_bzonl0ogb,72,420,491,81,144,DHelmet
_bzonl0ogb,73,392,489,78,141,DHelmet
_bzonl0ogb,74,364,488,76,137,DHelmet
_bzonl0ogb,75,341,486,74,134,DHelmet
_bzonl0ogb,76,319,485,71,130,DHelmet
_bzonl0ogb,77,297,483,69,128,DHelmet
_bzonl0ogb,78,276,482,66,124,DHelmet
_bzonl0ogb,79,258,481,63,122,DHelmet
_bzonl0ogb,80,239,481,61,119,DHelmet
_bzonl0ogb,81,220,480,59,116,DHelmet
_bzonl0ogb,82,202,479,59,114,DHelmet
_bzonl0ogb,83,184,479,58,111,DHelmet
_bzonl0ogb,84,166,478,57,109,DHelmet
_bzonl0ogb,85,152,478,56,105,DHelmet
_bzonl0ogb,86,139,477,53,103,DHelmet
_bzonl0ogb,87,125,477,51,100,DHelmet
_4olr59r5i,58,1674,558,246,354,DHelmet
_4olr59r5i,59,1585,552,293,345,DHelmet
_4olr59r5i,60,1497,550,274,332,DHelmet
_4olr59r5i,61,1423,545,257,318,DHelmet
_4olr59r5i,62,1350,540,239,305,DHelmet
_4olr59r5i,63,1287,535,223,292,DHelmet
_4olr59r5i,64,1225,530,205,279,DHelmet
_4olr59r5i,65,1169,527,192,269,DHelmet
_4olr59r5i,66,1113,524,179,259,DHelmet
_4olr59r5i,67,1068,522,166,249,DHelmet
_4olr59r5i,68,1022,520,154,239,DHelmet
_4olr59r5i,69,979,518,146,231,DHelmet
_4olr59r5i,70,935,515,139,225,DHelmet
_4olr59r5i,71,895,513,133,217,DHelmet
_4olr59r5i,72,855,511,126,209,DHelmet
_4olr59r5i,73,819,509,122,203,DHelmet
_4olr59r5i,74,783,506,118,199,DHelmet
_4olr59r5i,75,751,504,115,193,DHelmet
_4olr59r5i,76,718,501,114,189,DHelmet
_4olr59r5i,77,690,501,102,183,DHelmet
_4olr59r5i,78,661,500,92,177,DHelmet
_4olr59r5i,79,638,499,89,173,DHelmet
_4olr59r5i,80,615,497,86,170,DHelmet
_4olr59r5i,81,592,495,82,167,DHelmet
_4olr59r5i,82,569,493,79,163,DHelmet
_4olr59r5i,83,542,491,80,160,DHelmet
_4olr59r5i,84,516,490,79,156,DHelmet
_4olr59r5i,85,495,489,77,154,DHelmet
_4olr59r5i,86,474,489,76,150,DHelmet
_4olr59r5i,87,454,489,73,147,DHelmet
_4olr59r5i,88,434,490,71,143,DHelmet
_4olr59r5i,89,415,489,69,140,DHelmet
_4olr59r5i,90,396,488,67,137,DHelmet
_4olr59r5i,91,379,487,66,135,DHelmet
_4olr59r5i,92,361,486,65,133,DHelmet
_4olr59r5i,93,343,484,65,132,DHelmet
_4olr59r5i,94,326,483,64,130,DHelmet
_4olr59r5i,95,313,483,62,127,DHelmet
_4olr59r5i,96,300,483,61,123,DHelmet
_4olr59r5i,97,288,483,58,120,DHelmet
_4olr59r5i,98,275,483,57,117,DHelmet
_4olr59r5i,99,262,483,55,114,DHelmet
_4olr59r5i,100,249,483,54,111,DHelmet
_j9rqzhgoi,61,1673,553,247,287,DHelmet
_j9rqzhgoi,62,1580,547,248,271,DHelmet
_j9rqzhgoi,63,1494,545,227,259,DHelmet
_j9rqzhgoi,64,1413,540,213,250,DHelmet
_j9rqzhgoi,65,1333,536,199,240,DHelmet
_j9rqzhgoi,66,1265,532,184,230,DHelmet
_j9rqzhgoi,67,1196,527,170,221,DHelmet
_j9rqzhgoi,68,1131,522,165,215,DHelmet
_j9rqzhgoi,69,1066,517,160,210,DHelmet
_j9rqzhgoi,70,1008,515,156,201,DHelmet
_j9rqzhgoi,71,950,514,152,192,DHelmet
_j9rqzhgoi,72,903,513,144,184,DHelmet
_j9rqzhgoi,73,857,512,134,176,DHelmet
_j9rqzhgoi,74,812,510,125,170,DHelmet
_j9rqzhgoi,75,767,507,116,165,DHelmet
_j9rqzhgoi,76,728,505,106,157,DHelmet
_j9rqzhgoi,77,688,503,97,149,DHelmet
_j9rqzhgoi,78,651,502,92,145,DHelmet
_j9rqzhgoi,79,614,500,86,142,DHelmet
_j9rqzhgoi,80,580,497,85,140,DHelmet
_j9rqzhgoi,81,547,494,82,138,DHelmet
_j9rqzhgoi,82,518,493,80,135,DHelmet
_j9rqzhgoi,83,489,491,78,133,DHelmet
_j9rqzhgoi,84,463,490,75,131,DHelmet
_j9rqzhgoi,85,437,489,73,129,DHelmet
_uj88hkg6q,64,1626,550,294,438,DHelmet
_uj88hkg6q,65,1536,544,321,418,DHelmet
_uj88hkg6q,66,1454,540,295,397,DHelmet
_uj88hkg6q,67,1378,534,268,379,DHelmet
_uj88hkg6q,68,1311,530,251,362,DHelmet
_uj88hkg6q,69,1244,526,233,345,DHelmet
_uj88hkg6q,70,1185,522,211,328,DHelmet
_uj88hkg6q,71,1127,518,189,311,DHelmet
_uj88hkg6q,72,1078,516,180,300,DHelmet
_uj88hkg6q,73,1030,513,169,291,DHelmet
_uj88hkg6q,74,985,511,160,280,DHelmet
_uj88hkg6q,75,940,509,151,270,DHelmet
_uj88hkg6q,76,903,508,141,260,DHelmet
_uj88hkg6q,77,866,508,131,249,DHelmet
_uj88hkg6q,78,830,505,127,243,DHelmet
_uj88hkg6q,79,795,502,123,236,DHelmet
_uj88hkg6q,80,764,499,118,230,DHelmet
_uj88hkg6q,81,732,496,115,223,DHelmet
_uj88hkg6q,82,704,495,110,216,DHelmet
_uj88hkg6q,83,675,494,106,209,DHelmet
_uj88hkg6q,84,648,492,104,204,DHelmet
_uj88hkg6q,85,622,490,102,199,DHelmet
_uj88hkg6q,86,599,490,99,193,DHelmet
_uj88hkg6q,87,577,490,94,186,DHelmet
_uj88hkg6q,88,553,490,94,180,DHelmet
_uj88hkg6q,89,530,490,92,175,DHelmet
_uj88hkg6q,90,510,489,89,171,DHelmet
_uj88hkg6q,91,491,487,86,168,DHelmet
_uj88hkg6q,92,474,487,83,163,DHelmet
_uj88hkg6q,93,457,486,80,159,DHelmet
_uj88hkg6q,94,439,486,78,154,DHelmet
_uj88hkg6q,95,423,485,75,150,DHelmet
_uj88hkg6q,96,406,484,74,147,DHelmet
_uj88hkg6q,97,389,483,73,144,DHelmet
_uj88hkg6q,98,373,482,71,141,DHelmet
_uj88hkg6q,99,356,482,70,137,DHelmet
_uj88hkg6q,100,339,481,68,134,DHelmet
_k1p7p5zfp,67,1616,586,304,494,DHelmet
_k1p7p5zfp,68,1471,573,385,507,DHelmet
_k1p7p5zfp,69,1346,558,332,486,DHelmet
_k1p7p5zfp,70,1235,549,291,447,DHelmet
_k1p7p5zfp,71,1139,540,255,416,DHelmet
_k1p7p5zfp,72,1055,536,226,383,DHelmet
_k1p7p5zfp,73,978,531,206,357,DHelmet
_k1p7p5zfp,74,910,525,182,335,DHelmet
_k1p7p5zfp,75,850,520,169,319,DHelmet
_k1p7p5zfp,76,798,516,157,302,DHelmet
_k1p7p5zfp,77,746,511,144,287,DHelmet
_k1p7p5zfp,78,700,508,134,271,DHelmet
_k1p7p5zfp,79,654,505,124,255,DHelmet
_k1p7p5zfp,80,614,502,118,245,DHelmet
_k1p7p5zfp,81,580,498,111,237,DHelmet
_k1p7p5zfp,82,547,495,104,228,DHelmet
_k1p7p5zfp,83,516,493,98,219,DHelmet
_k1p7p5zfp,84,485,491,92,210,DHelmet
_k1p7p5zfp,85,454,489,93,201,DHelmet
_k1p7p5zfp,86,429,487,90,195,DHelmet
_k1p7p5zfp,87,405,486,87,189,DHelmet
_k1p7p5zfp,88,381,485,83,182,DHelmet
_k1p7p5zfp,89,358,483,80,177,DHelmet
_k1p7p5zfp,90,335,482,76,170,DHelmet
_k1p7p5zfp,91,318,480,72,165,DHelmet
_k1p7p5zfp,92,300,479,69,158,DHelmet
_k1p7p5zfp,93,282,479,67,154,DHelmet
_k1p7p5zfp,94,265,478,65,150,DHelmet
_k1p7p5zfp,95,247,478,64,146,DHelmet
_k1p7p5zfp,96,233,478,61,141,DHelmet
_k1p7p5zfp,97,219,478,59,137,DHelmet
_k1p7p5zfp,98,205,477,57,133,DHelmet
_k1p7p5zfp,99,190,477,56,129,DHelmet
_k1p7p5zfp,100,176,477,55,124,DHelmet
_uqof91gpo,76,1687,560,233,311,DHelmetP1Helmet
_uqof91gpo,77,1620,556,263,300,DHelmetP1Helmet
_uqof91gpo,78,1559,552,244,290,DHelmetP1Helmet
_uqof91gpo,79,1498,548,225,280,DHelmetP1Helmet
_uqof91gpo,80,1445,544,212,272,DHelmetP1Helmet
_uqof91gpo,81,1391,541,200,264,DHelmetP1Helmet
_uqof91gpo,82,1345,541,188,252,DHelmetP1Helmet
_uqof91gpo,83,1302,538,175,247,DHelmetP1Helmet
_uqof91gpo,84,1262,535,166,238,DHelmetP1Helmet
_uqof91gpo,85,1222,532,158,228,DHelmetP1Helmet
_uqof91gpo,86,1183,529,148,219,DHelmetP1Helmet
