track_id,frame_id,x,y,w,h,label
_khcpl6ghg,1,1174,653,608,427,DHelmetP1Helmet
_khcpl6ghg,2,1449,649,471,431,DHelmetP1Helmet
_cqmvlg0ja,1,360,606,200,227,DHelmetP1Helmet
_cqmvlg0ja,2,445,607,207,227,DHelmetP1Helmet
_cqmvlg0ja,3,530,609,213,227,DHelmetP1Helmet
_cqmvlg0ja,4,621,605,219,221,DHelmetP1Helmet
_cqmvlg0ja,5,712,601,193,153,DHelmetP1Helmet
_cqmvlg0ja,6,814,601,114,211,DHelmetP1Helmet
_cqmvlg0ja,7,907,593,128,252,DHelmetP1Helmet
_cqmvlg0ja,8,1016,589,189,263,DHelmetP1Helmet
_cqmvlg0ja,9,1129,585,271,275,DHelmetP1Helmet
_cqmvlg0ja,10,1256,581,317,287,DHelmetP1Helmet
_cqmvlg0ja,11,1392,578,342,293,DHelmetP1Helmet
_cqmvlg0ja,12,1527,575,367,299,DHelmetP1Helmet
_cqmvlg0ja,13,1681,565,239,308,DHelmetP1Helmet
_41ffjyg45,1,197,661,300,319,DHelmetP0HelmetP1NoHelmetP2Helmet
_41ffjyg45,2,306,660,321,329,DHelmetP0HelmetP1NoHelmetP2Helmet
_41ffjyg45,3,423,658,342,340,DHelmetP0HelmetP1NoHelmetP2Helmet
_41ffjyg45,4,551,653,364,357,DHelmetP0HelmetP1NoHelmetP2Helmet
_41ffjyg45,5,690,653,391,373,DHelmetP0HelmetP1NoHelmetP2Helmet
_41ffjyg45,6,832,652,431,387,DHelmetP0HelmetP1NoHelmetP2Helmet
_41ffjyg45,7,1028,650,437,405,DHelmetP0HelmetP1NoHelmetP2Helmet
_41ffjyg45,8,1182,652,505,414,DHelmetP0HelmetP1NoHelmetP2Helmet
_41ffjyg45,9,1382,644,538,414,DHelmetP0HelmetP1NoHelmetP2Helmet
_41ffjyg45,10,1595,638,325,441,DHelmetP0HelmetP1NoHelmetP2Helmet
_xfke2oz8d,2,4,698,249,372,DHelmet
_xfke2oz8d,3,100,697,319,383,DHelmet
_xfke2oz8d,4,252,696,357,384,DHelmet
_xfke2oz8d,5,425,694,395,386,DHelmet
_xfke2oz8d,6,625,696,435,384,DHelmet
_xfke2oz8d,7,843,696,485,384,DHelmet
_xfke2oz8d,8,1100,690,565,389,DHelmet
_xfke2oz8d,9,1393,689,527,391,DHelmet
_ey37jd96e,1,652,591,142,150,DNoHelmetP1NoHelmetP2NoHelmet
_ey37jd96e,2,615,593,140,147,DNoHelmetP1NoHelmetP2NoHelmet
_ey37jd96e,3,578,594,138,145,DNoHelmetP1NoHelmetP2NoHelmet
_ey37jd96e,4,541,595,137,144,DNoHelmetP1NoHelmetP2NoHelmet
_ey37jd96e,5,504,597,135,141,DNoHelmetP1NoHelmetP2NoHelmet
_ey37jd96e,6,467,598,131,140,DNoHelmetP1NoHelmetP2NoHelmet
_ey37jd96e,7,429,599,128,139,DNoHelmetP1NoHelmetP2NoHelmet
_ey37jd96e,8,396,599,129,140,DNoHelmetP1NoHelmetP2NoHelmet
_ey37jd96e,9,363,602,127,136,DNoHelmetP1NoHelmetP2NoHelmet
_ey37jd96e,10,329,604,127,133,DNoHelmetP1NoHelmetP2NoHelmet
_ey37jd96e,11,296,606,125,131,DNoHelmetP1NoHelmetP2NoHelmet
_ey37jd96e,12,265,608,122,129,DNoHelmetP1NoHelmetP2NoHelmet
_ey37jd96e,13,235,609,117,129,DNoHelmetP1NoHelmetP2NoHelmet
_ey37jd96e,14,205,611,113,128,DNoHelmetP1NoHelmetP2NoHelmet
_ey37jd96e,15,175,613,109,126,DNoHelmetP1NoHelmetP2NoHelmet
_ey37jd96e,16,146,611,109,127,DNoHelmetP1NoHelmetP2NoHelmet
_ey37jd96e,17,120,613,107,126,DNoHelmetP1NoHelmetP2NoHelmet
_ey37jd96e,18,94,614,105,126,DNoHelmetP1NoHelmetP2NoHelmet
_ey37jd96e,19,68,615,102,126,DNoHelmetP1NoHelmetP2NoHelmet
_ey37jd96e,20,49,617,94,122,DNoHelmetP1NoHelmetP2NoHelmet
_ey37jd96e,21,31,618,85,120,DNoHelmetP1NoHelmetP2NoHelmet
_ey37jd96e,22,4,618,86,92,DNoHelmetP1NoHelmetP2NoHelmet
_ey37jd96e,23,4,618,58,121,DNoHelmetP1NoHelmetP2NoHelmet
_kl4fgax6t,1,1303,558,190,183,DNoHelmetP1NoHelmetP2NoHelmet
_kl4fgax6t,2,1246,560,185,181,DNoHelmetP1NoHelmetP2NoHelmet
_kl4fgax6t,3,1188,562,182,179,DNoHelmetP1NoHelmetP2NoHelmet
_kl4fgax6t,4,1135,566,177,175,DNoHelmetP1NoHelmetP2NoHelmet
_kl4fgax6t,5,1081,570,173,171,DNoHelmetP1NoHelmetP2NoHelmet
_kl4fgax6t,6,1030,571,170,170,DNoHelmetP1NoHelmetP2NoHelmet
_kl4fgax6t,7,983,572,164,168,DNoHelmetP1NoHelmetP2NoHelmet
_kl4fgax6t,8,936,573,159,167,DNoHelmetP1NoHelmetP2NoHelmet
_kl4fgax6t,9,888,574,155,165,DNoHelmetP1NoHelmetP2NoHelmet
_kl4fgax6t,10,845,576,149,165,DNoHelmetP1NoHelmetP2NoHelmet
_kl4fgax6t,11,801,578,144,164,DNoHelmetP1NoHelmetP2NoHelmet
_kl4fgax6t,12,763,580,137,161,DNoHelmetP1NoHelmetP2NoHelmet
_kl4fgax6t,13,725,582,129,157,DNoHelmetP1NoHelmetP2NoHelmet
_kl4fgax6t,14,686,585,123,153,DNoHelmetP1NoHelmetP2NoHelmet
_kl4fgax6t,15,654,586,113,151,DNoHelmetP1NoHelmetP2NoHelmet
_kl4fgax6t,16,622,587,102,150,DNoHelmetP1NoHelmetP2NoHelmet
_2uod9oux0,5,3,642,175,254,DHelmetP1Helmet
_2uod9oux0,6,64,640,212,263,DHelmetP1Helmet
_2uod9oux0,7,159,639,224,270,DHelmetP1Helmet
_2uod9oux0,8,254,638,236,277,DHelmetP1Helmet
_2uod9oux0,9,363,634,250,287,DHelmetP1Helmet
_2uod9oux0,10,472,630,265,298,DHelmetP1Helmet
_2uod9oux0,11,597,625,285,312,DHelmetP1Helmet
_2uod9oux0,12,723,619,305,326,DHelmetP1Helmet
_2uod9oux0,13,872,617,333,342,DHelmetP1Helmet
_2uod9oux0,14,1021,615,361,357,DHelmetP1Helmet
_2uod9oux0,15,1204,611,395,373,DHelmetP1Helmet
_2uod9oux0,16,1388,607,429,389,DHelmetP1Helmet
_2uod9oux0,17,1596,602,324,397,DHelmetP1Helmet
_oz0ijmtvn,16,1,673,163,304,DHelmetP1Helmet
_oz0ijmtvn,17,29,674,250,314,DHelmetP1Helmet
_oz0ijmtvn,18,128,670,285,328,DHelmetP1Helmet
_oz0ijmtvn,19,242,666,306,342,DHelmetP1Helmet
_oz0ijmtvn,20,373,662,328,359,DHelmetP1Helmet
_oz0ijmtvn,21,511,661,351,375,DHelmetP1Helmet
_oz0ijmtvn,22,661,660,382,391,DHelmetP1Helmet
_oz0ijmtvn,23,830,658,411,409,DHelmetP1Helmet
_oz0ijmtvn,24,1010,658,460,421,DHelmetP1Helmet
_oz0ijmtvn,25,1214,657,505,423,DHelmetP1Helmet
_oz0ijmtvn,26,1436,648,484,432,DHelmetP1Helmet
_oz0ijmtvn,27,1685,640,235,440,DHelmetP1Helmet
_wxksefxb2,99,3,731,253,349,DNoHelmetP1NoHelmetP2NoHelmet
_wxksefxb2,100,2,725,380,355,DNoHelmetP1NoHelmetP2NoHelmet
_t5b1gp7bp,98,1740,553,180,193,DHelmetP1Helmet
_t5b1gp7bp,99,1631,553,219,192,DHelmetP1Helmet
_t5b1gp7bp,100,1531,553,208,193,DHelmetP1Helmet
_d6838mzni,21,1,662,214,348,DHelmetP1Helmet
_d6838mzni,22,31,666,307,358,DHelmetP1Helmet
_d6838mzni,23,143,662,327,372,DHelmetP1Helmet
_d6838mzni,24,266,653,347,390,DHelmetP1Helmet
_d6838mzni,25,403,654,372,406,DHelmetP1Helmet
_d6838mzni,26,545,649,403,426,DHelmetP1Helmet
_d6838mzni,27,702,650,440,429,DHelmetP1Helmet
_d6838mzni,28,878,649,478,431,DHelmetP1Helmet
_d6838mzni,29,1077,645,521,435,DHelmetP1Helmet
_d6838mzni,30,1291,640,583,440,DHelmetP1Helmet
_d6838mzni,31,1525,629,395,451,DHelmetP1Helmet
_slt7xahkp,22,5,702,326,378,DNoHelmetP1Helmet
_slt7xahkp,23,64,705,390,375,DNoHelmetP1Helmet
_slt7xahkp,24,206,701,385,378,DNoHelmetP1Helmet
_slt7xahkp,25,334,697,397,383,DNoHelmetP1Helmet
_slt7xahkp,26,484,698,410,382,DNoHelmetP1Helmet
_slt7xahkp,27,633,705,429,375,DNoHelmetP1Helmet
_slt7xahkp,28,789,701,465,379,DNoHelmetP1Helmet
_slt7xahkp,29,946,698,516,382,DNoHelmetP1Helmet
_slt7xahkp,30,1168,692,400,388,DNoHelmetP1Helmet
_slt7xahkp,31,1392,698,442,382,DNoHelmetP1Helmet
_by06kgylk,23,0,732,239,348,DHelmetP1Helmet
_by06kgylk,24,2,743,373,337,DHelmetP1Helmet
_by06kgylk,25,116,740,422,340,DHelmetP1Helmet
_by06kgylk,26,274,741,425,339,DHelmetP1Helmet
_by06kgylk,27,436,739,444,340,DHelmetP1Helmet
_by06kgylk,28,627,739,466,340,DHelmetP1Helmet
_by06kgylk,29,818,740,489,339,DHelmetP1Helmet
_by06kgylk,30,1042,739,528,341,DHelmetP1Helmet
_by06kgylk,31,1299,744,571,336,DHelmetP1Helmet
_7nx3m6tu5,19,1756,561,164,184,DNoHelmetP1NoHelmetP2NoHelmet
_7nx3m6tu5,20,1694,561,223,185,DNoHelmetP1NoHelmetP2NoHelmet
_7nx3m6tu5,21,1630,561,221,181,DNoHelmetP1NoHelmetP2NoHelmet
_7nx3m6tu5,22,1574,563,213,180,DNoHelmetP1NoHelmetP2NoHelmet
_7nx3m6tu5,23,1517,565,206,179,DNoHelmetP1NoHelmetP2NoHelmet
_7nx3m6tu5,24,1461,567,198,178,DNoHelmetP1NoHelmetP2NoHelmet
_7nx3m6tu5,25,1407,568,194,176,DNoHelmetP1NoHelmetP2NoHelmet
_7nx3m6tu5,26,1352,569,191,175,DNoHelmetP1NoHelmetP2NoHelmet
_7nx3m6tu5,27,1298,570,187,173,DNoHelmetP1NoHelmetP2NoHelmet
_7nx3m6tu5,28,1247,573,181,170,DNoHelmetP1NoHelmetP2NoHelmet
_7nx3m6tu5,29,1196,575,175,167,DNoHelmetP1NoHelmetP2NoHelmet
_7nx3m6tu5,30,1145,578,170,164,DNoHelmetP1NoHelmetP2NoHelmet
_7nx3m6tu5,31,1097,578,170,164,DNoHelmetP1NoHelmetP2NoHelmet
_7nx3m6tu5,32,1049,578,169,164,DNoHelmetP1NoHelmetP2NoHelmet
_7nx3m6tu5,33,1033,582,132,157,DNoHelmetP1NoHelmetP2NoHelmet
_7nx3m6tu5,34,1018,583,91,69,DNoHelmetP1NoHelmetP2NoHelmet
_7nx3m6tu5,35,950,583,98,68,DNoHelmetP1NoHelmetP2NoHelmet
_7nx3m6tu5,36,868,586,154,155,DNoHelmetP1NoHelmetP2NoHelmet
_7nx3m6tu5,37,826,587,152,154,DNoHelmetP1NoHelmetP2NoHelmet
_7nx3m6tu5,38,784,589,151,152,DNoHelmetP1NoHelmetP2NoHelmet
_7nx3m6tu5,39,769,590,117,149,DNoHelmetP1NoHelmetP2NoHelmet
_7nx3m6tu5,40,723,592,120,148,DNoHelmetP1NoHelmetP2NoHelmet
_7nx3m6tu5,41,677,594,122,147,DNoHelmetP1NoHelmetP2NoHelmet
_7nx3m6tu5,42,631,596,125,145,DNoHelmetP1NoHelmetP2NoHelmet
_7nx3m6tu5,43,585,598,127,144,DNoHelmetP1NoHelmetP2NoHelmet
_7nx3m6tu5,44,557,599,117,142,DNoHelmetP1NoHelmetP2NoHelmet
_7nx3m6tu5,45,528,599,108,140,DNoHelmetP1NoHelmetP2NoHelmet
_7nx3m6tu5,46,486,599,111,140,DNoHelmetP1NoHelmetP2NoHelmet
_7nx3m6tu5,47,444,599,113,140,DNoHelmetP1NoHelmetP2NoHelmet
_7nx3m6tu5,48,412,600,113,140,DNoHelmetP1NoHelmetP2NoHelmet
_7nx3m6tu5,49,380,601,113,140,DNoHelmetP1NoHelmetP2NoHelmet
_7nx3m6tu5,50,345,602,113,138,DNoHelmetP1NoHelmetP2NoHelmet
_7nx3m6tu5,51,310,603,113,136,DNoHelmetP1NoHelmetP2NoHelmet
_7nx3m6tu5,52,278,606,112,134,DNoHelmetP1NoHelmetP2NoHelmet
_7nx3m6tu5,53,245,609,111,132,DNoHelmetP1NoHelmetP2NoHelmet
_7nx3m6tu5,54,217,611,106,128,DNoHelmetP1NoHelmetP2NoHelmet
_7nx3m6tu5,55,210,613,89,108,DNoHelmetP1NoHelmetP2NoHelmet
_7nx3m6tu5,56,193,613,71,43,DNoHelmetP1NoHelmetP2NoHelmet
_7nx3m6tu5,57,165,613,72,43,DNoHelmetP1NoHelmetP2NoHelmet
_7nx3m6tu5,58,138,613,71,43,DNoHelmetP1NoHelmetP2NoHelmet
_7nx3m6tu5,59,73,617,100,113,DNoHelmetP1NoHelmetP2NoHelmet
_7nx3m6tu5,60,51,617,102,124,DNoHelmetP1NoHelmetP2NoHelmet
_7nx3m6tu5,61,25,618,103,124,DNoHelmetP1NoHelmetP2NoHelmet
_7nx3m6tu5,62,3,619,94,124,DNoHelmetP1NoHelmetP2NoHelmet
_ao3w9g4jm,25,2,677,143,299,DHelmetP1Helmet
_ao3w9g4jm,26,49,673,255,329,DHelmetP1Helmet
_ao3w9g4jm,27,151,672,296,346,DHelmetP1Helmet
_ao3w9g4jm,28,259,668,317,362,DHelmetP1Helmet
_ao3w9g4jm,29,375,665,337,377,DHelmetP1Helmet
_ao3w9g4jm,30,508,664,365,396,DHelmetP1Helmet
_ao3w9g4jm,31,641,662,393,416,DHelmetP1Helmet
_ao3w9g4jm,32,792,662,426,418,DHelmetP1Helmet
_ao3w9g4jm,33,962,664,476,416,DHelmetP1Helmet
_ao3w9g4jm,34,1132,665,525,415,DHelmetP1Helmet
_ao3w9g4jm,35,1335,657,574,423,DHelmetP1Helmet
_ao3w9g4jm,36,1554,648,366,432,DHelmetP1Helmet
_lk0gil9pa,38,1,614,111,195,DHelmetP0NoHelmetP1NoHelmet
_lk0gil9pa,39,17,614,155,203,DHelmetP0NoHelmetP1NoHelmet
_lk0gil9pa,40,72,612,165,208,DHelmetP0NoHelmetP1NoHelmet
_lk0gil9pa,41,127,610,176,212,DHelmetP0NoHelmetP1NoHelmet
_lk0gil9pa,42,193,607,180,217,DHelmetP0NoHelmetP1NoHelmet
_lk0gil9pa,43,259,603,183,222,DHelmetP0NoHelmetP1NoHelmet
_lk0gil9pa,44,329,601,191,225,DHelmetP0NoHelmetP1NoHelmet
_lk0gil9pa,45,399,599,198,229,DHelmetP0NoHelmetP1NoHelmet
_lk0gil9pa,46,478,597,207,235,DHelmetP0NoHelmetP1NoHelmet
_lk0gil9pa,47,558,594,215,242,DHelmetP0NoHelmetP1NoHelmet
_lk0gil9pa,48,647,591,225,249,DHelmetP0NoHelmetP1NoHelmet
_lk0gil9pa,49,736,589,236,256,DHelmetP0NoHelmetP1NoHelmet
_lk0gil9pa,50,834,585,249,264,DHelmetP0NoHelmetP1NoHelmet
_lk0gil9pa,51,933,581,261,272,DHelmetP0NoHelmetP1NoHelmet
_lk0gil9pa,52,1046,575,277,283,DHelmetP0NoHelmetP1NoHelmet
_lk0gil9pa,53,1159,570,292,292,DHelmetP0NoHelmetP1NoHelmet
_lk0gil9pa,54,1287,566,315,304,DHelmetP0NoHelmetP1NoHelmet
_lk0gil9pa,55,1416,562,338,315,DHelmetP0NoHelmetP1NoHelmet
_lk0gil9pa,56,1562,559,358,323,DHelmetP0NoHelmetP1NoHelmet
_lk0gil9pa,57,1722,557,198,325,DHelmetP0NoHelmetP1NoHelmet
_uqhh2g0sw,50,1,743,274,337,DHelmetP1Helmet
_uqhh2g0sw,51,61,736,393,344,DHelmetP1Helmet
_uqhh2g0sw,52,233,736,414,344,DHelmetP1Helmet
_uqhh2g0sw,53,419,733,459,347,DHelmetP1Helmet
_uqhh2g0sw,54,630,735,479,345,DHelmetP1Helmet
_uqhh2g0sw,55,868,730,542,350,DHelmetP1Helmet
_uqhh2g0sw,56,1132,725,512,355,DHelmetP1Helmet
_uqhh2g0sw,57,1443,729,477,351,DHelmetP1Helmet
_zk921vh3f,49,2,668,140,295,DNoHelmet
_zk921vh3f,50,60,669,187,300,DNoHelmet
_zk921vh3f,51,164,670,199,303,DNoHelmet
_zk921vh3f,52,190,666,267,303,DNoHelmet
_zk921vh3f,53,304,660,173,328,DNoHelmet
_zk921vh3f,54,429,662,242,334,DNoHelmet
_zk921vh3f,55,569,660,317,360,DNoHelmet
_zk921vh3f,56,709,658,393,386,DNoHelmet
_zk921vh3f,57,869,656,430,402,DNoHelmet
_zk921vh3f,58,1048,654,466,418,DNoHelmet
_zk921vh3f,59,1242,652,508,427,DNoHelmet
_zk921vh3f,60,1457,645,463,435,DNoHelmet
_kc2bde6ye,62,1770,547,150,194,DHelmetP1NoHelmetP2Helmet
_kc2bde6ye,63,1678,547,223,194,DHelmetP1NoHelmetP2Helmet
_kc2bde6ye,64,1631,548,176,192,DHelmetP1NoHelmetP2Helmet
_kc2bde6ye,65,1583,549,131,190,DHelmetP1NoHelmetP2Helmet
_kc2bde6ye,66,1501,554,130,150,DHelmetP1NoHelmetP2Helmet
_g5ugrwwb1,85,1,678,163,358,DHelmetP1Helmet
_g5ugrwwb1,86,2,680,273,363,DHelmetP1Helmet
_g5ugrwwb1,87,80,678,314,381,DHelmetP1Helmet
_g5ugrwwb1,88,196,677,336,393,DHelmetP1Helmet
_g5ugrwwb1,89,312,676,358,404,DHelmetP1Helmet
_g5ugrwwb1,90,446,673,387,407,DHelmetP1Helmet
_g5ugrwwb1,91,581,670,415,410,DHelmetP1Helmet
_g5ugrwwb1,92,732,673,457,407,DHelmetP1Helmet
_g5ugrwwb1,93,899,669,497,411,DHelmetP1Helmet
_g5ugrwwb1,94,1083,665,535,415,DHelmetP1Helmet
_g5ugrwwb1,95,1277,664,589,416,DHelmetP1Helmet
_g5ugrwwb1,96,1501,660,419,419,DHelmetP1Helmet
_tjciiek2m,84,395,597,124,139,DHelmetP1Helmet
_tjciiek2m,85,359,598,124,139,DHelmetP1Helmet
_tjciiek2m,86,317,602,120,136,DHelmetP1Helmet
_tjciiek2m,87,280,603,115,140,DHelmetP1Helmet
_tjciiek2m,88,244,605,115,137,DHelmetP1Helmet
_tjciiek2m,89,209,607,113,134,DHelmetP1Helmet
_tjciiek2m,90,174,609,112,131,DHelmetP1Helmet
_tjciiek2m,91,139,611,110,128,DHelmetP1Helmet
_tjciiek2m,92,108,611,107,127,DHelmetP1Helmet
_tjciiek2m,93,77,611,103,126,DHelmetP1Helmet
_tjciiek2m,94,49,612,100,124,DHelmetP1Helmet
_tjciiek2m,95,20,613,99,122,DHelmetP1Helmet
_tjciiek2m,96,1,613,84,126,DHelmetP1Helmet
_sm7cvpi6y,57,3,729,299,351,DNoHelmetP1NoHelmet
_sm7cvpi6y,58,61,733,369,346,DNoHelmetP1NoHelmet
_sm7cvpi6y,59,186,733,382,347,DNoHelmetP1NoHelmet
_sm7cvpi6y,60,308,735,410,345,DNoHelmetP1NoHelmet
_sm7cvpi6y,61,447,739,434,341,DNoHelmetP1NoHelmet
_sm7cvpi6y,62,601,737,470,343,DNoHelmetP1NoHelmet
_sm7cvpi6y,63,777,731,452,348,DNoHelmetP1NoHelmet
_sm7cvpi6y,64,957,735,470,345,DNoHelmetP1NoHelmet
_sm7cvpi6y,65,1170,737,498,343,DNoHelmetP1NoHelmet
_sm7cvpi6y,66,1471,745,447,335,DNoHelmetP1NoHelmet
_fw45afjod,59,55,682,188,397,DNoHelmetP1Helmet
_fw45afjod,60,176,674,198,405,DNoHelmetP1Helmet
_fw45afjod,61,322,674,210,406,DNoHelmetP1Helmet
_fw45afjod,62,475,648,224,432,DNoHelmetP1Helmet
_fw45afjod,63,646,650,233,430,DNoHelmetP1Helmet
_fw45afjod,64,820,645,242,435,DNoHelmetP1Helmet
_fw45afjod,65,1020,657,275,423,DNoHelmetP1Helmet
_fw45afjod,66,1239,635,301,445,DNoHelmetP1Helmet
_fw45afjod,67,1484,627,345,453,DNoHelmetP1Helmet
_deedjzfyz,60,45,670,166,337,DHelmet
_deedjzfyz,61,88,669,272,347,DHelmet
_deedjzfyz,62,199,668,309,364,DHelmet
_deedjzfyz,63,318,665,337,383,DHelmet
_deedjzfyz,64,452,663,362,398,DHelmet
_deedjzfyz,65,590,661,389,413,DHelmet
_deedjzfyz,66,743,657,426,422,DHelmet
_deedjzfyz,67,915,656,471,424,DHelmet
_deedjzfyz,68,1087,654,517,426,DHelmet
_deedjzfyz,69,1289,648,565,431,DHelmet
_deedjzfyz,70,1507,642,413,438,DHelmet
_6fzib0qd6,73,1788,545,132,188,DHelmet
_6fzib0qd6,74,1702,545,208,189,DHelmet
_6fzib0qd6,75,1623,549,208,182,DHelmet
_6fzib0qd6,76,1554,551,198,181,DHelmet
_6fzib0qd6,77,1485,553,187,180,DHelmet
_6fzib0qd6,78,1422,557,181,175,DHelmet
_6fzib0qd6,79,1359,561,175,170,DHelmet
_6fzib0qd6,80,1295,565,170,165,DHelmet
_6fzib0qd6,81,1277,565,123,164,DHelmet
_6fzib0qd6,82,1209,566,123,162,DHelmet
_6fzib0qd6,83,1141,568,123,159,DHelmet
_6fzib0qd6,84,1073,570,123,156,DHelmet
_6fzib0qd6,85,1025,573,144,155,DHelmet
_6fzib0qd6,86,977,575,144,155,DHelmet
_6fzib0qd6,87,931,577,140,152,DHelmet
_6fzib0qd6,88,885,578,136,151,DHelmet
_6fzib0qd6,89,843,579,132,149,DHelmet
_6fzib0qd6,90,801,581,128,146,DHelmet
_6fzib0qd6,91,763,582,125,146,DHelmet
_6fzib0qd6,92,724,584,122,145,DHelmet
_6fzib0qd6,93,688,586,119,143,DHelmet
_6fzib0qd6,94,652,587,117,143,DHelmet
_6fzib0qd6,95,618,589,115,141,DHelmet
_6fzib0qd6,96,585,590,113,140,DHelmet
_6fzib0qd6,97,552,591,111,139,DHelmet
_6fzib0qd6,98,520,593,109,137,DHelmet
_6fzib0qd6,99,489,594,107,136,DHelmet
_6fzib0qd6,100,458,595,105,135,DHelmet
_8afj3clj9,63,1,678,250,397,DHelmetP1Helmet
_8afj3clj9,64,51,680,332,400,DHelmetP1Helmet
_8afj3clj9,65,167,673,363,407,DHelmetP1Helmet
_8afj3clj9,66,306,672,390,408,DHelmetP1Helmet
_8afj3clj9,67,444,670,418,410,DHelmetP1Helmet
_8afj3clj9,68,602,668,461,412,DHelmetP1Helmet
_8afj3clj9,69,769,664,504,416,DHelmetP1Helmet
_8afj3clj9,70,963,660,546,420,DHelmetP1Helmet
_8afj3clj9,71,1173,658,593,422,DHelmetP1Helmet
_8afj3clj9,72,1406,652,514,428,DHelmetP1Helmet
_gckecy5yn,67,1,682,208,340,DHelmetP1HelmetP2Helmet
_gckecy5yn,68,19,676,293,354,DHelmetP1HelmetP2Helmet
_gckecy5yn,69,116,673,311,367,DHelmetP1HelmetP2Helmet
_gckecy5yn,70,213,670,328,381,DHelmetP1HelmetP2Helmet
_gckecy5yn,71,324,668,351,396,DHelmetP1HelmetP2Helmet
_gckecy5yn,72,435,665,374,411,DHelmetP1HelmetP2Helmet
_gckecy5yn,73,565,666,398,412,DHelmetP1HelmetP2Helmet
_gckecy5yn,74,694,668,424,412,DHelmetP1HelmetP2Helmet
_gckecy5yn,75,848,665,459,415,DHelmetP1HelmetP2Helmet
_gckecy5yn,76,1001,662,494,418,DHelmetP1HelmetP2Helmet
_gckecy5yn,77,1172,658,542,422,DHelmetP1HelmetP2Helmet
_gckecy5yn,78,1358,653,562,427,DHelmetP1HelmetP2Helmet
_gckecy5yn,79,1576,649,344,431,DHelmetP1HelmetP2Helmet
_bpbtvxbqv,72,1,724,333,356,DHelmetP1Helmet
_bpbtvxbqv,73,108,721,404,358,DHelmetP1Helmet
_bpbtvxbqv,74,274,721,428,359,DHelmetP1Helmet
_bpbtvxbqv,75,440,720,453,360,DHelmetP1Helmet
_bpbtvxbqv,76,638,719,478,361,DHelmetP1Helmet
_bpbtvxbqv,77,835,719,504,361,DHelmetP1Helmet
_bpbtvxbqv,78,1093,715,537,365,DHelmetP1Helmet
_bpbtvxbqv,79,1352,712,568,368,DHelmetP1Helmet
_yifd6ocn2,73,2,700,139,342,DNoHelmet
_yifd6ocn2,74,73,697,214,353,DNoHelmet
_yifd6ocn2,75,179,702,285,376,DNoHelmet
_yifd6ocn2,76,292,700,347,380,DNoHelmet
_yifd6ocn2,77,415,702,368,378,DNoHelmet
_yifd6ocn2,78,553,706,404,374,DNoHelmet
_yifd6ocn2,79,690,710,441,370,DNoHelmet
_yifd6ocn2,80,851,712,476,368,DNoHelmet
_yifd6ocn2,81,1033,712,512,368,DNoHelmet
_yifd6ocn2,82,1227,714,574,366,DNoHelmet
_yifd6ocn2,83,1465,714,455,366,DNoHelmet
_lb4te29rw,74,3,662,145,262,DHelmet
_lb4te29rw,75,49,661,190,299,DHelmet
_lb4te29rw,76,124,660,225,312,DHelmet
_lb4te29rw,77,213,658,247,326,DHelmet
_lb4te29rw,78,310,655,271,341,DHelmet
_lb4te29rw,79,407,652,295,356,DHelmet
_lb4te29rw,80,522,650,316,371,DHelmet
_lb4te29rw,81,638,648,337,386,DHelmet
_lb4te29rw,82,768,647,369,403,DHelmet
_lb4te29rw,83,898,646,401,421,DHelmet
_lb4te29rw,84,1056,646,437,429,DHelmet
_lb4te29rw,85,1214,646,474,434,DHelmet
_lb4te29rw,86,1396,641,520,439,DHelmet
_lb4te29rw,87,1587,634,333,446,DHelmet
