track_id,frame_id,x,y,w,h,label
_tfrwvi6g1,1,1618,622,302,455,DHelmet
_tfrwvi6g1,2,1686,628,234,449,DHelmet
_yx1ko0d2c,1,629,533,90,161,DHelmet
_yx1ko0d2c,2,605,530,89,160,DHelmet
_yx1ko0d2c,3,581,528,88,157,DHelmet
_yx1ko0d2c,4,559,527,86,154,DHelmet
_yx1ko0d2c,5,537,527,84,150,DHelmet
_yx1ko0d2c,6,515,527,83,145,DHelmet
_yx1ko0d2c,7,493,527,83,140,DHelmet
_yx1ko0d2c,8,477,525,78,138,DHelmet
_yx1ko0d2c,9,461,524,72,134,DHelmet
_yx1ko0d2c,10,442,521,72,134,DHelmet
_yx1ko0d2c,11,423,519,72,134,DHelmet
_yx1ko0d2c,12,405,518,72,131,DHelmet
_yx1ko0d2c,13,388,518,71,127,DHelmet
_yx1ko0d2c,14,373,518,72,124,DHelmet
_yx1ko0d2c,15,359,519,71,120,DHelmet
_yx1ko0d2c,16,347,516,66,120,DHelmet
_yx1ko0d2c,17,336,514,61,120,DHelmet
_yx1ko0d2c,18,323,515,60,117,DHelmet
_yx1ko0d2c,19,309,516,61,114,DHelmet
_yx1ko0d2c,20,296,513,61,114,DHelmet
_yx1ko0d2c,21,284,510,60,114,DHelmet
_yx1ko0d2c,22,276,511,57,111,DHelmet
_yx1ko0d2c,23,268,512,53,108,DHelmet
_yx1ko0d2c,24,255,512,53,105,DHelmet
_yx1ko0d2c,25,242,512,53,103,DHelmet
_yx1ko0d2c,26,231,512,54,101,DHelmet
_yx1ko0d2c,27,221,513,54,99,DHelmet
_yx1ko0d2c,28,211,510,54,99,DHelmet
_yx1ko0d2c,29,201,508,54,99,DHelmet
_yx1ko0d2c,30,192,507,54,99,DHelmet
_yx1ko0d2c,31,183,507,53,99,DHelmet
_yx1ko0d2c,32,176,507,51,96,DHelmet
_yx1ko0d2c,33,169,508,48,93,DHelmet
_shc3k6lcq,1,417,530,84,148,DHelmetP1Helmet
_shc3k6lcq,2,400,527,82,147,DHelmetP1Helmet
_shc3k6lcq,3,384,525,78,145,DHelmetP1Helmet
_shc3k6lcq,4,368,524,75,141,DHelmetP1Helmet
_shc3k6lcq,5,351,523,73,136,DHelmetP1Helmet
_shc3k6lcq,6,337,522,71,132,DHelmetP1Helmet
_shc3k6lcq,7,323,521,70,129,DHelmetP1Helmet
_shc3k6lcq,8,310,520,68,127,DHelmetP1Helmet
_shc3k6lcq,9,296,519,67,125,DHelmetP1Helmet
_shc3k6lcq,10,283,520,66,121,DHelmetP1Helmet
_shc3k6lcq,11,270,521,66,117,DHelmetP1Helmet
_shc3k6lcq,12,260,518,63,117,DHelmetP1Helmet
_shc3k6lcq,13,250,515,59,117,DHelmetP1Helmet
_shc3k6lcq,14,238,516,59,114,DHelmetP1Helmet
_shc3k6lcq,15,226,517,60,111,DHelmetP1Helmet
_shc3k6lcq,16,217,516,58,109,DHelmetP1Helmet
_shc3k6lcq,17,208,516,56,107,DHelmetP1Helmet
_shc3k6lcq,18,199,514,55,105,DHelmetP1Helmet
_shc3k6lcq,19,190,512,54,104,DHelmetP1Helmet
_shc3k6lcq,20,184,512,50,103,DHelmetP1Helmet
_shc3k6lcq,21,177,512,48,102,DHelmetP1Helmet
_shc3k6lcq,22,169,512,49,100,DHelmetP1Helmet
_shc3k6lcq,23,162,512,48,99,DHelmetP1Helmet
_shc3k6lcq,24,154,511,49,97,DHelmetP1Helmet
_shc3k6lcq,25,147,511,48,95,DHelmetP1Helmet
_shc3k6lcq,26,141,511,47,93,DHelmetP1Helmet
_shc3k6lcq,27,135,511,46,91,DHelmetP1Helmet
