track_id,frame_id,x,y,w,h,label
_9yl2nr511,16,1514,460,193,173,DHelmetP1Helmet
_9yl2nr511,17,1437,464,183,168,DHelmetP1Helmet
_9yl2nr511,18,1363,469,176,163,DHelmetP1Helmet
_9yl2nr511,19,1294,471,169,161,DHelmetP1Helmet
_9yl2nr511,20,1227,474,163,159,DHelmetP1Helmet
_9yl2nr511,21,1162,477,157,157,DHelmetP1Helmet
_9yl2nr511,22,1100,480,151,155,DHelmetP1Helmet
_9yl2nr511,23,1040,481,149,154,DHelmetP1Helmet
_9yl2nr511,24,988,483,144,152,DHelmetP1Helmet
_9yl2nr511,25,935,485,141,150,DHelmetP1Helmet
_9yl2nr511,26,883,487,136,149,DHelmetP1Helmet
_9yl2nr511,27,830,490,132,146,DHelmetP1Helmet
_9yl2nr511,28,781,492,128,144,DHelmetP1Helmet
_9yl2nr511,29,735,494,124,142,DHelmetP1Helmet
_9yl2nr511,30,692,497,120,138,DHelmetP1Helmet
_9yl2nr511,31,648,499,117,136,DHelmetP1Helmet
_9yl2nr511,32,606,501,114,133,DHelmetP1Helmet
_9yl2nr511,33,565,504,110,130,DHelmetP1Helmet
_9yl2nr511,34,529,506,108,128,DHelmetP1Helmet
_9yl2nr511,35,494,508,104,126,DHelmetP1Helmet
_9yl2nr511,36,458,510,102,124,DHelmetP1Helmet
_9yl2nr511,37,424,510,99,123,DHelmetP1Helmet
_9yl2nr511,38,392,512,96,121,DHelmetP1Helmet
_9yl2nr511,39,359,513,94,120,DHelmetP1Helmet
_9yl2nr511,40,327,514,92,119,DHelmetP1Helmet
_9yl2nr511,41,298,515,91,118,DHelmetP1Helmet
_9yl2nr511,42,270,516,90,117,DHelmetP1Helmet
_9yl2nr511,43,244,517,88,116,DHelmetP1Helmet
_9yl2nr511,44,218,518,87,115,DHelmetP1Helmet
_9yl2nr511,45,193,521,85,112,DHelmetP1Helmet
_9yl2nr511,46,168,521,85,113,DHelmetP1Helmet
_9yl2nr511,47,146,522,85,112,DHelmetP1Helmet
_mc4nymj2p,84,1725,452,195,256,DHelmet
_mc4nymj2p,85,1615,459,237,248,DHelmet
_mc4nymj2p,86,1423,466,262,239,DHelmet
_mc4nymj2p,87,1288,473,232,231,DHelmet
_mc4nymj2p,88,1163,479,227,223,DHelmet
_mc4nymj2p,89,1049,481,211,217,DHelmet
_mc4nymj2p,90,939,488,202,208,DHelmet
_mc4nymj2p,91,851,491,193,203,DHelmet
_mc4nymj2p,92,763,494,184,199,DHelmet
_mc4nymj2p,93,676,497,174,194,DHelmet
_mc4nymj2p,94,596,503,158,188,DHelmet
_mc4nymj2p,95,523,506,154,183,DHelmet
_mc4nymj2p,96,454,509,149,178,DHelmet
_mc4nymj2p,97,390,513,141,172,DHelmet
_mc4nymj2p,98,329,516,136,168,DHelmet
_mc4nymj2p,99,271,519,131,163,DHelmet
_yzxv9oaso,1,1317,562,502,445,DHelmet
_yzxv9oaso,2,1544,555,376,446,DHelmet
_i0baw0nu8,1,856,587,485,481,DHelmet
_i0baw0nu8,2,1071,591,445,489,DHelmet
_i0baw0nu8,3,1144,585,568,494,DHelmet
_i0baw0nu8,4,1307,581,613,499,DHelmet
_i0baw0nu8,5,1486,576,434,504,DHelmet
_ayvuyewgd,1,588,697,481,383,DHelmet
_ayvuyewgd,2,787,705,485,375,DHelmet
_ayvuyewgd,3,1017,711,531,369,DHelmet
_ayvuyewgd,4,1267,719,595,361,DHelmet
_skq058mfv,1,142,575,238,277,DHelmet
_skq058mfv,2,234,573,253,286,DHelmet
_skq058mfv,3,332,572,268,293,DHelmet
_skq058mfv,4,441,568,279,305,DHelmet
_skq058mfv,5,552,565,298,317,DHelmet
_skq058mfv,6,670,559,320,330,DHelmet
_skq058mfv,7,800,558,343,343,DHelmet
_skq058mfv,8,940,557,372,356,DHelmet
_skq058mfv,9,1094,553,402,371,DHelmet
_skq058mfv,10,1261,553,436,388,DHelmet
_skq058mfv,11,1437,546,483,405,DHelmet
_skq058mfv,12,1635,541,285,405,DHelmet
_4uwkitqsb,6,72,605,207,319,DHelmet
_4uwkitqsb,7,113,602,295,330,DHelmet
_4uwkitqsb,8,229,600,321,342,DHelmet
_4uwkitqsb,9,353,598,348,353,DHelmet
_4uwkitqsb,10,492,596,374,365,DHelmet
_4uwkitqsb,11,640,596,410,384,DHelmet
_4uwkitqsb,12,800,597,445,403,DHelmet
_4uwkitqsb,13,979,593,481,422,DHelmet
_4uwkitqsb,14,1168,584,551,451,DHelmet
_4uwkitqsb,15,1388,578,532,473,DHelmet
_4uwkitqsb,16,1628,575,292,498,DHelmet
_a96h8nzi7,6,0,663,318,417,DHelmet
_a96h8nzi7,7,79,668,374,412,DHelmet
_a96h8nzi7,8,177,671,416,409,DHelmet
_a96h8nzi7,9,308,674,452,406,DHelmet
_a96h8nzi7,10,464,677,475,403,DHelmet
_a96h8nzi7,11,635,680,503,400,DHelmet
_a96h8nzi7,12,812,683,558,397,DHelmet
_a96h8nzi7,13,1042,689,598,391,DHelmet
_a96h8nzi7,14,1278,699,639,381,DHelmet
_8juxuv30z,13,0,601,161,323,DHelmet
_8juxuv30z,14,0,601,252,317,DHelmet
_8juxuv30z,15,133,596,203,344,DHelmet
_8juxuv30z,16,173,596,186,344,DHelmet
_8juxuv30z,17,265,594,195,356,DHelmet
_8juxuv30z,18,370,597,259,369,DHelmet
_8juxuv30z,19,483,595,352,406,DHelmet
_8juxuv30z,20,599,593,387,431,DHelmet
_8juxuv30z,21,733,596,416,442,DHelmet
_8juxuv30z,22,874,595,454,469,DHelmet
_8juxuv30z,23,1028,592,508,488,DHelmet
_8juxuv30z,24,1198,591,561,489,DHelmet
_8juxuv30z,25,1394,584,526,496,DHelmet
_8juxuv30z,26,1602,584,318,496,DHelmet
_r3ygl2rjn,14,0,647,296,418,DHelmetP1Helmet
_r3ygl2rjn,15,81,642,382,438,DHelmetP1Helmet
_r3ygl2rjn,16,251,647,394,433,DHelmetP1Helmet
_r3ygl2rjn,17,414,647,440,433,DHelmetP1Helmet
_r3ygl2rjn,18,601,647,487,433,DHelmetP1Helmet
_r3ygl2rjn,19,807,643,542,437,DHelmetP1Helmet
_r3ygl2rjn,20,1029,640,605,440,DHelmetP1Helmet
_r3ygl2rjn,21,1291,639,629,441,DHelmetP1Helmet
_r3ygl2rjn,22,1598,637,322,443,DHelmetP1Helmet
_7akrp1pkd,17,0,585,167,316,DHelmet
_7akrp1pkd,18,58,587,208,322,DHelmet
_7akrp1pkd,19,120,584,250,333,DHelmet
_7akrp1pkd,20,205,582,272,345,DHelmet
_7akrp1pkd,21,306,581,293,357,DHelmet
_7akrp1pkd,22,414,578,315,374,DHelmet
_7akrp1pkd,23,533,578,338,391,DHelmet
_7akrp1pkd,24,661,575,362,409,DHelmet
_7akrp1pkd,25,798,573,393,427,DHelmet
_7akrp1pkd,26,946,573,432,444,DHelmet
_7akrp1pkd,27,1111,570,475,461,DHelmet
_7akrp1pkd,28,1299,568,517,488,DHelmet
_7akrp1pkd,29,1503,559,417,497,DHelmet
_zavb5lkae,20,0,597,198,287,DHelmet
_zavb5lkae,21,64,594,247,376,DHelmet
_zavb5lkae,22,135,594,291,390,DHelmet
_zavb5lkae,23,248,591,301,405,DHelmet
_zavb5lkae,24,345,589,337,424,DHelmet
_zavb5lkae,25,466,587,364,443,DHelmet
_zavb5lkae,26,599,588,391,462,DHelmet
_zavb5lkae,27,741,589,429,480,DHelmet
_zavb5lkae,28,896,583,475,497,DHelmet
_zavb5lkae,29,1069,581,526,499,DHelmet
_zavb5lkae,30,1262,578,580,502,DHelmet
_zavb5lkae,31,1477,575,443,505,DHelmet
_1ak77kfok,28,46,578,161,313,DHelmetP1Helmet
_1ak77kfok,29,132,579,161,316,DHelmetP1Helmet
_1ak77kfok,30,227,578,161,323,DHelmetP1Helmet
_1ak77kfok,31,328,576,161,327,DHelmetP1Helmet
_1ak77kfok,32,444,568,191,274,DHelmetP1Helmet
_1ak77kfok,33,567,567,190,273,DHelmetP1Helmet
_1ak77kfok,34,682,564,221,281,DHelmetP1Helmet
_1ak77kfok,35,818,561,351,382,DHelmetP1Helmet
_1ak77kfok,36,961,561,351,395,DHelmetP1Helmet
_1ak77kfok,37,1120,553,359,416,DHelmetP1Helmet
_1ak77kfok,38,1295,548,403,427,DHelmetP1Helmet
_1ak77kfok,39,1483,539,437,453,DHelmetP1Helmet
_1ak77kfok,40,1693,535,227,472,DHelmetP1Helmet
_msduc3nz4,29,0,565,152,252,DHelmet
_msduc3nz4,30,96,563,169,255,DHelmet
_msduc3nz4,31,161,561,198,294,DHelmet
_msduc3nz4,32,270,557,198,295,DHelmet
_msduc3nz4,33,385,554,198,277,DHelmet
_msduc3nz4,34,512,550,198,295,DHelmet
_msduc3nz4,35,652,543,198,299,DHelmet
_msduc3nz4,36,801,541,198,311,DHelmet
_msduc3nz4,37,968,532,191,329,DHelmet
_msduc3nz4,38,1143,522,199,355,DHelmet
_msduc3nz4,39,1338,520,419,368,DHelmet
_msduc3nz4,40,1555,515,310,382,DHelmet
_bhsk7xtvn,26,0,602,238,357,DHelmetP1Helmet
_bhsk7xtvn,27,30,585,298,374,DHelmetP1Helmet
_bhsk7xtvn,28,129,588,325,376,DHelmetP1Helmet
_bhsk7xtvn,29,231,585,347,414,DHelmetP1Helmet
_bhsk7xtvn,30,346,583,360,432,DHelmetP1Helmet
_bhsk7xtvn,31,464,581,385,450,DHelmetP1Helmet
_bhsk7xtvn,32,588,578,414,473,DHelmetP1Helmet
_bhsk7xtvn,33,736,578,439,493,DHelmetP1Helmet
_bhsk7xtvn,34,890,578,475,502,DHelmetP1Helmet
_bhsk7xtvn,35,1042,572,539,508,DHelmetP1Helmet
_bhsk7xtvn,36,1219,569,602,511,DHelmetP1Helmet
_bhsk7xtvn,37,1432,570,488,510,DHelmetP1Helmet
_bhsk7xtvn,38,1653,565,267,515,DHelmetP1Helmet
_qlttsmd4e,30,0,662,299,418,DHelmet
_qlttsmd4e,31,113,662,401,418,DHelmet
_qlttsmd4e,32,256,665,400,415,DHelmet
_qlttsmd4e,33,426,669,448,411,DHelmet
_qlttsmd4e,34,642,669,458,411,DHelmet
_qlttsmd4e,35,836,669,531,411,DHelmet
_qlttsmd4e,36,1091,675,607,405,DHelmet
_qlttsmd4e,37,1422,680,498,400,DHelmet
_45psi4dgt,23,0,571,200,300,DHelmetP1Helmet
_45psi4dgt,24,34,571,264,300,DHelmetP1Helmet
_45psi4dgt,25,116,571,272,315,DHelmetP1Helmet
_45psi4dgt,26,205,570,289,324,DHelmetP1Helmet
_45psi4dgt,27,302,569,302,332,DHelmetP1Helmet
_45psi4dgt,28,401,568,323,342,DHelmetP1Helmet
_45psi4dgt,29,513,563,337,357,DHelmetP1Helmet
_45psi4dgt,30,624,561,364,367,DHelmetP1Helmet
_45psi4dgt,31,754,556,386,388,DHelmetP1Helmet
_45psi4dgt,32,888,554,415,403,DHelmetP1Helmet
_45psi4dgt,33,1037,555,445,418,DHelmetP1Helmet
_45psi4dgt,34,1198,552,483,438,DHelmetP1Helmet
_45psi4dgt,35,1376,547,526,462,DHelmetP1Helmet
_45psi4dgt,36,1572,539,348,462,DHelmetP1Helmet
_7ps8zl7eu,41,0,553,91,197,DHelmet
_7ps8zl7eu,42,70,550,108,243,DHelmet
_7ps8zl7eu,43,159,554,124,245,DHelmet
_7ps8zl7eu,44,260,545,140,260,DHelmet
_7ps8zl7eu,45,368,544,155,269,DHelmet
_7ps8zl7eu,46,482,539,171,282,DHelmet
_7ps8zl7eu,47,611,535,186,290,DHelmet
_7ps8zl7eu,48,745,530,201,302,DHelmet
_7ps8zl7eu,49,892,522,216,315,DHelmet
_7ps8zl7eu,50,1057,521,239,326,DHelmet
_7ps8zl7eu,51,1231,513,262,345,DHelmet
_7ps8zl7eu,52,1429,508,284,365,DHelmet
_7ps8zl7eu,53,1647,501,273,382,DHelmet
_9n4d70ifp,40,0,594,210,327,DHelmetP1Helmet
_9n4d70ifp,41,52,591,264,341,DHelmetP1Helmet
_9n4d70ifp,42,139,589,287,354,DHelmetP1Helmet
_9n4d70ifp,43,241,585,308,368,DHelmetP1Helmet
_9n4d70ifp,44,352,582,327,387,DHelmetP1Helmet
_9n4d70ifp,45,470,582,355,403,DHelmetP1Helmet
_9n4d70ifp,46,598,582,381,418,DHelmetP1Helmet
_9n4d70ifp,47,732,582,421,434,DHelmetP1Helmet
_9n4d70ifp,48,886,580,452,454,DHelmetP1Helmet
_9n4d70ifp,49,1052,580,498,475,DHelmetP1Helmet
_9n4d70ifp,50,1235,575,549,505,DHelmetP1Helmet
_9n4d70ifp,51,1435,565,485,515,DHelmetP1Helmet
_9n4d70ifp,52,1655,567,265,513,DHelmetP1Helmet
_sr7xlrwje,44,0,571,249,295,DHelmetP1Helmet
_sr7xlrwje,45,82,568,265,304,DHelmetP1Helmet
_sr7xlrwje,46,176,565,279,313,DHelmetP1Helmet
_sr7xlrwje,47,271,564,296,321,DHelmetP1Helmet
_sr7xlrwje,48,382,558,310,336,DHelmetP1Helmet
_sr7xlrwje,49,491,557,330,346,DHelmetP1Helmet
_sr7xlrwje,50,610,556,349,355,DHelmetP1Helmet
_sr7xlrwje,51,738,548,369,376,DHelmetP1Helmet
_sr7xlrwje,52,872,543,398,392,DHelmetP1Helmet
_sr7xlrwje,53,1017,547,430,402,DHelmetP1Helmet
_sr7xlrwje,54,1173,543,469,423,DHelmetP1Helmet
_sr7xlrwje,55,1345,539,511,433,DHelmetP1Helmet
_sr7xlrwje,56,1533,533,387,439,DHelmetP1Helmet
_7smlhpor7,48,0,547,160,221,DHelmetP1Helmet
_7smlhpor7,49,49,545,197,226,DHelmetP1Helmet
_7smlhpor7,50,133,544,203,232,DHelmetP1Helmet
_7smlhpor7,51,214,542,217,239,DHelmetP1Helmet
_7smlhpor7,52,305,541,230,245,DHelmetP1Helmet
_7smlhpor7,53,407,537,238,252,DHelmetP1Helmet
_7smlhpor7,54,509,533,251,260,DHelmetP1Helmet
_7smlhpor7,55,621,527,268,271,DHelmetP1Helmet
_7smlhpor7,56,740,523,284,282,DHelmetP1Helmet
_7smlhpor7,57,869,519,299,293,DHelmetP1Helmet
_7smlhpor7,58,1004,514,325,303,DHelmetP1Helmet
_7smlhpor7,59,1152,508,351,319,DHelmetP1Helmet
_7smlhpor7,60,1312,505,377,332,DHelmetP1Helmet
_7smlhpor7,61,1484,498,410,345,DHelmetP1Helmet
_7smlhpor7,62,1673,492,247,353,DHelmetP1Helmet
_g3wotcwk5,51,0,561,156,222,DHelmet
_g3wotcwk5,52,51,559,188,246,DHelmet
_g3wotcwk5,53,126,558,205,254,DHelmet
_g3wotcwk5,54,211,556,212,263,DHelmet
_g3wotcwk5,55,302,553,220,271,DHelmet
_g3wotcwk5,56,393,549,234,281,DHelmet
_g3wotcwk5,57,484,545,258,290,DHelmet
_g3wotcwk5,58,588,542,275,295,DHelmet
_g3wotcwk5,59,699,539,297,312,DHelmet
_g3wotcwk5,60,818,534,317,323,DHelmet
_g3wotcwk5,61,945,530,344,335,DHelmet
_g3wotcwk5,62,1087,527,371,348,DHelmet
_g3wotcwk5,63,1238,524,402,362,DHelmet
_g3wotcwk5,64,1403,518,440,383,DHelmet
_g3wotcwk5,65,1585,513,335,377,DHelmet
_a6eqh43t0,61,88,558,180,140,DHelmetP1Helmet
_a6eqh43t0,62,156,558,180,140,DHelmetP1Helmet
_a6eqh43t0,63,224,560,189,156,DHelmetP1Helmet
_a6eqh43t0,64,292,554,190,180,DHelmetP1Helmet
_a6eqh43t0,65,363,555,202,195,DHelmetP1Helmet
_a6eqh43t0,66,438,552,217,207,DHelmetP1Helmet
_a6eqh43t0,67,510,548,232,195,DHelmetP1Helmet
_a6eqh43t0,68,598,547,232,265,DHelmetP1Helmet
_a6eqh43t0,69,685,545,255,289,DHelmetP1Helmet
_a6eqh43t0,70,766,544,280,305,DHelmetP1Helmet
_a6eqh43t0,71,863,542,306,335,DHelmetP1Helmet
_a6eqh43t0,72,953,540,333,350,DHelmetP1Helmet
_a6eqh43t0,73,1052,537,356,360,DHelmetP1Helmet
_a6eqh43t0,74,1154,537,375,369,DHelmetP1Helmet
_a6eqh43t0,75,1252,538,405,377,DHelmetP1Helmet
_a6eqh43t0,76,1362,533,435,391,DHelmetP1Helmet
_a6eqh43t0,77,1479,528,441,405,DHelmetP1Helmet
_a6eqh43t0,78,1607,525,313,390,DHelmetP1Helmet
_a6eqh43t0,79,1733,522,187,402,DHelmetP1Helmet
_ibnd4aylk,64,0,574,161,277,DHelmet
_ibnd4aylk,65,0,570,232,285,DHelmet
_ibnd4aylk,66,77,571,228,289,DHelmet
_ibnd4aylk,67,129,568,250,297,DHelmet
_ibnd4aylk,68,198,565,254,304,DHelmet
_ibnd4aylk,69,269,563,267,310,DHelmet
_ibnd4aylk,70,336,561,280,313,DHelmet
_ibnd4aylk,71,419,560,267,316,DHelmet
_ibnd4aylk,72,496,558,255,320,DHelmet
_ibnd4aylk,73,576,555,270,329,DHelmet
_ibnd4aylk,74,664,552,287,338,DHelmet
_ibnd4aylk,75,753,549,302,348,DHelmet
_ibnd4aylk,76,845,547,318,356,DHelmet
_ibnd4aylk,77,942,542,335,365,DHelmet
_ibnd4aylk,78,1044,543,345,375,DHelmet
_ibnd4aylk,79,1152,541,356,385,DHelmet
_ibnd4aylk,80,1261,536,368,399,DHelmet
_ibnd4aylk,81,1379,535,386,406,DHelmet
_ibnd4aylk,82,1500,532,420,423,DHelmet
_ibnd4aylk,83,1636,525,284,439,DHelmet
_f0f13tggd,59,0,582,112,120,DHelmet
_f0f13tggd,60,20,582,175,191,DHelmet
_f0f13tggd,61,61,581,185,171,DHelmet
_f0f13tggd,62,104,579,198,304,DHelmet
_f0f13tggd,63,150,579,207,327,DHelmet
_f0f13tggd,64,205,578,217,329,DHelmet
_f0f13tggd,65,260,578,226,339,DHelmet
_f0f13tggd,66,320,577,239,341,DHelmet
_f0f13tggd,67,379,577,250,346,DHelmet
_f0f13tggd,68,438,576,295,373,DHelmet
_f0f13tggd,69,500,578,323,380,DHelmet
_f0f13tggd,70,566,573,335,394,DHelmet
_f0f13tggd,71,637,571,349,407,DHelmet
_f0f13tggd,72,703,571,370,417,DHelmet
_f0f13tggd,73,784,571,385,427,DHelmet
_f0f13tggd,74,861,570,406,438,DHelmet
_f0f13tggd,75,952,569,422,449,DHelmet
_f0f13tggd,76,1047,570,446,462,DHelmet
_f0f13tggd,77,1147,570,471,477,DHelmet
_f0f13tggd,78,1250,567,506,491,DHelmet
_f0f13tggd,79,1365,564,536,516,DHelmet
_f0f13tggd,80,1491,561,429,519,DHelmet
_f0f13tggd,81,1628,559,292,521,DHelmet
_csrwp3bqe,74,36,553,221,225,DHelmetP1Helmet
_csrwp3bqe,75,132,550,231,246,DHelmetP1Helmet
_csrwp3bqe,76,236,548,241,267,DHelmetP1Helmet
_csrwp3bqe,77,364,542,235,272,DHelmetP1Helmet
_csrwp3bqe,78,482,541,246,279,DHelmetP1Helmet
_csrwp3bqe,79,598,536,268,290,DHelmetP1Helmet
_csrwp3bqe,80,723,529,290,299,DHelmetP1Helmet
_csrwp3bqe,81,867,525,303,307,DHelmetP1Helmet
_csrwp3bqe,82,1014,516,328,324,DHelmetP1Helmet
_csrwp3bqe,83,1163,509,363,339,DHelmetP1Helmet
_csrwp3bqe,84,1330,503,397,352,DHelmetP1Helmet
_csrwp3bqe,85,1524,498,396,363,DHelmetP1Helmet
_csrwp3bqe,86,1720,489,200,369,DHelmetP1Helmet
_46os0h8st,73,0,617,226,325,DHelmet
_46os0h8st,74,52,616,257,338,DHelmet
_46os0h8st,75,129,615,268,344,DHelmet
_46os0h8st,76,206,615,285,356,DHelmet
_46os0h8st,77,287,614,307,368,DHelmet
_46os0h8st,78,375,616,328,376,DHelmet
_46os0h8st,79,469,611,350,391,DHelmet
_46os0h8st,80,570,613,374,399,DHelmet
_46os0h8st,81,675,617,404,408,DHelmet
_46os0h8st,82,789,614,432,421,DHelmet
_46os0h8st,83,912,611,470,434,DHelmet
_46os0h8st,84,1045,607,508,451,DHelmet
_46os0h8st,85,1191,604,544,467,DHelmet
_46os0h8st,86,1351,602,569,478,DHelmet
_46os0h8st,87,1518,596,402,475,DHelmet
_46os0h8st,88,1699,594,221,486,DHelmet
_pby5gcyqj,91,43,648,275,404,DHelmet
_pby5gcyqj,92,98,649,355,424,DHelmet
_pby5gcyqj,93,214,651,384,429,DHelmet
_pby5gcyqj,94,342,653,417,427,DHelmet
_pby5gcyqj,95,485,656,449,424,DHelmet
_pby5gcyqj,96,640,658,482,422,DHelmet
_pby5gcyqj,97,806,657,518,423,DHelmet
_pby5gcyqj,98,991,656,590,424,DHelmet
_pby5gcyqj,99,1197,664,613,416,DHelmet
_pby5gcyqj,100,1455,669,465,411,DHelmet
