track_id,frame_id,x,y,w,h,label
_6o6o7qi1w,1,1635,452,285,356,DHelmet
_6o6o7qi1w,2,1560,446,278,344,DHelmet
_6o6o7qi1w,3,1492,441,255,331,DHelmet
_6o6o7qi1w,4,1425,437,241,316,DHelmet
_6o6o7qi1w,5,1365,433,226,304,DHelmet
_6o6o7qi1w,6,1312,428,210,293,DHelmet
_6o6o7qi1w,7,1258,424,195,281,DHelmet
_6o6o7qi1w,8,1206,421,184,270,DHelmet
_6o6o7qi1w,9,1161,418,172,258,DHelmet
_6o6o7qi1w,10,1115,413,165,251,DHelmet
_6o6o7qi1w,11,1074,410,153,245,DHelmet
_6o6o7qi1w,12,1033,404,147,239,DHelmet
_6o6o7qi1w,13,999,401,134,234,DHelmet
_6o6o7qi1w,14,964,398,128,227,DHelmet
_6o6o7qi1w,15,929,395,122,221,DHelmet
_6o6o7qi1w,16,900,393,116,215,DHelmet
_6o6o7qi1w,17,870,391,111,209,DHelmet
_6o6o7qi1w,18,841,389,105,202,DHelmet
_6o6o7qi1w,19,814,387,102,196,DHelmet
_6o6o7qi1w,20,787,385,100,190,DHelmet
_6o6o7qi1w,21,760,384,97,184,DHelmet
_6o6o7qi1w,22,734,384,94,178,DHelmet
_6o6o7qi1w,23,711,382,92,174,DHelmet
_6o6o7qi1w,24,689,379,88,171,DHelmet
_6o6o7qi1w,25,666,376,86,167,DHelmet
_6o6o7qi1w,26,646,373,83,166,DHelmet
_6o6o7qi1w,27,626,370,80,164,DHelmet
_6o6o7qi1w,28,606,367,77,162,DHelmet
_6o6o7qi1w,29,588,366,74,159,DHelmet
_6o6o7qi1w,30,569,365,72,155,DHelmet
_6o6o7qi1w,31,550,364,70,152,DHelmet
_6o6o7qi1w,32,532,363,68,149,DHelmet
_6o6o7qi1w,33,516,362,66,146,DHelmet
_6o6o7qi1w,34,501,361,64,143,DHelmet
_6o6o7qi1w,35,486,359,62,141,DHelmet
_6o6o7qi1w,36,471,358,59,138,DHelmet
_6o6o7qi1w,37,457,357,58,136,DHelmet
_6o6o7qi1w,38,444,355,55,134,DHelmet
_6o6o7qi1w,39,430,354,54,131,DHelmet
_6o6o7qi1w,40,417,353,53,129,DHelmet
_6o6o7qi1w,41,403,352,53,127,DHelmet
_6o6o7qi1w,42,391,351,53,126,DHelmet
_6o6o7qi1w,43,379,350,53,124,DHelmet
_6o6o7qi1w,44,367,349,53,122,DHelmet
_6o6o7qi1w,45,355,348,52,120,DHelmet
_6o6o7qi1w,46,343,348,52,117,DHelmet
_6o6o7qi1w,47,332,347,52,115,DHelmet
_6o6o7qi1w,48,322,346,51,114,DHelmet
_6o6o7qi1w,49,311,345,50,112,DHelmet
_6o6o7qi1w,50,302,345,50,109,DHelmet
_6o6o7qi1w,51,292,345,51,107,DHelmet
_6o6o7qi1w,52,284,344,51,105,DHelmet
_6o6o7qi1w,53,275,344,51,103,DHelmet
_6o6o7qi1w,54,267,344,50,100,DHelmet
_6o6o7qi1w,55,259,344,49,98,DHelmet
_6o6o7qi1w,56,252,343,48,97,DHelmet
_6o6o7qi1w,57,244,343,48,95,DHelmet
_6o6o7qi1w,58,238,343,46,93,DHelmet
_6o6o7qi1w,59,231,342,45,92,DHelmet
_6o6o7qi1w,60,224,342,45,90,DHelmet
_6o6o7qi1w,61,218,341,43,89,DHelmet
_6o6o7qi1w,62,211,341,43,88,DHelmet
_6o6o7qi1w,63,204,340,42,87,DHelmet
_6o6o7qi1w,64,196,339,43,86,DHelmet
_6o6o7qi1w,65,189,338,43,85,DHelmet
_6o6o7qi1w,66,182,337,42,84,DHelmet
_6r9y928mf,5,1746,459,174,285,DHelmet
_6r9y928mf,6,1660,455,260,303,DHelmet
_6r9y928mf,7,1584,447,243,291,DHelmet
_6r9y928mf,8,1510,440,225,278,DHelmet
_6r9y928mf,9,1445,437,207,265,DHelmet
_6r9y928mf,10,1383,430,195,256,DHelmet
_6r9y928mf,11,1329,427,182,244,DHelmet
_6r9y928mf,12,1275,423,169,234,DHelmet
_6r9y928mf,13,1229,419,157,227,DHelmet
_6r9y928mf,14,1182,415,147,221,DHelmet
_6r9y928mf,15,1140,411,140,213,DHelmet
_6r9y928mf,16,1099,408,131,203,DHelmet
_6r9y928mf,17,1060,405,126,199,DHelmet
_6r9y928mf,18,1020,403,122,194,DHelmet
_6r9y928mf,19,984,399,117,189,DHelmet
_6r9y928mf,20,948,396,112,183,DHelmet
_6r9y928mf,21,915,392,106,178,DHelmet
_6r9y928mf,22,880,390,103,174,DHelmet
_6r9y928mf,23,847,388,101,169,DHelmet
_6r9y928mf,24,814,385,98,165,DHelmet
_6r9y928mf,25,784,384,94,159,DHelmet
_6r9y928mf,26,754,382,89,153,DHelmet
_6r9y928mf,27,726,378,84,152,DHelmet
_6r9y928mf,28,690,377,88,148,DHelmet
_6r9y928mf,29,669,375,78,144,DHelmet
_6r9y928mf,30,636,373,79,140,DHelmet
_6r9y928mf,31,611,371,77,137,DHelmet
_6r9y928mf,32,586,369,76,133,DHelmet
_6r9y928mf,33,561,367,74,129,DHelmet
_6r9y928mf,34,535,366,72,126,DHelmet
_6r9y928mf,35,508,365,71,122,DHelmet
_6r9y928mf,36,483,363,69,121,DHelmet
_6r9y928mf,37,464,362,67,118,DHelmet
_6r9y928mf,38,445,360,65,117,DHelmet
_6r9y928mf,39,426,359,64,114,DHelmet
_6r9y928mf,40,396,358,62,112,DHelmet
_6r9y928mf,41,376,356,60,110,DHelmet
_6r9y928mf,42,356,355,58,107,DHelmet
_6r9y928mf,43,336,353,57,105,DHelmet
_6r9y928mf,44,318,352,55,103,DHelmet
_6r9y928mf,45,300,350,53,101,DHelmet
_6r9y928mf,46,283,349,53,99,DHelmet
_6r9y928mf,47,265,348,53,98,DHelmet
_6r9y928mf,48,248,346,53,97,DHelmet
_6r9y928mf,49,234,345,50,96,DHelmet
_6r9y928mf,50,219,344,47,94,DHelmet
_6r9y928mf,51,207,342,45,93,DHelmet
_6r9y928mf,52,195,341,42,92,DHelmet
_6r9y928mf,53,183,340,39,90,DHelmet
_7tjgn316k,10,1720,458,200,339,DHelmet
_7tjgn316k,11,1637,454,283,358,DHelmet
_7tjgn316k,12,1566,450,295,341,DHelmet
_7tjgn316k,13,1495,446,276,325,DHelmet
_7tjgn316k,14,1429,440,257,315,DHelmet
_7tjgn316k,15,1367,435,244,303,DHelmet
_7tjgn316k,16,1305,429,230,293,DHelmet
_7tjgn316k,17,1254,425,214,282,DHelmet
_7tjgn316k,18,1202,421,198,271,DHelmet
_7tjgn316k,19,1152,416,188,263,DHelmet
_7tjgn316k,20,1108,413,176,255,DHelmet
_7tjgn316k,21,1067,406,165,248,DHelmet
_7tjgn316k,22,1028,404,155,239,DHelmet
_7tjgn316k,23,988,401,146,232,DHelmet
_7tjgn316k,24,955,399,136,224,DHelmet
_7tjgn316k,25,922,396,126,216,DHelmet
_7tjgn316k,26,887,394,125,212,DHelmet
_7tjgn316k,27,857,390,115,205,DHelmet
_7tjgn316k,28,828,389,111,198,DHelmet
_7tjgn316k,29,798,387,109,192,DHelmet
_7tjgn316k,30,770,385,106,187,DHelmet
_7tjgn316k,31,741,383,104,183,DHelmet
_7tjgn316k,32,716,380,100,178,DHelmet
_7tjgn316k,33,690,377,98,174,DHelmet
_7tjgn316k,34,666,375,95,170,DHelmet
_7tjgn316k,35,642,374,92,165,DHelmet
_7tjgn316k,36,620,372,89,162,DHelmet
_7tjgn316k,37,597,370,87,158,DHelmet
_7tjgn316k,38,579,368,85,154,DHelmet
_7tjgn316k,39,559,367,82,150,DHelmet
_7tjgn316k,40,538,365,80,146,DHelmet
_7tjgn316k,41,522,363,78,142,DHelmet
_7tjgn316k,42,506,362,76,140,DHelmet
_7tjgn316k,43,490,361,75,138,DHelmet
_7tjgn316k,44,475,361,74,135,DHelmet
_7tjgn316k,45,460,360,72,133,DHelmet
_7tjgn316k,46,447,359,71,131,DHelmet
_7tjgn316k,47,434,358,69,129,DHelmet
_7tjgn316k,48,422,357,68,127,DHelmet
_7tjgn316k,49,410,357,67,124,DHelmet
_7tjgn316k,50,398,356,65,122,DHelmet
_7tjgn316k,51,386,355,64,120,DHelmet
_7tjgn316k,52,376,354,63,118,DHelmet
_7tjgn316k,53,366,353,62,116,DHelmet
_7tjgn316k,54,356,352,61,114,DHelmet
_7tjgn316k,55,346,352,59,111,DHelmet
_7tjgn316k,56,336,351,58,109,DHelmet
_7tjgn316k,57,325,350,58,108,DHelmet
_7tjgn316k,58,314,350,57,105,DHelmet
_7tjgn316k,59,305,349,56,104,DHelmet
_7tjgn316k,60,296,349,55,102,DHelmet
_7tjgn316k,61,287,348,54,100,DHelmet
_7tjgn316k,62,279,347,52,99,DHelmet
_7tjgn316k,63,270,347,52,97,DHelmet
_7tjgn316k,64,261,346,52,95,DHelmet
_7tjgn316k,65,252,346,52,93,DHelmet
_7tjgn316k,66,244,344,51,93,DHelmet
_7tjgn316k,67,236,343,50,91,DHelmet
_7tjgn316k,68,230,343,49,91,DHelmet
_7tjgn316k,69,223,344,48,89,DHelmet
_7tjgn316k,70,217,343,47,89,DHelmet
_7tjgn316k,71,211,342,46,88,DHelmet
_7tjgn316k,72,204,342,45,87,DHelmet
_7tjgn316k,73,198,341,44,87,DHelmet
_7tjgn316k,74,193,341,43,85,DHelmet
_7tjgn316k,75,188,340,42,85,DHelmet
_ub4jf1ic1,17,1688,441,232,318,DHelmet
_ub4jf1ic1,18,1625,435,240,305,DHelmet
_ub4jf1ic1,19,1565,431,225,296,DHelmet
_ub4jf1ic1,20,1504,427,211,286,DHelmet
_ub4jf1ic1,21,1452,423,198,276,DHelmet
_ub4jf1ic1,22,1400,418,185,267,DHelmet
_ub4jf1ic1,23,1353,414,174,260,DHelmet
_ub4jf1ic1,24,1306,410,164,253,DHelmet
_ub4jf1ic1,25,1261,406,153,246,DHelmet
_ub4jf1ic1,26,1217,404,147,238,DHelmet
_ub4jf1ic1,27,1173,402,141,230,DHelmet
_ub4jf1ic1,28,1135,400,135,222,DHelmet
_ub4jf1ic1,29,1097,398,129,214,DHelmet
_ub4jf1ic1,30,1060,395,126,209,DHelmet
_ub4jf1ic1,31,1024,392,121,204,DHelmet
_ub4jf1ic1,32,990,389,117,199,DHelmet
_ub4jf1ic1,33,958,387,113,194,DHelmet
_ub4jf1ic1,34,926,384,109,190,DHelmet
_ub4jf1ic1,35,896,382,105,185,DHelmet
_ub4jf1ic1,36,866,379,100,181,DHelmet
_ub4jf1ic1,37,838,377,97,176,DHelmet
_ub4jf1ic1,38,811,376,93,172,DHelmet
_ub4jf1ic1,39,784,374,90,169,DHelmet
_ub4jf1ic1,40,759,373,88,165,DHelmet
_ub4jf1ic1,41,735,372,84,161,DHelmet
_ub4jf1ic1,42,714,370,81,158,DHelmet
_ub4jf1ic1,43,692,369,79,154,DHelmet
_ub4jf1ic1,44,671,368,75,150,DHelmet
_ub4jf1ic1,45,651,365,73,150,DHelmet
_ub4jf1ic1,46,631,363,70,148,DHelmet
_ub4jf1ic1,47,609,362,70,144,DHelmet
_ub4jf1ic1,48,587,361,70,141,DHelmet
_ub4jf1ic1,49,572,360,70,138,DHelmet
_ub4jf1ic1,50,556,359,70,134,DHelmet
_ub4jf1ic1,51,535,356,67,132,DHelmet
_ub4jf1ic1,52,519,356,64,129,DHelmet
_ub4jf1ic1,53,503,355,61,127,DHelmet
_ub4jf1ic1,54,487,354,62,124,DHelmet
_ub4jf1ic1,55,472,353,63,122,DHelmet
_ub4jf1ic1,56,457,352,62,120,DHelmet
_ub4jf1ic1,57,443,352,60,117,DHelmet
_ub4jf1ic1,58,429,351,59,117,DHelmet
_ub4jf1ic1,59,416,350,57,116,DHelmet
_ub4jf1ic1,60,405,349,56,116,DHelmet
_ub4jf1ic1,61,395,348,55,115,DHelmet
_ub4jf1ic1,62,383,348,54,113,DHelmet
_ub4jf1ic1,63,371,347,54,112,DHelmet
_ub4jf1ic1,64,361,347,54,110,DHelmet
_ub4jf1ic1,65,351,346,53,109,DHelmet
_ub4jf1ic1,66,341,345,53,108,DHelmet
_ub4jf1ic1,67,331,345,53,106,DHelmet
_ub4jf1ic1,68,321,344,53,105,DHelmet
_ub4jf1ic1,69,311,344,52,103,DHelmet
_ub4jf1ic1,70,300,343,52,102,DHelmet
_ub4jf1ic1,71,294,343,51,100,DHelmet
_ub4jf1ic1,72,287,342,51,99,DHelmet
_ub4jf1ic1,73,280,342,51,97,DHelmet
_ub4jf1ic1,74,271,341,50,96,DHelmet
_ub4jf1ic1,75,262,341,49,94,DHelmet
_ub4jf1ic1,76,256,340,48,93,DHelmet
_ub4jf1ic1,77,249,339,48,93,DHelmet
_ub4jf1ic1,78,242,339,47,91,DHelmet
_ub4jf1ic1,79,234,338,46,90,DHelmet
_yyvc5cqnk,23,1633,440,287,345,DHelmetP1Helmet
_yyvc5cqnk,24,1567,434,275,334,DHelmetP1Helmet
_yyvc5cqnk,25,1504,431,263,319,DHelmetP1Helmet
_yyvc5cqnk,26,1446,427,250,308,DHelmetP1Helmet
_yyvc5cqnk,27,1388,423,236,298,DHelmetP1Helmet
_yyvc5cqnk,28,1338,420,221,288,DHelmetP1Helmet
_yyvc5cqnk,29,1288,418,206,277,DHelmetP1Helmet
_yyvc5cqnk,30,1241,415,196,267,DHelmetP1Helmet
_yyvc5cqnk,31,1198,410,188,260,DHelmetP1Helmet
_yyvc5cqnk,32,1155,405,180,253,DHelmetP1Helmet
_yyvc5cqnk,33,1116,403,172,247,DHelmetP1Helmet
_yyvc5cqnk,34,1078,401,163,240,DHelmetP1Helmet
_yyvc5cqnk,35,1041,396,155,235,DHelmetP1Helmet
_yyvc5cqnk,36,1010,394,148,227,DHelmetP1Helmet
_yyvc5cqnk,37,979,392,141,220,DHelmetP1Helmet
_yyvc5cqnk,38,951,389,133,214,DHelmetP1Helmet
_yyvc5cqnk,39,923,387,126,207,DHelmetP1Helmet
_yyvc5cqnk,40,896,385,120,202,DHelmetP1Helmet
_yyvc5cqnk,41,875,383,108,196,DHelmetP1Helmet
_yyvc5cqnk,42,850,380,105,192,DHelmetP1Helmet
_yyvc5cqnk,43,825,378,101,186,DHelmetP1Helmet
_yyvc5cqnk,44,802,376,100,183,DHelmetP1Helmet
_yyvc5cqnk,45,780,375,98,179,DHelmetP1Helmet
_yyvc5cqnk,46,757,373,97,176,DHelmetP1Helmet
_yyvc5cqnk,47,735,372,95,171,DHelmetP1Helmet
_yyvc5cqnk,48,712,370,94,168,DHelmetP1Helmet
_yyvc5cqnk,49,695,369,87,164,DHelmetP1Helmet
_yyvc5cqnk,50,673,368,86,161,DHelmetP1Helmet
_yyvc5cqnk,51,652,367,84,157,DHelmetP1Helmet
_yyvc5cqnk,52,635,365,83,154,DHelmetP1Helmet
_yyvc5cqnk,53,619,364,81,151,DHelmetP1Helmet
_yyvc5cqnk,54,602,363,80,147,DHelmetP1Helmet
_yyvc5cqnk,55,579,361,81,145,DHelmetP1Helmet
_yyvc5cqnk,56,561,359,76,142,DHelmetP1Helmet
_yyvc5cqnk,57,541,358,79,140,DHelmetP1Helmet
_yyvc5cqnk,58,528,357,74,138,DHelmetP1Helmet
_yyvc5cqnk,59,514,356,71,135,DHelmetP1Helmet
_yyvc5cqnk,60,495,355,69,133,DHelmetP1Helmet
_yyvc5cqnk,61,475,355,69,129,DHelmetP1Helmet
_yyvc5cqnk,62,463,354,69,126,DHelmetP1Helmet
_yyvc5cqnk,63,452,354,67,123,DHelmetP1Helmet
_yyvc5cqnk,64,438,353,67,121,DHelmetP1Helmet
_yyvc5cqnk,65,425,352,66,119,DHelmetP1Helmet
_yyvc5cqnk,66,411,351,66,118,DHelmetP1Helmet
_yyvc5cqnk,67,399,351,65,116,DHelmetP1Helmet
_yyvc5cqnk,68,387,351,64,115,DHelmetP1Helmet
_yyvc5cqnk,69,376,350,63,113,DHelmetP1Helmet
_yyvc5cqnk,70,366,349,60,111,DHelmetP1Helmet
_yyvc5cqnk,71,359,347,58,109,DHelmetP1Helmet
_yyvc5cqnk,72,343,344,56,108,DHelmetP1Helmet
_yyvc5cqnk,73,337,344,53,107,DHelmetP1Helmet
_yyvc5cqnk,74,331,345,50,104,DHelmetP1Helmet
_yyvc5cqnk,75,325,345,48,103,DHelmetP1Helmet
_xj4mccx8a,28,1640,454,280,362,DHelmetP1NoHelmet
_xj4mccx8a,29,1564,449,328,350,DHelmetP1NoHelmet
_xj4mccx8a,30,1495,443,298,339,DHelmetP1NoHelmet
_xj4mccx8a,31,1431,438,273,327,DHelmetP1NoHelmet
_xj4mccx8a,32,1370,434,250,314,DHelmetP1NoHelmet
_xj4mccx8a,33,1313,429,234,302,DHelmetP1NoHelmet
_xj4mccx8a,34,1257,424,218,291,DHelmetP1NoHelmet
_xj4mccx8a,35,1205,420,205,282,DHelmetP1NoHelmet
_xj4mccx8a,36,1161,415,192,274,DHelmetP1NoHelmet
_xj4mccx8a,37,1116,411,179,266,DHelmetP1NoHelmet
_xj4mccx8a,38,1077,408,168,259,DHelmetP1NoHelmet
_xj4mccx8a,39,1038,405,158,252,DHelmetP1NoHelmet
_xj4mccx8a,40,1002,402,149,244,DHelmetP1NoHelmet
_xj4mccx8a,41,967,399,140,236,DHelmetP1NoHelmet
_xj4mccx8a,42,938,397,130,229,DHelmetP1NoHelmet
_xj4mccx8a,43,908,395,122,221,DHelmetP1NoHelmet
_xj4mccx8a,44,878,392,117,216,DHelmetP1NoHelmet
_xj4mccx8a,45,847,389,114,212,DHelmetP1NoHelmet
_xj4mccx8a,46,821,386,110,207,DHelmetP1NoHelmet
_xj4mccx8a,47,794,383,107,202,DHelmetP1NoHelmet
_xj4mccx8a,48,773,382,100,197,DHelmetP1NoHelmet
_xj4mccx8a,49,752,381,93,191,DHelmetP1NoHelmet
_xj4mccx8a,50,730,380,88,186,DHelmetP1NoHelmet
_xj4mccx8a,51,710,378,84,183,DHelmetP1NoHelmet
_xj4mccx8a,52,689,376,82,179,DHelmetP1NoHelmet
_xj4mccx8a,53,670,374,78,175,DHelmetP1NoHelmet
_xj4mccx8a,54,650,373,76,171,DHelmetP1NoHelmet
_xj4mccx8a,55,635,371,73,167,DHelmetP1NoHelmet
_xj4mccx8a,56,620,369,70,163,DHelmetP1NoHelmet
_xj4mccx8a,57,604,368,68,160,DHelmetP1NoHelmet
_xj4mccx8a,58,587,367,68,158,DHelmetP1NoHelmet
_xj4mccx8a,59,570,366,67,155,DHelmetP1NoHelmet
_xj4mccx8a,60,554,364,66,153,DHelmetP1NoHelmet
_xj4mccx8a,61,538,363,66,151,DHelmetP1NoHelmet
_xj4mccx8a,62,522,362,65,148,DHelmetP1NoHelmet
_xj4mccx8a,63,507,361,63,146,DHelmetP1NoHelmet
_xj4mccx8a,64,494,359,62,144,DHelmetP1NoHelmet
_xj4mccx8a,65,480,358,63,142,DHelmetP1NoHelmet
_xj4mccx8a,66,467,356,62,140,DHelmetP1NoHelmet
_xj4mccx8a,67,454,355,61,138,DHelmetP1NoHelmet
_xj4mccx8a,68,441,354,60,135,DHelmetP1NoHelmet
_xj4mccx8a,69,429,353,59,134,DHelmetP1NoHelmet
_xj4mccx8a,70,417,353,58,131,DHelmetP1NoHelmet
_xj4mccx8a,71,404,352,58,130,DHelmetP1NoHelmet
_xj4mccx8a,72,392,351,57,127,DHelmetP1NoHelmet
_xj4mccx8a,73,379,349,56,125,DHelmetP1NoHelmet
_xj4mccx8a,74,367,348,55,123,DHelmetP1NoHelmet
_xj4mccx8a,75,358,346,54,121,DHelmetP1NoHelmet
_xj4mccx8a,76,348,345,54,119,DHelmetP1NoHelmet
_xj4mccx8a,77,339,343,52,117,DHelmetP1NoHelmet
_xj4mccx8a,78,330,343,50,115,DHelmetP1NoHelmet
_xj4mccx8a,79,321,343,48,112,DHelmetP1NoHelmet
_xj4mccx8a,80,312,343,46,110,DHelmetP1NoHelmet
_xj4mccx8a,81,303,342,44,108,DHelmetP1NoHelmet
_xj4mccx8a,82,291,343,46,105,DHelmetP1NoHelmet
_xj4mccx8a,83,280,343,47,103,DHelmetP1NoHelmet
_xj4mccx8a,84,269,343,48,101,DHelmetP1NoHelmet
_cymagoqcc,36,1711,447,209,316,DHelmet
_cymagoqcc,37,1647,440,273,314,DHelmet
_cymagoqcc,38,1584,436,268,305,DHelmet
_cymagoqcc,39,1522,433,259,295,DHelmet
_cymagoqcc,40,1467,430,243,285,DHelmet
_cymagoqcc,41,1415,426,230,278,DHelmet
_cymagoqcc,42,1364,423,216,269,DHelmet
_cymagoqcc,43,1319,418,205,260,DHelmet
_cymagoqcc,44,1275,414,192,251,DHelmet
_cymagoqcc,45,1234,411,181,245,DHelmet
_cymagoqcc,46,1193,408,169,238,DHelmet
_cymagoqcc,47,1157,405,158,232,DHelmet
_cymagoqcc,48,1120,402,152,227,DHelmet
_cymagoqcc,49,1083,399,147,222,DHelmet
_cymagoqcc,50,1051,397,141,217,DHelmet
_cymagoqcc,51,1018,395,136,212,DHelmet
_cymagoqcc,52,985,394,130,206,DHelmet
_cymagoqcc,53,953,392,127,201,DHelmet
_cymagoqcc,54,921,389,123,196,DHelmet
_cymagoqcc,55,892,387,120,191,DHelmet
_cymagoqcc,56,864,385,117,186,DHelmet
_cymagoqcc,57,835,383,114,180,DHelmet
_cymagoqcc,58,809,380,111,178,DHelmet
_cymagoqcc,59,784,378,107,174,DHelmet
_cymagoqcc,60,758,376,104,170,DHelmet
_cymagoqcc,61,734,375,101,166,DHelmet
_cymagoqcc,62,710,374,98,163,DHelmet
_cymagoqcc,63,686,373,95,159,DHelmet
_cymagoqcc,64,665,371,91,156,DHelmet
_cymagoqcc,65,643,369,88,153,DHelmet
_cymagoqcc,66,622,368,85,148,DHelmet
_cymagoqcc,67,601,366,81,145,DHelmet
_cymagoqcc,68,583,365,80,143,DHelmet
_cymagoqcc,69,565,363,79,141,DHelmet
_cymagoqcc,70,547,362,77,139,DHelmet
_cymagoqcc,71,529,361,75,136,DHelmet
_cymagoqcc,72,514,360,74,133,DHelmet
_cymagoqcc,73,499,358,72,132,DHelmet
_cymagoqcc,74,484,357,71,130,DHelmet
_cymagoqcc,75,469,356,69,128,DHelmet
_cymagoqcc,76,456,355,68,126,DHelmet
_cymagoqcc,77,444,354,66,124,DHelmet
_cymagoqcc,78,431,353,65,122,DHelmet
_cymagoqcc,79,419,352,64,120,DHelmet
_cymagoqcc,80,407,351,64,118,DHelmet
_cymagoqcc,81,395,350,63,116,DHelmet
_cymagoqcc,82,383,349,63,114,DHelmet
_cymagoqcc,83,371,348,63,113,DHelmet
_cymagoqcc,84,360,347,61,112,DHelmet
_cymagoqcc,85,351,347,60,110,DHelmet
_cymagoqcc,86,342,346,59,109,DHelmet
_cymagoqcc,87,332,345,59,108,DHelmet
_cymagoqcc,88,323,345,57,106,DHelmet
_cymagoqcc,89,318,343,57,107,DHelmet
_c5choms0n,45,1705,456,215,429,DHelmet
_c5choms0n,46,1626,449,294,420,DHelmet
_c5choms0n,47,1557,442,273,397,DHelmet
_c5choms0n,48,1490,437,252,379,DHelmet
_c5choms0n,49,1432,432,231,361,DHelmet
_c5choms0n,50,1375,427,217,347,DHelmet
_c5choms0n,51,1317,422,205,334,DHelmet
_c5choms0n,52,1275,417,186,321,DHelmet
_c5choms0n,53,1229,414,176,307,DHelmet
_c5choms0n,54,1183,410,166,294,DHelmet
_c5choms0n,55,1144,408,159,282,DHelmet
_c5choms0n,56,1106,405,151,272,DHelmet
_c5choms0n,57,1067,402,143,261,DHelmet
_c5choms0n,58,1033,400,138,255,DHelmet
_c5choms0n,59,998,397,134,249,DHelmet
_c5choms0n,60,964,395,129,242,DHelmet
_c5choms0n,61,936,392,124,235,DHelmet
_c5choms0n,62,908,390,120,228,DHelmet
_c5choms0n,63,879,388,116,221,DHelmet
_c5choms0n,64,855,386,111,216,DHelmet
_c5choms0n,65,830,385,107,210,DHelmet
_c5choms0n,66,806,383,102,205,DHelmet
_c5choms0n,67,784,381,98,201,DHelmet
_c5choms0n,68,762,380,94,195,DHelmet
_c5choms0n,69,743,378,91,191,DHelmet
_c5choms0n,70,724,377,89,185,DHelmet
_c5choms0n,71,706,375,85,181,DHelmet
_c5choms0n,72,687,374,83,176,DHelmet
_c5choms0n,73,669,372,79,172,DHelmet
_c5choms0n,74,651,370,79,169,DHelmet
_c5choms0n,75,633,368,78,165,DHelmet
_c5choms0n,76,618,367,78,162,DHelmet
_c5choms0n,77,603,366,78,159,DHelmet
_c5choms0n,78,588,365,77,156,DHelmet
_c5choms0n,79,575,364,77,153,DHelmet
_c5choms0n,80,563,363,76,150,DHelmet
_c5choms0n,81,550,362,75,146,DHelmet
_c5choms0n,82,537,361,74,144,DHelmet
_c5choms0n,83,523,360,74,142,DHelmet
_c5choms0n,84,510,358,72,140,DHelmet
_c5choms0n,85,497,357,71,138,DHelmet
_c5choms0n,86,484,356,70,136,DHelmet
_c5choms0n,87,471,356,69,133,DHelmet
_c5choms0n,88,458,355,68,131,DHelmet
_c5choms0n,89,447,354,66,130,DHelmet
_c5choms0n,90,435,353,66,128,DHelmet
_c5choms0n,91,424,352,64,126,DHelmet
_c5choms0n,92,413,352,63,123,DHelmet
_c5choms0n,93,401,351,62,121,DHelmet
_c5choms0n,94,394,351,61,117,DHelmet
_ot1cggsox,55,1661,439,259,310,DHelmetP1Helmet
_ot1cggsox,56,1590,435,263,300,DHelmetP1Helmet
_ot1cggsox,57,1529,431,239,290,DHelmetP1Helmet
_ot1cggsox,58,1468,425,226,282,DHelmetP1Helmet
_ot1cggsox,59,1417,422,212,274,DHelmetP1Helmet
_ot1cggsox,60,1366,419,198,265,DHelmetP1Helmet
_ot1cggsox,61,1318,415,189,257,DHelmetP1Helmet
_ot1cggsox,62,1270,411,180,249,DHelmetP1Helmet
_ot1cggsox,63,1228,409,173,242,DHelmetP1Helmet
_ot1cggsox,64,1187,406,164,236,DHelmetP1Helmet
_ot1cggsox,65,1148,404,157,228,DHelmetP1Helmet
_ot1cggsox,66,1110,402,149,221,DHelmetP1Helmet
_ot1cggsox,67,1075,399,143,216,DHelmetP1Helmet
_ot1cggsox,68,1045,397,136,210,DHelmetP1Helmet
_ot1cggsox,69,1016,394,129,205,DHelmetP1Helmet
_ot1cggsox,70,989,392,123,201,DHelmetP1Helmet
_ot1cggsox,71,963,390,116,196,DHelmetP1Helmet
_ot1cggsox,72,935,387,112,193,DHelmetP1Helmet
_ot1cggsox,73,911,385,108,188,DHelmetP1Helmet
_ot1cggsox,74,888,383,103,184,DHelmetP1Helmet
_ot1cggsox,75,866,382,100,179,DHelmetP1Helmet
_ot1cggsox,76,844,381,97,175,DHelmetP1Helmet
_ot1cggsox,77,824,380,92,170,DHelmetP1Helmet
_ot1cggsox,78,802,378,92,168,DHelmetP1Helmet
_ot1cggsox,79,779,377,94,165,DHelmetP1Helmet
_ot1cggsox,80,760,375,91,162,DHelmetP1Helmet
_ot1cggsox,81,741,374,88,159,DHelmetP1Helmet
_ot1cggsox,82,722,372,86,157,DHelmetP1Helmet
_ot1cggsox,83,705,371,84,154,DHelmetP1Helmet
_ot1cggsox,84,688,370,82,151,DHelmetP1Helmet
_ot1cggsox,85,671,369,80,148,DHelmetP1Helmet
_ot1cggsox,86,656,368,80,145,DHelmetP1Helmet
_ot1cggsox,87,642,367,78,142,DHelmetP1Helmet
_ot1cggsox,88,627,366,78,139,DHelmetP1Helmet
_ot1cggsox,89,614,365,75,136,DHelmetP1Helmet
_ot1cggsox,90,600,364,73,133,DHelmetP1Helmet
_ot1cggsox,91,587,363,71,130,DHelmetP1Helmet
_ot1cggsox,92,573,362,70,128,DHelmetP1Helmet
_ot1cggsox,93,559,360,68,128,DHelmetP1Helmet
_ot1cggsox,94,546,359,68,126,DHelmetP1Helmet
_ot1cggsox,95,533,358,67,125,DHelmetP1Helmet
_ot1cggsox,96,523,357,65,123,DHelmetP1Helmet
_ot1cggsox,97,512,355,64,123,DHelmetP1Helmet
_ot1cggsox,98,500,354,63,121,DHelmetP1Helmet
_ot1cggsox,99,487,353,62,120,DHelmetP1Helmet
_dc8xvbl2t,58,1720,403,149,184,DNoHelmet
_dc8xvbl2t,59,1706,398,155,189,DNoHelmet
_dc8xvbl2t,60,1687,396,161,190,DNoHelmet
_dc8xvbl2t,61,1680,396,167,194,DNoHelmet
_dc8xvbl2t,62,1670,397,167,194,DNoHelmet
_dc8xvbl2t,63,1659,398,168,193,DNoHelmet
_dc8xvbl2t,64,1648,399,168,192,DNoHelmet
_dc8xvbl2t,65,1638,400,168,192,DNoHelmet
_dc8xvbl2t,66,1627,401,169,191,DNoHelmet
_dc8xvbl2t,67,1616,401,169,191,DNoHelmet
_dc8xvbl2t,68,1604,401,174,187,DNoHelmet
_dc8xvbl2t,69,1592,401,186,195,DNoHelmet
_dc8xvbl2t,70,1580,401,198,198,DNoHelmet
_dc8xvbl2t,71,1568,401,211,201,DNoHelmet
_dc8xvbl2t,72,1555,401,214,201,DNoHelmet
_dc8xvbl2t,73,1543,401,216,201,DNoHelmet
_dc8xvbl2t,74,1531,401,217,200,DNoHelmet
_dc8xvbl2t,75,1519,401,219,199,DNoHelmet
_dc8xvbl2t,76,1507,401,221,197,DNoHelmet
_dc8xvbl2t,77,1495,401,223,192,DNoHelmet
_dc8xvbl2t,78,1480,402,226,195,DNoHelmet
_dc8xvbl2t,79,1465,402,229,195,DNoHelmet
_dc8xvbl2t,80,1450,406,227,190,DNoHelmet
_dc8xvbl2t,81,1435,406,223,190,DNoHelmet
_dc8xvbl2t,82,1420,406,219,189,DNoHelmet
_dc8xvbl2t,83,1404,406,216,189,DNoHelmet
_dc8xvbl2t,84,1388,407,214,187,DNoHelmet
_dc8xvbl2t,85,1371,408,212,184,DNoHelmet
_dc8xvbl2t,86,1358,408,209,184,DNoHelmet
_dc8xvbl2t,87,1345,408,207,184,DNoHelmet
_dc8xvbl2t,88,1332,407,205,185,DNoHelmet
_dc8xvbl2t,89,1318,409,200,183,DNoHelmet
_dc8xvbl2t,90,1306,411,202,182,DNoHelmet
_dc8xvbl2t,91,1294,413,204,180,DNoHelmet
_dc8xvbl2t,92,1287,412,201,181,DNoHelmet
_dc8xvbl2t,93,1279,411,198,182,DNoHelmet
_dc8xvbl2t,94,1274,410,195,183,DNoHelmet
_dc8xvbl2t,95,1270,409,191,185,DNoHelmet
_dc8xvbl2t,96,1269,409,192,185,DNoHelmet
_dc8xvbl2t,97,1268,410,192,184,DNoHelmet
_dc8xvbl2t,98,1267,410,193,184,DNoHelmet
_dc8xvbl2t,99,1266,410,193,185,DNoHelmet
_dc8xvbl2t,100,1265,411,194,184,DNoHelmet
_qs8xrh9ot,1,71,340,58,115,DHelmet
_qs8xrh9ot,2,76,340,59,118,DHelmet
_qs8xrh9ot,3,82,341,59,119,DHelmet
_qs8xrh9ot,4,88,341,59,122,DHelmet
_qs8xrh9ot,5,94,341,59,125,DHelmet
_qs8xrh9ot,6,101,342,59,127,DHelmet
_qs8xrh9ot,7,108,344,59,128,DHelmet
_qs8xrh9ot,8,115,345,59,131,DHelmet
_qs8xrh9ot,9,122,345,61,135,DHelmet
_qs8xrh9ot,10,129,346,62,138,DHelmet
_qs8xrh9ot,11,137,347,63,142,DHelmet
_qs8xrh9ot,12,144,347,65,146,DHelmet
_qs8xrh9ot,13,151,348,67,149,DHelmet
_qs8xrh9ot,14,158,349,68,153,DHelmet
_qs8xrh9ot,15,166,350,71,158,DHelmet
_qs8xrh9ot,16,174,351,73,163,DHelmet
_qs8xrh9ot,17,182,352,76,168,DHelmet
_qs8xrh9ot,18,190,354,78,173,DHelmet
_qs8xrh9ot,19,198,355,80,178,DHelmet
_qs8xrh9ot,20,205,356,84,183,DHelmet
_qs8xrh9ot,21,216,357,86,191,DHelmet
_qs8xrh9ot,22,227,359,89,198,DHelmet
_qs8xrh9ot,23,238,360,91,205,DHelmet
_qs8xrh9ot,24,249,361,94,213,DHelmet
_qs8xrh9ot,25,263,363,97,217,DHelmet
_qs8xrh9ot,26,277,364,99,222,DHelmet
_qs8xrh9ot,27,291,366,102,226,DHelmet
_qs8xrh9ot,28,305,367,104,231,DHelmet
_qs8xrh9ot,29,322,371,106,239,DHelmet
_qs8xrh9ot,30,338,374,109,247,DHelmet
_qs8xrh9ot,31,355,377,111,256,DHelmet
_qs8xrh9ot,32,373,381,118,265,DHelmet
_qs8xrh9ot,33,392,385,124,275,DHelmet
_qs8xrh9ot,34,411,389,130,285,DHelmet
_qs8xrh9ot,35,432,393,137,295,DHelmet
_qs8xrh9ot,36,452,397,144,308,DHelmet
_qs8xrh9ot,37,476,401,149,321,DHelmet
_qs8xrh9ot,38,497,404,164,336,DHelmet
_qs8xrh9ot,39,525,408,171,350,DHelmet
_qs8xrh9ot,40,551,414,183,367,DHelmet
_qs8xrh9ot,41,582,419,197,385,DHelmet
_qs8xrh9ot,42,615,423,210,408,DHelmet
_qs8xrh9ot,43,653,431,224,428,DHelmet
_qs8xrh9ot,44,697,436,238,457,DHelmet
_qs8xrh9ot,45,745,443,251,480,DHelmet
_qs8xrh9ot,46,796,451,268,515,DHelmet
_qs8xrh9ot,47,849,459,298,549,DHelmet
_qs8xrh9ot,48,911,470,324,584,DHelmet
_qs8xrh9ot,49,977,482,361,598,DHelmet
_qs8xrh9ot,50,1050,494,399,586,DHelmet
_qs8xrh9ot,51,1129,508,439,572,DHelmet
_qs8xrh9ot,52,1218,529,477,551,DHelmet
_qs8xrh9ot,53,1316,546,538,534,DHelmet
_qs8xrh9ot,54,1451,569,469,511,DHelmet
_fsj3ap6vo,1,208,365,96,196,DNoHelmet
_fsj3ap6vo,2,214,365,97,203,DNoHelmet
_fsj3ap6vo,3,220,367,96,206,DNoHelmet
_fsj3ap6vo,4,225,369,99,210,DNoHelmet
_fsj3ap6vo,5,230,371,101,214,DNoHelmet
_fsj3ap6vo,6,236,373,102,218,DNoHelmet
_fsj3ap6vo,7,241,375,104,222,DNoHelmet
_fsj3ap6vo,8,246,376,107,228,DNoHelmet
_fsj3ap6vo,9,251,378,107,233,DNoHelmet
_fsj3ap6vo,10,252,380,110,239,DNoHelmet
_fsj3ap6vo,11,257,382,113,244,DNoHelmet
_fsj3ap6vo,12,259,384,116,250,DNoHelmet
_fsj3ap6vo,13,259,386,120,255,DNoHelmet
_fsj3ap6vo,14,258,387,125,262,DNoHelmet
_fsj3ap6vo,15,258,389,129,268,DNoHelmet
_fsj3ap6vo,16,258,391,133,273,DNoHelmet
_fsj3ap6vo,17,254,393,137,282,DNoHelmet
_fsj3ap6vo,18,248,395,140,290,DNoHelmet
_fsj3ap6vo,19,239,397,142,298,DNoHelmet
_fsj3ap6vo,20,229,399,148,303,DNoHelmet
_fsj3ap6vo,21,221,399,152,316,DNoHelmet
_fsj3ap6vo,22,210,403,155,322,DNoHelmet
_fsj3ap6vo,23,201,405,158,329,DNoHelmet
_fsj3ap6vo,24,191,408,161,335,DNoHelmet
_fsj3ap6vo,25,181,410,163,344,DNoHelmet
_fsj3ap6vo,26,170,414,167,350,DNoHelmet
_fsj3ap6vo,27,165,414,170,357,DNoHelmet
_fsj3ap6vo,28,159,416,172,364,DNoHelmet
_fsj3ap6vo,29,160,420,176,371,DNoHelmet
_fsj3ap6vo,30,171,422,172,377,DNoHelmet
_fsj3ap6vo,31,183,424,168,384,DNoHelmet
_fsj3ap6vo,32,183,426,178,390,DNoHelmet
_fsj3ap6vo,33,183,428,188,397,DNoHelmet
_fsj3ap6vo,34,194,430,191,404,DNoHelmet
_fsj3ap6vo,35,201,431,196,411,DNoHelmet
_fsj3ap6vo,36,214,434,196,420,DNoHelmet
_fsj3ap6vo,37,224,437,198,434,DNoHelmet
_fsj3ap6vo,38,228,438,199,445,DNoHelmet
_fsj3ap6vo,39,228,445,211,451,DNoHelmet
_fsj3ap6vo,40,222,446,220,467,DNoHelmet
_fsj3ap6vo,41,216,448,229,482,DNoHelmet
_fsj3ap6vo,42,202,450,238,497,DNoHelmet
_fsj3ap6vo,43,188,452,247,512,DNoHelmet
_fsj3ap6vo,44,175,456,252,526,DNoHelmet
_fsj3ap6vo,45,152,459,260,542,DNoHelmet
_fsj3ap6vo,46,127,462,263,557,DNoHelmet
_fsj3ap6vo,47,102,465,266,573,DNoHelmet
_fsj3ap6vo,48,77,469,268,587,DNoHelmet
_fsj3ap6vo,49,26,475,298,604,DNoHelmet
_fsj3ap6vo,50,1,478,306,602,DNoHelmet
_fsj3ap6vo,51,1,480,284,600,DNoHelmet
_fsj3ap6vo,52,1,484,261,596,DNoHelmet
_fsj3ap6vo,53,0,489,238,591,DNoHelmet
_fsj3ap6vo,54,0,493,213,587,DNoHelmet
_fsj3ap6vo,55,0,498,183,582,DNoHelmet
