track_id,frame_id,x,y,w,h,label
_k0i1qg9yc,1,472,529,89,161,DHelmet
_k0i1qg9yc,2,452,527,86,158,DHelmet
_k0i1qg9yc,3,433,526,82,155,DHelmet
_k0i1qg9yc,4,413,525,79,151,DHelmet
_k0i1qg9yc,5,395,524,78,148,DHelmet
_k0i1qg9yc,6,376,523,78,145,DHelmet
_k0i1qg9yc,7,358,522,77,141,DHelmet
_k0i1qg9yc,8,342,521,75,138,DHelmet
_k0i1qg9yc,9,326,520,73,135,DHelmet
_k0i1qg9yc,10,311,520,71,131,DHelmet
_k0i1qg9yc,11,295,519,69,128,DHelmet
_k0i1qg9yc,12,282,518,66,125,DHelmet
_k0i1qg9yc,13,268,518,65,121,DHelmet
_k0i1qg9yc,14,257,517,63,120,DHelmet
_k0i1qg9yc,15,248,516,61,117,DHelmet
_k0i1qg9yc,16,239,515,59,115,DHelmet
_k0i1qg9yc,17,229,513,58,114,DHelmet
_k0i1qg9yc,18,220,512,55,111,DHelmet
_k0i1qg9yc,19,212,512,53,109,DHelmet
_k0i1qg9yc,20,203,511,51,107,DHelmet
_k0i1qg9yc,21,195,511,49,105,DHelmet
_k0i1qg9yc,22,189,511,49,103,DHelmet
_k0i1qg9yc,23,183,511,49,101,DHelmet
_k0i1qg9yc,24,177,511,49,99,DHelmet
_k0i1qg9yc,25,172,512,48,97,DHelmet
_k0i1qg9yc,26,167,509,48,97,DHelmet
_k0i1qg9yc,27,163,507,48,97,DHelmet
_m4pekn1q0,1,581,536,90,152,DNoHelmet
_m4pekn1q0,2,560,535,90,150,DNoHelmet
_m4pekn1q0,3,540,533,88,148,DNoHelmet
_m4pekn1q0,4,519,532,88,145,DNoHelmet
_m4pekn1q0,5,499,530,86,143,DNoHelmet
_m4pekn1q0,6,478,529,85,140,DNoHelmet
_m4pekn1q0,7,462,528,84,138,DNoHelmet
_m4pekn1q0,8,446,528,83,136,DNoHelmet
_m4pekn1q0,9,430,527,82,134,DNoHelmet
_m4pekn1q0,10,413,527,82,131,DNoHelmet
_m4pekn1q0,11,397,526,81,129,DNoHelmet
_m4pekn1q0,12,384,526,76,126,DNoHelmet
_m4pekn1q0,13,371,526,72,124,DNoHelmet
_m4pekn1q0,14,358,525,68,122,DNoHelmet
_m4pekn1q0,15,345,525,66,119,DNoHelmet
_m4pekn1q0,16,332,525,64,117,DNoHelmet
_m4pekn1q0,17,320,524,62,115,DNoHelmet
_m4pekn1q0,18,308,524,60,113,DNoHelmet
_m4pekn1q0,19,296,524,59,110,DNoHelmet
_m4pekn1q0,20,287,523,57,110,DNoHelmet
_m4pekn1q0,21,277,523,57,109,DNoHelmet
_m4pekn1q0,22,268,523,56,107,DNoHelmet
_m4pekn1q0,23,258,522,56,107,DNoHelmet
_m4pekn1q0,24,250,522,54,105,DNoHelmet
_m4pekn1q0,25,241,522,54,103,DNoHelmet
_m4pekn1q0,26,235,520,52,102,DNoHelmet
_m4pekn1q0,27,228,518,51,100,DNoHelmet
_m4pekn1q0,28,224,516,49,99,DNoHelmet
_m4pekn1q0,29,220,516,49,98,DNoHelmet
_m4pekn1q0,30,216,516,49,96,DNoHelmet
_m4pekn1q0,31,213,515,47,96,DNoHelmet
_m4pekn1q0,32,209,515,47,95,DNoHelmet
_m4pekn1q0,33,205,514,47,95,DNoHelmet
_m4pekn1q0,34,201,514,46,93,DNoHelmet
_m4pekn1q0,35,198,514,45,92,DNoHelmet
_m4pekn1q0,36,194,513,44,92,DNoHelmet
_m4pekn1q0,37,190,513,44,91,DNoHelmet
_m4pekn1q0,38,187,513,43,90,DNoHelmet
_m4pekn1q0,39,183,512,42,89,DNoHelmet
_m4pekn1q0,40,179,512,42,88,DNoHelmet
_m4pekn1q0,41,176,509,42,88,DNoHelmet
_7ugyrjmbh,1,835,552,121,222,DHelmet
_7ugyrjmbh,2,802,550,119,217,DHelmet
_7ugyrjmbh,3,772,548,115,213,DHelmet
_7ugyrjmbh,4,742,546,112,208,DHelmet
_7ugyrjmbh,5,714,545,109,202,DHelmet
_7ugyrjmbh,6,686,543,106,197,DHelmet
_7ugyrjmbh,7,658,541,103,193,DHelmet
_7ugyrjmbh,8,634,540,99,187,DHelmet
_7ugyrjmbh,9,609,538,96,182,DHelmet
_7ugyrjmbh,10,587,536,93,179,DHelmet
_7ugyrjmbh,11,566,535,89,174,DHelmet
_7ugyrjmbh,12,548,533,87,170,DHelmet
_7ugyrjmbh,13,530,532,84,166,DHelmet
_7ugyrjmbh,14,511,530,82,162,DHelmet
_7ugyrjmbh,15,496,530,79,158,DHelmet
_7ugyrjmbh,16,480,530,77,155,DHelmet
_7ugyrjmbh,17,465,529,76,152,DHelmet
_7ugyrjmbh,18,450,528,75,149,DHelmet
_7ugyrjmbh,19,435,527,73,146,DHelmet
_7ugyrjmbh,20,420,525,72,143,DHelmet
_7ugyrjmbh,21,405,525,71,140,DHelmet
_7ugyrjmbh,22,391,524,69,138,DHelmet
_7ugyrjmbh,23,376,524,68,135,DHelmet
_7ugyrjmbh,24,362,523,64,132,DHelmet
_7ugyrjmbh,25,349,522,64,131,DHelmet
_7ugyrjmbh,26,336,522,63,128,DHelmet
_7ugyrjmbh,27,323,521,62,126,DHelmet
_7ugyrjmbh,28,310,520,61,125,DHelmet
_7ugyrjmbh,29,297,520,61,122,DHelmet
_7ugyrjmbh,30,287,519,57,120,DHelmet
_7ugyrjmbh,31,277,519,60,118,DHelmet
_7ugyrjmbh,32,268,518,59,116,DHelmet
_7ugyrjmbh,33,260,517,57,114,DHelmet
_7ugyrjmbh,34,252,517,56,111,DHelmet
_7ugyrjmbh,35,245,516,55,109,DHelmet
_7ugyrjmbh,36,237,515,54,107,DHelmet
_7ugyrjmbh,37,230,515,52,104,DHelmet
_o4vdd9vkf,8,1693,620,227,404,DHelmet
_o4vdd9vkf,9,1599,609,321,427,DHelmet
_o4vdd9vkf,10,1515,602,308,403,DHelmet
_o4vdd9vkf,11,1439,598,282,380,DHelmet
_o4vdd9vkf,12,1369,594,258,357,DHelmet
_o4vdd9vkf,13,1302,589,238,341,DHelmet
_o4vdd9vkf,14,1247,584,217,325,DHelmet
_o4vdd9vkf,15,1190,580,205,312,DHelmet
_o4vdd9vkf,16,1138,576,193,300,DHelmet
_o4vdd9vkf,17,1089,572,181,288,DHelmet
_o4vdd9vkf,18,1041,568,171,276,DHelmet
_o4vdd9vkf,19,999,564,161,265,DHelmet
_o4vdd9vkf,20,957,562,154,255,DHelmet
_o4vdd9vkf,21,922,560,145,245,DHelmet
_o4vdd9vkf,22,883,558,140,237,DHelmet
_o4vdd9vkf,23,849,555,135,231,DHelmet
_o4vdd9vkf,24,816,552,129,225,DHelmet
_o4vdd9vkf,25,785,550,124,218,DHelmet
_o4vdd9vkf,26,755,547,118,212,DHelmet
_o4vdd9vkf,27,726,545,115,206,DHelmet
_o4vdd9vkf,28,696,544,112,200,DHelmet
_o4vdd9vkf,29,668,542,109,194,DHelmet
_o4vdd9vkf,30,640,541,107,188,DHelmet
_o4vdd9vkf,31,615,539,104,183,DHelmet
_o4vdd9vkf,32,590,538,101,176,DHelmet
_o4vdd9vkf,33,567,536,98,171,DHelmet
_o4vdd9vkf,34,544,535,96,167,DHelmet
_o4vdd9vkf,35,522,534,93,164,DHelmet
_o4vdd9vkf,36,502,533,91,160,DHelmet
_o4vdd9vkf,37,483,532,88,157,DHelmet
_o4vdd9vkf,38,465,531,86,153,DHelmet
_o4vdd9vkf,39,447,530,83,150,DHelmet
_o4vdd9vkf,40,433,529,77,146,DHelmet
_o4vdd9vkf,41,418,527,71,144,DHelmet
_o4vdd9vkf,42,398,526,75,140,DHelmet
_o4vdd9vkf,43,384,526,74,137,DHelmet
_o4vdd9vkf,44,369,525,73,135,DHelmet
_o4vdd9vkf,45,356,524,71,132,DHelmet
_o4vdd9vkf,46,343,523,69,130,DHelmet
_o4vdd9vkf,47,330,522,68,128,DHelmet
_o4vdd9vkf,48,318,522,67,124,DHelmet
_o4vdd9vkf,49,305,521,66,122,DHelmet
_o4vdd9vkf,50,293,520,65,120,DHelmet
_o4vdd9vkf,51,282,519,63,118,DHelmet
_o4vdd9vkf,52,271,519,62,114,DHelmet
_o4vdd9vkf,53,260,518,61,112,DHelmet
_o4vdd9vkf,54,251,518,59,110,DHelmet
_o4vdd9vkf,55,242,517,58,109,DHelmet
_o4vdd9vkf,56,233,517,57,107,DHelmet
_o4vdd9vkf,57,224,517,56,105,DHelmet
_o4vdd9vkf,58,215,516,56,104,DHelmet
_o4vdd9vkf,59,209,516,53,102,DHelmet
_o4vdd9vkf,60,202,516,52,100,DHelmet
_o4vdd9vkf,61,196,515,50,99,DHelmet
_ivt9u92cv,14,1733,591,187,315,DHelmetP1Helmet
_ivt9u92cv,15,1654,588,266,316,DHelmetP1Helmet
_ivt9u92cv,16,1580,584,253,305,DHelmetP1Helmet
_ivt9u92cv,17,1511,580,239,294,DHelmetP1Helmet
_ivt9u92cv,18,1449,576,224,284,DHelmetP1Helmet
_ivt9u92cv,19,1388,573,211,272,DHelmetP1Helmet
_ivt9u92cv,20,1332,570,198,263,DHelmetP1Helmet
_ivt9u92cv,21,1283,567,185,253,DHelmetP1Helmet
_ivt9u92cv,22,1234,562,175,245,DHelmetP1Helmet
_ivt9u92cv,23,1191,560,165,236,DHelmetP1Helmet
_ivt9u92cv,24,1148,560,157,227,DHelmetP1Helmet
_ivt9u92cv,25,1108,559,149,219,DHelmetP1Helmet
_ivt9u92cv,26,1066,556,145,214,DHelmetP1Helmet
_ivt9u92cv,27,1031,552,136,210,DHelmetP1Helmet
_ivt9u92cv,28,995,550,133,205,DHelmetP1Helmet
_ivt9u92cv,29,959,548,130,201,DHelmetP1Helmet
_ivt9u92cv,30,923,546,127,196,DHelmetP1Helmet
_ivt9u92cv,31,891,544,124,192,DHelmetP1Helmet
_ivt9u92cv,32,858,542,121,188,DHelmetP1Helmet
_ivt9u92cv,33,827,540,119,184,DHelmetP1Helmet
_ivt9u92cv,34,795,538,117,181,DHelmetP1Helmet
_ivt9u92cv,35,766,538,114,177,DHelmetP1Helmet
_ivt9u92cv,36,736,537,112,174,DHelmetP1Helmet
_ivt9u92cv,37,706,536,109,171,DHelmetP1Helmet
_ivt9u92cv,38,675,535,110,167,DHelmetP1Helmet
_ivt9u92cv,39,648,534,106,164,DHelmetP1Helmet
_ivt9u92cv,40,621,533,103,160,DHelmetP1Helmet
_ivt9u92cv,41,598,532,100,157,DHelmetP1Helmet
_ivt9u92cv,42,574,531,98,154,DHelmetP1Helmet
_ivt9u92cv,43,551,530,95,150,DHelmetP1Helmet
_ivt9u92cv,44,527,529,93,147,DHelmetP1Helmet
_ivt9u92cv,45,506,528,91,144,DHelmetP1Helmet
_ivt9u92cv,46,486,528,88,140,DHelmetP1Helmet
_ivt9u92cv,47,465,527,86,138,DHelmetP1Helmet
_ivt9u92cv,48,444,527,83,134,DHelmetP1Helmet
_ivt9u92cv,49,427,526,79,132,DHelmetP1Helmet
_ivt9u92cv,50,410,525,75,130,DHelmetP1Helmet
_ivt9u92cv,51,393,523,70,129,DHelmetP1Helmet
_ivt9u92cv,52,378,523,68,127,DHelmetP1Helmet
_ivt9u92cv,53,362,523,67,125,DHelmetP1Helmet
_ivt9u92cv,54,347,522,65,124,DHelmetP1Helmet
_ivt9u92cv,55,332,522,63,122,DHelmetP1Helmet
_ivt9u92cv,56,319,521,62,120,DHelmetP1Helmet
_ivt9u92cv,57,307,520,61,118,DHelmetP1Helmet
_ivt9u92cv,58,295,519,59,116,DHelmetP1Helmet
_ivt9u92cv,59,284,518,58,116,DHelmetP1Helmet
_ivt9u92cv,60,274,518,56,114,DHelmetP1Helmet
_ivt9u92cv,61,264,518,55,112,DHelmetP1Helmet
_ivt9u92cv,62,257,517,53,111,DHelmetP1Helmet
_ivt9u92cv,63,250,516,52,110,DHelmetP1Helmet
_ivt9u92cv,64,243,515,51,109,DHelmetP1Helmet
_ivt9u92cv,65,237,514,49,108,DHelmetP1Helmet
_ivt9u92cv,66,231,513,48,107,DHelmetP1Helmet
_ivt9u92cv,67,225,512,47,106,DHelmetP1Helmet
_a0q4rtfuv,20,1700,606,220,338,DHelmetP1Helmet
_a0q4rtfuv,21,1624,600,296,329,DHelmetP1Helmet
_a0q4rtfuv,22,1555,594,284,320,DHelmetP1Helmet
_a0q4rtfuv,23,1488,593,270,304,DHelmetP1Helmet
_a0q4rtfuv,24,1428,588,253,295,DHelmetP1Helmet
_a0q4rtfuv,25,1372,584,237,285,DHelmetP1Helmet
_a0q4rtfuv,26,1323,579,216,274,DHelmetP1Helmet
_a0q4rtfuv,27,1272,577,202,265,DHelmetP1Helmet
_a0q4rtfuv,28,1224,574,190,256,DHelmetP1Helmet
_a0q4rtfuv,29,1178,571,182,249,DHelmetP1Helmet
_a0q4rtfuv,30,1135,567,173,241,DHelmetP1Helmet
_a0q4rtfuv,31,1094,566,165,233,DHelmetP1Helmet
_a0q4rtfuv,32,1054,563,159,227,DHelmetP1Helmet
_a0q4rtfuv,33,1014,561,153,220,DHelmetP1Helmet
_a0q4rtfuv,34,977,559,148,212,DHelmetP1Helmet
_a0q4rtfuv,35,941,556,146,206,DHelmetP1Helmet
_a0q4rtfuv,36,908,555,139,202,DHelmetP1Helmet
_a0q4rtfuv,37,875,554,132,197,DHelmetP1Helmet
_a0q4rtfuv,38,842,552,129,193,DHelmetP1Helmet
_a0q4rtfuv,39,811,550,126,188,DHelmetP1Helmet
_a0q4rtfuv,40,780,548,123,184,DHelmetP1Helmet
_a0q4rtfuv,41,752,546,120,180,DHelmetP1Helmet
_a0q4rtfuv,42,724,545,117,176,DHelmetP1Helmet
_a0q4rtfuv,43,695,544,114,172,DHelmetP1Helmet
_a0q4rtfuv,44,671,542,111,168,DHelmetP1Helmet
_a0q4rtfuv,45,646,541,108,164,DHelmetP1Helmet
_a0q4rtfuv,46,621,540,102,161,DHelmetP1Helmet
_a0q4rtfuv,47,597,540,102,157,DHelmetP1Helmet
_a0q4rtfuv,48,574,538,99,154,DHelmetP1Helmet
_a0q4rtfuv,49,552,536,96,152,DHelmetP1Helmet
_a0q4rtfuv,50,532,534,92,150,DHelmetP1Helmet
_a0q4rtfuv,51,511,532,89,147,DHelmetP1Helmet
_a0q4rtfuv,52,492,532,88,144,DHelmetP1Helmet
_a0q4rtfuv,53,474,531,86,142,DHelmetP1Helmet
_a0q4rtfuv,54,455,530,84,140,DHelmetP1Helmet
_a0q4rtfuv,55,436,529,83,138,DHelmetP1Helmet
_a0q4rtfuv,56,419,528,83,136,DHelmetP1Helmet
_a0q4rtfuv,57,402,527,83,134,DHelmetP1Helmet
_a0q4rtfuv,58,389,527,81,130,DHelmetP1Helmet
_a0q4rtfuv,59,376,526,78,128,DHelmetP1Helmet
_a0q4rtfuv,60,363,525,75,126,DHelmetP1Helmet
_a0q4rtfuv,61,350,524,74,125,DHelmetP1Helmet
_a0q4rtfuv,62,339,524,72,123,DHelmetP1Helmet
_a0q4rtfuv,63,328,524,71,120,DHelmetP1Helmet
_a0q4rtfuv,64,318,523,68,119,DHelmetP1Helmet
_a0q4rtfuv,65,308,523,68,117,DHelmetP1Helmet
_a0q4rtfuv,66,299,522,66,115,DHelmetP1Helmet
_a0q4rtfuv,67,290,522,65,113,DHelmetP1Helmet
_a0q4rtfuv,68,280,522,65,111,DHelmetP1Helmet
_a0q4rtfuv,69,271,521,63,110,DHelmetP1Helmet
_a0q4rtfuv,70,264,520,62,108,DHelmetP1Helmet
_a0q4rtfuv,71,257,519,61,107,DHelmetP1Helmet
_a0q4rtfuv,72,249,518,60,106,DHelmetP1Helmet
_a0q4rtfuv,73,242,517,59,104,DHelmetP1Helmet
_a0q4rtfuv,74,235,516,57,103,DHelmetP1Helmet
_a0q4rtfuv,75,230,516,55,101,DHelmetP1Helmet
_a0q4rtfuv,76,224,515,55,101,DHelmetP1Helmet
_a0q4rtfuv,77,219,515,53,99,DHelmetP1Helmet
_a0q4rtfuv,78,213,514,52,98,DHelmetP1Helmet
_a0q4rtfuv,79,208,514,50,96,DHelmetP1Helmet
_a0q4rtfuv,80,202,513,50,96,DHelmetP1Helmet
_g44rkdtk6,8,120,512,61,131,DHelmetP0NoHelmet
_g44rkdtk6,9,127,515,61,130,DHelmetP0NoHelmet
_g44rkdtk6,10,137,515,61,134,DHelmetP0NoHelmet
_g44rkdtk6,11,146,515,61,137,DHelmetP0NoHelmet
_g44rkdtk6,12,154,516,63,139,DHelmetP0NoHelmet
_g44rkdtk6,13,163,516,64,142,DHelmetP0NoHelmet
_g44rkdtk6,14,171,517,66,144,DHelmetP0NoHelmet
_g44rkdtk6,15,180,518,67,146,DHelmetP0NoHelmet
_g44rkdtk6,16,191,518,68,150,DHelmetP0NoHelmet
_g44rkdtk6,17,201,519,70,153,DHelmetP0NoHelmet
_g44rkdtk6,18,212,519,72,156,DHelmetP0NoHelmet
_g44rkdtk6,19,223,520,73,159,DHelmetP0NoHelmet
_g44rkdtk6,20,233,520,75,163,DHelmetP0NoHelmet
_g44rkdtk6,21,245,522,76,165,DHelmetP0NoHelmet
_g44rkdtk6,22,257,524,77,166,DHelmetP0NoHelmet
_g44rkdtk6,23,270,524,81,171,DHelmetP0NoHelmet
_g44rkdtk6,24,284,525,84,175,DHelmetP0NoHelmet
_g44rkdtk6,25,297,526,88,179,DHelmetP0NoHelmet
_g44rkdtk6,26,312,527,91,183,DHelmetP0NoHelmet
_g44rkdtk6,27,327,528,93,187,DHelmetP0NoHelmet
_g44rkdtk6,28,343,528,94,192,DHelmetP0NoHelmet
_g44rkdtk6,29,356,529,98,196,DHelmetP0NoHelmet
_g44rkdtk6,30,374,530,97,200,DHelmetP0NoHelmet
_g44rkdtk6,31,391,531,97,203,DHelmetP0NoHelmet
_g44rkdtk6,32,409,532,99,207,DHelmetP0NoHelmet
_g44rkdtk6,33,427,532,101,212,DHelmetP0NoHelmet
_g44rkdtk6,34,447,534,107,217,DHelmetP0NoHelmet
_g44rkdtk6,35,466,535,113,222,DHelmetP0NoHelmet
_g44rkdtk6,36,486,536,118,228,DHelmetP0NoHelmet
_g44rkdtk6,37,509,538,121,233,DHelmetP0NoHelmet
_g44rkdtk6,38,532,539,123,238,DHelmetP0NoHelmet
_g44rkdtk6,39,555,540,126,244,DHelmetP0NoHelmet
_g44rkdtk6,40,580,542,130,249,DHelmetP0NoHelmet
_g44rkdtk6,41,605,543,134,254,DHelmetP0NoHelmet
_g44rkdtk6,42,631,544,137,260,DHelmetP0NoHelmet
_g44rkdtk6,43,656,546,141,264,DHelmetP0NoHelmet
_g44rkdtk6,44,682,548,145,271,DHelmetP0NoHelmet
_g44rkdtk6,45,708,549,149,278,DHelmetP0NoHelmet
_g44rkdtk6,46,733,551,153,285,DHelmetP0NoHelmet
_g44rkdtk6,47,759,553,157,291,DHelmetP0NoHelmet
_g44rkdtk6,48,785,555,160,297,DHelmetP0NoHelmet
_g44rkdtk6,49,811,557,164,304,DHelmetP0NoHelmet
_g44rkdtk6,50,837,559,168,310,DHelmetP0NoHelmet
_g44rkdtk6,51,864,560,173,319,DHelmetP0NoHelmet
_g44rkdtk6,52,891,561,179,327,DHelmetP0NoHelmet
_g44rkdtk6,53,917,563,186,335,DHelmetP0NoHelmet
_g44rkdtk6,54,944,564,193,343,DHelmetP0NoHelmet
_g44rkdtk6,55,971,565,200,352,DHelmetP0NoHelmet
_g44rkdtk6,56,998,568,212,360,DHelmetP0NoHelmet
_g44rkdtk6,57,1025,570,223,370,DHelmetP0NoHelmet
_g44rkdtk6,58,1058,572,235,380,DHelmetP0NoHelmet
_g44rkdtk6,59,1091,574,247,390,DHelmetP0NoHelmet
_g44rkdtk6,60,1125,576,262,400,DHelmetP0NoHelmet
_g44rkdtk6,61,1160,579,277,408,DHelmetP0NoHelmet
_g44rkdtk6,62,1194,581,292,418,DHelmetP0NoHelmet
_g44rkdtk6,63,1229,583,303,428,DHelmetP0NoHelmet
_g44rkdtk6,64,1263,585,314,438,DHelmetP0NoHelmet
_g44rkdtk6,65,1298,588,325,447,DHelmetP0NoHelmet
_g44rkdtk6,66,1332,591,339,456,DHelmetP0NoHelmet
_g44rkdtk6,67,1366,594,353,465,DHelmetP0NoHelmet
_g44rkdtk6,68,1400,597,366,474,DHelmetP0NoHelmet
_g44rkdtk6,69,1438,598,379,482,DHelmetP0NoHelmet
_g44rkdtk6,70,1476,600,393,480,DHelmetP0NoHelmet
_g44rkdtk6,71,1514,603,406,477,DHelmetP0NoHelmet
_g44rkdtk6,72,1549,605,371,475,DHelmetP0NoHelmet
_g44rkdtk6,73,1589,606,331,474,DHelmetP0NoHelmet
_g44rkdtk6,74,1629,607,291,473,DHelmetP0NoHelmet
_jygmld6nx,60,122,522,57,129,DHelmet
_jygmld6nx,61,128,523,57,130,DHelmet
_jygmld6nx,62,134,523,56,131,DHelmet
_jygmld6nx,63,139,524,56,132,DHelmet
_jygmld6nx,64,146,525,58,134,DHelmet
_jygmld6nx,65,153,526,59,136,DHelmet
_jygmld6nx,66,161,527,60,138,DHelmet
_jygmld6nx,67,168,527,61,141,DHelmet
_jygmld6nx,68,175,528,63,143,DHelmet
_jygmld6nx,69,182,529,64,144,DHelmet
_jygmld6nx,70,189,530,66,146,DHelmet
_jygmld6nx,71,197,531,67,149,DHelmet
_jygmld6nx,72,206,532,68,152,DHelmet
_jygmld6nx,73,214,533,70,155,DHelmet
_jygmld6nx,74,222,534,72,158,DHelmet
_jygmld6nx,75,231,534,73,161,DHelmet
_jygmld6nx,76,239,535,75,164,DHelmet
_jygmld6nx,77,249,537,77,166,DHelmet
_jygmld6nx,78,259,538,78,169,DHelmet
_jygmld6nx,79,269,540,79,170,DHelmet
_jygmld6nx,80,280,541,80,175,DHelmet
_jygmld6nx,81,292,543,79,178,DHelmet
_jygmld6nx,82,303,544,80,182,DHelmet
_jygmld6nx,83,314,546,80,185,DHelmet
_jygmld6nx,84,326,547,80,190,DHelmet
_jygmld6nx,85,337,548,80,194,DHelmet
_jygmld6nx,86,351,550,84,198,DHelmet
_jygmld6nx,87,364,551,88,202,DHelmet
_jygmld6nx,88,377,553,92,206,DHelmet
_jygmld6nx,89,391,554,96,211,DHelmet
_jygmld6nx,90,404,556,100,215,DHelmet
_jygmld6nx,91,419,557,105,221,DHelmet
_jygmld6nx,92,434,559,110,227,DHelmet
_jygmld6nx,93,452,560,112,234,DHelmet
_jygmld6nx,94,470,562,114,240,DHelmet
_jygmld6nx,95,487,564,117,246,DHelmet
_jygmld6nx,96,506,566,119,253,DHelmet
_jygmld6nx,97,525,568,121,260,DHelmet
_jygmld6nx,98,544,570,123,267,DHelmet
_jygmld6nx,99,565,572,124,274,DHelmet
_jygmld6nx,100,585,574,125,281,DHelmet
