track_id,frame_id,x,y,w,h,label
_f85ix988b,66,352,514,50,91,DNoHelmetP1NoHelmet
_f85ix988b,67,352,515,50,90,DNoHelmetP1NoHelmet
_f85ix988b,68,352,515,50,90,DNoHelmetP1NoHelmet
_f85ix988b,69,352,516,50,89,DNoHelmetP1NoHelmet
_f85ix988b,70,351,517,51,88,DNoHelmetP1NoHelmet
_f85ix988b,71,351,517,51,88,DNoHelmetP1NoHelmet
_f85ix988b,72,351,518,51,87,DNoHelmetP1NoHelmet
_f85ix988b,73,351,518,50,87,DNoHelmetP1NoHelmet
_f85ix988b,74,351,518,50,87,DNoHelmetP1NoHelmet
_f85ix988b,75,351,518,50,88,DNoHelmetP1NoHelmet
_f85ix988b,76,351,518,49,88,DNoHelmetP1NoHelmet
_f85ix988b,77,349,518,51,88,DNoHelmetP1NoHelmet
_f85ix988b,78,347,518,52,88,DNoHelmetP1NoHelmet
_f85ix988b,79,345,518,54,89,DNoHelmetP1NoHelmet
_f85ix988b,80,343,518,55,89,DNoHelmetP1NoHelmet
_f85ix988b,81,341,518,56,89,DNoHelmetP1NoHelmet
_f85ix988b,82,339,518,58,90,DNoHelmetP1NoHelmet
_f85ix988b,83,337,518,59,90,DNoHelmetP1NoHelmet
_f85ix988b,84,335,518,61,90,DNoHelmetP1NoHelmet
_f85ix988b,85,331,518,61,90,DNoHelmetP1NoHelmet
_f85ix988b,86,326,517,63,91,DNoHelmetP1NoHelmet
_f85ix988b,87,322,517,64,91,DNoHelmetP1NoHelmet
_f85ix988b,88,317,516,66,92,DNoHelmetP1NoHelmet
_f85ix988b,89,313,516,67,91,DNoHelmetP1NoHelmet
_f85ix988b,90,306,516,69,92,DNoHelmetP1NoHelmet
_f85ix988b,91,300,516,71,92,DNoHelmetP1NoHelmet
_f85ix988b,92,293,516,73,92,DNoHelmetP1NoHelmet
_f85ix988b,93,287,515,74,93,DNoHelmetP1NoHelmet
_f85ix988b,94,281,515,76,93,DNoHelmetP1NoHelmet
_f85ix988b,95,276,515,77,93,DNoHelmetP1NoHelmet
_f85ix988b,96,274,515,74,93,DNoHelmetP1NoHelmet
_f85ix988b,97,271,515,72,94,DNoHelmetP1NoHelmet
_f85ix988b,98,268,515,70,94,DNoHelmetP1NoHelmet
_f85ix988b,99,264,514,70,96,DNoHelmetP1NoHelmet
_f85ix988b,100,260,513,70,99,DNoHelmetP1NoHelmet
_ws8w04w22,67,1709,589,211,291,DHelmet
_ws8w04w22,68,1651,586,241,284,DHelmet
_ws8w04w22,69,1593,585,232,276,DHelmet
_ws8w04w22,70,1541,581,223,268,DHelmet
_ws8w04w22,71,1489,579,217,260,DHelmet
_ws8w04w22,72,1437,578,211,252,DHelmet
_ws8w04w22,73,1390,575,202,247,DHelmet
_ws8w04w22,74,1347,572,192,243,DHelmet
_ws8w04w22,75,1303,570,182,238,DHelmet
_ws8w04w22,76,1262,567,174,233,DHelmet
_ws8w04w22,77,1220,565,167,227,DHelmet
_ws8w04w22,78,1185,563,159,222,DHelmet
_ws8w04w22,79,1151,561,150,216,DHelmet
_ws8w04w22,80,1117,560,144,212,DHelmet
_ws8w04w22,81,1084,559,138,208,DHelmet
_ws8w04w22,82,1058,557,129,205,DHelmet
_ws8w04w22,83,1032,556,121,200,DHelmet
_ws8w04w22,84,1006,555,112,196,DHelmet
_ws8w04w22,85,981,553,110,192,DHelmet
_ws8w04w22,86,956,550,108,188,DHelmet
_ws8w04w22,87,932,548,105,184,DHelmet
_ws8w04w22,88,907,545,103,180,DHelmet
_ws8w04w22,89,884,545,101,177,DHelmet
_ws8w04w22,90,860,545,99,174,DHelmet
_ws8w04w22,91,839,545,97,169,DHelmet
_ws8w04w22,92,818,544,95,166,DHelmet
_ws8w04w22,93,797,544,93,161,DHelmet
_ws8w04w22,94,776,543,91,158,DHelmet
_ws8w04w22,95,758,542,89,155,DHelmet
_ws8w04w22,96,740,541,87,152,DHelmet
_ws8w04w22,97,723,540,84,149,DHelmet
_ws8w04w22,98,706,539,83,146,DHelmet
_ws8w04w22,99,689,537,81,144,DHelmet
_ws8w04w22,100,673,536,78,142,DHelmet
_1p6enjbce,95,112,518,65,142,DHelmet
_1p6enjbce,96,121,518,65,145,DHelmet
_1p6enjbce,97,130,518,65,149,DHelmet
_g5r4vjkiz,36,119,525,59,146,DHelmet
_g5r4vjkiz,37,122,525,62,148,DHelmet
_g5r4vjkiz,38,124,525,66,150,DHelmet
_g5r4vjkiz,39,127,525,69,152,DHelmet
_g5r4vjkiz,40,130,525,72,154,DHelmet
_g5r4vjkiz,41,132,525,76,155,DHelmet
_g5r4vjkiz,42,135,525,78,157,DHelmet
_g5r4vjkiz,43,137,526,80,158,DHelmet
_g5r4vjkiz,44,144,528,76,159,DHelmet
_g5r4vjkiz,45,148,529,77,160,DHelmet
_g5r4vjkiz,46,152,529,78,162,DHelmet
_g5r4vjkiz,47,155,530,78,162,DHelmet
_g5r4vjkiz,48,159,530,78,164,DHelmet
_g5r4vjkiz,49,162,531,78,164,DHelmet
_g5r4vjkiz,50,165,531,78,166,DHelmet
_g5r4vjkiz,51,168,532,78,166,DHelmet
_g5r4vjkiz,52,172,532,77,168,DHelmet
_g5r4vjkiz,53,173,533,79,169,DHelmet
_g5r4vjkiz,54,174,534,80,171,DHelmet
_g5r4vjkiz,55,176,535,80,172,DHelmet
_g5r4vjkiz,56,177,535,81,175,DHelmet
_g5r4vjkiz,57,178,536,82,177,DHelmet
_g5r4vjkiz,58,180,537,83,178,DHelmet
_g5r4vjkiz,59,181,538,84,180,DHelmet
_g5r4vjkiz,60,182,538,85,182,DHelmet
_g5r4vjkiz,61,183,538,85,184,DHelmet
_g5r4vjkiz,62,184,538,85,186,DHelmet
_g5r4vjkiz,63,184,538,85,188,DHelmet
_g5r4vjkiz,64,185,538,85,190,DHelmet
_g5r4vjkiz,65,185,538,86,192,DHelmet
_g5r4vjkiz,66,186,538,86,194,DHelmet
_g5r4vjkiz,67,186,538,86,195,DHelmet
_g5r4vjkiz,68,184,539,88,197,DHelmet
_g5r4vjkiz,69,182,540,89,199,DHelmet
_g5r4vjkiz,70,180,541,90,200,DHelmet
_g5r4vjkiz,71,178,541,91,203,DHelmet
_g5r4vjkiz,72,176,542,93,205,DHelmet
_g5r4vjkiz,73,173,543,95,206,DHelmet
_g5r4vjkiz,74,171,544,96,208,DHelmet
_g5r4vjkiz,75,169,545,97,210,DHelmet
_g5r4vjkiz,76,167,545,99,212,DHelmet
_g5r4vjkiz,77,169,547,99,213,DHelmet
_g5r4vjkiz,78,171,548,99,214,DHelmet
_g5r4vjkiz,79,173,549,100,216,DHelmet
_g5r4vjkiz,80,175,550,100,218,DHelmet
_g5r4vjkiz,81,177,551,101,219,DHelmet
_g5r4vjkiz,82,179,553,103,220,DHelmet
_g5r4vjkiz,83,181,554,105,221,DHelmet
_g5r4vjkiz,84,183,555,107,223,DHelmet
_g5r4vjkiz,85,185,555,108,226,DHelmet
_g5r4vjkiz,86,188,556,108,229,DHelmet
_g5r4vjkiz,87,190,556,110,232,DHelmet
_g5r4vjkiz,88,192,557,111,234,DHelmet
_g5r4vjkiz,89,191,557,112,238,DHelmet
_g5r4vjkiz,90,190,557,113,241,DHelmet
_g5r4vjkiz,91,188,558,114,244,DHelmet
_g5r4vjkiz,92,185,559,116,247,DHelmet
_g5r4vjkiz,93,181,559,119,251,DHelmet
_g5r4vjkiz,94,175,560,120,254,DHelmet
_g5r4vjkiz,95,170,561,120,258,DHelmet
_g5r4vjkiz,96,164,562,121,261,DHelmet
_g5r4vjkiz,97,152,563,125,264,DHelmet
_g5r4vjkiz,98,140,564,128,267,DHelmet
_g5r4vjkiz,99,128,564,132,272,DHelmet
_g5r4vjkiz,100,116,565,136,275,DHelmet
_2xphpyevk,1,92,539,132,203,DHelmet
_2xphpyevk,2,91,539,135,203,DHelmet
_2xphpyevk,3,90,539,138,203,DHelmet
_2xphpyevk,4,89,539,141,203,DHelmet
_2xphpyevk,5,88,539,145,203,DHelmet
_2xphpyevk,6,87,539,148,203,DHelmet
_2xphpyevk,7,86,539,151,203,DHelmet
_2xphpyevk,8,85,539,154,203,DHelmet
_2xphpyevk,9,84,539,157,203,DHelmet
_2xphpyevk,10,84,539,158,203,DHelmet
_2xphpyevk,11,84,539,159,203,DHelmet
_2xphpyevk,12,84,539,160,203,DHelmet
_2xphpyevk,13,81,539,162,203,DHelmet
_2xphpyevk,14,79,539,163,203,DHelmet
_2xphpyevk,15,76,539,165,203,DHelmet
_2xphpyevk,16,73,539,166,203,DHelmet
_2xphpyevk,17,70,539,168,203,DHelmet
_2xphpyevk,18,67,539,170,203,DHelmet
_2xphpyevk,19,64,539,172,203,DHelmet
_2xphpyevk,20,61,539,174,203,DHelmet
_2xphpyevk,21,57,539,173,203,DHelmet
_2xphpyevk,22,58,539,168,203,DHelmet
_2xphpyevk,23,60,539,163,202,DHelmet
_2xphpyevk,24,62,539,157,202,DHelmet
_2xphpyevk,25,64,539,151,202,DHelmet
_2xphpyevk,26,65,539,146,202,DHelmet
_2xphpyevk,27,67,539,140,202,DHelmet
