track_id,frame_id,x,y,w,h,label
_ab9imbc15,1,296,362,69,145,DHelmet
_ab9imbc15,2,279,361,68,141,DHelmet
_ab9imbc15,3,263,360,66,137,DHelmet
_ab9imbc15,4,250,360,63,133,DHelmet
_ab9imbc15,5,237,360,59,129,DHelmet
_fvkjyw63t,1,476,384,90,171,DHelmet
_fvkjyw63t,2,452,382,89,166,DHelmet
_fvkjyw63t,3,428,380,88,162,DHelmet
_fvkjyw63t,4,403,378,88,157,DHelmet
_fvkjyw63t,5,381,376,87,152,DHelmet
_fvkjyw63t,6,360,374,85,148,DHelmet
_fvkjyw63t,7,340,372,82,143,DHelmet
_fvkjyw63t,8,320,370,78,139,DHelmet
_fvkjyw63t,9,299,368,78,136,DHelmet
_fvkjyw63t,10,277,367,78,133,DHelmet
_wigbwr842,1,798,401,123,233,DHelmet
_wigbwr842,2,758,396,117,223,DHelmet
_wigbwr842,3,719,394,114,213,DHelmet
_wigbwr842,4,684,391,109,207,DHelmet
_wigbwr842,5,649,388,104,201,DHelmet
_wigbwr842,6,617,386,103,194,DHelmet
_wigbwr842,7,586,383,100,188,DHelmet
_wigbwr842,8,557,380,95,182,DHelmet
_wigbwr842,9,530,378,92,177,DHelmet
_wigbwr842,10,504,376,88,172,DHelmet
_wigbwr842,11,480,374,85,168,DHelmet
_wigbwr842,12,457,372,81,163,DHelmet
_wigbwr842,13,434,369,80,159,DHelmet
_wigbwr842,14,412,367,78,154,DHelmet
_wigbwr842,15,393,365,76,152,DHelmet
_wigbwr842,16,375,364,73,148,DHelmet
_wigbwr842,17,354,362,73,144,DHelmet
_wigbwr842,18,333,360,72,140,DHelmet
_onru1vb7n,1,1028,428,128,199,DHelmet
_onru1vb7n,2,997,426,123,195,DHelmet
_onru1vb7n,3,969,423,120,193,DHelmet
_onru1vb7n,4,941,420,116,190,DHelmet
_onru1vb7n,5,913,417,113,188,DHelmet
_onru1vb7n,6,885,414,109,186,DHelmet
_onru1vb7n,7,858,412,105,182,DHelmet
_onru1vb7n,8,834,410,102,178,DHelmet
_onru1vb7n,9,812,408,98,174,DHelmet
_onru1vb7n,10,790,406,95,171,DHelmet
_onru1vb7n,11,768,404,92,167,DHelmet
_onru1vb7n,12,747,402,87,163,DHelmet
_onru1vb7n,13,727,401,85,160,DHelmet
_onru1vb7n,14,707,399,82,158,DHelmet
_onru1vb7n,15,689,397,81,156,DHelmet
_onru1vb7n,16,671,396,79,152,DHelmet
_13mu59a79,4,934,430,141,222,DHelmet
_13mu59a79,5,889,425,135,216,DHelmet
_13mu59a79,6,852,421,130,210,DHelmet
_13mu59a79,7,815,418,124,203,DHelmet
_13mu59a79,8,779,414,118,198,DHelmet
_13mu59a79,9,742,410,112,192,DHelmet
_13mu59a79,10,709,407,106,185,DHelmet
_13mu59a79,11,677,404,103,182,DHelmet
_13mu59a79,12,647,402,100,176,DHelmet
_13mu59a79,13,622,399,93,172,DHelmet
_13mu59a79,14,596,397,88,166,DHelmet
_13mu59a79,15,574,394,84,162,DHelmet
_13mu59a79,16,552,392,80,157,DHelmet
_13mu59a79,17,533,391,76,152,DHelmet
_13mu59a79,18,513,389,75,149,DHelmet
_13mu59a79,19,494,387,74,146,DHelmet
_13mu59a79,20,477,384,73,143,DHelmet
_13mu59a79,21,460,381,72,141,DHelmet
_jhnlx2t8u,1,1073,443,204,281,DNoHelmet
_jhnlx2t8u,2,1005,436,190,268,DNoHelmet
_jhnlx2t8u,3,941,431,174,257,DNoHelmet
_jhnlx2t8u,4,882,422,164,250,DNoHelmet
_jhnlx2t8u,5,827,418,153,240,DNoHelmet
_jhnlx2t8u,6,778,414,142,232,DNoHelmet
_jhnlx2t8u,7,732,412,131,218,DNoHelmet
_jhnlx2t8u,8,689,406,124,212,DNoHelmet
_jhnlx2t8u,9,649,403,116,204,DNoHelmet
_jhnlx2t8u,10,611,400,108,195,DNoHelmet
_jhnlx2t8u,11,577,395,103,190,DNoHelmet
_jhnlx2t8u,12,543,391,98,184,DNoHelmet
_jhnlx2t8u,13,515,390,90,176,DNoHelmet
_jhnlx2t8u,14,487,387,87,171,DNoHelmet
_jhnlx2t8u,15,460,384,84,166,DNoHelmet
_jhnlx2t8u,16,432,381,81,162,DNoHelmet
_jhnlx2t8u,17,404,378,79,157,DNoHelmet
_jhnlx2t8u,18,384,376,76,152,DNoHelmet
_jhnlx2t8u,19,363,373,75,149,DNoHelmet
_jhnlx2t8u,20,343,370,73,145,DNoHelmet
_ab4xgv6vi,1,1419,465,222,269,DHelmetP1Helmet
_ab4xgv6vi,2,1367,460,212,259,DHelmetP1Helmet
_ab4xgv6vi,3,1315,455,202,249,DHelmetP1Helmet
_ab4xgv6vi,4,1269,450,191,239,DHelmetP1Helmet
_ab4xgv6vi,5,1222,445,181,229,DHelmetP1Helmet
_ab4xgv6vi,6,1178,441,175,228,DHelmetP1Helmet
_ab4xgv6vi,7,1134,437,169,227,DHelmetP1Helmet
_ab4xgv6vi,8,1096,434,161,220,DHelmetP1Helmet
_ab4xgv6vi,9,1058,431,152,213,DHelmetP1Helmet
_ab4xgv6vi,10,1016,426,152,210,DHelmetP1Helmet
_ab4xgv6vi,11,975,421,150,207,DHelmetP1Helmet
_ab4xgv6vi,12,942,419,143,200,DHelmetP1Helmet
_ab4xgv6vi,13,910,416,135,194,DHelmetP1Helmet
_ab4xgv6vi,14,878,414,129,188,DHelmetP1Helmet
_ab4xgv6vi,15,846,412,122,182,DHelmetP1Helmet
_ab4xgv6vi,16,818,409,120,180,DHelmetP1Helmet
_ab4xgv6vi,17,791,406,118,178,DHelmetP1Helmet
_ab4xgv6vi,18,768,404,112,175,DHelmetP1Helmet
_ab4xgv6vi,19,744,401,108,172,DHelmetP1Helmet
_ab4xgv6vi,20,720,399,104,169,DHelmetP1Helmet
_ab4xgv6vi,21,697,397,98,166,DHelmetP1Helmet
_ab4xgv6vi,22,673,394,94,164,DHelmetP1Helmet
_ab4xgv6vi,23,656,393,87,158,DHelmetP1Helmet
_ab4xgv6vi,24,639,391,81,154,DHelmetP1Helmet
_ab4xgv6vi,25,622,390,77,150,DHelmetP1Helmet
_ab4xgv6vi,26,605,389,73,146,DHelmetP1Helmet
_ab4xgv6vi,27,585,386,74,144,DHelmetP1Helmet
_ab4xgv6vi,28,565,384,75,142,DHelmetP1Helmet
_ab4xgv6vi,29,547,383,74,138,DHelmetP1Helmet
_ab4xgv6vi,30,530,383,72,134,DHelmetP1Helmet
_ab4xgv6vi,31,512,380,72,133,DHelmetP1Helmet
_ab4xgv6vi,32,494,378,73,131,DHelmetP1Helmet
_ab4xgv6vi,33,476,376,74,130,DHelmetP1Helmet
_4g68rqx1y,1,1545,480,286,318,DHelmet
_4g68rqx1y,2,1467,473,267,305,DHelmet
_4g68rqx1y,3,1388,466,249,292,DHelmet
_4g68rqx1y,4,1310,460,230,277,DHelmet
_4g68rqx1y,5,1243,453,217,268,DHelmet
_4g68rqx1y,6,1177,446,202,259,DHelmet
_4g68rqx1y,7,1114,441,192,250,DHelmet
_4g68rqx1y,8,1056,436,176,241,DHelmet
_4g68rqx1y,9,1003,430,168,235,DHelmet
_4g68rqx1y,10,951,425,160,228,DHelmet
_4g68rqx1y,11,905,420,152,221,DHelmet
_4g68rqx1y,12,859,415,143,215,DHelmet
_4g68rqx1y,13,819,410,135,209,DHelmet
_4g68rqx1y,14,779,405,126,203,DHelmet
_4g68rqx1y,15,744,402,120,198,DHelmet
_4g68rqx1y,16,709,399,114,193,DHelmet
_4g68rqx1y,17,678,396,108,188,DHelmet
_4g68rqx1y,18,648,393,103,183,DHelmet
_4g68rqx1y,19,619,391,97,178,DHelmet
_4g68rqx1y,20,593,388,93,174,DHelmet
_4g68rqx1y,21,567,386,89,169,DHelmet
_4g68rqx1y,22,540,384,87,163,DHelmet
_4g68rqx1y,23,515,381,84,160,DHelmet
_4g68rqx1y,24,490,379,82,156,DHelmet
_4g68rqx1y,25,467,377,78,152,DHelmet
_4g68rqx1y,26,443,375,76,148,DHelmet
_4g68rqx1y,27,420,372,78,147,DHelmet
_4g68rqx1y,28,397,370,81,144,DHelmet
_4g68rqx1y,29,375,367,82,143,DHelmet
_g431gcvwj,5,1541,475,368,366,DHelmetP1Helmet
_g431gcvwj,6,1453,466,339,352,DHelmetP1Helmet
_g431gcvwj,7,1373,460,311,335,DHelmetP1Helmet
_g431gcvwj,8,1300,452,286,320,DHelmetP1Helmet
_g431gcvwj,9,1230,445,263,308,DHelmetP1Helmet
_g431gcvwj,10,1164,439,247,296,DHelmetP1Helmet
_g431gcvwj,11,1104,435,227,282,DHelmetP1Helmet
_g431gcvwj,12,1046,426,213,278,DHelmetP1Helmet
_g431gcvwj,13,993,422,198,265,DHelmetP1Helmet
_g431gcvwj,14,944,417,183,258,DHelmetP1Helmet
_g431gcvwj,15,896,415,173,247,DHelmetP1Helmet
_g431gcvwj,16,848,410,164,241,DHelmetP1Helmet
_g431gcvwj,17,807,406,155,233,DHelmetP1Helmet
_g431gcvwj,18,769,402,145,227,DHelmetP1Helmet
_g431gcvwj,19,731,399,136,219,DHelmetP1Helmet
_g431gcvwj,20,698,396,129,212,DHelmetP1Helmet
_g431gcvwj,21,665,393,121,205,DHelmetP1Helmet
_g431gcvwj,22,634,389,115,200,DHelmetP1Helmet
_g431gcvwj,23,608,387,108,194,DHelmetP1Helmet
_g431gcvwj,24,581,385,102,189,DHelmetP1Helmet
_g431gcvwj,25,556,383,98,185,DHelmetP1Helmet
_g431gcvwj,26,530,381,95,180,DHelmetP1Helmet
_g431gcvwj,27,504,379,92,176,DHelmetP1Helmet
_g431gcvwj,28,483,376,89,173,DHelmetP1Helmet
_g431gcvwj,29,462,373,86,170,DHelmetP1Helmet
_g431gcvwj,30,441,371,83,165,DHelmetP1Helmet
_g431gcvwj,31,422,369,81,162,DHelmetP1Helmet
_g431gcvwj,32,403,368,79,158,DHelmetP1Helmet
_g431gcvwj,33,385,366,77,154,DHelmetP1Helmet
_g431gcvwj,34,366,364,75,151,DHelmetP1Helmet
_l1m7f1nj2,9,1557,499,363,406,DHelmetP1NoHelmetP2Helmet
_l1m7f1nj2,10,1471,490,347,391,DHelmetP1NoHelmetP2Helmet
_l1m7f1nj2,11,1393,482,318,372,DHelmetP1NoHelmetP2Helmet
_l1m7f1nj2,12,1319,474,296,355,DHelmetP1NoHelmetP2Helmet
_l1m7f1nj2,13,1252,467,273,340,DHelmetP1NoHelmetP2Helmet
_l1m7f1nj2,14,1191,461,252,326,DHelmetP1NoHelmetP2Helmet
_l1m7f1nj2,15,1134,453,233,315,DHelmetP1NoHelmetP2Helmet
_l1m7f1nj2,16,1083,447,215,305,DHelmetP1NoHelmetP2Helmet
_l1m7f1nj2,17,1029,442,204,293,DHelmetP1NoHelmetP2Helmet
_l1m7f1nj2,18,985,437,188,280,DHelmetP1NoHelmetP2Helmet
_l1m7f1nj2,19,942,433,175,270,DHelmetP1NoHelmetP2Helmet
_l1m7f1nj2,20,902,427,164,264,DHelmetP1NoHelmetP2Helmet
_l1m7f1nj2,21,864,424,154,254,DHelmetP1NoHelmetP2Helmet
_l1m7f1nj2,22,824,419,149,246,DHelmetP1NoHelmetP2Helmet
_l1m7f1nj2,23,786,415,145,239,DHelmetP1NoHelmetP2Helmet
_l1m7f1nj2,24,752,410,141,233,DHelmetP1NoHelmetP2Helmet
_l1m7f1nj2,25,718,408,137,226,DHelmetP1NoHelmetP2Helmet
_l1m7f1nj2,26,689,405,133,219,DHelmetP1NoHelmetP2Helmet
_l1m7f1nj2,27,661,402,128,212,DHelmetP1NoHelmetP2Helmet
_l1m7f1nj2,28,632,398,124,206,DHelmetP1NoHelmetP2Helmet
_l1m7f1nj2,29,607,396,121,201,DHelmetP1NoHelmetP2Helmet
_l1m7f1nj2,30,582,394,118,195,DHelmetP1NoHelmetP2Helmet
_l1m7f1nj2,31,557,392,115,190,DHelmetP1NoHelmetP2Helmet
_l1m7f1nj2,32,535,389,111,187,DHelmetP1NoHelmetP2Helmet
_l1m7f1nj2,33,513,386,107,184,DHelmetP1NoHelmetP2Helmet
_l1m7f1nj2,34,491,384,103,180,DHelmetP1NoHelmetP2Helmet
_l1m7f1nj2,35,471,381,101,177,DHelmetP1NoHelmetP2Helmet
_l1m7f1nj2,36,451,379,100,173,DHelmetP1NoHelmetP2Helmet
_l1m7f1nj2,37,434,379,95,167,DHelmetP1NoHelmetP2Helmet
_l1m7f1nj2,38,416,380,91,160,DHelmetP1NoHelmetP2Helmet
_l1m7f1nj2,39,401,378,89,158,DHelmetP1NoHelmetP2Helmet
_l1m7f1nj2,40,385,376,88,156,DHelmetP1NoHelmetP2Helmet
_l1m7f1nj2,41,370,374,84,153,DHelmetP1NoHelmetP2Helmet
_l1m7f1nj2,42,354,372,81,151,DHelmetP1NoHelmetP2Helmet
_l1m7f1nj2,43,341,371,80,147,DHelmetP1NoHelmetP2Helmet
_l1m7f1nj2,44,328,369,79,143,DHelmetP1NoHelmetP2Helmet
_uthh5smow,13,1643,505,277,344,DHelmet
_uthh5smow,14,1548,496,308,327,DHelmet
_uthh5smow,15,1458,486,282,316,DHelmet
_uthh5smow,16,1378,477,258,302,DHelmet
_uthh5smow,17,1302,470,236,288,DHelmet
_uthh5smow,18,1232,463,216,273,DHelmet
_uthh5smow,19,1170,458,198,263,DHelmet
_uthh5smow,20,1110,449,183,254,DHelmet
_uthh5smow,21,1055,444,170,244,DHelmet
_uthh5smow,22,1002,438,157,236,DHelmet
_uthh5smow,23,954,434,145,224,DHelmet
_uthh5smow,24,909,429,136,217,DHelmet
_uthh5smow,25,869,426,123,208,DHelmet
_uthh5smow,26,826,421,119,202,DHelmet
_uthh5smow,27,787,416,116,196,DHelmet
_uthh5smow,28,754,413,110,189,DHelmet
_uthh5smow,29,725,410,101,183,DHelmet
_uthh5smow,30,696,406,92,178,DHelmet
_uthh5smow,31,666,402,87,174,DHelmet
_uthh5smow,32,635,398,83,169,DHelmet
_uthh5smow,33,606,396,82,164,DHelmet
_uthh5smow,34,577,393,81,160,DHelmet
_dizyucfg5,14,1672,498,248,300,DHelmet
_dizyucfg5,15,1608,493,242,287,DHelmet
_dizyucfg5,16,1538,487,236,277,DHelmet
_dizyucfg5,17,1454,478,244,268,DHelmet
_dizyucfg5,18,1397,474,218,260,DHelmet
_dizyucfg5,19,1344,468,217,251,DHelmet
_dizyucfg5,20,1292,463,202,244,DHelmet
_dizyucfg5,21,1245,454,191,239,DHelmet
_dizyucfg5,22,1200,450,181,232,DHelmet
_dizyucfg5,23,1157,445,169,226,DHelmet
_dizyucfg5,24,1119,442,160,219,DHelmet
_dizyucfg5,25,1081,439,151,212,DHelmet
_dizyucfg5,26,1047,435,144,207,DHelmet
_dizyucfg5,27,1013,431,136,202,DHelmet
_dizyucfg5,28,982,428,130,197,DHelmet
_dizyucfg5,29,952,425,122,193,DHelmet
_dizyucfg5,30,925,423,117,188,DHelmet
_dizyucfg5,31,897,421,113,184,DHelmet
_dizyucfg5,32,872,417,105,177,DHelmet
_dizyucfg5,33,847,413,98,170,DHelmet
_dizyucfg5,34,824,410,96,168,DHelmet
_dizyucfg5,35,801,407,94,166,DHelmet
_dizyucfg5,36,778,405,93,163,DHelmet
_dizyucfg5,37,755,402,91,161,DHelmet
_dizyucfg5,38,732,400,89,159,DHelmet
_dizyucfg5,39,709,397,87,157,DHelmet
_dizyucfg5,40,689,397,82,153,DHelmet
_dizyucfg5,41,669,396,77,151,DHelmet
_lkod5v2vq,20,1673,513,247,393,DHelmet
_lkod5v2vq,21,1587,506,333,393,DHelmet
_lkod5v2vq,22,1511,501,355,375,DHelmet
_lkod5v2vq,23,1440,491,326,363,DHelmet
_lkod5v2vq,24,1372,482,303,352,DHelmet
_lkod5v2vq,25,1311,476,282,337,DHelmet
_lkod5v2vq,26,1253,469,263,326,DHelmet
_lkod5v2vq,27,1201,463,244,315,DHelmet
_lkod5v2vq,28,1149,458,230,304,DHelmet
_lkod5v2vq,29,1103,453,216,294,DHelmet
_lkod5v2vq,30,1056,448,204,284,DHelmet
_lkod5v2vq,31,1015,443,194,276,DHelmet
_lkod5v2vq,32,974,439,183,267,DHelmet
_lkod5v2vq,33,936,435,175,259,DHelmet
_lkod5v2vq,34,899,431,165,251,DHelmet
_lkod5v2vq,35,867,428,156,243,DHelmet
_lkod5v2vq,36,834,425,147,235,DHelmet
_lkod5v2vq,37,806,422,139,228,DHelmet
_lkod5v2vq,38,778,419,131,222,DHelmet
_lkod5v2vq,39,750,416,127,217,DHelmet
_lkod5v2vq,40,722,413,123,212,DHelmet
_lkod5v2vq,41,694,410,119,207,DHelmet
_lkod5v2vq,42,669,407,117,203,DHelmet
_lkod5v2vq,43,645,404,114,198,DHelmet
_lkod5v2vq,44,620,401,112,193,DHelmet
_lkod5v2vq,45,597,400,109,186,DHelmet
_lkod5v2vq,46,577,398,106,182,DHelmet
_lkod5v2vq,47,557,395,102,178,DHelmet
_lkod5v2vq,48,539,393,99,173,DHelmet
_lkod5v2vq,49,521,391,96,169,DHelmet
_lkod5v2vq,50,503,389,93,164,DHelmet
_lkod5v2vq,51,487,387,90,161,DHelmet
_lkod5v2vq,52,471,385,88,158,DHelmet
_lkod5v2vq,53,456,383,84,155,DHelmet
_lkod5v2vq,54,440,382,83,152,DHelmet
_lkod5v2vq,55,425,381,80,149,DHelmet
_lkod5v2vq,56,413,380,77,145,DHelmet
_lkod5v2vq,57,400,378,74,143,DHelmet
_lkod5v2vq,58,388,377,71,140,DHelmet
_s1ipt0v2s,22,1589,476,301,333,DHelmet
_s1ipt0v2s,23,1496,468,287,324,DHelmet
_s1ipt0v2s,24,1427,461,256,310,DHelmet
_s1ipt0v2s,25,1341,454,242,301,DHelmet
_s1ipt0v2s,26,1269,449,225,282,DHelmet
_s1ipt0v2s,27,1200,444,221,260,DHelmet
_s1ipt0v2s,28,1137,436,208,255,DHelmet
_s1ipt0v2s,29,1077,431,195,250,DHelmet
_s1ipt0v2s,30,1019,426,183,243,DHelmet
_s1ipt0v2s,31,965,419,170,238,DHelmet
_s1ipt0v2s,32,913,412,158,233,DHelmet
_s1ipt0v2s,33,864,408,145,227,DHelmet
_s1ipt0v2s,34,819,407,132,222,DHelmet
_s1ipt0v2s,35,777,406,128,214,DHelmet
_s1ipt0v2s,36,738,402,123,207,DHelmet
_s1ipt0v2s,37,700,396,117,203,DHelmet
_s1ipt0v2s,38,664,393,110,197,DHelmet
_s1ipt0v2s,39,630,390,106,193,DHelmet
_s1ipt0v2s,40,597,388,100,188,DHelmet
_s1ipt0v2s,41,567,385,97,183,DHelmet
_s1ipt0v2s,42,538,383,93,178,DHelmet
_s1ipt0v2s,43,513,381,89,173,DHelmet
_s1ipt0v2s,44,487,379,87,169,DHelmet
_s1ipt0v2s,45,466,377,83,165,DHelmet
_s1ipt0v2s,46,445,375,79,161,DHelmet
_s1ipt0v2s,47,424,373,75,158,DHelmet
_s1ipt0v2s,48,405,371,75,155,DHelmet
_s1ipt0v2s,49,387,369,73,153,DHelmet
_s1ipt0v2s,50,369,368,71,150,DHelmet
_s1ipt0v2s,51,353,366,70,148,DHelmet
_9q28p4yns,31,1607,493,313,356,DHelmetP1Helmet
_9q28p4yns,32,1535,487,287,340,DHelmetP1Helmet
_9q28p4yns,33,1470,480,269,330,DHelmetP1Helmet
_9q28p4yns,34,1409,472,248,318,DHelmetP1Helmet
_9q28p4yns,35,1352,466,231,305,DHelmetP1Helmet
_9q28p4yns,36,1299,462,215,294,DHelmetP1Helmet
_9q28p4yns,37,1253,457,199,285,DHelmetP1Helmet
_9q28p4yns,38,1206,452,185,276,DHelmetP1Helmet
_9q28p4yns,39,1164,447,174,268,DHelmetP1Helmet
_9q28p4yns,40,1123,442,162,260,DHelmetP1Helmet
_9q28p4yns,41,1086,440,153,250,DHelmetP1Helmet
_9q28p4yns,42,1049,437,143,240,DHelmetP1Helmet
_9q28p4yns,43,1015,434,138,234,DHelmetP1Helmet
_9q28p4yns,44,981,431,132,227,DHelmetP1Helmet
_9q28p4yns,45,949,428,126,221,DHelmetP1Helmet
_9q28p4yns,46,917,426,121,214,DHelmetP1Helmet
_9q28p4yns,47,889,421,115,208,DHelmetP1Helmet
_9q28p4yns,48,860,418,112,204,DHelmetP1Helmet
_9q28p4yns,49,830,415,110,199,DHelmetP1Helmet
_9q28p4yns,50,803,413,107,195,DHelmetP1Helmet
_9q28p4yns,51,776,410,104,191,DHelmetP1Helmet
_9q28p4yns,52,752,408,100,186,DHelmetP1Helmet
_9q28p4yns,53,728,405,96,182,DHelmetP1Helmet
_9q28p4yns,54,703,402,93,177,DHelmetP1Helmet
_9q28p4yns,55,681,400,92,174,DHelmetP1Helmet
_9q28p4yns,56,659,397,90,171,DHelmetP1Helmet
_9q28p4yns,57,639,395,87,168,DHelmetP1Helmet
_9q28p4yns,58,619,394,84,164,DHelmetP1Helmet
_9q28p4yns,59,598,393,82,160,DHelmetP1Helmet
_9q28p4yns,60,580,391,81,158,DHelmetP1Helmet
_9q28p4yns,61,561,389,80,155,DHelmetP1Helmet
_9q28p4yns,62,543,387,79,152,DHelmetP1Helmet
_9q28p4yns,63,527,385,78,149,DHelmetP1Helmet
_9q28p4yns,64,511,383,76,146,DHelmetP1Helmet
_9q28p4yns,65,494,381,76,143,DHelmetP1Helmet
_9q28p4yns,66,479,380,74,141,DHelmetP1Helmet
_9q28p4yns,67,463,379,73,139,DHelmetP1Helmet
_u1svh10uq,32,1668,482,252,312,DHelmet
_u1svh10uq,33,1630,478,256,306,DHelmet
_u1svh10uq,34,1586,472,246,301,DHelmet
_u1svh10uq,35,1543,471,238,294,DHelmet
_u1svh10uq,36,1505,467,229,287,DHelmet
_u1svh10uq,37,1469,463,219,282,DHelmet
_u1svh10uq,38,1435,460,211,277,DHelmet
_u1svh10uq,39,1401,458,202,271,DHelmet
_u1svh10uq,40,1371,455,194,265,DHelmet
_u1svh10uq,41,1343,452,185,260,DHelmet
_u1svh10uq,42,1315,449,177,255,DHelmet
_u1svh10uq,43,1289,448,175,250,DHelmet
_u1svh10uq,44,1263,445,163,241,DHelmet
_u1svh10uq,45,1239,442,160,239,DHelmet
_u1svh10uq,46,1215,440,157,236,DHelmet
_u1svh10uq,47,1194,438,154,233,DHelmet
_u1svh10uq,48,1174,436,151,230,DHelmet
_u1svh10uq,49,1153,434,149,228,DHelmet
_u1svh10uq,50,1133,432,145,225,DHelmet
_u1svh10uq,51,1112,430,143,222,DHelmet
_u1svh10uq,52,1092,429,139,219,DHelmet
_u1svh10uq,53,1071,427,137,216,DHelmet
_u1svh10uq,54,1051,425,133,213,DHelmet
_u1svh10uq,55,1030,423,131,211,DHelmet
_u1svh10uq,56,1009,421,128,208,DHelmet
_u1svh10uq,57,989,419,125,205,DHelmet
_u1svh10uq,58,968,417,122,203,DHelmet
_u1svh10uq,59,948,416,119,199,DHelmet
_u1svh10uq,60,927,414,116,196,DHelmet
_u1svh10uq,61,909,412,113,194,DHelmet
_u1svh10uq,62,891,410,110,191,DHelmet
_u1svh10uq,63,873,408,107,188,DHelmet
_u1svh10uq,64,857,407,104,185,DHelmet
_u1svh10uq,65,841,405,102,183,DHelmet
_u1svh10uq,66,827,404,98,180,DHelmet
_u1svh10uq,67,814,402,94,178,DHelmet
_u1svh10uq,68,799,400,91,176,DHelmet
_u1svh10uq,69,784,399,88,174,DHelmet
_u1svh10uq,70,769,398,86,171,DHelmet
_u1svh10uq,71,753,397,86,169,DHelmet
_u1svh10uq,72,738,395,85,167,DHelmet
_u1svh10uq,73,722,394,85,164,DHelmet
_u1svh10uq,74,707,393,84,162,DHelmet
_u1svh10uq,75,691,391,83,160,DHelmet
_u1svh10uq,76,675,390,82,157,DHelmet
_u1svh10uq,77,663,389,77,155,DHelmet
_u1svh10uq,78,650,387,73,153,DHelmet
_u1svh10uq,79,639,386,72,151,DHelmet
_u1svh10uq,80,628,385,70,148,DHelmet
_u1svh10uq,81,617,384,69,146,DHelmet
_u1svh10uq,82,605,383,68,144,DHelmet
_u1svh10uq,83,594,382,66,141,DHelmet
_u1svh10uq,84,582,380,66,141,DHelmet
_gci844lom,77,1700,484,220,288,DHelmetP1NoHelmet
_gci844lom,78,1648,485,257,277,DHelmetP1NoHelmet
_gci844lom,79,1601,481,246,271,DHelmetP1NoHelmet
_gci844lom,80,1554,476,239,267,DHelmetP1NoHelmet
_gci844lom,81,1508,472,231,261,DHelmetP1NoHelmet
_gci844lom,82,1464,468,223,256,DHelmetP1NoHelmet
_gci844lom,83,1421,465,214,250,DHelmetP1NoHelmet
_gci844lom,84,1381,462,207,245,DHelmetP1NoHelmet
_gci844lom,85,1342,458,199,240,DHelmetP1NoHelmet
_gci844lom,86,1305,455,191,234,DHelmetP1NoHelmet
_gci844lom,87,1269,452,182,229,DHelmetP1NoHelmet
_gci844lom,88,1235,449,175,225,DHelmetP1NoHelmet
_gci844lom,89,1201,446,168,221,DHelmetP1NoHelmet
_gci844lom,90,1168,443,164,216,DHelmetP1NoHelmet
_gci844lom,91,1134,440,161,212,DHelmetP1NoHelmet
_gci844lom,92,1104,437,155,208,DHelmetP1NoHelmet
_gci844lom,93,1073,434,151,205,DHelmetP1NoHelmet
_gci844lom,94,1043,432,148,200,DHelmetP1NoHelmet
_gci844lom,95,1013,430,145,196,DHelmetP1NoHelmet
_gci844lom,96,985,427,140,190,DHelmetP1NoHelmet
_gci844lom,97,956,424,136,184,DHelmetP1NoHelmet
_gci844lom,98,930,421,129,181,DHelmetP1NoHelmet
_gci844lom,99,904,418,123,177,DHelmetP1NoHelmet
_ep2e1sjpt,87,1651,503,269,386,DHelmet
_ep2e1sjpt,88,1566,494,338,372,DHelmet
_ep2e1sjpt,89,1486,489,316,355,DHelmet
_ep2e1sjpt,90,1408,481,294,342,DHelmet
_ep2e1sjpt,91,1339,474,273,327,DHelmet
_ep2e1sjpt,92,1274,467,254,315,DHelmet
_ep2e1sjpt,93,1212,459,236,304,DHelmet
_ep2e1sjpt,94,1155,454,219,292,DHelmet
_ep2e1sjpt,95,1103,449,202,283,DHelmet
_ep2e1sjpt,96,1058,444,183,273,DHelmet
_ep2e1sjpt,97,1011,438,172,263,DHelmet
_ep2e1sjpt,98,971,433,159,255,DHelmet
_ep2e1sjpt,99,927,429,149,246,DHelmet
_ep2e1sjpt,100,889,426,144,238,DHelmet
