track_id,frame_id,x,y,w,h,label
_p651ymtmn,1,576,416,180,298,DHelmetP1NoHelmet
_p651ymtmn,2,622,423,191,312,DHelmetP1NoHelmet
_p651ymtmn,3,669,429,202,327,DHelmetP1NoHelmet
_p651ymtmn,4,726,436,217,342,DHelmetP1NoHelmet
_p651ymtmn,5,783,442,232,358,DHelmetP1NoHelmet
_p651ymtmn,6,850,447,250,379,DHelmetP1NoHelmet
_p651ymtmn,7,916,451,268,401,DHelmetP1NoHelmet
_p651ymtmn,8,990,460,299,421,DHelmetP1NoHelmet
_p651ymtmn,9,1064,468,330,442,DHelmetP1NoHelmet
_p651ymtmn,10,1156,475,361,474,DHelmetP1NoHelmet
_p651ymtmn,11,1247,482,392,506,DHelmetP1NoHelmet
_p651ymtmn,12,1353,493,433,542,DHelmetP1NoHelmet
_p651ymtmn,13,1459,504,461,576,DHelmetP1NoHelmet
_p651ymtmn,14,1579,520,341,526,DHelmetP1NoHelmet
_vaj349ve9,1,711,386,126,231,DHelmetP1Helmet
_vaj349ve9,2,685,383,120,225,DHelmetP1Helmet
_vaj349ve9,3,658,380,115,219,DHelmetP1Helmet
_vaj349ve9,4,632,378,109,212,DHelmetP1Helmet
_vaj349ve9,5,607,375,108,209,DHelmetP1Helmet
_vaj349ve9,6,583,372,106,206,DHelmetP1Helmet
_vaj349ve9,7,560,369,104,204,DHelmetP1Helmet
_vaj349ve9,8,537,366,102,201,DHelmetP1Helmet
_vaj349ve9,9,518,365,96,194,DHelmetP1Helmet
_vaj349ve9,10,499,364,90,187,DHelmetP1Helmet
_vaj349ve9,11,478,362,89,185,DHelmetP1Helmet
_vaj349ve9,12,458,361,87,181,DHelmetP1Helmet
_vaj349ve9,13,441,359,86,177,DHelmetP1Helmet
_vaj349ve9,14,424,358,85,171,DHelmetP1Helmet
_vaj349ve9,15,407,356,83,169,DHelmetP1Helmet
_vaj349ve9,16,389,354,82,166,DHelmetP1Helmet
_vaj349ve9,17,375,353,80,164,DHelmetP1Helmet
_vaj349ve9,18,361,353,79,161,DHelmetP1Helmet
_vaj349ve9,19,346,351,78,159,DHelmetP1Helmet
_vaj349ve9,20,332,349,76,157,DHelmetP1Helmet
_vaj349ve9,21,320,348,75,154,DHelmetP1Helmet
_vaj349ve9,22,309,348,73,151,DHelmetP1Helmet
_vaj349ve9,23,297,347,72,149,DHelmetP1Helmet
_vaj349ve9,24,285,346,70,146,DHelmetP1Helmet
_vaj349ve9,25,275,345,69,144,DHelmetP1Helmet
_vaj349ve9,26,265,345,67,142,DHelmetP1Helmet
_vaj349ve9,27,256,345,66,139,DHelmetP1Helmet
_vaj349ve9,28,247,344,64,137,DHelmetP1Helmet
_vaj349ve9,29,238,344,63,134,DHelmetP1Helmet
_vaj349ve9,30,229,344,62,131,DHelmetP1Helmet
_vaj349ve9,31,220,343,61,130,DHelmetP1Helmet
_vaj349ve9,32,211,343,59,127,DHelmetP1Helmet
_vaj349ve9,33,204,343,57,124,DHelmetP1Helmet
_vaj349ve9,34,196,343,56,121,DHelmetP1Helmet
_vaj349ve9,35,188,342,55,120,DHelmetP1Helmet
_vaj349ve9,36,181,342,53,117,DHelmetP1Helmet
_vaj349ve9,37,173,342,52,114,DHelmetP1Helmet
_vaj349ve9,38,166,342,50,112,DHelmetP1Helmet
_vaj349ve9,39,158,342,49,109,DHelmetP1Helmet
_vaj349ve9,40,154,341,49,109,DHelmetP1Helmet
_d9ed0u6jy,1,463,361,67,126,DHelmetP1Helmet
_d9ed0u6jy,2,453,360,65,124,DHelmetP1Helmet
_d9ed0u6jy,3,442,359,64,122,DHelmetP1Helmet
_d9ed0u6jy,4,431,358,63,121,DHelmetP1Helmet
_d9ed0u6jy,5,421,358,62,118,DHelmetP1Helmet
_d9ed0u6jy,6,410,357,61,117,DHelmetP1Helmet
_d9ed0u6jy,7,399,356,60,115,DHelmetP1Helmet
_d9ed0u6jy,8,389,355,58,113,DHelmetP1Helmet
_d9ed0u6jy,9,380,354,59,113,DHelmetP1Helmet
_d9ed0u6jy,10,372,352,58,113,DHelmetP1Helmet
_d9ed0u6jy,11,363,350,59,113,DHelmetP1Helmet
_d9ed0u6jy,12,354,348,59,113,DHelmetP1Helmet
_d9ed0u6jy,13,346,346,58,113,DHelmetP1Helmet
_d9ed0u6jy,14,337,344,59,113,DHelmetP1Helmet
_d9ed0u6jy,15,332,343,58,113,DHelmetP1Helmet
_d9ed0u6jy,16,326,342,58,113,DHelmetP1Helmet
_d9ed0u6jy,17,320,341,58,113,DHelmetP1Helmet
_d9ed0u6jy,18,314,340,59,113,DHelmetP1Helmet
_d9ed0u6jy,19,307,342,58,110,DHelmetP1Helmet
_7oettbjrf,1,946,364,127,148,DHelmet
_7oettbjrf,2,938,364,126,148,DHelmet
_7oettbjrf,3,929,364,126,148,DHelmet
_7oettbjrf,4,924,364,126,148,DHelmet
_7oettbjrf,5,919,365,126,148,DHelmet
_7oettbjrf,6,914,366,126,147,DHelmet
_7oettbjrf,7,909,367,126,147,DHelmet
_7oettbjrf,8,904,367,127,147,DHelmet
_7oettbjrf,9,899,367,128,147,DHelmet
_7oettbjrf,10,894,367,129,147,DHelmet
_7oettbjrf,11,889,367,130,147,DHelmet
_7oettbjrf,12,884,368,131,146,DHelmet
_7oettbjrf,13,880,368,131,146,DHelmet
_7oettbjrf,14,875,368,132,146,DHelmet
_7oettbjrf,15,870,368,133,145,DHelmet
_7oettbjrf,16,865,368,134,145,DHelmet
_7oettbjrf,17,860,368,135,145,DHelmet
_7oettbjrf,18,856,368,135,145,DHelmet
_7oettbjrf,19,851,369,136,144,DHelmet
_7oettbjrf,20,846,369,137,144,DHelmet
_7oettbjrf,21,841,369,138,144,DHelmet
_7oettbjrf,22,836,369,139,144,DHelmet
_7oettbjrf,23,831,369,140,144,DHelmet
_7oettbjrf,24,827,369,140,144,DHelmet
_7oettbjrf,25,822,370,141,143,DHelmet
_7oettbjrf,26,821,370,141,143,DHelmet
_7oettbjrf,27,820,370,142,143,DHelmet
_7oettbjrf,28,818,370,143,143,DHelmet
_7oettbjrf,29,817,370,144,143,DHelmet
_7oettbjrf,30,816,370,144,143,DHelmet
_7oettbjrf,31,815,370,145,143,DHelmet
_7oettbjrf,32,814,370,145,143,DHelmet
_7oettbjrf,33,813,370,146,143,DHelmet
_7oettbjrf,34,812,370,146,143,DHelmet
_7oettbjrf,35,810,370,148,143,DHelmet
_7oettbjrf,36,809,370,149,143,DHelmet
_7oettbjrf,37,808,370,149,143,DHelmet
_7oettbjrf,38,807,370,150,143,DHelmet
_7oettbjrf,39,806,370,150,143,DHelmet
_7oettbjrf,40,805,370,151,143,DHelmet
_7oettbjrf,41,803,370,152,143,DHelmet
_7oettbjrf,42,802,370,153,143,DHelmet
_7oettbjrf,43,801,370,153,143,DHelmet
_7oettbjrf,44,789,370,153,143,DHelmet
_7oettbjrf,45,783,370,153,143,DHelmet
_7oettbjrf,46,777,371,153,143,DHelmet
_7oettbjrf,47,775,372,153,143,DHelmet
_7oettbjrf,48,773,374,153,143,DHelmet
_7oettbjrf,49,769,373,154,144,DHelmet
_7oettbjrf,50,766,373,153,143,DHelmet
_7oettbjrf,51,762,373,154,143,DHelmet
_7oettbjrf,52,759,373,153,143,DHelmet
_7oettbjrf,53,759,373,153,143,DHelmet
_7oettbjrf,54,758,373,154,143,DHelmet
_7oettbjrf,55,758,373,154,143,DHelmet
_7oettbjrf,56,758,373,153,143,DHelmet
_7oettbjrf,57,758,373,153,143,DHelmet
_7oettbjrf,58,758,373,153,143,DHelmet
_7oettbjrf,59,758,373,153,143,DHelmet
_7oettbjrf,60,757,373,154,143,DHelmet
_7oettbjrf,61,757,373,153,143,DHelmet
_7oettbjrf,62,757,373,153,143,DHelmet
_7oettbjrf,63,757,373,153,143,DHelmet
_7oettbjrf,64,757,373,153,143,DHelmet
_7oettbjrf,65,756,373,154,143,DHelmet
_7oettbjrf,66,756,373,153,143,DHelmet
_7oettbjrf,67,756,373,153,143,DHelmet
_7oettbjrf,68,756,373,153,143,DHelmet
_7oettbjrf,69,756,373,153,143,DHelmet
_7oettbjrf,70,755,373,154,143,DHelmet
_7oettbjrf,71,755,373,154,143,DHelmet
_7oettbjrf,72,755,373,153,143,DHelmet
_7oettbjrf,73,755,373,153,143,DHelmet
_7oettbjrf,74,755,373,153,143,DHelmet
_7oettbjrf,75,755,373,153,143,DHelmet
_7oettbjrf,76,754,373,154,143,DHelmet
_7oettbjrf,77,754,373,153,143,DHelmet
_7oettbjrf,78,754,373,153,143,DHelmet
_7oettbjrf,79,754,373,153,143,DHelmet
_7oettbjrf,80,754,373,153,143,DHelmet
_7oettbjrf,81,753,373,154,143,DHelmet
_7oettbjrf,82,753,373,153,143,DHelmet
_7oettbjrf,83,753,373,153,143,DHelmet
_7oettbjrf,84,753,373,153,143,DHelmet
_7oettbjrf,85,753,373,153,143,DHelmet
_7oettbjrf,86,752,373,154,143,DHelmet
_7oettbjrf,87,752,373,154,143,DHelmet
_7oettbjrf,88,752,373,153,143,DHelmet
_7oettbjrf,89,752,373,153,143,DHelmet
_7oettbjrf,90,752,373,153,143,DHelmet
_7oettbjrf,91,752,373,153,143,DHelmet
_7oettbjrf,92,751,373,154,143,DHelmet
_7oettbjrf,93,751,373,153,143,DHelmet
_7oettbjrf,94,751,373,153,143,DHelmet
_7oettbjrf,95,751,373,153,143,DHelmet
_7oettbjrf,96,751,373,153,143,DHelmet
_7oettbjrf,97,750,373,154,143,DHelmet
_7oettbjrf,98,750,373,154,143,DHelmet
_7oettbjrf,99,750,373,153,143,DHelmet
_7oettbjrf,100,746,374,153,143,DHelmet
_vciwubq6z,4,1707,444,213,292,DHelmet
_vciwubq6z,5,1620,438,240,279,DHelmet
_vciwubq6z,6,1535,434,229,271,DHelmet
_vciwubq6z,7,1458,429,217,263,DHelmet
_vciwubq6z,8,1381,424,205,255,DHelmet
_vciwubq6z,9,1311,418,193,246,DHelmet
_vciwubq6z,10,1241,412,181,238,DHelmet
_vciwubq6z,11,1197,409,169,230,DHelmet
_vciwubq6z,12,1153,406,157,221,DHelmet
_vciwubq6z,13,1109,403,146,213,DHelmet
_vciwubq6z,14,1066,399,141,208,DHelmet
_vciwubq6z,15,1024,396,135,203,DHelmet
_vciwubq6z,16,982,392,130,198,DHelmet
_vciwubq6z,17,949,390,125,192,DHelmet
_vciwubq6z,18,917,387,120,188,DHelmet
_vciwubq6z,19,885,385,115,183,DHelmet
_vciwubq6z,20,857,384,111,177,DHelmet
_vciwubq6z,21,829,382,107,173,DHelmet
_vciwubq6z,22,804,380,101,171,DHelmet
_vciwubq6z,23,779,378,94,168,DHelmet
_vciwubq6z,24,757,378,89,164,DHelmet
_vciwubq6z,25,734,378,85,159,DHelmet
_vciwubq6z,26,711,373,85,159,DHelmet
_vciwubq6z,27,692,373,81,155,DHelmet
_vciwubq6z,28,672,372,78,151,DHelmet
_vciwubq6z,29,653,372,79,148,DHelmet
_vciwubq6z,30,634,371,80,146,DHelmet
_vciwubq6z,31,615,371,80,144,DHelmet
_vciwubq6z,32,593,368,81,144,DHelmet
_vciwubq6z,33,578,367,78,141,DHelmet
_vciwubq6z,34,563,366,75,139,DHelmet
_vciwubq6z,35,548,365,72,137,DHelmet
_vciwubq6z,36,533,364,69,135,DHelmet
_vciwubq6z,37,518,363,66,132,DHelmet
_vciwubq6z,38,503,362,63,130,DHelmet
_vciwubq6z,39,488,361,60,128,DHelmet
_vciwubq6z,40,473,361,57,125,DHelmet
_vciwubq6z,41,458,360,57,119,DHelmet
_vciwubq6z,42,442,358,58,115,DHelmet
_vciwubq6z,43,433,357,56,115,DHelmet
_vciwubq6z,44,425,356,54,114,DHelmet
_vciwubq6z,45,416,355,52,113,DHelmet
_vciwubq6z,46,407,354,51,112,DHelmet
_vciwubq6z,47,398,353,49,111,DHelmet
_vciwubq6z,48,389,352,48,110,DHelmet
_vciwubq6z,49,381,351,45,109,DHelmet
_vciwubq6z,50,371,351,45,109,DHelmet
_vciwubq6z,51,362,350,45,109,DHelmet
_vciwubq6z,52,354,349,45,109,DHelmet
_vciwubq6z,53,346,348,46,109,DHelmet
_vciwubq6z,54,340,349,46,107,DHelmet
_vciwubq6z,55,334,350,46,104,DHelmet
_vciwubq6z,56,329,350,43,101,DHelmet
_vciwubq6z,57,323,349,42,99,DHelmet
_yosxnm6ep,21,1691,484,229,401,DHelmet
_yosxnm6ep,22,1576,466,344,436,DHelmet
_yosxnm6ep,23,1466,456,336,408,DHelmet
_yosxnm6ep,24,1369,449,301,387,DHelmet
_yosxnm6ep,25,1272,442,285,365,DHelmet
_yosxnm6ep,26,1193,434,259,346,DHelmet
_yosxnm6ep,27,1114,426,233,328,DHelmet
_yosxnm6ep,28,1048,421,213,313,DHelmet
_yosxnm6ep,29,983,416,192,298,DHelmet
_yosxnm6ep,30,928,410,178,289,DHelmet
_yosxnm6ep,31,873,403,164,281,DHelmet
_yosxnm6ep,32,829,401,150,266,DHelmet
_yosxnm6ep,33,785,398,135,253,DHelmet
_yosxnm6ep,34,746,396,126,243,DHelmet
_yosxnm6ep,35,707,393,117,233,DHelmet
_yosxnm6ep,36,670,389,114,225,DHelmet
_yosxnm6ep,37,633,385,111,216,DHelmet
_yosxnm6ep,38,599,381,107,211,DHelmet
_yosxnm6ep,39,565,377,103,206,DHelmet
_yosxnm6ep,40,535,377,98,197,DHelmet
_yosxnm6ep,41,505,378,93,187,DHelmet
_yosxnm6ep,42,476,373,92,183,DHelmet
_yosxnm6ep,43,447,368,91,179,DHelmet
_yosxnm6ep,44,422,366,88,175,DHelmet
_yosxnm6ep,45,398,364,84,171,DHelmet
_yosxnm6ep,46,376,361,81,167,DHelmet
_yosxnm6ep,47,354,358,78,162,DHelmet
_yosxnm6ep,48,335,358,75,158,DHelmet
_yosxnm6ep,49,316,358,71,154,DHelmet
_yosxnm6ep,50,301,356,68,150,DHelmet
_yosxnm6ep,51,286,353,64,147,DHelmet
_yosxnm6ep,52,274,353,63,143,DHelmet
_yosxnm6ep,53,261,352,63,140,DHelmet
_yosxnm6ep,54,249,352,61,136,DHelmet
_yosxnm6ep,55,237,351,60,133,DHelmet
_yosxnm6ep,56,224,350,60,130,DHelmet
_yosxnm6ep,57,212,350,59,126,DHelmet
_yosxnm6ep,58,200,349,57,123,DHelmet
_yosxnm6ep,59,187,349,57,119,DHelmet
_yosxnm6ep,60,175,348,56,116,DHelmet
_yosxnm6ep,61,163,347,54,113,DHelmet
_yosxnm6ep,62,154,347,55,111,DHelmet
_yosxnm6ep,63,145,346,55,110,DHelmet
_yosxnm6ep,64,137,346,55,108,DHelmet
_yosxnm6ep,65,130,345,54,107,DHelmet
_yosxnm6ep,66,121,344,55,105,DHelmet
_yosxnm6ep,67,113,343,55,104,DHelmet
_yosxnm6ep,68,107,343,55,101,DHelmet
_yosxnm6ep,69,101,342,54,100,DHelmet
_yosxnm6ep,70,95,341,54,99,DHelmet
_yosxnm6ep,71,88,340,55,97,DHelmet
_yosxnm6ep,72,82,339,55,96,DHelmet
_8d58ddftg,31,22,347,53,125,DHelmet
_8d58ddftg,32,26,348,56,126,DHelmet
_8d58ddftg,33,30,348,59,128,DHelmet
_8d58ddftg,34,34,349,62,129,DHelmet
_8d58ddftg,35,38,349,64,132,DHelmet
_8d58ddftg,36,43,351,63,136,DHelmet
_8d58ddftg,37,49,353,60,141,DHelmet
_8d58ddftg,38,54,353,58,143,DHelmet
_8d58ddftg,39,60,353,54,146,DHelmet
_8d58ddftg,40,65,354,58,148,DHelmet
_8d58ddftg,41,69,354,63,151,DHelmet
_8d58ddftg,42,73,357,65,153,DHelmet
_8d58ddftg,43,77,361,67,154,DHelmet
_8d58ddftg,44,80,363,73,162,DHelmet
_8d58ddftg,45,85,364,74,163,DHelmet
_8d58ddftg,46,89,365,75,165,DHelmet
_8d58ddftg,47,95,364,77,170,DHelmet
_8d58ddftg,48,101,363,78,176,DHelmet
_8d58ddftg,49,105,364,82,179,DHelmet
_8d58ddftg,50,108,365,88,183,DHelmet
_8d58ddftg,51,117,368,86,186,DHelmet
_8d58ddftg,52,125,371,84,189,DHelmet
_8d58ddftg,53,130,371,85,195,DHelmet
_8d58ddftg,54,134,371,87,201,DHelmet
_8d58ddftg,55,141,374,89,204,DHelmet
_8d58ddftg,56,148,376,91,208,DHelmet
_8d58ddftg,57,157,377,93,214,DHelmet
_8d58ddftg,58,166,377,96,222,DHelmet
_8d58ddftg,59,173,380,98,226,DHelmet
_8d58ddftg,60,180,383,100,230,DHelmet
_8d58ddftg,61,193,385,101,237,DHelmet
_8d58ddftg,62,206,386,102,246,DHelmet
_8d58ddftg,63,218,390,105,252,DHelmet
_8d58ddftg,64,230,393,108,258,DHelmet
_8d58ddftg,65,243,397,112,264,DHelmet
_8d58ddftg,66,255,400,117,270,DHelmet
_8d58ddftg,67,270,402,125,277,DHelmet
_8d58ddftg,68,284,404,135,285,DHelmet
_8d58ddftg,69,301,409,138,290,DHelmet
_8d58ddftg,70,318,414,141,295,DHelmet
_8d58ddftg,71,338,417,148,304,DHelmet
_8d58ddftg,72,358,420,154,313,DHelmet
_8d58ddftg,73,382,424,159,322,DHelmet
_8d58ddftg,74,405,427,165,332,DHelmet
_8d58ddftg,75,429,429,175,344,DHelmet
_8d58ddftg,76,453,430,185,358,DHelmet
_8d58ddftg,77,481,435,185,370,DHelmet
_8d58ddftg,78,509,440,186,382,DHelmet
_8d58ddftg,79,535,443,189,396,DHelmet
_8d58ddftg,80,560,446,193,410,DHelmet
_8d58ddftg,81,588,453,195,423,DHelmet
_8d58ddftg,82,616,459,197,437,DHelmet
_8d58ddftg,83,641,462,207,456,DHelmet
_8d58ddftg,84,665,465,218,476,DHelmet
_8d58ddftg,85,689,472,227,491,DHelmet
_8d58ddftg,86,713,480,236,505,DHelmet
_8d58ddftg,87,741,486,250,525,DHelmet
_8d58ddftg,88,769,492,263,545,DHelmet
_8d58ddftg,89,800,495,280,567,DHelmet
_8d58ddftg,90,831,498,297,582,DHelmet
_8d58ddftg,91,862,507,317,573,DHelmet
_8d58ddftg,92,893,515,338,565,DHelmet
_8d58ddftg,93,928,523,349,557,DHelmet
_8d58ddftg,94,963,532,360,548,DHelmet
_8d58ddftg,95,999,540,370,540,DHelmet
_8d58ddftg,96,1034,549,381,531,DHelmet
_8d58ddftg,97,1070,557,391,523,DHelmet
_8d58ddftg,98,1105,566,402,514,DHelmet
_8d58ddftg,99,1141,574,412,506,DHelmet
_8d58ddftg,100,1176,582,423,498,DHelmet
_vqhbugryh,45,136,354,67,142,DHelmetP1Helmet
_vqhbugryh,46,143,356,66,146,DHelmetP1Helmet
_vqhbugryh,47,150,358,66,150,DHelmetP1Helmet
_vqhbugryh,48,156,360,73,150,DHelmetP1Helmet
_vqhbugryh,49,162,362,79,150,DHelmetP1Helmet
_vqhbugryh,50,172,359,84,159,DHelmetP1Helmet
_vqhbugryh,51,182,355,88,168,DHelmetP1Helmet
_vqhbugryh,52,189,359,84,167,DHelmetP1Helmet
_vqhbugryh,53,196,362,80,167,DHelmetP1Helmet
_vqhbugryh,54,206,362,85,171,DHelmetP1Helmet
_vqhbugryh,55,215,362,91,175,DHelmetP1Helmet
_vqhbugryh,56,225,364,93,178,DHelmetP1Helmet
_vqhbugryh,57,234,366,96,182,DHelmetP1Helmet
_vqhbugryh,58,244,364,98,188,DHelmetP1Helmet
_vqhbugryh,59,253,362,102,195,DHelmetP1Helmet
_vqhbugryh,60,265,367,103,196,DHelmetP1Helmet
_vqhbugryh,61,277,372,105,197,DHelmetP1Helmet
_vqhbugryh,62,289,374,107,199,DHelmetP1Helmet
_vqhbugryh,63,301,376,109,201,DHelmetP1Helmet
_vqhbugryh,64,318,374,111,210,DHelmetP1Helmet
_vqhbugryh,65,334,373,113,218,DHelmetP1Helmet
_vqhbugryh,66,348,375,115,224,DHelmetP1Helmet
_vqhbugryh,67,362,378,116,228,DHelmetP1Helmet
_vqhbugryh,68,375,379,123,235,DHelmetP1Helmet
_vqhbugryh,69,388,380,130,242,DHelmetP1Helmet
_vqhbugryh,70,400,388,137,242,DHelmetP1Helmet
_vqhbugryh,71,412,395,143,242,DHelmetP1Helmet
_vqhbugryh,72,430,397,145,249,DHelmetP1Helmet
_vqhbugryh,73,449,399,150,257,DHelmetP1Helmet
_vqhbugryh,74,473,403,152,261,DHelmetP1Helmet
_vqhbugryh,75,497,407,153,265,DHelmetP1Helmet
_vqhbugryh,76,517,408,159,275,DHelmetP1Helmet
_vqhbugryh,77,537,409,164,285,DHelmetP1Helmet
_vqhbugryh,78,562,412,170,292,DHelmetP1Helmet
_vqhbugryh,79,587,415,177,300,DHelmetP1Helmet
_vqhbugryh,80,618,417,180,310,DHelmetP1Helmet
_vqhbugryh,81,650,419,183,320,DHelmetP1Helmet
_vqhbugryh,82,684,419,184,333,DHelmetP1Helmet
_vqhbugryh,83,718,419,186,345,DHelmetP1Helmet
_vqhbugryh,84,740,431,206,347,DHelmetP1Helmet
_vqhbugryh,85,763,442,226,351,DHelmetP1Helmet
_vqhbugryh,86,805,439,234,369,DHelmetP1Helmet
_vqhbugryh,87,847,436,243,387,DHelmetP1Helmet
_vqhbugryh,88,888,443,259,403,DHelmetP1Helmet
_vqhbugryh,89,929,450,275,419,DHelmetP1Helmet
_vqhbugryh,90,968,453,295,436,DHelmetP1Helmet
_vqhbugryh,91,1006,457,316,451,DHelmetP1Helmet
_vqhbugryh,92,1059,456,328,469,DHelmetP1Helmet
_vqhbugryh,93,1112,456,341,485,DHelmetP1Helmet
_vqhbugryh,94,1167,461,358,501,DHelmetP1Helmet
_vqhbugryh,95,1222,465,376,518,DHelmetP1Helmet
_vqhbugryh,96,1277,470,394,533,DHelmetP1Helmet
_vqhbugryh,97,1332,474,412,550,DHelmetP1Helmet
_vqhbugryh,98,1387,479,430,566,DHelmetP1Helmet
_vqhbugryh,99,1443,483,458,582,DHelmetP1Helmet
_vqhbugryh,100,1500,487,420,593,DHelmetP1Helmet
_q04c15og9,38,1704,454,216,321,DHelmet
_q04c15og9,39,1630,448,244,321,DHelmet
_q04c15og9,40,1554,442,239,320,DHelmet
_q04c15og9,41,1492,437,230,302,DHelmet
_q04c15og9,42,1429,433,221,282,DHelmet
_q04c15og9,43,1372,430,209,274,DHelmet
_q04c15og9,44,1315,427,196,265,DHelmet
_q04c15og9,45,1264,423,188,257,DHelmet
_q04c15og9,46,1212,419,181,248,DHelmet
_q04c15og9,47,1165,415,173,242,DHelmet
_q04c15og9,48,1119,412,164,236,DHelmet
_q04c15og9,49,1079,410,156,227,DHelmet
_q04c15og9,50,1038,409,148,218,DHelmet
_q04c15og9,51,1004,408,140,211,DHelmet
_q04c15og9,52,971,408,130,203,DHelmet
_q04c15og9,53,937,401,125,203,DHelmet
_q04c15og9,54,904,394,119,202,DHelmet
_q04c15og9,55,872,392,119,197,DHelmet
_q04c15og9,56,840,390,118,192,DHelmet
_q04c15og9,57,810,388,114,188,DHelmet
_q04c15og9,58,780,387,110,182,DHelmet
_q04c15og9,59,755,387,104,175,DHelmet
_q04c15og9,60,731,387,96,168,DHelmet
_q04c15og9,61,705,384,97,168,DHelmet
_q04c15og9,62,679,381,97,168,DHelmet
_q04c15og9,63,658,380,97,164,DHelmet
_q04c15og9,64,637,379,97,159,DHelmet
_q04c15og9,65,618,377,91,159,DHelmet
_q04c15og9,66,599,375,85,159,DHelmet
_q04c15og9,67,581,373,82,157,DHelmet
_q04c15og9,68,564,372,78,154,DHelmet
_q04c15og9,69,547,369,77,151,DHelmet
_q04c15og9,70,529,367,77,148,DHelmet
_q04c15og9,71,517,364,70,144,DHelmet
_q04c15og9,72,502,363,69,142,DHelmet
_q04c15og9,73,488,362,67,140,DHelmet
_q04c15og9,74,473,361,65,137,DHelmet
_q04c15og9,75,458,360,64,135,DHelmet
_q04c15og9,76,444,359,62,133,DHelmet
_q04c15og9,77,429,358,61,131,DHelmet
_q04c15og9,78,415,357,60,131,DHelmet
_q04c15og9,79,401,356,60,131,DHelmet
_q04c15og9,80,389,356,61,126,DHelmet
_q04c15og9,81,378,355,60,122,DHelmet
_q04c15og9,82,367,355,61,122,DHelmet
_q04c15og9,83,356,354,61,122,DHelmet
_q04c15og9,84,347,353,58,121,DHelmet
_q04c15og9,85,338,352,56,119,DHelmet
_q04c15og9,86,330,352,56,119,DHelmet
_q04c15og9,87,322,351,56,119,DHelmet
_q04c15og9,88,315,348,56,119,DHelmet
_q04c15og9,89,308,344,56,119,DHelmet
_q04c15og9,90,302,344,55,116,DHelmet
_q04c15og9,91,296,344,55,112,DHelmet
_q04c15og9,92,291,343,52,112,DHelmet
_q04c15og9,93,286,342,49,112,DHelmet
_q04c15og9,94,281,342,49,111,DHelmet
_q04c15og9,95,276,342,49,109,DHelmet
_q04c15og9,96,271,342,49,107,DHelmet
_q04c15og9,97,266,342,48,106,DHelmet
_q04c15og9,98,261,342,48,104,DHelmet
_q04c15og9,99,256,342,48,103,DHelmet
_q04c15og9,100,251,342,48,101,DHelmet
_1uaiqgynh,40,1668,439,222,299,DNoHelmet
_1uaiqgynh,41,1602,435,207,293,DNoHelmet
_1uaiqgynh,42,1532,428,205,277,DNoHelmet
_1uaiqgynh,43,1479,425,195,268,DNoHelmet
_1uaiqgynh,44,1426,421,185,260,DNoHelmet
_1uaiqgynh,45,1373,417,175,252,DNoHelmet
_1uaiqgynh,46,1320,414,166,243,DNoHelmet
_1uaiqgynh,47,1276,412,156,236,DNoHelmet
_1uaiqgynh,48,1232,410,147,230,DNoHelmet
_1uaiqgynh,49,1187,408,145,222,DNoHelmet
_1uaiqgynh,50,1143,406,142,214,DNoHelmet
_1uaiqgynh,51,1103,401,137,211,DNoHelmet
_1uaiqgynh,52,1063,397,132,207,DNoHelmet
_1uaiqgynh,53,1030,395,128,204,DNoHelmet
_1uaiqgynh,54,997,392,125,201,DNoHelmet
_1uaiqgynh,55,964,391,122,194,DNoHelmet
_1uaiqgynh,56,932,390,119,187,DNoHelmet
_1uaiqgynh,57,901,388,120,182,DNoHelmet
_1uaiqgynh,58,871,386,119,177,DNoHelmet
_1uaiqgynh,59,845,383,113,175,DNoHelmet
_1uaiqgynh,60,820,380,106,174,DNoHelmet
_1uaiqgynh,61,797,379,100,171,DNoHelmet
_1uaiqgynh,62,775,377,93,169,DNoHelmet
_1uaiqgynh,63,752,377,90,164,DNoHelmet
_1uaiqgynh,64,729,377,86,159,DNoHelmet
_1uaiqgynh,65,707,376,79,156,DNoHelmet
_1uaiqgynh,66,685,374,72,154,DNoHelmet
_1uaiqgynh,67,663,372,75,152,DNoHelmet
_1uaiqgynh,68,640,370,78,149,DNoHelmet
_1uaiqgynh,69,618,368,81,147,DNoHelmet
_1uaiqgynh,70,602,366,77,145,DNoHelmet
_1uaiqgynh,71,586,364,73,143,DNoHelmet
_1uaiqgynh,72,570,363,70,140,DNoHelmet
_1uaiqgynh,73,554,362,69,137,DNoHelmet
_1uaiqgynh,74,538,362,68,134,DNoHelmet
_1uaiqgynh,75,522,361,67,131,DNoHelmet
_1uaiqgynh,76,506,361,66,128,DNoHelmet
_1uaiqgynh,77,490,360,65,125,DNoHelmet
_1uaiqgynh,78,474,360,64,122,DNoHelmet
_1uaiqgynh,79,463,358,64,122,DNoHelmet
_1uaiqgynh,80,453,358,61,120,DNoHelmet
_1uaiqgynh,81,442,358,60,118,DNoHelmet
_1uaiqgynh,82,432,358,57,116,DNoHelmet
_236cn4n8a,50,1743,455,177,330,DHelmet
_236cn4n8a,51,1653,453,267,351,DHelmet
_236cn4n8a,52,1577,450,290,335,DHelmet
_236cn4n8a,53,1501,441,268,328,DHelmet
_236cn4n8a,54,1435,436,254,314,DHelmet
_236cn4n8a,55,1368,430,242,301,DHelmet
_236cn4n8a,56,1309,427,224,289,DHelmet
_236cn4n8a,57,1250,424,207,277,DHelmet
_236cn4n8a,58,1195,418,199,269,DHelmet
_236cn4n8a,59,1140,413,190,261,DHelmet
_236cn4n8a,60,1091,407,181,255,DHelmet
_236cn4n8a,61,1042,402,171,249,DHelmet
_236cn4n8a,62,997,402,164,239,DHelmet
_236cn4n8a,63,951,401,159,230,DHelmet
_236cn4n8a,64,912,396,152,224,DHelmet
_236cn4n8a,65,872,392,146,218,DHelmet
_236cn4n8a,66,835,392,140,209,DHelmet
_236cn4n8a,67,798,391,134,201,DHelmet
_236cn4n8a,68,770,387,125,198,DHelmet
_236cn4n8a,69,742,383,115,195,DHelmet
_236cn4n8a,70,714,382,110,189,DHelmet
_236cn4n8a,71,686,381,105,183,DHelmet
_236cn4n8a,72,663,380,100,178,DHelmet
_236cn4n8a,73,640,380,95,172,DHelmet
_236cn4n8a,74,617,380,89,166,DHelmet
_236cn4n8a,75,594,374,90,166,DHelmet
_236cn4n8a,76,576,372,84,161,DHelmet
_236cn4n8a,77,557,371,79,156,DHelmet
_236cn4n8a,78,539,370,73,150,DHelmet
_236cn4n8a,79,520,369,68,145,DHelmet
_236cn4n8a,80,508,367,68,145,DHelmet
_236cn4n8a,81,496,366,68,145,DHelmet
_236cn4n8a,82,480,363,66,145,DHelmet
_236cn4n8a,83,463,361,65,145,DHelmet
_236cn4n8a,84,452,359,61,145,DHelmet
_236cn4n8a,85,440,357,59,146,DHelmet
_236cn4n8a,86,427,356,59,141,DHelmet
_236cn4n8a,87,414,355,58,137,DHelmet
_236cn4n8a,88,400,355,60,133,DHelmet
_236cn4n8a,89,386,354,62,130,DHelmet
_236cn4n8a,90,375,354,63,126,DHelmet
_236cn4n8a,91,365,353,62,124,DHelmet
_236cn4n8a,92,357,353,60,122,DHelmet
_236cn4n8a,93,349,353,58,120,DHelmet
_236cn4n8a,94,342,353,55,118,DHelmet
_236cn4n8a,95,334,353,54,116,DHelmet
_236cn4n8a,96,326,353,52,114,DHelmet
_236cn4n8a,97,319,353,49,112,DHelmet
_236cn4n8a,98,311,353,47,110,DHelmet
_236cn4n8a,99,304,353,44,107,DHelmet
_236cn4n8a,100,296,353,42,105,DHelmet
_b0ithidt2,52,1745,467,173,288,DHelmet
_b0ithidt2,53,1664,464,212,275,DHelmet
_b0ithidt2,54,1590,458,209,266,DHelmet
_b0ithidt2,55,1515,452,207,257,DHelmet
_b0ithidt2,56,1454,448,198,249,DHelmet
_b0ithidt2,57,1395,444,188,240,DHelmet
_b0ithidt2,58,1345,439,179,235,DHelmet
_b0ithidt2,59,1295,433,170,230,DHelmet
_b0ithidt2,60,1245,430,167,224,DHelmet
_b0ithidt2,61,1194,427,165,218,DHelmet
_b0ithidt2,62,1151,425,162,210,DHelmet
_b0ithidt2,63,1107,422,160,204,DHelmet
_b0ithidt2,64,1071,419,152,199,DHelmet
_b0ithidt2,65,1036,416,142,194,DHelmet
_b0ithidt2,66,1001,412,138,190,DHelmet
_b0ithidt2,67,966,408,134,186,DHelmet
_b0ithidt2,68,936,405,130,183,DHelmet
_b0ithidt2,69,906,403,125,179,DHelmet
_b0ithidt2,70,881,401,121,176,DHelmet
_b0ithidt2,71,855,400,117,172,DHelmet
_b0ithidt2,72,830,398,112,168,DHelmet
_b0ithidt2,73,805,395,108,165,DHelmet
_b0ithidt2,74,783,394,104,161,DHelmet
_b0ithidt2,75,762,393,99,157,DHelmet
_b0ithidt2,76,740,391,95,154,DHelmet
_b0ithidt2,77,719,390,90,150,DHelmet
_b0ithidt2,78,705,390,77,147,DHelmet
_b0ithidt2,79,687,388,76,145,DHelmet
_b0ithidt2,80,669,387,74,141,DHelmet
_b0ithidt2,81,651,385,73,139,DHelmet
_b0ithidt2,82,633,383,72,136,DHelmet
_b0ithidt2,83,615,382,70,133,DHelmet
_b0ithidt2,84,598,379,73,134,DHelmet
_b0ithidt2,85,581,376,75,136,DHelmet
_b0ithidt2,86,566,375,75,133,DHelmet
_b0ithidt2,87,551,375,75,129,DHelmet
_b0ithidt2,88,538,374,73,127,DHelmet
_b0ithidt2,89,525,373,71,125,DHelmet
_b0ithidt2,90,512,371,70,123,DHelmet
_b0ithidt2,91,499,369,68,121,DHelmet
_b0ithidt2,92,487,368,66,119,DHelmet
_b0ithidt2,93,475,368,64,116,DHelmet
_b0ithidt2,94,465,367,62,115,DHelmet
_b0ithidt2,95,455,366,61,114,DHelmet
_b0ithidt2,96,445,365,59,113,DHelmet
_b0ithidt2,97,435,365,58,111,DHelmet
_b0ithidt2,98,424,364,57,110,DHelmet
_b0ithidt2,99,414,363,56,109,DHelmet
_b0ithidt2,100,404,363,54,107,DHelmet
_w94uw1qlk,63,1751,449,169,271,DHelmet
_w94uw1qlk,64,1682,446,238,292,DHelmet
_w94uw1qlk,65,1623,442,253,284,DHelmet
_w94uw1qlk,66,1566,438,239,276,DHelmet
_w94uw1qlk,67,1508,434,226,268,DHelmet
_w94uw1qlk,68,1458,431,214,259,DHelmet
_w94uw1qlk,69,1407,427,203,251,DHelmet
_w94uw1qlk,70,1362,425,192,245,DHelmet
_w94uw1qlk,71,1316,423,182,238,DHelmet
_w94uw1qlk,72,1274,419,175,233,DHelmet
_w94uw1qlk,73,1232,415,167,229,DHelmet
_w94uw1qlk,74,1194,410,161,226,DHelmet
_w94uw1qlk,75,1157,405,153,223,DHelmet
_w94uw1qlk,76,1120,403,150,216,DHelmet
_w94uw1qlk,77,1084,402,146,208,DHelmet
_w94uw1qlk,78,1051,400,142,204,DHelmet
_w94uw1qlk,79,1019,399,136,199,DHelmet
_w94uw1qlk,80,990,397,132,195,DHelmet
_w94uw1qlk,81,961,394,128,192,DHelmet
_w94uw1qlk,82,936,392,122,188,DHelmet
_w94uw1qlk,83,910,390,118,183,DHelmet
_w94uw1qlk,84,889,388,110,178,DHelmet
_w94uw1qlk,85,869,386,102,174,DHelmet
_w94uw1qlk,86,848,384,94,169,DHelmet
_w94uw1qlk,87,827,382,87,164,DHelmet
_w94uw1qlk,88,806,381,79,158,DHelmet
_w94uw1qlk,89,789,379,84,166,DHelmet
_w94uw1qlk,90,763,377,92,166,DHelmet
_w94uw1qlk,91,743,376,90,163,DHelmet
_w94uw1qlk,92,724,375,88,160,DHelmet
_w94uw1qlk,93,704,374,87,157,DHelmet
_w94uw1qlk,94,684,373,86,154,DHelmet
_w94uw1qlk,95,669,373,83,151,DHelmet
_w94uw1qlk,96,653,372,82,149,DHelmet
_w94uw1qlk,97,638,372,80,145,DHelmet
_w94uw1qlk,98,622,371,79,143,DHelmet
_w94uw1qlk,99,607,371,77,139,DHelmet
_w94uw1qlk,100,591,371,76,136,DHelmet
_01ih9u4z4,8,707,369,70,135,DHelmet
_01ih9u4z4,9,707,369,69,135,DHelmet
_01ih9u4z4,10,707,369,69,135,DHelmet
_01ih9u4z4,11,707,369,69,135,DHelmet
_01ih9u4z4,12,707,369,69,135,DHelmet
_01ih9u4z4,13,706,369,70,135,DHelmet
_01ih9u4z4,14,706,369,70,135,DHelmet
_01ih9u4z4,15,706,369,70,135,DHelmet
_01ih9u4z4,16,706,369,70,135,DHelmet
_01ih9u4z4,17,706,369,70,135,DHelmet
_01ih9u4z4,18,706,369,70,135,DHelmet
_01ih9u4z4,19,706,369,70,135,DHelmet
_01ih9u4z4,20,706,369,70,135,DHelmet
_01ih9u4z4,21,706,369,70,135,DHelmet
_01ih9u4z4,22,706,369,70,135,DHelmet
_01ih9u4z4,23,705,369,71,135,DHelmet
_01ih9u4z4,24,705,369,71,135,DHelmet
_01ih9u4z4,25,705,369,70,135,DHelmet
_01ih9u4z4,26,705,369,70,135,DHelmet
_01ih9u4z4,27,705,369,70,135,DHelmet
_01ih9u4z4,28,705,369,70,135,DHelmet
_01ih9u4z4,29,705,369,70,135,DHelmet
_01ih9u4z4,30,705,369,70,135,DHelmet
_01ih9u4z4,31,705,369,70,135,DHelmet
_01ih9u4z4,32,705,369,70,135,DHelmet
_01ih9u4z4,33,704,369,71,135,DHelmet
_01ih9u4z4,34,704,369,71,135,DHelmet
_01ih9u4z4,35,704,369,71,135,DHelmet
_01ih9u4z4,36,704,369,71,135,DHelmet
_01ih9u4z4,37,704,369,71,135,DHelmet
_01ih9u4z4,38,704,369,71,135,DHelmet
_01ih9u4z4,39,704,369,71,135,DHelmet
_01ih9u4z4,40,704,369,71,135,DHelmet
_01ih9u4z4,41,704,369,71,135,DHelmet
_01ih9u4z4,42,704,369,70,135,DHelmet
_01ih9u4z4,43,703,369,71,135,DHelmet
_01ih9u4z4,44,703,369,71,135,DHelmet
_01ih9u4z4,45,703,369,71,135,DHelmet
_01ih9u4z4,46,703,369,71,135,DHelmet
_01ih9u4z4,47,703,369,71,135,DHelmet
_01ih9u4z4,48,703,369,71,135,DHelmet
_01ih9u4z4,49,703,369,71,135,DHelmet
_01ih9u4z4,50,703,369,71,135,DHelmet
_01ih9u4z4,51,703,369,71,135,DHelmet
_01ih9u4z4,52,703,369,71,135,DHelmet
_01ih9u4z4,53,702,369,72,135,DHelmet
_01ih9u4z4,54,702,369,72,135,DHelmet
_01ih9u4z4,55,702,369,72,135,DHelmet
_01ih9u4z4,56,702,369,72,135,DHelmet
_01ih9u4z4,57,702,369,72,135,DHelmet
_01ih9u4z4,58,702,369,71,135,DHelmet
_01ih9u4z4,59,702,369,71,135,DHelmet
_01ih9u4z4,60,702,369,71,135,DHelmet
_01ih9u4z4,61,702,369,71,135,DHelmet
_01ih9u4z4,62,702,369,71,135,DHelmet
_01ih9u4z4,63,701,369,72,135,DHelmet
_01ih9u4z4,64,701,369,72,135,DHelmet
_01ih9u4z4,65,701,369,72,135,DHelmet
_01ih9u4z4,66,701,369,72,135,DHelmet
_01ih9u4z4,67,701,369,72,135,DHelmet
_01ih9u4z4,68,701,369,72,135,DHelmet
_01ih9u4z4,69,701,369,72,135,DHelmet
_01ih9u4z4,70,701,369,72,135,DHelmet
_01ih9u4z4,71,701,369,72,135,DHelmet
_01ih9u4z4,72,701,369,72,135,DHelmet
_01ih9u4z4,73,700,369,73,135,DHelmet
_01ih9u4z4,74,700,369,73,135,DHelmet
_01ih9u4z4,75,700,369,72,135,DHelmet
_01ih9u4z4,76,700,369,72,135,DHelmet
_01ih9u4z4,77,700,369,72,135,DHelmet
_01ih9u4z4,78,700,369,72,135,DHelmet
_01ih9u4z4,79,700,369,72,135,DHelmet
_01ih9u4z4,80,700,369,72,135,DHelmet
_01ih9u4z4,81,700,369,72,135,DHelmet
_01ih9u4z4,82,700,369,72,135,DHelmet
_01ih9u4z4,83,699,369,73,135,DHelmet
_01ih9u4z4,84,699,369,73,135,DHelmet
_01ih9u4z4,85,699,369,73,135,DHelmet
_01ih9u4z4,86,699,369,73,135,DHelmet
_01ih9u4z4,87,699,369,73,135,DHelmet
_01ih9u4z4,88,699,369,73,135,DHelmet
_01ih9u4z4,89,699,369,73,135,DHelmet
_01ih9u4z4,90,699,369,73,135,DHelmet
_01ih9u4z4,91,699,369,72,135,DHelmet
_01ih9u4z4,92,699,369,72,135,DHelmet
_01ih9u4z4,93,698,369,73,135,DHelmet
_01ih9u4z4,94,698,369,73,135,DHelmet
_01ih9u4z4,95,698,369,73,135,DHelmet
_01ih9u4z4,96,698,369,73,135,DHelmet
_01ih9u4z4,97,698,369,73,135,DHelmet
_01ih9u4z4,98,698,369,73,135,DHelmet
_01ih9u4z4,99,698,369,73,135,DHelmet
_01ih9u4z4,100,698,369,73,135,DHelmet
