track_id,frame_id,x,y,w,h,label
_47dm7y05t,1,207,340,47,94,DNoHelmet
_47dm7y05t,2,202,339,46,94,DNoHelmet
_47dm7y05t,3,196,338,47,93,DNoHelmet
_47dm7y05t,4,191,338,46,92,DNoHelmet
_47dm7y05t,5,185,337,46,92,DNoHelmet
_47dm7y05t,6,180,336,45,92,DNoHelmet
_47dm7y05t,7,175,335,44,92,DNoHelmet
_47dm7y05t,8,169,335,44,91,DNoHelmet
_47dm7y05t,9,164,334,43,91,DNoHelmet
_47dm7y05t,10,159,333,42,91,DNoHelmet
_47dm7y05t,11,153,332,43,90,DNoHelmet
_2aqbjnq7j,1,393,353,55,110,DHelmet
_2aqbjnq7j,2,386,352,55,109,DHelmet
_2aqbjnq7j,3,379,351,54,108,DHelmet
_2aqbjnq7j,4,372,351,53,106,DHelmet
_2aqbjnq7j,5,365,350,53,105,DHelmet
_2aqbjnq7j,6,358,349,52,104,DHelmet
_2aqbjnq7j,7,351,348,51,103,DHelmet
_2aqbjnq7j,8,344,347,51,102,DHelmet
_2aqbjnq7j,9,339,347,50,101,DHelmet
_2aqbjnq7j,10,334,346,49,101,DHelmet
_2aqbjnq7j,11,328,346,49,99,DHelmet
_2aqbjnq7j,12,323,345,48,99,DHelmet
_2aqbjnq7j,13,318,345,46,98,DHelmet
_2aqbjnq7j,14,313,345,45,96,DHelmet
_2aqbjnq7j,15,308,344,45,96,DHelmet
_2aqbjnq7j,16,303,344,44,95,DHelmet
_jqlrn8jie,1,278,364,78,157,DHelmetP1NoHelmet
_jqlrn8jie,2,291,365,80,162,DHelmetP1NoHelmet
_jqlrn8jie,3,305,365,81,167,DHelmetP1NoHelmet
_jqlrn8jie,4,318,366,83,172,DHelmetP1NoHelmet
_jqlrn8jie,5,332,367,86,176,DHelmetP1NoHelmet
_jqlrn8jie,6,346,368,89,180,DHelmetP1NoHelmet
_jqlrn8jie,7,360,369,92,185,DHelmetP1NoHelmet
_jqlrn8jie,8,374,370,95,189,DHelmetP1NoHelmet
_jqlrn8jie,9,390,372,98,195,DHelmetP1NoHelmet
_jqlrn8jie,10,405,374,102,201,DHelmetP1NoHelmet
_jqlrn8jie,11,421,376,105,206,DHelmetP1NoHelmet
_jqlrn8jie,12,439,378,107,212,DHelmetP1NoHelmet
_jqlrn8jie,13,457,380,110,217,DHelmetP1NoHelmet
_jqlrn8jie,14,475,382,113,223,DHelmetP1NoHelmet
_jqlrn8jie,15,495,385,118,231,DHelmetP1NoHelmet
_jqlrn8jie,16,516,389,123,237,DHelmetP1NoHelmet
_jqlrn8jie,17,537,392,127,245,DHelmetP1NoHelmet
_jqlrn8jie,18,561,395,131,253,DHelmetP1NoHelmet
_jqlrn8jie,19,585,398,136,260,DHelmetP1NoHelmet
_jqlrn8jie,20,612,400,144,271,DHelmetP1NoHelmet
_jqlrn8jie,21,640,402,151,281,DHelmetP1NoHelmet
_jqlrn8jie,22,672,406,159,292,DHelmetP1NoHelmet
_jqlrn8jie,23,704,410,167,302,DHelmetP1NoHelmet
_jqlrn8jie,24,747,417,175,313,DHelmetP1NoHelmet
_jqlrn8jie,25,787,421,187,327,DHelmetP1NoHelmet
_jqlrn8jie,26,826,426,200,339,DHelmetP1NoHelmet
_jqlrn8jie,27,871,431,217,357,DHelmetP1NoHelmet
_jqlrn8jie,28,917,436,234,375,DHelmetP1NoHelmet
_jqlrn8jie,29,972,444,253,394,DHelmetP1NoHelmet
_jqlrn8jie,30,1026,452,273,414,DHelmetP1NoHelmet
_jqlrn8jie,31,1091,459,297,435,DHelmetP1NoHelmet
_jqlrn8jie,32,1157,466,320,457,DHelmetP1NoHelmet
_jqlrn8jie,33,1226,471,356,491,DHelmetP1NoHelmet
_jqlrn8jie,34,1305,479,393,524,DHelmetP1NoHelmet
_jqlrn8jie,35,1389,487,445,563,DHelmetP1NoHelmet
_jqlrn8jie,36,1485,505,435,575,DHelmetP1NoHelmet
_jqlrn8jie,37,1592,521,328,559,DHelmetP1NoHelmet
_36wkmbn1s,1,840,387,104,193,DHelmetP1Helmet
_36wkmbn1s,2,815,385,101,189,DHelmetP1Helmet
_36wkmbn1s,3,790,383,98,185,DHelmetP1Helmet
_36wkmbn1s,4,765,381,95,181,DHelmetP1Helmet
_36wkmbn1s,5,744,379,92,177,DHelmetP1Helmet
_36wkmbn1s,6,723,377,89,173,DHelmetP1Helmet
_36wkmbn1s,7,703,375,87,170,DHelmetP1Helmet
_36wkmbn1s,8,683,373,85,167,DHelmetP1Helmet
_36wkmbn1s,9,663,371,83,164,DHelmetP1Helmet
_36wkmbn1s,10,642,369,83,161,DHelmetP1Helmet
_36wkmbn1s,11,625,368,81,158,DHelmetP1Helmet
_36wkmbn1s,12,608,367,79,155,DHelmetP1Helmet
_36wkmbn1s,13,591,366,77,152,DHelmetP1Helmet
_36wkmbn1s,14,577,365,76,150,DHelmetP1Helmet
_36wkmbn1s,15,562,364,75,148,DHelmetP1Helmet
_36wkmbn1s,16,548,363,73,146,DHelmetP1Helmet
_36wkmbn1s,17,533,362,73,143,DHelmetP1Helmet
_36wkmbn1s,18,518,362,72,140,DHelmetP1Helmet
_36wkmbn1s,19,504,361,70,138,DHelmetP1Helmet
_36wkmbn1s,20,492,360,69,136,DHelmetP1Helmet
_36wkmbn1s,21,480,359,68,134,DHelmetP1Helmet
_36wkmbn1s,22,468,358,67,132,DHelmetP1Helmet
_36wkmbn1s,23,456,357,66,130,DHelmetP1Helmet
_36wkmbn1s,24,444,357,65,127,DHelmetP1Helmet
_36wkmbn1s,25,432,356,64,125,DHelmetP1Helmet
_36wkmbn1s,26,420,355,63,123,DHelmetP1Helmet
_36wkmbn1s,27,410,354,61,121,DHelmetP1Helmet
_36wkmbn1s,28,399,353,61,119,DHelmetP1Helmet
_36wkmbn1s,29,389,352,59,118,DHelmetP1Helmet
_36wkmbn1s,30,379,351,57,116,DHelmetP1Helmet
_36wkmbn1s,31,368,350,57,114,DHelmetP1Helmet
_36wkmbn1s,32,360,350,56,112,DHelmetP1Helmet
_36wkmbn1s,33,352,350,54,110,DHelmetP1Helmet
_36wkmbn1s,34,344,350,53,108,DHelmetP1Helmet
_36wkmbn1s,35,336,349,52,107,DHelmetP1Helmet
_36wkmbn1s,36,329,349,50,105,DHelmetP1Helmet
_mbskn9tn9,1,1661,450,259,330,DHelmet
_mbskn9tn9,2,1580,442,265,320,DHelmet
_mbskn9tn9,3,1507,437,248,305,DHelmet
_mbskn9tn9,4,1435,431,229,292,DHelmet
_mbskn9tn9,5,1373,427,212,278,DHelmet
_mbskn9tn9,6,1318,423,198,268,DHelmet
_mbskn9tn9,7,1262,419,186,258,DHelmet
_mbskn9tn9,8,1216,415,173,249,DHelmet
_mbskn9tn9,9,1170,410,160,240,DHelmet
_mbskn9tn9,10,1129,408,151,232,DHelmet
_mbskn9tn9,11,1089,405,142,225,DHelmet
_mbskn9tn9,12,1054,402,134,218,DHelmet
_mbskn9tn9,13,1020,399,125,211,DHelmet
_mbskn9tn9,14,985,395,122,205,DHelmet
_mbskn9tn9,15,951,391,118,199,DHelmet
_mbskn9tn9,16,920,389,116,194,DHelmet
_mbskn9tn9,17,890,388,112,187,DHelmet
_mbskn9tn9,18,860,386,109,182,DHelmet
_mbskn9tn9,19,830,381,94,183,DHelmet
_v8rgftx3x,24,1638,434,282,427,DHelmet
_v8rgftx3x,25,1540,429,289,396,DHelmet
_v8rgftx3x,26,1449,422,265,375,DHelmet
_v8rgftx3x,27,1371,415,240,355,DHelmet
_v8rgftx3x,28,1299,408,219,335,DHelmet
_v8rgftx3x,29,1225,403,208,320,DHelmet
_v8rgftx3x,30,1160,401,197,303,DHelmet
_v8rgftx3x,31,1104,398,186,289,DHelmet
_v8rgftx3x,32,1049,394,175,276,DHelmet
_v8rgftx3x,33,994,391,163,262,DHelmet
_v8rgftx3x,34,952,388,156,253,DHelmet
_v8rgftx3x,35,910,385,149,243,DHelmet
_v8rgftx3x,36,868,382,142,234,DHelmet
_v8rgftx3x,37,826,380,134,223,DHelmet
_v8rgftx3x,38,784,377,127,214,DHelmet
_v8rgftx3x,39,751,374,123,208,DHelmet
_v8rgftx3x,40,719,370,118,203,DHelmet
_v8rgftx3x,41,686,367,114,197,DHelmet
_v8rgftx3x,42,660,366,109,191,DHelmet
_v8rgftx3x,43,634,365,105,185,DHelmet
_v8rgftx3x,44,608,364,100,179,DHelmet
_v8rgftx3x,45,586,362,95,175,DHelmet
_v8rgftx3x,46,565,361,90,170,DHelmet
_v8rgftx3x,47,543,359,85,165,DHelmet
_v8rgftx3x,48,526,358,81,160,DHelmet
_v8rgftx3x,49,510,356,76,155,DHelmet
_v8rgftx3x,50,490,354,76,153,DHelmet
_v8rgftx3x,51,470,353,76,150,DHelmet
_v8rgftx3x,52,453,351,76,148,DHelmet
_v8rgftx3x,53,436,349,76,146,DHelmet
_v8rgftx3x,54,423,349,72,142,DHelmet
_v8rgftx3x,55,409,348,69,139,DHelmet
_v8rgftx3x,56,396,348,65,136,DHelmet
_v8rgftx3x,57,382,347,64,134,DHelmet
_v8rgftx3x,58,368,346,62,131,DHelmet
_v8rgftx3x,59,354,346,61,128,DHelmet
_v8rgftx3x,60,341,345,59,126,DHelmet
_v8rgftx3x,61,327,345,58,122,DHelmet
_v8rgftx3x,62,313,344,56,120,DHelmet
_v8rgftx3x,63,301,343,55,119,DHelmet
_v8rgftx3x,64,290,343,52,116,DHelmet
_v8rgftx3x,65,278,342,51,114,DHelmet
_v8rgftx3x,66,267,342,48,112,DHelmet
_v8rgftx3x,67,255,341,50,110,DHelmet
_v8rgftx3x,68,244,340,51,108,DHelmet
_v8rgftx3x,69,232,339,54,105,DHelmet
_v8rgftx3x,70,221,338,55,103,DHelmet
_v8rgftx3x,71,214,337,54,102,DHelmet
_v8rgftx3x,72,207,336,54,100,DHelmet
_v8rgftx3x,73,200,335,53,98,DHelmet
_v8rgftx3x,74,193,334,53,97,DHelmet
_bna551lgs,47,1696,451,224,312,DHelmet
_bna551lgs,48,1613,446,258,298,DHelmet
_bna551lgs,49,1540,439,249,285,DHelmet
_bna551lgs,50,1467,434,240,272,DHelmet
_bna551lgs,51,1403,428,231,257,DHelmet
_bna551lgs,52,1340,423,221,241,DHelmet
_bna551lgs,53,1285,419,203,234,DHelmet
_bna551lgs,54,1231,416,185,225,DHelmet
_bna551lgs,55,1182,411,168,204,DHelmet
_bna551lgs,56,1141,407,144,197,DHelmet
_bna551lgs,57,1096,404,143,202,DHelmet
_bna551lgs,58,1051,402,142,205,DHelmet
_bna551lgs,59,1007,399,141,200,DHelmet
_bna551lgs,60,963,397,140,193,DHelmet
_bna551lgs,61,930,393,132,189,DHelmet
_bna551lgs,62,896,390,125,184,DHelmet
_bna551lgs,63,868,388,118,180,DHelmet
_bna551lgs,64,840,386,111,176,DHelmet
_bna551lgs,65,813,384,104,172,DHelmet
_bna551lgs,66,789,382,99,168,DHelmet
_bna551lgs,67,765,380,94,165,DHelmet
_bna551lgs,68,741,378,89,161,DHelmet
_bna551lgs,69,718,375,83,158,DHelmet
_bna551lgs,70,697,375,81,154,DHelmet
_bna551lgs,71,676,374,80,150,DHelmet
_bna551lgs,72,655,373,79,147,DHelmet
_bna551lgs,73,637,371,77,145,DHelmet
_bna551lgs,74,620,370,75,142,DHelmet
_bna551lgs,75,602,369,74,139,DHelmet
_bna551lgs,76,584,367,72,137,DHelmet
_bna551lgs,77,566,366,71,134,DHelmet
_bna551lgs,78,549,365,69,131,DHelmet
_bna551lgs,79,531,363,67,129,DHelmet
_bna551lgs,80,513,362,66,126,DHelmet
_bna551lgs,81,499,361,65,124,DHelmet
_bna551lgs,82,485,361,63,120,DHelmet
_bna551lgs,83,472,360,61,118,DHelmet
_bna551lgs,84,458,359,60,116,DHelmet
_bna551lgs,85,444,359,58,113,DHelmet
_bna551lgs,86,434,358,57,111,DHelmet
_bna551lgs,87,424,358,55,108,DHelmet
_bna551lgs,88,414,358,53,105,DHelmet
_bna551lgs,89,404,358,52,102,DHelmet
_bna551lgs,90,394,357,50,100,DHelmet
_kyejq8yue,50,1591,430,288,361,DHelmetP1Helmet
_kyejq8yue,51,1499,425,254,336,DHelmetP1Helmet
_kyejq8yue,52,1415,415,226,320,DHelmetP1Helmet
_kyejq8yue,53,1334,409,208,307,DHelmetP1Helmet
_kyejq8yue,54,1262,403,189,295,DHelmetP1Helmet
_kyejq8yue,55,1194,399,178,282,DHelmetP1Helmet
_kyejq8yue,56,1132,394,166,271,DHelmetP1Helmet
_kyejq8yue,57,1074,390,167,258,DHelmetP1Helmet
_kyejq8yue,58,1019,386,154,250,DHelmetP1Helmet
_kyejq8yue,59,965,383,140,241,DHelmetP1Helmet
_kyejq8yue,60,914,381,142,233,DHelmetP1Helmet
_kyejq8yue,61,867,378,128,225,DHelmetP1Helmet
_kyejq8yue,62,825,376,122,216,DHelmetP1Helmet
_kyejq8yue,63,784,373,116,208,DHelmetP1Helmet
_kyejq8yue,64,746,372,110,200,DHelmetP1Helmet
_kyejq8yue,65,709,370,104,192,DHelmetP1Helmet
_kyejq8yue,66,674,368,104,188,DHelmetP1Helmet
_kyejq8yue,67,640,367,103,182,DHelmetP1Helmet
_kyejq8yue,68,610,365,98,178,DHelmetP1Helmet
_kyejq8yue,69,583,363,93,173,DHelmetP1Helmet
_kyejq8yue,70,556,361,88,169,DHelmetP1Helmet
_kyejq8yue,71,535,359,81,164,DHelmetP1Helmet
_kyejq8yue,72,514,357,75,160,DHelmetP1Helmet
_kyejq8yue,73,494,355,75,157,DHelmetP1Helmet
_kyejq8yue,74,474,354,74,153,DHelmetP1Helmet
_kyejq8yue,75,455,353,72,149,DHelmetP1Helmet
_kyejq8yue,76,435,351,72,146,DHelmetP1Helmet
_kyejq8yue,77,421,350,70,143,DHelmetP1Helmet
_kyejq8yue,78,408,349,66,140,DHelmetP1Helmet
_kyejq8yue,79,394,349,64,136,DHelmetP1Helmet
_kyejq8yue,80,381,348,61,132,DHelmetP1Helmet
_kyejq8yue,81,370,346,60,131,DHelmetP1Helmet
_kyejq8yue,82,358,345,60,129,DHelmetP1Helmet
_kyejq8yue,83,347,344,58,127,DHelmetP1Helmet
_kyejq8yue,84,336,343,57,125,DHelmetP1Helmet
_kyejq8yue,85,326,342,56,123,DHelmetP1Helmet
_kyejq8yue,86,316,341,56,121,DHelmetP1Helmet
_kyejq8yue,87,306,340,55,119,DHelmetP1Helmet
_kyejq8yue,88,300,340,53,116,DHelmetP1Helmet
_kyejq8yue,89,293,339,52,115,DHelmetP1Helmet
_kyejq8yue,90,286,338,51,113,DHelmetP1Helmet
_kyejq8yue,91,278,338,52,111,DHelmetP1Helmet
_kyejq8yue,92,270,337,54,109,DHelmetP1Helmet
_9ff7s6k6f,73,1652,434,236,284,DHelmet
_9ff7s6k6f,74,1572,436,224,266,DHelmet
_9ff7s6k6f,75,1504,432,209,255,DHelmet
_9ff7s6k6f,76,1441,428,195,245,DHelmet
_9ff7s6k6f,77,1384,425,183,236,DHelmet
_9ff7s6k6f,78,1327,422,171,227,DHelmet
_9ff7s6k6f,79,1277,419,160,219,DHelmet
_9ff7s6k6f,80,1227,416,153,211,DHelmet
_9ff7s6k6f,81,1184,413,146,203,DHelmet
_9ff7s6k6f,82,1142,410,140,198,DHelmet
_9ff7s6k6f,83,1100,408,134,192,DHelmet
_9ff7s6k6f,84,1064,406,127,186,DHelmet
_9ff7s6k6f,85,1028,403,120,181,DHelmet
_9ff7s6k6f,86,991,401,114,174,DHelmet
_9ff7s6k6f,87,959,398,110,171,DHelmet
_9ff7s6k6f,88,927,395,107,168,DHelmet
_9ff7s6k6f,89,894,393,104,165,DHelmet
_9ff7s6k6f,90,865,390,100,162,DHelmet
_9ff7s6k6f,91,835,387,97,159,DHelmet
_9ff7s6k6f,92,806,384,93,156,DHelmet
_9ff7s6k6f,93,780,383,91,152,DHelmet
_9ff7s6k6f,94,754,381,89,150,DHelmet
_9ff7s6k6f,95,728,379,87,147,DHelmet
_9ff7s6k6f,96,703,378,84,144,DHelmet
_9ff7s6k6f,97,677,376,81,141,DHelmet
_9ff7s6k6f,98,656,374,79,139,DHelmet
_9ff7s6k6f,99,635,373,76,135,DHelmet
_9ff7s6k6f,100,613,371,74,133,DHelmet
_1uis99yh7,4,298,348,50,97,DHelmetP1Helmet
_1uis99yh7,5,292,348,49,97,DHelmetP1Helmet
_1uis99yh7,6,286,347,50,97,DHelmetP1Helmet
_1uis99yh7,7,280,346,50,97,DHelmetP1Helmet
_1uis99yh7,8,274,346,50,95,DHelmetP1Helmet
_1uis99yh7,9,269,345,49,95,DHelmetP1Helmet
_1uis99yh7,10,263,344,50,95,DHelmetP1Helmet
_1uis99yh7,11,257,343,50,95,DHelmetP1Helmet
_1uis99yh7,12,251,343,50,94,DHelmetP1Helmet
_1uis99yh7,13,245,342,51,94,DHelmetP1Helmet
_k5dmfw4zl,49,372,350,55,105,DHelmet
_k5dmfw4zl,50,365,350,54,104,DHelmet
_k5dmfw4zl,51,358,349,54,103,DHelmet
_k5dmfw4zl,52,351,349,53,101,DHelmet
_k5dmfw4zl,53,344,348,53,101,DHelmet
_k5dmfw4zl,54,337,347,52,100,DHelmet
_k5dmfw4zl,55,330,347,52,98,DHelmet
_k5dmfw4zl,56,323,346,51,98,DHelmet
_k5dmfw4zl,57,316,345,51,97,DHelmet
_k5dmfw4zl,58,309,345,50,95,DHelmet
_k5dmfw4zl,59,302,344,50,95,DHelmet
_k5dmfw4zl,60,295,344,49,93,DHelmet
