track_id,frame_id,x,y,w,h,label
_l7dv8uizk,67,48,338,51,101,DNoHelmet
_l7dv8uizk,68,51,339,52,103,DNoHelmet
_l7dv8uizk,69,55,339,52,105,DNoHelmet
_l7dv8uizk,70,58,340,53,107,DNoHelmet
_l7dv8uizk,71,61,341,55,109,DNoHelmet
_l7dv8uizk,72,65,341,55,111,DNoHelmet
_l7dv8uizk,73,68,342,56,113,DNoHelmet
_l7dv8uizk,74,71,343,57,114,DNoHelmet
_l7dv8uizk,75,74,344,58,116,DNoHelmet
_l7dv8uizk,76,78,344,59,119,DNoHelmet
_l7dv8uizk,77,82,345,60,120,DNoHelmet
_l7dv8uizk,78,86,346,61,122,DNoHelmet
_l7dv8uizk,79,90,346,62,125,DNoHelmet
_l7dv8uizk,80,94,347,63,126,DNoHelmet
_l7dv8uizk,81,99,348,63,128,DNoHelmet
_l7dv8uizk,82,102,348,65,132,DNoHelmet
_l7dv8uizk,83,106,349,66,134,DNoHelmet
_l7dv8uizk,84,110,350,67,137,DNoHelmet
_l7dv8uizk,85,115,350,69,141,DNoHelmet
_l7dv8uizk,86,121,351,70,144,DNoHelmet
_l7dv8uizk,87,126,352,71,146,DNoHelmet
_l7dv8uizk,88,132,352,72,150,DNoHelmet
_l7dv8uizk,89,138,353,74,153,DNoHelmet
_l7dv8uizk,90,144,354,76,156,DNoHelmet
_l7dv8uizk,91,151,354,77,159,DNoHelmet
_l7dv8uizk,92,157,355,78,162,DNoHelmet
_l7dv8uizk,93,163,356,80,165,DNoHelmet
_l7dv8uizk,94,169,356,82,169,DNoHelmet
_l7dv8uizk,95,175,358,84,172,DNoHelmet
_l7dv8uizk,96,181,360,85,175,DNoHelmet
_l7dv8uizk,97,187,361,87,179,DNoHelmet
_l7dv8uizk,98,193,363,88,182,DNoHelmet
_l7dv8uizk,99,199,365,90,185,DNoHelmet
_l7dv8uizk,100,205,366,91,189,DNoHelmet
_q65segij2,90,23,332,46,97,DHelmet
_q65segij2,91,27,333,47,99,DHelmet
_q65segij2,92,31,333,48,101,DHelmet
_q65segij2,93,35,333,49,103,DHelmet
_q65segij2,94,40,334,49,105,DHelmet
_q65segij2,95,44,334,50,107,DHelmet
_q65segij2,96,48,334,51,109,DHelmet
_q65segij2,97,53,335,52,111,DHelmet
_q65segij2,98,58,335,52,113,DHelmet
_q65segij2,99,63,335,53,115,DHelmet
_q65segij2,100,67,336,55,116,DHelmet
_jz24kg4o5,100,1717,459,203,339,DHelmet
_9n8cohx3w,1,462,355,51,88,DHelmetP1Helmet
_9n8cohx3w,2,460,355,53,88,DHelmetP1Helmet
_9n8cohx3w,3,459,355,53,88,DHelmetP1Helmet
_9n8cohx3w,4,457,355,55,88,DHelmetP1Helmet
_9n8cohx3w,5,456,355,56,88,DHelmetP1Helmet
_9n8cohx3w,6,455,355,56,87,DHelmetP1Helmet
_9n8cohx3w,7,453,355,58,87,DHelmetP1Helmet
_9n8cohx3w,8,452,355,59,87,DHelmetP1Helmet
_9n8cohx3w,9,451,354,59,88,DHelmetP1Helmet
_9n8cohx3w,10,449,354,61,88,DHelmetP1Helmet
_9n8cohx3w,11,448,354,62,88,DHelmetP1Helmet
_9n8cohx3w,12,447,354,62,88,DHelmetP1Helmet
_9n8cohx3w,13,445,354,64,88,DHelmetP1Helmet
_9n8cohx3w,14,444,354,65,87,DHelmetP1Helmet
_9n8cohx3w,15,443,354,65,87,DHelmetP1Helmet
_9n8cohx3w,16,439,354,67,87,DHelmetP1Helmet
_9n8cohx3w,17,436,354,68,87,DHelmetP1Helmet
_9n8cohx3w,18,433,354,69,88,DHelmetP1Helmet
_9n8cohx3w,19,430,354,70,88,DHelmetP1Helmet
_9n8cohx3w,20,427,354,71,88,DHelmetP1Helmet
_9n8cohx3w,21,424,354,72,87,DHelmetP1Helmet
_9n8cohx3w,22,422,354,71,87,DHelmetP1Helmet
_9n8cohx3w,23,420,354,70,87,DHelmetP1Helmet
_9n8cohx3w,24,417,353,71,88,DHelmetP1Helmet
_9n8cohx3w,25,415,353,70,87,DHelmetP1Helmet
_9n8cohx3w,26,412,353,70,87,DHelmetP1Helmet
_9n8cohx3w,27,410,353,69,87,DHelmetP1Helmet
_9n8cohx3w,28,408,353,69,86,DHelmetP1Helmet
_9n8cohx3w,29,405,353,69,86,DHelmetP1Helmet
_9n8cohx3w,30,403,353,68,86,DHelmetP1Helmet
_9n8cohx3w,31,401,352,68,87,DHelmetP1Helmet
_9n8cohx3w,32,396,352,68,86,DHelmetP1Helmet
_9n8cohx3w,33,392,352,68,86,DHelmetP1Helmet
_9n8cohx3w,34,388,352,67,85,DHelmetP1Helmet
_9n8cohx3w,35,384,352,67,85,DHelmetP1Helmet
_9n8cohx3w,36,379,352,68,85,DHelmetP1Helmet
_9n8cohx3w,37,375,352,67,84,DHelmetP1Helmet
_9n8cohx3w,38,371,352,67,84,DHelmetP1Helmet
_9n8cohx3w,39,367,351,66,84,DHelmetP1Helmet
_9n8cohx3w,40,362,351,67,84,DHelmetP1Helmet
_9n8cohx3w,41,358,351,67,84,DHelmetP1Helmet
_9n8cohx3w,42,354,351,66,83,DHelmetP1Helmet
