track_id,frame_id,x,y,w,h,label
_6hh12hitb,1,60,340,50,102,DHelmet
_6hh12hitb,2,63,340,53,106,DHelmet
_6hh12hitb,3,66,340,57,110,DHelmet
_6hh12hitb,4,71,340,57,112,DHelmet
_6hh12hitb,5,76,341,58,114,DHelmet
_6hh12hitb,6,79,341,60,117,DHelmet
_6hh12hitb,7,83,342,61,120,DHelmet
_6hh12hitb,8,86,343,64,121,DHelmet
_6hh12hitb,9,90,344,65,122,DHelmet
_6hh12hitb,10,95,344,66,125,DHelmet
_6hh12hitb,11,101,345,65,127,DHelmet
_6hh12hitb,12,105,345,67,130,DHelmet
_6hh12hitb,13,109,346,69,132,DHelmet
_6hh12hitb,14,113,346,73,135,DHelmet
_6hh12hitb,15,118,346,76,139,DHelmet
_6hh12hitb,16,124,349,75,138,DHelmet
_6hh12hitb,17,130,351,74,138,DHelmet
_6hh12hitb,18,137,351,74,142,DHelmet
_6hh12hitb,19,143,351,75,147,DHelmet
_6hh12hitb,20,148,352,77,151,DHelmet
_6hh12hitb,21,154,354,78,153,DHelmet
_6hh12hitb,22,160,355,79,155,DHelmet
_6hh12hitb,23,165,356,82,158,DHelmet
_6hh12hitb,24,172,358,83,161,DHelmet
_6hh12hitb,25,178,360,86,165,DHelmet
_6hh12hitb,26,186,361,87,168,DHelmet
_6hh12hitb,27,193,363,89,170,DHelmet
_6hh12hitb,28,200,363,92,175,DHelmet
_6hh12hitb,29,206,364,97,179,DHelmet
_6hh12hitb,30,213,364,97,185,DHelmet
_6hh12hitb,31,221,364,97,192,DHelmet
_6hh12hitb,32,227,366,101,196,DHelmet
_6hh12hitb,33,234,369,103,198,DHelmet
_6hh12hitb,34,241,368,106,205,DHelmet
_6hh12hitb,35,247,368,109,210,DHelmet
_6hh12hitb,36,255,372,111,214,DHelmet
_6hh12hitb,37,263,376,112,217,DHelmet
_6hh12hitb,38,270,377,114,223,DHelmet
_6hh12hitb,39,276,377,118,230,DHelmet
_6hh12hitb,40,283,381,121,235,DHelmet
_6hh12hitb,41,289,384,124,241,DHelmet
_6hh12hitb,42,295,388,128,245,DHelmet
_6hh12hitb,43,301,391,132,250,DHelmet
_6hh12hitb,44,310,393,134,258,DHelmet
_6hh12hitb,45,318,395,138,266,DHelmet
_6hh12hitb,46,326,396,142,274,DHelmet
_6hh12hitb,47,334,397,145,281,DHelmet
_6hh12hitb,48,344,400,148,292,DHelmet
_6hh12hitb,49,354,404,152,301,DHelmet
_6hh12hitb,50,363,406,156,310,DHelmet
_6hh12hitb,51,371,409,162,317,DHelmet
_6hh12hitb,52,384,413,165,327,DHelmet
_6hh12hitb,53,398,417,167,337,DHelmet
_6hh12hitb,54,410,421,172,348,DHelmet
_6hh12hitb,55,422,425,177,359,DHelmet
_6hh12hitb,56,435,427,186,374,DHelmet
_6hh12hitb,57,448,428,195,390,DHelmet
_6hh12hitb,58,462,432,202,405,DHelmet
_6hh12hitb,59,477,435,209,422,DHelmet
_6hh12hitb,60,494,440,214,439,DHelmet
_6hh12hitb,61,511,446,219,455,DHelmet
_6hh12hitb,62,526,451,229,472,DHelmet
_6hh12hitb,63,540,456,239,490,DHelmet
_6hh12hitb,64,558,462,250,513,DHelmet
_6hh12hitb,65,575,467,262,536,DHelmet
_6hh12hitb,66,592,472,274,560,DHelmet
_6hh12hitb,67,611,482,288,580,DHelmet
_6hh12hitb,68,630,492,302,588,DHelmet
_6hh12hitb,69,652,499,319,581,DHelmet
_6hh12hitb,70,675,507,334,573,DHelmet
_6hh12hitb,71,699,515,351,565,DHelmet
_6hh12hitb,72,724,524,368,556,DHelmet
_6hh12hitb,73,751,533,388,547,DHelmet
_6hh12hitb,74,779,542,407,538,DHelmet
_6hh12hitb,75,809,551,430,529,DHelmet
_6hh12hitb,76,838,560,454,520,DHelmet
_6hh12hitb,77,873,573,480,507,DHelmet
_6hh12hitb,78,908,585,505,495,DHelmet
_6hh12hitb,79,966,597,520,483,DHelmet
_6hh12hitb,80,1024,609,535,471,DHelmet
_6hh12hitb,81,1085,622,558,458,DHelmet
_6hh12hitb,82,1145,634,581,446,DHelmet
_f5vnp7qip,23,229,340,50,88,DHelmet
_f5vnp7qip,24,240,340,49,91,DHelmet
_f5vnp7qip,25,251,340,49,93,DHelmet
_f5vnp7qip,26,262,341,49,95,DHelmet
_f5vnp7qip,27,273,341,49,97,DHelmet
_f5vnp7qip,28,283,343,50,96,DHelmet
_f5vnp7qip,29,294,345,49,95,DHelmet
_f5vnp7qip,30,305,346,49,95,DHelmet
_f5vnp7qip,31,316,346,50,96,DHelmet
_f5vnp7qip,32,327,346,49,98,DHelmet
_f5vnp7qip,33,337,345,50,101,DHelmet
_f5vnp7qip,34,346,346,50,101,DHelmet
_f5vnp7qip,35,355,347,50,101,DHelmet
_f5vnp7qip,36,366,348,49,101,DHelmet
_f5vnp7qip,37,377,349,49,101,DHelmet
_f5vnp7qip,38,386,349,49,103,DHelmet
_f5vnp7qip,39,395,349,49,105,DHelmet
_f5vnp7qip,40,402,350,54,105,DHelmet
_f5vnp7qip,41,410,350,58,105,DHelmet
_f5vnp7qip,42,419,351,61,107,DHelmet
_f5vnp7qip,43,427,352,65,108,DHelmet
_f5vnp7qip,44,436,353,65,108,DHelmet
_f5vnp7qip,45,445,354,65,108,DHelmet
_f5vnp7qip,46,453,353,65,111,DHelmet
_f5vnp7qip,47,461,352,65,113,DHelmet
_f5vnp7qip,48,468,353,64,113,DHelmet
_f5vnp7qip,49,474,353,65,113,DHelmet
_f5vnp7qip,50,482,355,64,113,DHelmet
_f5vnp7qip,51,489,357,64,113,DHelmet
_f5vnp7qip,52,497,357,65,113,DHelmet
_f5vnp7qip,53,506,357,64,113,DHelmet
_f5vnp7qip,54,511,359,68,112,DHelmet
_f5vnp7qip,55,517,360,70,112,DHelmet
_f5vnp7qip,56,527,357,70,116,DHelmet
_f5vnp7qip,57,537,354,71,119,DHelmet
_f5vnp7qip,58,543,355,74,119,DHelmet
_f5vnp7qip,59,548,356,78,119,DHelmet
_f5vnp7qip,60,553,356,82,119,DHelmet
_f5vnp7qip,61,557,356,87,119,DHelmet
_f5vnp7qip,62,566,358,96,116,DHelmet
_f5vnp7qip,63,575,360,105,113,DHelmet
_f5vnp7qip,64,582,361,105,113,DHelmet
_f5vnp7qip,65,589,362,105,113,DHelmet
_f5vnp7qip,66,597,362,105,116,DHelmet
_f5vnp7qip,67,605,362,104,119,DHelmet
_f5vnp7qip,68,611,362,112,120,DHelmet
_f5vnp7qip,69,617,362,119,122,DHelmet
_f5vnp7qip,70,624,361,122,124,DHelmet
_f5vnp7qip,71,631,361,125,125,DHelmet
_f5vnp7qip,72,639,362,127,124,DHelmet
_f5vnp7qip,73,647,364,129,123,DHelmet
_f5vnp7qip,74,651,364,134,123,DHelmet
_f5vnp7qip,75,655,364,138,123,DHelmet
_f5vnp7qip,76,663,366,138,120,DHelmet
_f5vnp7qip,77,671,369,138,117,DHelmet
_f5vnp7qip,78,676,368,138,117,DHelmet
_f5vnp7qip,79,681,368,138,117,DHelmet
_f5vnp7qip,80,684,366,139,119,DHelmet
_f5vnp7qip,81,688,365,139,120,DHelmet
_f5vnp7qip,82,691,363,140,122,DHelmet
_f5vnp7qip,83,694,362,141,123,DHelmet
_f5vnp7qip,84,694,362,141,123,DHelmet
_f5vnp7qip,85,694,361,140,124,DHelmet
_f5vnp7qip,86,694,361,140,124,DHelmet
_f5vnp7qip,87,693,361,141,124,DHelmet
_f5vnp7qip,88,693,361,141,124,DHelmet
_f5vnp7qip,89,693,361,141,124,DHelmet
_f5vnp7qip,90,693,361,141,124,DHelmet
_f5vnp7qip,91,692,361,141,124,DHelmet
_f5vnp7qip,92,692,361,141,124,DHelmet
_f5vnp7qip,93,692,361,141,124,DHelmet
_f5vnp7qip,94,692,361,141,124,DHelmet
_f5vnp7qip,95,691,361,142,124,DHelmet
_f5vnp7qip,96,691,361,142,124,DHelmet
_f5vnp7qip,97,691,360,141,125,DHelmet
_f5vnp7qip,98,691,360,141,125,DHelmet
_f5vnp7qip,99,691,360,141,125,DHelmet
_f5vnp7qip,100,690,360,142,126,DHelmet
