track_id,frame_id,x,y,w,h,label
_hzt4xsnsv,1,1542,552,153,213,DHelmet
_hzt4xsnsv,2,1555,550,166,214,DHelmet
_hzt4xsnsv,3,1564,552,175,204,DHelmet
_hzt4xsnsv,4,1570,552,187,204,DHelmet
_hzt4xsnsv,5,1578,552,198,204,DHelmet
_hzt4xsnsv,6,1588,552,206,204,DHelmet
_hzt4xsnsv,7,1594,548,219,203,DHelmet
_hzt4xsnsv,8,1602,545,223,203,DHelmet
_hzt4xsnsv,9,1611,542,222,203,DHelmet
_hzt4xsnsv,10,1619,539,223,203,DHelmet
_hzt4xsnsv,11,1624,539,226,203,DHelmet
_hzt4xsnsv,12,1629,538,228,203,DHelmet
_hzt4xsnsv,13,1634,538,231,203,DHelmet
_hzt4xsnsv,14,1638,539,234,203,DHelmet
_hzt4xsnsv,15,1643,539,236,203,DHelmet
_hzt4xsnsv,16,1647,539,240,203,DHelmet
_hzt4xsnsv,17,1658,540,239,203,DHelmet
_hzt4xsnsv,18,1668,540,239,203,DHelmet
_hzt4xsnsv,19,1679,540,239,203,DHelmet
_hzt4xsnsv,20,1690,541,230,203,DHelmet
_hzt4xsnsv,21,1701,541,219,203,DHelmet
_hzt4xsnsv,22,1712,541,208,203,DHelmet
_hzt4xsnsv,23,1728,541,192,203,DHelmet
_hzt4xsnsv,24,1744,540,176,206,DHelmet
_hzt4xsnsv,25,1758,541,162,206,DHelmet
_hzt4xsnsv,26,1771,541,149,206,DHelmet
_wqdcdpswc,1,1502,595,312,342,DHelmet
_wqdcdpswc,2,1447,592,293,327,DHelmet
_wqdcdpswc,3,1392,589,275,311,DHelmet
_wqdcdpswc,4,1344,585,262,305,DHelmet
_wqdcdpswc,5,1296,582,250,297,DHelmet
_wqdcdpswc,6,1257,580,236,291,DHelmet
_wqdcdpswc,7,1217,579,223,283,DHelmet
_wqdcdpswc,8,1182,576,213,278,DHelmet
_wqdcdpswc,9,1147,573,204,273,DHelmet
_wqdcdpswc,10,1117,570,194,268,DHelmet
_wqdcdpswc,11,1088,567,184,264,DHelmet
_wqdcdpswc,12,1062,566,179,258,DHelmet
_wqdcdpswc,13,1036,565,174,253,DHelmet
_wqdcdpswc,14,1012,564,168,248,DHelmet
_wqdcdpswc,15,989,563,161,243,DHelmet
_wqdcdpswc,16,969,562,156,241,DHelmet
_wqdcdpswc,17,950,562,150,238,DHelmet
_wqdcdpswc,18,932,560,142,234,DHelmet
_wqdcdpswc,19,913,558,135,230,DHelmet
_wqdcdpswc,20,893,557,132,225,DHelmet
_wqdcdpswc,21,872,556,130,221,DHelmet
_wqdcdpswc,22,855,554,127,217,DHelmet
_wqdcdpswc,23,838,553,124,213,DHelmet
_wqdcdpswc,24,821,552,122,210,DHelmet
_wqdcdpswc,25,804,551,120,207,DHelmet
_wqdcdpswc,26,786,550,119,204,DHelmet
_wqdcdpswc,27,770,549,117,202,DHelmet
_wqdcdpswc,28,755,549,115,198,DHelmet
_wqdcdpswc,29,739,548,113,195,DHelmet
_wqdcdpswc,30,722,547,112,192,DHelmet
_wqdcdpswc,31,705,546,111,190,DHelmet
_wqdcdpswc,32,689,545,109,188,DHelmet
_wqdcdpswc,33,672,545,108,184,DHelmet
_wqdcdpswc,34,655,544,107,182,DHelmet
_wqdcdpswc,35,638,543,106,179,DHelmet
_wqdcdpswc,36,622,542,105,177,DHelmet
_wqdcdpswc,37,605,542,104,173,DHelmet
_wqdcdpswc,38,588,541,101,170,DHelmet
_wqdcdpswc,39,571,540,98,168,DHelmet
_wqdcdpswc,40,553,539,97,165,DHelmet
_wqdcdpswc,41,536,538,94,162,DHelmet
_wqdcdpswc,42,522,537,91,159,DHelmet
_wqdcdpswc,43,508,536,88,157,DHelmet
_wqdcdpswc,44,494,535,86,154,DHelmet
_wqdcdpswc,45,480,534,83,151,DHelmet
_wqdcdpswc,46,466,533,80,149,DHelmet
_wqdcdpswc,47,452,532,78,146,DHelmet
_wqdcdpswc,48,438,531,76,144,DHelmet
_wqdcdpswc,49,424,531,75,141,DHelmet
_wqdcdpswc,50,410,530,74,140,DHelmet
_wqdcdpswc,51,396,530,72,137,DHelmet
_wqdcdpswc,52,382,529,71,135,DHelmet
_wqdcdpswc,53,368,528,70,133,DHelmet
_wqdcdpswc,54,356,528,68,131,DHelmet
_wqdcdpswc,55,343,527,68,129,DHelmet
_wqdcdpswc,56,331,526,66,128,DHelmet
_wqdcdpswc,57,319,526,65,126,DHelmet
_wqdcdpswc,58,307,525,64,125,DHelmet
_wqdcdpswc,59,294,524,63,123,DHelmet
_wqdcdpswc,60,282,524,62,121,DHelmet
_wqdcdpswc,61,270,523,61,120,DHelmet
_wqdcdpswc,62,257,522,60,118,DHelmet
_wqdcdpswc,63,245,522,59,116,DHelmet
_wqdcdpswc,64,233,521,58,115,DHelmet
_wqdcdpswc,65,221,520,56,113,DHelmet
_wqdcdpswc,66,208,520,56,111,DHelmet
_wqdcdpswc,67,200,519,55,110,DHelmet
_wqdcdpswc,68,192,518,54,109,DHelmet
_wqdcdpswc,69,184,517,54,108,DHelmet
_wqdcdpswc,70,176,517,53,106,DHelmet
_wqdcdpswc,71,168,516,52,106,DHelmet
_wqdcdpswc,72,160,515,51,105,DHelmet
_wqdcdpswc,73,152,514,50,104,DHelmet
_wqdcdpswc,74,144,514,50,102,DHelmet
_wqdcdpswc,75,136,513,49,101,DHelmet
_svjms3n79,1,1348,569,190,267,DHelmetP1Helmet
_svjms3n79,2,1322,567,179,263,DHelmetP1Helmet
_svjms3n79,3,1295,565,170,258,DHelmetP1Helmet
_svjms3n79,4,1268,563,168,252,DHelmetP1Helmet
_svjms3n79,5,1240,562,166,246,DHelmetP1Helmet
_svjms3n79,6,1215,560,166,240,DHelmetP1Helmet
_svjms3n79,7,1191,558,164,235,DHelmetP1Helmet
_svjms3n79,8,1170,558,160,235,DHelmetP1Helmet
_svjms3n79,9,1149,558,155,235,DHelmetP1Helmet
_svjms3n79,10,1131,555,153,233,DHelmetP1Helmet
_svjms3n79,11,1113,553,150,231,DHelmetP1Helmet
_svjms3n79,12,1095,551,147,228,DHelmetP1Helmet
_svjms3n79,13,1076,548,146,227,DHelmetP1Helmet
_svjms3n79,14,1058,546,143,224,DHelmetP1Helmet
_svjms3n79,15,1043,546,141,221,DHelmetP1Helmet
_svjms3n79,16,1028,545,138,220,DHelmetP1Helmet
_svjms3n79,17,1013,545,136,217,DHelmetP1Helmet
_svjms3n79,18,998,544,133,215,DHelmetP1Helmet
_svjms3n79,19,987,544,130,212,DHelmetP1Helmet
_svjms3n79,20,975,543,128,211,DHelmetP1Helmet
_svjms3n79,21,964,543,125,208,DHelmetP1Helmet
_svjms3n79,22,952,543,123,206,DHelmetP1Helmet
_svjms3n79,23,942,543,121,203,DHelmetP1Helmet
_svjms3n79,24,932,542,118,202,DHelmetP1Helmet
_svjms3n79,25,922,542,116,199,DHelmetP1Helmet
_svjms3n79,26,912,542,113,197,DHelmetP1Helmet
_svjms3n79,27,902,541,114,196,DHelmetP1Helmet
_svjms3n79,28,892,541,114,194,DHelmetP1Helmet
_svjms3n79,29,881,540,115,193,DHelmetP1Helmet
_svjms3n79,30,871,539,116,192,DHelmetP1Helmet
_svjms3n79,31,863,538,115,191,DHelmetP1Helmet
_svjms3n79,32,854,538,115,188,DHelmetP1Helmet
_svjms3n79,33,846,537,114,187,DHelmetP1Helmet
_svjms3n79,34,837,537,115,185,DHelmetP1Helmet
_svjms3n79,35,828,536,115,184,DHelmetP1Helmet
_svjms3n79,36,820,535,114,183,DHelmetP1Helmet
_svjms3n79,37,811,535,114,181,DHelmetP1Helmet
_svjms3n79,38,803,534,113,180,DHelmetP1Helmet
_svjms3n79,39,792,534,113,179,DHelmetP1Helmet
_svjms3n79,40,780,534,113,177,DHelmetP1Helmet
_svjms3n79,41,769,534,113,175,DHelmetP1Helmet
_svjms3n79,42,758,533,112,175,DHelmetP1Helmet
_svjms3n79,43,744,533,112,173,DHelmetP1Helmet
_svjms3n79,44,731,532,112,172,DHelmetP1Helmet
_svjms3n79,45,718,532,111,170,DHelmetP1Helmet
_svjms3n79,46,704,531,112,169,DHelmetP1Helmet
_svjms3n79,47,690,531,111,167,DHelmetP1Helmet
_svjms3n79,48,675,531,110,166,DHelmetP1Helmet
_svjms3n79,49,660,531,110,164,DHelmetP1Helmet
_svjms3n79,50,645,531,110,163,DHelmetP1Helmet
_svjms3n79,51,629,530,109,161,DHelmetP1Helmet
_svjms3n79,52,614,529,107,160,DHelmetP1Helmet
_svjms3n79,53,598,528,106,158,DHelmetP1Helmet
_svjms3n79,54,583,527,104,157,DHelmetP1Helmet
_svjms3n79,55,567,527,104,155,DHelmetP1Helmet
_svjms3n79,56,550,526,104,154,DHelmetP1Helmet
_svjms3n79,57,534,526,103,153,DHelmetP1Helmet
_svjms3n79,58,518,526,102,151,DHelmetP1Helmet
_svjms3n79,59,502,525,102,150,DHelmetP1Helmet
_svjms3n79,60,485,525,100,148,DHelmetP1Helmet
_svjms3n79,61,469,524,98,147,DHelmetP1Helmet
_svjms3n79,62,453,524,96,145,DHelmetP1Helmet
_svjms3n79,63,437,523,94,143,DHelmetP1Helmet
_svjms3n79,64,421,523,92,141,DHelmetP1Helmet
_svjms3n79,65,405,522,90,140,DHelmetP1Helmet
_svjms3n79,66,389,522,88,138,DHelmetP1Helmet
_svjms3n79,67,373,521,86,137,DHelmetP1Helmet
_svjms3n79,68,357,521,84,134,DHelmetP1Helmet
_svjms3n79,69,341,520,82,133,DHelmetP1Helmet
_svjms3n79,70,325,520,80,131,DHelmetP1Helmet
_svjms3n79,71,309,519,78,130,DHelmetP1Helmet
_svjms3n79,72,293,519,76,127,DHelmetP1Helmet
_svjms3n79,73,277,518,73,126,DHelmetP1Helmet
_svjms3n79,74,265,518,73,124,DHelmetP1Helmet
_svjms3n79,75,253,517,73,124,DHelmetP1Helmet
_svjms3n79,76,244,517,72,122,DHelmetP1Helmet
_svjms3n79,77,235,516,71,121,DHelmetP1Helmet
_svjms3n79,78,226,515,70,121,DHelmetP1Helmet
_svjms3n79,79,216,515,70,119,DHelmetP1Helmet
_svjms3n79,80,208,514,69,118,DHelmetP1Helmet
_svjms3n79,81,199,514,69,116,DHelmetP1Helmet
_svjms3n79,82,191,513,67,116,DHelmetP1Helmet
_svjms3n79,83,182,513,67,114,DHelmetP1Helmet
_svjms3n79,84,174,512,66,113,DHelmetP1Helmet
_a04ht6pww,22,132,523,73,137,DHelmetP1Helmet
_a04ht6pww,23,138,524,74,139,DHelmetP1Helmet
_a04ht6pww,24,144,525,75,142,DHelmetP1Helmet
_a04ht6pww,25,151,525,75,146,DHelmetP1Helmet
_a04ht6pww,26,157,526,76,149,DHelmetP1Helmet
_a04ht6pww,27,163,527,77,151,DHelmetP1Helmet
_a04ht6pww,28,169,527,78,155,DHelmetP1Helmet
_a04ht6pww,29,176,528,79,158,DHelmetP1Helmet
_a04ht6pww,30,182,529,80,160,DHelmetP1Helmet
_a04ht6pww,31,188,529,81,164,DHelmetP1Helmet
_a04ht6pww,32,195,530,81,167,DHelmetP1Helmet
_a04ht6pww,33,202,531,84,170,DHelmetP1Helmet
_a04ht6pww,34,210,533,85,173,DHelmetP1Helmet
_a04ht6pww,35,217,534,88,176,DHelmetP1Helmet
_a04ht6pww,36,225,536,90,179,DHelmetP1Helmet
_a04ht6pww,37,233,537,91,182,DHelmetP1Helmet
_a04ht6pww,38,240,539,94,185,DHelmetP1Helmet
_a04ht6pww,39,250,540,96,190,DHelmetP1Helmet
_a04ht6pww,40,260,541,97,196,DHelmetP1Helmet
_a04ht6pww,41,270,543,99,200,DHelmetP1Helmet
_a04ht6pww,42,280,544,101,206,DHelmetP1Helmet
_a04ht6pww,43,290,545,102,211,DHelmetP1Helmet
_a04ht6pww,44,300,546,104,216,DHelmetP1Helmet
_a04ht6pww,45,313,548,107,222,DHelmetP1Helmet
_a04ht6pww,46,325,549,111,228,DHelmetP1Helmet
_a04ht6pww,47,338,551,114,234,DHelmetP1Helmet
_a04ht6pww,48,351,552,117,241,DHelmetP1Helmet
_a04ht6pww,49,363,554,121,246,DHelmetP1Helmet
_a04ht6pww,50,376,555,125,253,DHelmetP1Helmet
_a04ht6pww,51,392,556,130,260,DHelmetP1Helmet
_a04ht6pww,52,408,558,136,266,DHelmetP1Helmet
_a04ht6pww,53,429,560,141,273,DHelmetP1Helmet
_a04ht6pww,54,449,562,147,280,DHelmetP1Helmet
_a04ht6pww,55,474,564,153,286,DHelmetP1Helmet
_a04ht6pww,56,499,566,158,293,DHelmetP1Helmet
_a04ht6pww,57,524,568,164,300,DHelmetP1Helmet
_a04ht6pww,58,555,571,179,308,DHelmetP1Helmet
_a04ht6pww,59,586,574,195,316,DHelmetP1Helmet
_a04ht6pww,60,623,577,210,323,DHelmetP1Helmet
_a04ht6pww,61,660,579,226,331,DHelmetP1Helmet
_a04ht6pww,62,703,581,238,340,DHelmetP1Helmet
_a04ht6pww,63,746,583,251,349,DHelmetP1Helmet
_a04ht6pww,64,792,585,264,358,DHelmetP1Helmet
_a04ht6pww,65,838,587,276,367,DHelmetP1Helmet
_a04ht6pww,66,887,590,289,376,DHelmetP1Helmet
_a04ht6pww,67,936,593,302,385,DHelmetP1Helmet
_a04ht6pww,68,983,595,318,396,DHelmetP1Helmet
_a04ht6pww,69,1039,598,334,408,DHelmetP1Helmet
_a04ht6pww,70,1096,600,349,421,DHelmetP1Helmet
_a04ht6pww,71,1157,603,368,435,DHelmetP1Helmet
_a04ht6pww,72,1219,605,385,450,DHelmetP1Helmet
_a04ht6pww,73,1281,608,403,463,DHelmetP1Helmet
_a04ht6pww,74,1346,611,427,469,DHelmetP1Helmet
_a04ht6pww,75,1412,615,451,465,DHelmetP1Helmet
_a04ht6pww,76,1481,616,439,464,DHelmetP1Helmet
_a04ht6pww,77,1546,618,374,462,DHelmetP1Helmet
