track_id,frame_id,x,y,w,h,label
_jmj5xk8w0,2,414,520,55,113,DHelmet
_jmj5xk8w0,3,400,519,58,112,DHelmet
_jmj5xk8w0,4,388,518,60,111,DHelmet
_jmj5xk8w0,5,378,517,60,110,DHelmet
_jmj5xk8w0,6,367,516,60,109,DHelmet
_jmj5xk8w0,7,361,516,56,108,DHelmet
_jmj5xk8w0,8,354,515,53,108,DHelmet
_jmj5xk8w0,9,348,514,49,108,DHelmet
_jmj5xk8w0,10,342,514,50,108,DHelmet
_l1eyn8nqj,1,531,528,95,169,DHelmet
_l1eyn8nqj,2,510,527,93,166,DHelmet
_l1eyn8nqj,3,490,525,90,164,DHelmet
_l1eyn8nqj,4,469,524,88,160,DHelmet
_l1eyn8nqj,5,452,523,86,157,DHelmet
_l1eyn8nqj,6,435,522,84,154,DHelmet
_l1eyn8nqj,7,420,521,81,150,DHelmet
_l1eyn8nqj,8,404,520,80,147,DHelmet
_l1eyn8nqj,9,388,519,79,144,DHelmet
_l1eyn8nqj,10,374,518,78,141,DHelmet
_l1eyn8nqj,11,361,517,75,139,DHelmet
_l1eyn8nqj,12,347,517,74,136,DHelmet
_l1eyn8nqj,13,336,517,71,132,DHelmet
_l1eyn8nqj,14,324,517,70,129,DHelmet
_l1eyn8nqj,15,313,518,67,125,DHelmet
_l1eyn8nqj,16,301,517,68,123,DHelmet
_l1eyn8nqj,17,290,516,67,122,DHelmet
_l1eyn8nqj,18,279,515,66,120,DHelmet
_l1eyn8nqj,19,270,515,64,117,DHelmet
_l1eyn8nqj,20,260,514,62,115,DHelmet
_8kzuuexfn,1,843,546,116,210,DNoHelmet
_8kzuuexfn,2,812,545,112,205,DNoHelmet
_8kzuuexfn,3,782,544,107,199,DNoHelmet
_8kzuuexfn,4,755,543,102,193,DNoHelmet
_8kzuuexfn,5,727,542,99,187,DNoHelmet
_8kzuuexfn,6,702,541,96,181,DNoHelmet
_8kzuuexfn,7,676,539,95,175,DNoHelmet
_8kzuuexfn,8,656,539,90,170,DNoHelmet
_8kzuuexfn,9,636,539,85,165,DNoHelmet
_8kzuuexfn,10,614,538,85,161,DNoHelmet
_8kzuuexfn,11,592,536,84,157,DNoHelmet
_8kzuuexfn,12,573,535,84,154,DNoHelmet
_8kzuuexfn,13,555,534,83,151,DNoHelmet
_8kzuuexfn,14,540,534,81,147,DNoHelmet
_8kzuuexfn,15,524,533,79,144,DNoHelmet
_8kzuuexfn,16,508,532,77,141,DNoHelmet
_8kzuuexfn,17,493,531,74,138,DNoHelmet
_8kzuuexfn,18,479,530,74,135,DNoHelmet
_8kzuuexfn,19,465,530,73,131,DNoHelmet
_8kzuuexfn,20,451,529,72,128,DNoHelmet
_8kzuuexfn,21,438,528,70,127,DNoHelmet
_8kzuuexfn,22,425,527,67,125,DNoHelmet
_8kzuuexfn,23,414,526,65,123,DNoHelmet
_8kzuuexfn,24,402,525,64,121,DNoHelmet
_8kzuuexfn,25,391,524,62,119,DNoHelmet
_8kzuuexfn,26,373,523,69,117,DNoHelmet
_8kzuuexfn,27,363,522,68,116,DNoHelmet
_8kzuuexfn,28,353,522,68,113,DNoHelmet
_8kzuuexfn,29,343,522,65,111,DNoHelmet
_8kzuuexfn,30,333,522,62,109,DNoHelmet
_8kzuuexfn,31,324,521,59,108,DNoHelmet
_ez7qjvoio,59,1735,588,185,329,DHelmet
_ez7qjvoio,60,1649,585,265,327,DHelmet
_ez7qjvoio,61,1566,582,247,310,DHelmet
_ez7qjvoio,62,1493,577,227,298,DHelmet
_ez7qjvoio,63,1422,574,212,285,DHelmet
_ez7qjvoio,64,1357,571,195,274,DHelmet
_ez7qjvoio,65,1295,568,184,261,DHelmet
_ez7qjvoio,66,1236,565,174,251,DHelmet
_ez7qjvoio,67,1181,562,166,242,DHelmet
_ez7qjvoio,68,1129,559,157,233,DHelmet
_ez7qjvoio,69,1079,555,151,227,DHelmet
_ez7qjvoio,70,1033,554,143,219,DHelmet
_ez7qjvoio,71,989,551,136,213,DHelmet
_ez7qjvoio,72,949,548,129,207,DHelmet
_ez7qjvoio,73,911,547,123,200,DHelmet
_ez7qjvoio,74,874,545,117,193,DHelmet
_ez7qjvoio,75,840,543,112,189,DHelmet
_ez7qjvoio,76,811,541,102,184,DHelmet
_ez7qjvoio,77,779,540,101,180,DHelmet
_ez7qjvoio,78,751,538,96,176,DHelmet
_ez7qjvoio,79,724,536,92,172,DHelmet
_ez7qjvoio,80,696,535,90,167,DHelmet
_ez7qjvoio,81,671,534,89,163,DHelmet
_ez7qjvoio,82,646,533,87,158,DHelmet
_ez7qjvoio,83,623,532,85,154,DHelmet
_ez7qjvoio,84,600,530,84,152,DHelmet
_ez7qjvoio,85,580,529,81,148,DHelmet
_ez7qjvoio,86,559,528,79,145,DHelmet
_ez7qjvoio,87,541,527,76,142,DHelmet
_ez7qjvoio,88,522,527,74,139,DHelmet
_ez7qjvoio,89,504,526,72,136,DHelmet
_ez7qjvoio,90,486,525,71,134,DHelmet
_ez7qjvoio,91,469,523,70,133,DHelmet
_ez7qjvoio,92,451,522,70,130,DHelmet
_ez7qjvoio,93,436,522,68,126,DHelmet
_ez7qjvoio,94,420,521,67,123,DHelmet
_ez7qjvoio,95,406,521,65,121,DHelmet
_ez7qjvoio,96,391,520,64,120,DHelmet
_ez7qjvoio,97,378,519,62,119,DHelmet
_ez7qjvoio,98,365,518,61,118,DHelmet
_ez7qjvoio,99,352,517,60,118,DHelmet
_ez7qjvoio,100,339,516,59,117,DHelmet
