track_id,frame_id,x,y,w,h,label
_i4gbooh2c,1,1607,548,288,357,DHelmet
_i4gbooh2c,2,1541,546,272,344,DHelmet
_i4gbooh2c,3,1476,544,255,331,DHelmet
_i4gbooh2c,4,1419,539,239,318,DHelmet
_i4gbooh2c,5,1362,533,223,307,DHelmet
_i4gbooh2c,6,1312,532,210,295,DHelmet
_i4gbooh2c,7,1261,531,198,283,DHelmet
_i4gbooh2c,8,1210,527,192,276,DHelmet
_i4gbooh2c,9,1158,523,187,268,DHelmet
_i4gbooh2c,10,1126,521,182,263,DHelmet
_i4gbooh2c,11,1094,519,177,258,DHelmet
_i4gbooh2c,12,1061,518,173,251,DHelmet
_i4gbooh2c,13,1029,516,168,246,DHelmet
_i4gbooh2c,14,997,514,163,241,DHelmet
_i4gbooh2c,15,964,513,159,235,DHelmet
_i4gbooh2c,16,932,511,153,230,DHelmet
_i4gbooh2c,17,900,510,148,224,DHelmet
_i4gbooh2c,18,867,508,144,218,DHelmet
_i4gbooh2c,19,835,506,139,213,DHelmet
_i4gbooh2c,20,803,505,134,207,DHelmet
_i4gbooh2c,21,771,503,129,202,DHelmet
_i4gbooh2c,22,738,502,125,196,DHelmet
_i4gbooh2c,23,716,501,120,191,DHelmet
_i4gbooh2c,24,695,501,115,185,DHelmet
_i4gbooh2c,25,673,503,112,178,DHelmet
_i4gbooh2c,26,651,505,109,171,DHelmet
_i4gbooh2c,27,634,503,108,169,DHelmet
_i4gbooh2c,28,617,502,107,167,DHelmet
_i4gbooh2c,29,600,500,105,165,DHelmet
_i4gbooh2c,30,584,499,103,163,DHelmet
_i4gbooh2c,31,569,498,100,161,DHelmet
_i4gbooh2c,32,555,498,96,157,DHelmet
_i4gbooh2c,33,540,497,94,155,DHelmet
_i4gbooh2c,34,526,497,90,151,DHelmet
_i4gbooh2c,35,512,494,88,152,DHelmet
_i4gbooh2c,36,498,492,87,151,DHelmet
_i4gbooh2c,37,484,489,86,152,DHelmet
_i4gbooh2c,38,471,487,83,151,DHelmet
_i4gbooh2c,39,460,487,81,149,DHelmet
_i4gbooh2c,40,449,488,79,146,DHelmet
_i4gbooh2c,41,438,488,78,144,DHelmet
_i4gbooh2c,42,427,489,76,141,DHelmet
_i4gbooh2c,43,415,488,76,140,DHelmet
_i4gbooh2c,44,403,488,76,138,DHelmet
_i4gbooh2c,45,391,487,76,137,DHelmet
_i4gbooh2c,46,379,487,76,135,DHelmet
_i4gbooh2c,47,372,486,73,134,DHelmet
_i4gbooh2c,48,365,486,69,131,DHelmet
_i4gbooh2c,49,357,485,67,130,DHelmet
_i4gbooh2c,50,350,485,64,127,DHelmet
_i4gbooh2c,51,339,484,63,126,DHelmet
_i4gbooh2c,52,327,483,64,125,DHelmet
_i4gbooh2c,53,316,483,64,123,DHelmet
_i4gbooh2c,54,305,482,64,121,DHelmet
_i4gbooh2c,55,298,482,63,119,DHelmet
_i4gbooh2c,56,290,483,64,116,DHelmet
_i4gbooh2c,57,282,483,64,114,DHelmet
_i4gbooh2c,58,274,482,63,114,DHelmet
_i4gbooh2c,59,266,482,62,113,DHelmet
_i4gbooh2c,60,259,481,59,114,DHelmet
_bba732ceq,1,1265,539,220,310,DHelmet
_bba732ceq,2,1219,536,206,305,DHelmet
_bba732ceq,3,1172,536,198,289,DHelmet
_bba732ceq,4,1130,534,188,281,DHelmet
_bba732ceq,5,1096,531,177,267,DHelmet
_bba732ceq,6,1062,529,165,252,DHelmet
_bba732ceq,7,1028,526,153,237,DHelmet
_bba732ceq,8,993,524,142,222,DHelmet
_bba732ceq,9,966,522,140,220,DHelmet
_bba732ceq,10,939,520,137,218,DHelmet
_bba732ceq,11,911,519,135,215,DHelmet
_bba732ceq,12,884,517,133,213,DHelmet
_bba732ceq,13,856,515,131,211,DHelmet
_bba732ceq,14,829,514,128,208,DHelmet
_bba732ceq,15,801,512,127,206,DHelmet
_bba732ceq,16,774,510,124,204,DHelmet
_bba732ceq,17,746,509,122,201,DHelmet
_bba732ceq,18,719,507,120,199,DHelmet
_bba732ceq,19,691,505,118,197,DHelmet
_bba732ceq,20,664,504,115,194,DHelmet
_bba732ceq,21,637,502,113,192,DHelmet
_bba732ceq,22,623,504,107,186,DHelmet
_bba732ceq,23,607,503,103,183,DHelmet
_bba732ceq,24,591,502,99,180,DHelmet
_bba732ceq,25,577,501,96,177,DHelmet
_bba732ceq,26,563,500,93,174,DHelmet
_bba732ceq,27,546,497,94,174,DHelmet
_bba732ceq,28,530,494,93,174,DHelmet
_bba732ceq,29,512,497,93,170,DHelmet
_bba732ceq,30,494,500,93,166,DHelmet
_bba732ceq,31,483,498,90,163,DHelmet
_bba732ceq,32,472,496,87,160,DHelmet
_bba732ceq,33,458,496,87,157,DHelmet
_bba732ceq,34,444,496,88,154,DHelmet
_bba732ceq,35,430,491,88,155,DHelmet
_bba732ceq,36,417,486,87,155,DHelmet
_bba732ceq,37,408,489,84,150,DHelmet
_bba732ceq,38,399,492,81,145,DHelmet
_bba732ceq,39,387,489,81,145,DHelmet
_bba732ceq,40,375,486,81,145,DHelmet
_bba732ceq,41,363,488,80,142,DHelmet
_bba732ceq,42,351,490,80,139,DHelmet
_bba732ceq,43,339,486,80,139,DHelmet
_bba732ceq,44,327,482,80,139,DHelmet
_bba732ceq,45,322,484,75,136,DHelmet
_bba732ceq,46,316,486,71,133,DHelmet
_bba732ceq,47,311,486,67,133,DHelmet
_bba732ceq,48,306,486,63,133,DHelmet
_bba732ceq,49,298,486,64,129,DHelmet
_bba732ceq,50,290,486,65,125,DHelmet
_bba732ceq,51,281,483,63,125,DHelmet
_bba732ceq,52,272,480,61,125,DHelmet
_bba732ceq,53,263,481,61,122,DHelmet
_bba732ceq,54,254,482,60,119,DHelmet
_bba732ceq,55,248,483,55,115,DHelmet
_bba732ceq,56,242,484,50,111,DHelmet
_bba732ceq,57,234,484,50,111,DHelmet
_bba732ceq,58,226,484,50,111,DHelmet
_bba732ceq,59,219,483,50,111,DHelmet
_bba732ceq,60,213,482,49,111,DHelmet
_rlzg569cn,1,1205,538,192,226,DHelmet
_rlzg569cn,2,1167,535,181,224,DHelmet
_rlzg569cn,3,1128,533,171,221,DHelmet
_rlzg569cn,4,1089,530,161,219,DHelmet
_rlzg569cn,5,1051,528,150,216,DHelmet
_rlzg569cn,6,1006,528,157,214,DHelmet
_rlzg569cn,7,960,528,164,213,DHelmet
_rlzg569cn,8,915,529,171,210,DHelmet
_rlzg569cn,9,889,528,164,206,DHelmet
_rlzg569cn,10,863,527,157,202,DHelmet
_rlzg569cn,11,837,526,150,198,DHelmet
_rlzg569cn,12,811,525,142,194,DHelmet
_rlzg569cn,13,785,524,135,190,DHelmet
_rlzg569cn,14,759,523,128,186,DHelmet
_rlzg569cn,15,733,522,121,181,DHelmet
_rlzg569cn,16,707,521,113,177,DHelmet
_rlzg569cn,17,680,520,107,173,DHelmet
_rlzg569cn,18,654,519,100,169,DHelmet
_rlzg569cn,19,628,518,93,165,DHelmet
_rlzg569cn,20,602,517,85,161,DHelmet
_rlzg569cn,21,579,516,86,156,DHelmet
_rlzg569cn,22,559,504,105,174,DHelmet
_rlzg569cn,23,536,502,105,162,DHelmet
_rlzg569cn,24,514,500,89,162,DHelmet
_rlzg569cn,25,498,502,89,156,DHelmet
_rlzg569cn,26,476,502,89,156,DHelmet
_rlzg569cn,27,458,506,82,150,DHelmet
_rlzg569cn,28,444,502,76,145,DHelmet
_rlzg569cn,29,427,498,75,145,DHelmet
_rlzg569cn,30,411,504,75,137,DHelmet
_rlzg569cn,31,391,500,75,137,DHelmet
_rlzg569cn,32,383,498,67,137,DHelmet
_rlzg569cn,33,367,496,67,137,DHelmet
_rlzg569cn,34,357,494,62,137,DHelmet
_rlzg569cn,35,343,494,62,137,DHelmet
_rlzg569cn,36,329,492,62,137,DHelmet
_rlzg569cn,37,318,490,61,137,DHelmet
_rlzg569cn,38,308,492,61,131,DHelmet
_rlzg569cn,39,296,488,61,131,DHelmet
_rlzg569cn,40,282,486,61,131,DHelmet
_rlzg569cn,41,272,486,61,131,DHelmet
_rlzg569cn,42,268,488,56,125,DHelmet
_rlzg569cn,43,256,486,56,125,DHelmet
_rlzg569cn,44,244,486,56,125,DHelmet
_rlzg569cn,45,240,487,50,122,DHelmet
_rlzg569cn,46,228,485,50,120,DHelmet
_rlzg569cn,47,220,485,50,120,DHelmet
_rlzg569cn,48,215,484,49,119,DHelmet
_rlzg569cn,49,205,484,49,117,DHelmet
_rlzg569cn,50,192,486,52,113,DHelmet
_rlzg569cn,51,182,486,52,111,DHelmet
_rlzg569cn,52,179,485,50,110,DHelmet
_rlzg569cn,53,168,483,56,110,DHelmet
_rlzg569cn,54,169,486,47,106,DHelmet
_rlzg569cn,55,159,484,55,105,DHelmet
_1zfrr4bnj,1,250,498,77,164,DHelmet
_1zfrr4bnj,2,267,500,82,166,DHelmet
_1zfrr4bnj,3,283,502,87,168,DHelmet
_1zfrr4bnj,4,300,504,91,170,DHelmet
_1zfrr4bnj,5,321,505,92,176,DHelmet
_1zfrr4bnj,6,342,506,93,182,DHelmet
_1zfrr4bnj,7,363,507,95,188,DHelmet
_1zfrr4bnj,8,384,508,96,193,DHelmet
_1zfrr4bnj,9,406,509,96,199,DHelmet
_1zfrr4bnj,10,427,511,97,204,DHelmet
_1zfrr4bnj,11,452,512,102,210,DHelmet
_1zfrr4bnj,12,476,514,108,215,DHelmet
_1zfrr4bnj,13,501,515,113,221,DHelmet
_1zfrr4bnj,14,526,517,117,226,DHelmet
_1zfrr4bnj,15,550,518,123,231,DHelmet
_1zfrr4bnj,16,575,520,128,236,DHelmet
_1zfrr4bnj,17,601,518,127,246,DHelmet
_1zfrr4bnj,18,632,514,127,258,DHelmet
_1zfrr4bnj,19,662,510,127,269,DHelmet
_1zfrr4bnj,20,692,519,119,257,DHelmet
_1fushlhcx,6,1737,563,183,458,DHelmetP1Helmet
_1fushlhcx,7,1689,555,231,472,DHelmetP1Helmet
_1fushlhcx,8,1623,555,296,452,DHelmetP1Helmet
_1fushlhcx,9,1560,545,290,436,DHelmetP1Helmet
_1fushlhcx,10,1497,541,277,419,DHelmetP1Helmet
_1fushlhcx,11,1443,539,268,399,DHelmetP1Helmet
_1fushlhcx,12,1387,536,260,383,DHelmetP1Helmet
_1fushlhcx,13,1330,532,254,368,DHelmetP1Helmet
_1fushlhcx,14,1295,530,245,359,DHelmetP1Helmet
_1fushlhcx,15,1260,529,236,349,DHelmetP1Helmet
_1fushlhcx,16,1225,527,227,340,DHelmetP1Helmet
_1fushlhcx,17,1190,525,218,331,DHelmetP1Helmet
_1fushlhcx,18,1155,523,208,322,DHelmetP1Helmet
_1fushlhcx,19,1120,521,199,313,DHelmetP1Helmet
_1fushlhcx,20,1085,519,190,304,DHelmetP1Helmet
_1fushlhcx,21,1050,517,181,295,DHelmetP1Helmet
_1fushlhcx,22,1015,515,172,286,DHelmetP1Helmet
_1fushlhcx,23,981,513,161,277,DHelmetP1Helmet
_1fushlhcx,24,946,511,152,268,DHelmetP1Helmet
_1fushlhcx,25,911,510,143,258,DHelmetP1Helmet
_1fushlhcx,26,876,508,134,249,DHelmetP1Helmet
_1fushlhcx,27,841,506,125,240,DHelmetP1Helmet
_1fushlhcx,28,809,508,141,234,DHelmetP1Helmet
_1fushlhcx,29,784,507,137,230,DHelmetP1Helmet
_1fushlhcx,30,759,506,133,226,DHelmetP1Helmet
_1fushlhcx,31,736,504,130,219,DHelmetP1Helmet
_1fushlhcx,32,712,502,129,212,DHelmetP1Helmet
_1fushlhcx,33,694,500,124,210,DHelmetP1Helmet
_1fushlhcx,34,676,498,119,208,DHelmetP1Helmet
_1fushlhcx,35,654,496,119,204,DHelmetP1Helmet
_1fushlhcx,36,633,494,119,200,DHelmetP1Helmet
_1fushlhcx,37,611,498,119,193,DHelmetP1Helmet
_1fushlhcx,38,589,502,119,186,DHelmetP1Helmet
_1fushlhcx,39,574,497,112,186,DHelmetP1Helmet
_1fushlhcx,40,559,492,105,186,DHelmetP1Helmet
_1fushlhcx,41,540,491,105,184,DHelmetP1Helmet
_1fushlhcx,42,521,491,105,180,DHelmetP1Helmet
_1fushlhcx,43,501,490,105,178,DHelmetP1Helmet
_1fushlhcx,44,482,490,105,174,DHelmetP1Helmet
_1fushlhcx,45,466,487,102,174,DHelmetP1Helmet
_1fushlhcx,46,450,484,99,174,DHelmetP1Helmet
_1fushlhcx,47,437,485,97,169,DHelmetP1Helmet
_1fushlhcx,48,424,486,95,164,DHelmetP1Helmet
_1fushlhcx,49,410,487,93,160,DHelmetP1Helmet
_1fushlhcx,50,397,488,91,155,DHelmetP1Helmet
_1fushlhcx,51,385,487,89,153,DHelmetP1Helmet
_1fushlhcx,52,373,487,87,150,DHelmetP1Helmet
_1fushlhcx,53,361,486,84,149,DHelmetP1Helmet
_1fushlhcx,54,349,485,82,147,DHelmetP1Helmet
_1fushlhcx,55,337,485,80,144,DHelmetP1Helmet
_1fushlhcx,56,325,484,78,143,DHelmetP1Helmet
_1fushlhcx,57,315,482,79,143,DHelmetP1Helmet
_1fushlhcx,58,304,480,81,143,DHelmetP1Helmet
_1fushlhcx,59,298,479,76,140,DHelmetP1Helmet
_1fushlhcx,60,293,479,71,136,DHelmetP1Helmet
_1fushlhcx,61,288,478,65,133,DHelmetP1Helmet
_1fushlhcx,62,281,478,63,132,DHelmetP1Helmet
_1fushlhcx,63,274,478,60,131,DHelmetP1Helmet
_1fushlhcx,64,267,478,58,130,DHelmetP1Helmet
_1fushlhcx,65,260,478,56,129,DHelmetP1Helmet
_lt95fgtyj,11,1792,553,128,341,DHelmet
_lt95fgtyj,12,1744,543,176,353,DHelmet
_lt95fgtyj,13,1693,541,227,367,DHelmet
_lt95fgtyj,14,1647,545,254,351,DHelmet
_lt95fgtyj,15,1590,538,253,342,DHelmet
_lt95fgtyj,16,1532,541,258,309,DHelmet
_lt95fgtyj,17,1481,537,258,309,DHelmet
_lt95fgtyj,18,1428,535,258,309,DHelmet
_lt95fgtyj,19,1395,533,249,302,DHelmet
_lt95fgtyj,20,1361,531,240,295,DHelmet
_lt95fgtyj,21,1327,530,232,288,DHelmet
_lt95fgtyj,22,1293,528,223,281,DHelmet
_lt95fgtyj,23,1260,526,214,274,DHelmet
_lt95fgtyj,24,1226,525,206,267,DHelmet
_lt95fgtyj,25,1192,523,197,260,DHelmet
_lt95fgtyj,26,1158,522,189,252,DHelmet
_lt95fgtyj,27,1125,520,179,245,DHelmet
_lt95fgtyj,28,1091,518,171,239,DHelmet
_lt95fgtyj,29,1057,517,162,231,DHelmet
_lt95fgtyj,30,1023,515,154,224,DHelmet
_lt95fgtyj,31,989,513,145,218,DHelmet
_lt95fgtyj,32,956,512,136,210,DHelmet
_lt95fgtyj,33,926,508,136,210,DHelmet
_lt95fgtyj,34,896,504,136,210,DHelmet
_lt95fgtyj,35,866,500,135,210,DHelmet
_lt95fgtyj,36,845,500,127,204,DHelmet
_lt95fgtyj,37,823,500,119,198,DHelmet
_lt95fgtyj,38,801,500,111,192,DHelmet
_lt95fgtyj,39,781,500,108,187,DHelmet
_lt95fgtyj,40,760,500,106,183,DHelmet
_lt95fgtyj,41,740,500,103,178,DHelmet
_lt95fgtyj,42,719,499,101,177,DHelmet
_lt95fgtyj,43,699,499,97,175,DHelmet
_lt95fgtyj,44,678,498,95,174,DHelmet
_lt95fgtyj,45,661,493,92,174,DHelmet
_lt95fgtyj,46,645,488,87,174,DHelmet
_lt95fgtyj,47,621,486,93,174,DHelmet
_lt95fgtyj,48,603,490,90,165,DHelmet
_lt95fgtyj,49,585,494,87,156,DHelmet
_lt95fgtyj,50,569,493,86,155,DHelmet
_lt95fgtyj,51,553,492,85,153,DHelmet
_lt95fgtyj,52,537,491,83,152,DHelmet
_lt95fgtyj,53,521,491,82,149,DHelmet
_lt95fgtyj,54,504,490,82,148,DHelmet
_lt95fgtyj,55,488,489,81,146,DHelmet
_lt95fgtyj,56,472,488,79,145,DHelmet
_lt95fgtyj,57,457,488,80,141,DHelmet
_lt95fgtyj,58,442,488,80,137,DHelmet
_lt95fgtyj,59,436,488,74,137,DHelmet
_lt95fgtyj,60,427,486,73,137,DHelmet
_lt95fgtyj,61,417,484,73,137,DHelmet
_lt95fgtyj,62,413,484,67,137,DHelmet
_lt95fgtyj,63,402,484,62,133,DHelmet
_lt95fgtyj,64,387,482,67,129,DHelmet
_lt95fgtyj,65,381,485,64,127,DHelmet
_lt95fgtyj,66,373,488,60,121,DHelmet
_lt95fgtyj,67,365,484,60,121,DHelmet
_lt95fgtyj,68,353,484,60,121,DHelmet
_lt95fgtyj,69,345,484,60,121,DHelmet
_lt95fgtyj,70,339,486,56,119,DHelmet
_lt95fgtyj,71,333,486,56,113,DHelmet
_lt95fgtyj,72,325,486,56,111,DHelmet
_lt95fgtyj,73,314,486,55,111,DHelmet
_584g3ix3u,60,2,480,51,106,DHelmetP1Helmet
_584g3ix3u,61,6,480,53,107,DHelmetP1Helmet
_584g3ix3u,62,10,481,55,107,DHelmetP1Helmet
_584g3ix3u,63,14,482,58,107,DHelmetP1Helmet
_584g3ix3u,64,23,483,52,107,DHelmetP1Helmet
_584g3ix3u,65,30,483,52,109,DHelmetP1Helmet
_584g3ix3u,66,38,483,51,111,DHelmetP1Helmet
_584g3ix3u,67,45,482,52,113,DHelmetP1Helmet
_584g3ix3u,68,52,482,52,115,DHelmetP1Helmet
_584g3ix3u,69,60,482,51,117,DHelmetP1Helmet
_584g3ix3u,70,67,483,53,117,DHelmetP1Helmet
_584g3ix3u,71,74,483,54,119,DHelmetP1Helmet
_584g3ix3u,72,81,484,56,119,DHelmetP1Helmet
_584g3ix3u,73,89,484,56,121,DHelmetP1Helmet
_584g3ix3u,74,98,485,58,122,DHelmetP1Helmet
_584g3ix3u,75,108,487,58,122,DHelmetP1Helmet
_584g3ix3u,76,117,488,60,123,DHelmetP1Helmet
