track_id,frame_id,x,y,w,h,label
_94hjdxcm6,1,1089,443,258,432,DHelmetP1NoHelmetP2NoHelmet
_94hjdxcm6,2,1116,445,266,444,DHelmetP1NoHelmetP2NoHelmet
_94hjdxcm6,3,1141,448,279,456,DHelmetP1NoHelmetP2NoHelmet
_94hjdxcm6,4,1167,451,291,468,DHelmetP1NoHelmetP2NoHelmet
_94hjdxcm6,5,1193,455,304,480,DHelmetP1NoHelmetP2NoHelmet
_94hjdxcm6,6,1219,458,318,494,DHelmetP1NoHelmetP2NoHelmet
_94hjdxcm6,7,1246,461,329,506,DHelmetP1NoHelmetP2NoHelmet
_94hjdxcm6,8,1274,463,339,519,DHelmetP1NoHelmetP2NoHelmet
_94hjdxcm6,9,1303,468,352,532,DHelmetP1NoHelmetP2NoHelmet
_94hjdxcm6,10,1332,473,365,546,DHelmetP1NoHelmetP2NoHelmet
_94hjdxcm6,11,1359,476,381,562,DHelmetP1NoHelmetP2NoHelmet
_94hjdxcm6,12,1390,479,396,581,DHelmetP1NoHelmetP2NoHelmet
_94hjdxcm6,13,1421,483,411,597,DHelmetP1NoHelmetP2NoHelmet
_94hjdxcm6,14,1452,487,426,593,DHelmetP1NoHelmetP2NoHelmet
_94hjdxcm6,15,1481,496,439,584,DHelmetP1NoHelmetP2NoHelmet
_94hjdxcm6,16,1512,500,408,580,DHelmetP1NoHelmetP2NoHelmet
_94hjdxcm6,17,1544,502,376,578,DHelmetP1NoHelmetP2NoHelmet
_94hjdxcm6,18,1578,510,342,570,DHelmetP1NoHelmetP2NoHelmet
