track_id,frame_id,x,y,w,h,label
_s4iiibzj8,1,140,242,59,112,DHelmet
_s4iiibzj8,2,130,240,60,112,DHelmet
_k4br51czq,44,24,240,74,150,DHelmet
_k4br51czq,45,37,242,77,153,DHelmet
_k4br51czq,46,49,243,80,156,DHelmet
_k4br51czq,47,61,245,84,159,DHelmet
_k4br51czq,48,74,246,87,163,DHelmet
_k4br51czq,49,86,248,91,166,DHelmet
_k4br51czq,50,99,249,93,170,DHelmet
_k4br51czq,51,113,251,95,173,DHelmet
_k4br51czq,52,127,252,97,176,DHelmet
_k4br51czq,53,140,254,100,180,DHelmet
_k4br51czq,54,154,255,101,184,DHelmet
_k4br51czq,55,166,257,106,189,DHelmet
_k4br51czq,56,182,260,107,192,DHelmet
_k4br51czq,57,197,262,108,196,DHelmet
_k4br51czq,58,211,264,111,200,DHelmet
_k4br51czq,59,226,266,113,204,DHelmet
_k4br51czq,60,241,268,115,209,DHelmet
_k4br51czq,61,256,270,118,215,DHelmet
_k4br51czq,62,271,271,122,219,DHelmet
_k4br51czq,63,286,273,125,223,DHelmet
_k4br51czq,64,302,276,129,229,DHelmet
_k4br51czq,65,318,280,133,233,DHelmet
_k4br51czq,66,335,282,137,240,DHelmet
_k4br51czq,67,352,283,141,247,DHelmet
_k4br51czq,68,371,286,145,251,DHelmet
_k4br51czq,69,389,289,150,255,DHelmet
_k4br51czq,70,410,292,155,263,DHelmet
_k4br51czq,71,430,295,161,270,DHelmet
_k4br51czq,72,453,298,166,277,DHelmet
_k4br51czq,73,476,300,171,284,DHelmet
_k4br51czq,74,500,303,177,290,DHelmet
_k4br51czq,75,524,306,182,296,DHelmet
_k4br51czq,76,550,310,188,303,DHelmet
_k4br51czq,77,577,313,193,311,DHelmet
_k4br51czq,78,603,316,199,320,DHelmet
_k4br51czq,79,629,319,205,328,DHelmet
_k4br51czq,80,658,325,211,334,DHelmet
_k4br51czq,81,687,330,217,342,DHelmet
_k4br51czq,82,718,335,224,350,DHelmet
_k4br51czq,83,748,340,231,357,DHelmet
_k4br51czq,84,781,342,237,370,DHelmet
_k4br51czq,85,813,345,245,383,DHelmet
_k4br51czq,86,847,350,254,392,DHelmet
_k4br51czq,87,882,355,261,401,DHelmet
_k4br51czq,88,917,360,272,412,DHelmet
_k4br51czq,89,952,365,283,423,DHelmet
_k4br51czq,90,989,369,296,434,DHelmet
_k4br51czq,91,1026,372,309,445,DHelmet
_k4br51czq,92,1065,379,324,457,DHelmet
_k4br51czq,93,1104,385,339,470,DHelmet
_k4br51czq,94,1144,390,356,485,DHelmet
_k4br51czq,95,1185,396,373,499,DHelmet
_k4br51czq,96,1229,402,393,514,DHelmet
_k4br51czq,97,1272,409,414,528,DHelmet
_k4br51czq,98,1315,413,439,543,DHelmet
_k4br51czq,99,1364,421,464,557,DHelmet
_k4br51czq,100,1414,428,488,572,DHelmet
_dh0lm14t8,42,58,239,77,139,DHelmet
_dh0lm14t8,43,72,241,78,141,DHelmet
_dh0lm14t8,44,87,242,77,143,DHelmet
_dh0lm14t8,45,101,243,81,148,DHelmet
_dh0lm14t8,46,125,246,73,148,DHelmet
_dh0lm14t8,47,139,249,78,150,DHelmet
_dh0lm14t8,48,153,251,83,153,DHelmet
_dh0lm14t8,49,167,253,88,156,DHelmet
_dh0lm14t8,50,185,254,90,161,DHelmet
_dh0lm14t8,51,204,256,91,165,DHelmet
_dh0lm14t8,52,223,258,95,168,DHelmet
_dh0lm14t8,53,241,260,101,172,DHelmet
_dh0lm14t8,54,265,262,102,177,DHelmet
_dh0lm14t8,55,288,264,104,183,DHelmet
_dh0lm14t8,56,311,267,107,188,DHelmet
_dh0lm14t8,57,335,269,110,194,DHelmet
_dh0lm14t8,58,362,272,111,200,DHelmet
_dh0lm14t8,59,389,276,113,205,DHelmet
_dh0lm14t8,60,418,278,117,212,DHelmet
_dh0lm14t8,61,447,281,122,219,DHelmet
_dh0lm14t8,62,478,285,127,226,DHelmet
_dh0lm14t8,63,509,289,130,234,DHelmet
_dh0lm14t8,64,544,293,139,244,DHelmet
_dh0lm14t8,65,579,297,144,254,DHelmet
_dh0lm14t8,66,620,302,153,266,DHelmet
_dh0lm14t8,67,660,307,162,279,DHelmet
_dh0lm14t8,68,703,312,174,291,DHelmet
_dh0lm14t8,69,753,317,186,306,DHelmet
_dh0lm14t8,70,802,323,199,321,DHelmet
_dh0lm14t8,71,861,330,213,337,DHelmet
_dh0lm14t8,72,920,338,227,353,DHelmet
_dh0lm14t8,73,986,346,246,373,DHelmet
_dh0lm14t8,74,1059,355,268,393,DHelmet
_dh0lm14t8,75,1140,364,294,415,DHelmet
_dh0lm14t8,76,1224,375,328,438,DHelmet
_dh0lm14t8,77,1318,387,362,466,DHelmet
_dh0lm14t8,78,1417,398,404,497,DHelmet
_dh0lm14t8,79,1526,410,394,529,DHelmet
_dh0lm14t8,80,1641,423,279,496,DHelmet
