track_id,frame_id,x,y,w,h,label
_q011t33ft,8,20,688,280,346,DHelmet
_q011t33ft,9,160,688,316,364,DHelmet
_q011t33ft,10,301,689,351,382,DHelmet
_q011t33ft,11,484,692,395,384,DHelmet
_q011t33ft,12,668,694,438,386,DHelmet
_q011t33ft,13,904,695,496,385,DHelmet
_q011t33ft,14,1140,696,553,384,DHelmet
_q011t33ft,15,1447,694,473,386,DHelmet
_1o92qy734,20,29,697,226,354,DHelmet
_1o92qy734,21,94,690,291,378,DHelmet
_1o92qy734,22,217,694,319,380,DHelmet
_1o92qy734,23,341,697,346,383,DHelmet
_1o92qy734,24,488,700,382,380,DHelmet
_1o92qy734,25,636,702,418,378,DHelmet
_1o92qy734,26,814,701,462,379,DHelmet
_1o92qy734,27,992,700,506,380,DHelmet
_1o92qy734,28,1220,702,524,378,DHelmet
_1o92qy734,29,1449,704,471,375,DHelmet
_ob63gnc17,1,1093,566,179,183,DHelmet
_ob63gnc17,2,1080,567,176,181,DHelmet
_ob63gnc17,3,1066,567,175,181,DHelmet
_ob63gnc17,4,1052,568,173,180,DHelmet
_ob63gnc17,5,1039,569,170,179,DHelmet
_ob63gnc17,6,1025,570,168,178,DHelmet
_ob63gnc17,7,1012,571,166,176,DHelmet
_ob63gnc17,8,998,571,164,176,DHelmet
_ob63gnc17,9,983,572,164,175,DHelmet
_ob63gnc17,10,968,572,163,175,DHelmet
_ob63gnc17,11,953,573,163,174,DHelmet
_ob63gnc17,12,938,573,162,174,DHelmet
_ob63gnc17,13,923,574,162,173,DHelmet
_ob63gnc17,14,907,575,162,171,DHelmet
_ob63gnc17,15,892,575,161,171,DHelmet
_ob63gnc17,16,877,576,161,170,DHelmet
_ob63gnc17,17,862,576,160,170,DHelmet
_ob63gnc17,18,847,577,160,169,DHelmet
_ob63gnc17,19,830,577,158,169,DHelmet
_ob63gnc17,20,814,578,156,167,DHelmet
_ob63gnc17,21,797,578,154,167,DHelmet
_ob63gnc17,22,781,579,151,165,DHelmet
_ob63gnc17,23,764,579,150,165,DHelmet
_ob63gnc17,24,747,580,148,164,DHelmet
_ob63gnc17,25,731,580,146,163,DHelmet
_ob63gnc17,26,714,581,144,162,DHelmet
_ob63gnc17,27,698,581,141,161,DHelmet
_ob63gnc17,28,681,582,140,160,DHelmet
_ob63gnc17,29,662,583,138,159,DHelmet
_ob63gnc17,30,642,583,137,159,DHelmet
_ob63gnc17,31,623,584,135,158,DHelmet
_ob63gnc17,32,603,584,135,159,DHelmet
_ob63gnc17,33,584,585,133,158,DHelmet
_ob63gnc17,34,564,585,132,158,DHelmet
_ob63gnc17,35,545,586,130,157,DHelmet
_ob63gnc17,36,524,586,131,158,DHelmet
_ob63gnc17,37,504,587,131,157,DHelmet
_ob63gnc17,38,484,587,131,157,DHelmet
_ob63gnc17,39,464,587,131,157,DHelmet
_ob63gnc17,40,444,587,131,158,DHelmet
_ob63gnc17,41,425,590,120,151,DHelmet
_ob63gnc17,42,408,591,118,150,DHelmet
_ob63gnc17,43,391,591,117,150,DHelmet
_ob63gnc17,44,374,592,115,149,DHelmet
_ob63gnc17,45,357,592,113,149,DHelmet
_ob63gnc17,46,339,593,113,148,DHelmet
_ob63gnc17,47,322,593,111,148,DHelmet
_ob63gnc17,48,305,594,109,147,DHelmet
_ob63gnc17,49,289,595,105,144,DHelmet
_ob63gnc17,50,273,596,100,142,DHelmet
_ob63gnc17,51,257,597,96,140,DHelmet
_ob63gnc17,52,241,599,92,136,DHelmet
_ob63gnc17,53,225,600,88,134,DHelmet
_ob63gnc17,54,209,601,83,132,DHelmet
_ob63gnc17,55,191,599,83,135,DHelmet
_ob63gnc17,56,174,598,82,137,DHelmet
_ob63gnc17,57,155,599,82,137,DHelmet
_ob63gnc17,58,136,600,82,137,DHelmet
_ob63gnc17,59,117,601,82,137,DHelmet
_ob63gnc17,60,98,602,82,137,DHelmet
_ob63gnc17,61,75,603,82,130,DHelmet
_ob63gnc17,62,59,606,75,128,DHelmet
_ob63gnc17,63,38,606,76,129,DHelmet
_ob63gnc17,64,18,606,76,129,DHelmet
_ob63gnc17,65,1,605,70,130,DHelmet
_2f4hnib9j,22,3,681,246,310,DHelmet
_2f4hnib9j,23,99,678,299,329,DHelmet
_2f4hnib9j,24,239,679,318,334,DHelmet
_2f4hnib9j,25,379,680,337,339,DHelmet
_2f4hnib9j,26,545,680,368,354,DHelmet
_2f4hnib9j,27,712,680,398,368,DHelmet
_2f4hnib9j,28,915,679,445,385,DHelmet
_2f4hnib9j,29,1119,678,491,401,DHelmet
_2f4hnib9j,30,1358,673,562,406,DHelmet
_2f4hnib9j,31,1643,681,277,398,DHelmet
_4en7q01na,11,1768,554,152,172,DHelmet
_4en7q01na,12,1705,553,199,174,DHelmet
_4en7q01na,13,1705,553,132,170,DHelmet
_4en7q01na,14,1671,557,103,168,DHelmet
_kr7a2thck,14,1785,557,135,197,DHelmet
_kr7a2thck,15,1733,561,187,193,DHelmet
_kr7a2thck,16,1687,562,221,192,DHelmet
_kr7a2thck,17,1665,561,200,177,DHelmet
_kr7a2thck,18,1670,561,80,68,DHelmet
_kr7a2thck,19,1564,562,143,193,DHelmet
_kr7a2thck,20,1516,561,211,190,DHelmet
_kr7a2thck,21,1477,562,206,188,DHelmet
_kr7a2thck,22,1437,563,202,186,DHelmet
_kr7a2thck,23,1432,564,168,185,DHelmet
_kr7a2thck,24,1428,565,133,184,DHelmet
_kr7a2thck,25,1386,566,136,183,DHelmet
_kr7a2thck,26,1343,567,140,183,DHelmet
_kr7a2thck,27,1301,568,144,183,DHelmet
_kr7a2thck,28,1259,569,147,182,DHelmet
_9khty22af,23,1778,550,142,205,DHelmet
_9khty22af,24,1728,555,192,200,DHelmet
_9khty22af,25,1682,559,220,196,DHelmet
_9khty22af,26,1721,557,133,189,DHelmet
_9khty22af,27,1648,557,159,189,DHelmet
_9khty22af,28,1575,558,185,189,DHelmet
_9khty22af,29,1501,559,213,188,DHelmet
_9khty22af,30,1462,561,208,187,DHelmet
_9khty22af,31,1422,563,205,185,DHelmet
_9khty22af,32,1382,565,202,184,DHelmet
_9khty22af,33,1347,566,197,182,DHelmet
_9khty22af,34,1311,568,194,179,DHelmet
_9khty22af,35,1275,569,191,177,DHelmet
_9khty22af,36,1240,571,186,174,DHelmet
_9khty22af,37,1204,573,183,172,DHelmet
_9khty22af,38,1170,573,180,171,DHelmet
_9khty22af,39,1135,574,178,170,DHelmet
_9khty22af,40,1100,575,176,169,DHelmet
_9khty22af,41,1065,575,174,169,DHelmet
_9khty22af,42,1030,576,172,167,DHelmet
_9khty22af,43,996,577,169,166,DHelmet
_9khty22af,44,964,578,165,165,DHelmet
_9khty22af,45,932,579,162,163,DHelmet
_9khty22af,46,901,580,158,162,DHelmet
_9khty22af,47,869,581,154,160,DHelmet
_9khty22af,48,838,582,150,158,DHelmet
_9khty22af,49,806,584,147,156,DHelmet
_9khty22af,50,775,585,142,154,DHelmet
_9khty22af,51,741,586,141,153,DHelmet
_9khty22af,52,707,587,140,151,DHelmet
_9khty22af,53,674,588,138,149,DHelmet
_9khty22af,54,640,589,137,148,DHelmet
_9khty22af,55,606,590,136,146,DHelmet
_9khty22af,56,573,591,134,144,DHelmet
_9khty22af,57,544,592,129,144,DHelmet
_9khty22af,58,516,593,124,143,DHelmet
_9khty22af,59,487,594,119,142,DHelmet
_9khty22af,60,459,595,113,142,DHelmet
_9khty22af,61,437,595,105,140,DHelmet
_9khty22af,62,416,595,96,139,DHelmet
_9khty22af,63,394,595,88,138,DHelmet
_9khty22af,64,372,595,80,137,DHelmet
_9khty22af,65,350,595,72,136,DHelmet
_kp4ywoc40,23,1741,562,152,175,DNoHelmet
_kp4ywoc40,24,1670,562,152,175,DNoHelmet
_kp4ywoc40,25,1595,569,151,164,DNoHelmet
_kp4ywoc40,26,1526,570,155,162,DNoHelmet
_kp4ywoc40,27,1457,572,160,160,DNoHelmet
_kp4ywoc40,28,1388,574,165,157,DNoHelmet
_kp4ywoc40,29,1340,576,148,154,DNoHelmet
_kp4ywoc40,30,1293,578,130,151,DNoHelmet
_kp4ywoc40,31,1261,581,95,149,DNoHelmet
_dekl7efgh,67,1766,562,154,191,DHelmetP1Helmet
_dekl7efgh,68,1686,562,220,192,DHelmetP1Helmet
_dekl7efgh,69,1610,563,216,182,DHelmetP1Helmet
_dekl7efgh,70,1537,565,209,181,DHelmetP1Helmet
_dekl7efgh,71,1464,566,203,181,DHelmetP1Helmet
_dekl7efgh,72,1397,569,195,177,DHelmetP1Helmet
_dekl7efgh,73,1330,571,188,174,DHelmetP1Helmet
_dekl7efgh,74,1266,574,184,172,DHelmetP1Helmet
_dekl7efgh,75,1202,577,180,170,DHelmetP1Helmet
_dekl7efgh,76,1144,577,174,169,DHelmetP1Helmet
_dekl7efgh,77,1087,578,167,166,DHelmetP1Helmet
_dekl7efgh,78,1030,579,160,163,DHelmetP1Helmet
_dekl7efgh,79,973,579,153,162,DHelmetP1Helmet
_dekl7efgh,80,922,581,150,160,DHelmetP1Helmet
_dekl7efgh,81,872,583,146,158,DHelmetP1Helmet
_dekl7efgh,82,821,585,142,156,DHelmetP1Helmet
_dekl7efgh,83,771,587,138,154,DHelmetP1Helmet
_dekl7efgh,84,727,588,136,151,DHelmetP1Helmet
_dekl7efgh,85,684,589,133,148,DHelmetP1Helmet
_dekl7efgh,86,641,591,129,145,DHelmetP1Helmet
_dekl7efgh,87,597,592,127,142,DHelmetP1Helmet
_dekl7efgh,88,554,593,124,140,DHelmetP1Helmet
_dekl7efgh,89,515,595,121,137,DHelmetP1Helmet
_dekl7efgh,90,476,597,119,134,DHelmetP1Helmet
_dekl7efgh,91,436,599,117,131,DHelmetP1Helmet
_dekl7efgh,92,397,601,115,128,DHelmetP1Helmet
_dekl7efgh,93,362,602,110,128,DHelmetP1Helmet
_dekl7efgh,94,326,603,107,128,DHelmetP1Helmet
_dekl7efgh,95,290,605,104,128,DHelmetP1Helmet
_dekl7efgh,96,257,605,102,127,DHelmetP1Helmet
_dekl7efgh,97,224,605,101,127,DHelmetP1Helmet
_dekl7efgh,98,191,606,100,126,DHelmetP1Helmet
_dekl7efgh,99,158,606,98,125,DHelmetP1Helmet
_dekl7efgh,100,124,609,95,122,DHelmetP1Helmet
_0hvjzd9nd,88,1052,577,130,168,DHelmet
_0hvjzd9nd,89,990,578,135,165,DHelmet
_0hvjzd9nd,90,935,580,136,163,DHelmet
_0hvjzd9nd,91,880,582,138,161,DHelmet
_0hvjzd9nd,92,826,584,138,159,DHelmet
_0hvjzd9nd,93,771,587,140,156,DHelmet
_0hvjzd9nd,94,716,589,141,154,DHelmet
_0hvjzd9nd,95,671,590,137,152,DHelmet
_0hvjzd9nd,96,625,591,133,150,DHelmet
_0hvjzd9nd,97,580,592,129,149,DHelmet
_0hvjzd9nd,98,535,593,125,147,DHelmet
_0hvjzd9nd,99,489,594,122,145,DHelmet
_0hvjzd9nd,100,444,595,117,143,DHelmet
_rlpld6f2g,30,585,591,110,144,DHelmet
_rlpld6f2g,31,565,591,110,144,DHelmet
_rlpld6f2g,32,537,592,111,144,DHelmet
_rlpld6f2g,33,510,593,110,144,DHelmet
_rlpld6f2g,34,483,593,110,144,DHelmet
_rlpld6f2g,35,456,593,111,144,DHelmet
_rlpld6f2g,36,427,591,121,144,DHelmet
_rlpld6f2g,37,399,590,130,143,DHelmet
_rlpld6f2g,38,372,591,133,143,DHelmet
_rlpld6f2g,39,345,593,136,142,DHelmet
_rlpld6f2g,40,334,593,118,142,DHelmet
_rlpld6f2g,41,322,594,101,142,DHelmet
_rlpld6f2g,42,290,595,103,140,DHelmet
_rlpld6f2g,43,259,596,105,139,DHelmet
_rlpld6f2g,44,228,597,106,138,DHelmet
_rlpld6f2g,45,196,598,109,136,DHelmet
_rlpld6f2g,46,184,598,90,136,DHelmet
_rlpld6f2g,47,171,598,72,136,DHelmet
_kiw1hq964,100,2,646,155,274,DHelmet
_rf28a25m5,26,27,669,216,299,DHelmet
_rf28a25m5,27,143,669,238,307,DHelmet
_rf28a25m5,28,256,663,273,322,DHelmet
_rf28a25m5,29,380,660,308,336,DHelmet
_rf28a25m5,30,530,660,334,347,DHelmet
_rf28a25m5,31,702,660,369,366,DHelmet
_rf28a25m5,32,875,660,404,384,DHelmet
_rf28a25m5,33,1094,658,451,403,DHelmet
_rf28a25m5,34,1313,657,498,421,DHelmet
_rf28a25m5,35,1576,658,344,422,DHelmet
_j8h5606nd,45,309,593,81,123,DHelmet
_j8h5606nd,46,282,594,81,124,DHelmet
_j8h5606nd,47,257,594,81,124,DHelmet
_j8h5606nd,48,237,595,81,124,DHelmet
_j8h5606nd,49,216,598,81,120,DHelmet
_j8h5606nd,50,195,601,81,117,DHelmet
_j8h5606nd,51,176,602,80,116,DHelmet
_j8h5606nd,52,158,603,78,115,DHelmet
_j8h5606nd,53,139,605,77,113,DHelmet
_j8h5606nd,54,122,604,73,112,DHelmet
_j8h5606nd,55,104,604,71,111,DHelmet
_j8h5606nd,56,87,603,67,111,DHelmet
_dmx4qda3q,27,3,688,229,391,DHelmet
_dmx4qda3q,28,43,690,312,390,DHelmet
_dmx4qda3q,29,158,691,340,389,DHelmet
_dmx4qda3q,30,273,692,369,387,DHelmet
_dmx4qda3q,31,413,693,401,387,DHelmet
_dmx4qda3q,32,554,694,433,386,DHelmet
_dmx4qda3q,33,726,694,456,386,DHelmet
_dmx4qda3q,34,898,694,480,385,DHelmet
_dmx4qda3q,35,1121,695,500,384,DHelmet
_dmx4qda3q,36,1343,696,522,383,DHelmet
_dmx4qda3q,37,1615,706,305,374,DHelmet
_36ro0ex78,30,1,676,254,346,DHelmet
_36ro0ex78,31,73,669,316,366,DHelmet
_36ro0ex78,32,208,669,335,378,DHelmet
_36ro0ex78,33,342,669,354,390,DHelmet
_36ro0ex78,34,494,667,384,402,DHelmet
_36ro0ex78,35,645,665,414,414,DHelmet
_36ro0ex78,36,830,665,455,415,DHelmet
_36ro0ex78,37,1016,665,495,415,DHelmet
_36ro0ex78,38,1235,662,541,418,DHelmet
_36ro0ex78,39,1469,658,451,421,DHelmet
_sbbcclup0,31,29,658,123,269,DHelmet
_sbbcclup0,32,99,658,188,281,DHelmet
_sbbcclup0,33,179,656,229,295,DHelmet
_sbbcclup0,34,259,653,270,311,DHelmet
_sbbcclup0,35,353,652,287,323,DHelmet
_sbbcclup0,36,447,650,303,337,DHelmet
_sbbcclup0,37,559,649,325,351,DHelmet
_sbbcclup0,38,672,648,346,366,DHelmet
_sbbcclup0,39,784,648,367,379,DHelmet
_sbbcclup0,40,921,650,400,393,DHelmet
_sbbcclup0,41,1057,652,433,407,DHelmet
_sbbcclup0,42,1222,650,475,420,DHelmet
_sbbcclup0,43,1388,648,516,432,DHelmet
_sbbcclup0,44,1575,648,345,432,DHelmet
_7s6oo5zj5,35,1,672,157,303,DHelmet
_7s6oo5zj5,36,19,672,240,315,DHelmet
_7s6oo5zj5,37,94,672,275,327,DHelmet
_7s6oo5zj5,38,189,672,291,339,DHelmet
_7s6oo5zj5,39,304,673,308,355,DHelmet
_7s6oo5zj5,40,419,674,326,372,DHelmet
_7s6oo5zj5,41,551,675,354,387,DHelmet
_7s6oo5zj5,42,684,676,382,403,DHelmet
_7s6oo5zj5,43,848,679,422,401,DHelmet
_7s6oo5zj5,44,1013,682,461,398,DHelmet
_7s6oo5zj5,45,1196,682,524,398,DHelmet
_7s6oo5zj5,46,1412,682,508,398,DHelmet
_m9410deby,44,1,713,252,366,DHelmet
_m9410deby,45,77,710,325,369,DHelmet
_m9410deby,46,215,710,357,370,DHelmet
_m9410deby,47,353,710,389,370,DHelmet
_m9410deby,48,521,715,422,365,DHelmet
_m9410deby,49,689,720,455,360,DHelmet
_m9410deby,50,900,719,501,361,DHelmet
_m9410deby,51,1111,719,546,361,DHelmet
_m9410deby,52,1364,719,556,360,DHelmet
_m9410deby,53,1649,723,271,356,DHelmet
_hhh2anerl,95,29,623,136,210,DHelmet
_hhh2anerl,96,123,621,146,211,DHelmet
_hhh2anerl,97,231,621,155,219,DHelmet
_hhh2anerl,98,340,621,162,227,DHelmet
_hhh2anerl,99,470,617,174,241,DHelmet
_hhh2anerl,100,599,614,186,254,DHelmet
_o7wy829en,95,4,688,166,322,DHelmet
_o7wy829en,96,3,688,272,340,DHelmet
_o7wy829en,97,94,687,303,353,DHelmet
_o7wy829en,98,201,686,319,365,DHelmet
_o7wy829en,99,318,688,346,376,DHelmet
_o7wy829en,100,436,690,371,387,DHelmet
_mojoe3a4b,90,2,633,150,253,DHelmet
_mojoe3a4b,91,59,634,210,258,DHelmet
_mojoe3a4b,92,176,633,227,267,DHelmet
_mojoe3a4b,93,293,632,244,276,DHelmet
_mojoe3a4b,94,432,629,262,287,DHelmet
_mojoe3a4b,95,571,627,280,296,DHelmet
_mojoe3a4b,96,734,622,306,312,DHelmet
_mojoe3a4b,97,896,617,333,328,DHelmet
_mojoe3a4b,98,1093,612,369,348,DHelmet
_mojoe3a4b,99,1289,607,406,368,DHelmet
_mojoe3a4b,100,1524,607,396,385,DHelmet
_jxr78gmef,47,2,619,150,209,DHelmet
_jxr78gmef,48,92,619,155,217,DHelmet
_jxr78gmef,49,203,616,155,222,DHelmet
_jxr78gmef,50,314,613,155,227,DHelmet
_jxr78gmef,51,413,612,186,233,DHelmet
_jxr78gmef,52,512,611,218,239,DHelmet
_jxr78gmef,53,648,608,206,248,DHelmet
_jxr78gmef,54,784,605,193,256,DHelmet
_jxr78gmef,55,946,600,247,277,DHelmet
_jxr78gmef,56,1108,595,300,298,DHelmet
_jxr78gmef,57,1308,590,336,313,DHelmet
_jxr78gmef,58,1508,585,371,327,DHelmet
_jxr78gmef,59,1741,582,179,329,DHelmet
_0ym5fvucm,48,3,692,220,348,DHelmet
_0ym5fvucm,49,57,689,304,366,DHelmet
_0ym5fvucm,50,188,690,330,377,DHelmet
_0ym5fvucm,51,318,690,358,389,DHelmet
_0ym5fvucm,52,476,690,397,390,DHelmet
_0ym5fvucm,53,634,690,436,390,DHelmet
_0ym5fvucm,54,829,690,474,390,DHelmet
_0ym5fvucm,55,1024,690,513,389,DHelmet
_0ym5fvucm,56,1246,686,569,394,DHelmet
_0ym5fvucm,57,1505,693,415,387,DHelmet
_7eb6vm53m,86,4,676,161,324,DHelmetP0NoHelmetP1Helmet
_7eb6vm53m,87,2,664,265,336,DHelmetP0NoHelmetP1Helmet
_7eb6vm53m,88,91,662,283,352,DHelmetP0NoHelmetP1Helmet
_7eb6vm53m,89,197,660,305,368,DHelmetP0NoHelmetP1Helmet
_7eb6vm53m,90,302,658,327,384,DHelmetP0NoHelmetP1Helmet
_7eb6vm53m,91,427,657,352,402,DHelmetP0NoHelmetP1Helmet
_7eb6vm53m,92,551,656,377,420,DHelmetP0NoHelmetP1Helmet
_7eb6vm53m,93,699,658,412,420,DHelmetP0NoHelmetP1Helmet
_7eb6vm53m,94,847,660,446,420,DHelmetP0NoHelmetP1Helmet
_7eb6vm53m,95,1022,659,489,421,DHelmetP0NoHelmetP1Helmet
_7eb6vm53m,96,1196,658,534,422,DHelmetP0NoHelmetP1Helmet
_7eb6vm53m,97,1396,658,524,422,DHelmetP0NoHelmetP1Helmet
_7eb6vm53m,98,1642,653,278,427,DHelmetP0NoHelmetP1Helmet
_v4vj1qddh,86,19,657,168,268,DHelmet
_v4vj1qddh,87,116,657,188,276,DHelmet
_v4vj1qddh,88,225,655,208,292,DHelmet
_v4vj1qddh,89,333,653,230,307,DHelmet
_v4vj1qddh,90,466,656,248,316,DHelmet
_v4vj1qddh,91,598,660,267,324,DHelmet
_v4vj1qddh,92,760,652,287,346,DHelmet
_v4vj1qddh,93,922,644,307,367,DHelmet
_v4vj1qddh,94,1103,645,356,387,DHelmet
_v4vj1qddh,95,1283,646,406,408,DHelmet
_v4vj1qddh,96,1552,644,368,436,DHelmet
_ntmyl8cyd,73,0,672,207,304,DHelmet
_ntmyl8cyd,74,47,670,268,314,DHelmet
_ntmyl8cyd,75,142,669,287,324,DHelmet
_ntmyl8cyd,76,237,668,307,334,DHelmet
_ntmyl8cyd,77,353,668,325,346,DHelmet
_ntmyl8cyd,78,470,668,342,358,DHelmet
_ntmyl8cyd,79,601,666,366,376,DHelmet
_ntmyl8cyd,80,732,665,391,393,DHelmet
_ntmyl8cyd,81,886,666,425,403,DHelmet
_ntmyl8cyd,82,1041,666,458,414,DHelmet
_ntmyl8cyd,83,1211,666,505,413,DHelmet
_ntmyl8cyd,84,1404,666,514,413,DHelmet
_ntmyl8cyd,85,1611,668,307,411,DHelmet
_2q3ezogi5,50,3,689,165,298,DHelmetP1Helmet
_2q3ezogi5,51,30,684,257,314,DHelmetP1Helmet
_2q3ezogi5,52,124,680,282,328,DHelmetP1Helmet
_2q3ezogi5,53,241,679,305,343,DHelmetP1Helmet
_2q3ezogi5,54,357,678,329,358,DHelmetP1Helmet
_2q3ezogi5,55,500,678,354,376,DHelmetP1Helmet
_2q3ezogi5,56,644,678,378,394,DHelmetP1Helmet
_2q3ezogi5,57,822,682,406,394,DHelmetP1Helmet
_2q3ezogi5,58,1001,686,434,393,DHelmetP1Helmet
_2q3ezogi5,59,1215,684,462,395,DHelmetP1Helmet
_2q3ezogi5,60,1429,682,491,397,DHelmetP1Helmet
_7dzpc26zh,53,4,689,212,389,DHelmet
_7dzpc26zh,54,48,694,322,386,DHelmet
_7dzpc26zh,55,183,694,357,386,DHelmet
_7dzpc26zh,56,347,694,375,386,DHelmet
_7dzpc26zh,57,511,694,393,385,DHelmet
_7dzpc26zh,58,711,694,427,385,DHelmet
_7dzpc26zh,59,911,694,461,385,DHelmet
_7dzpc26zh,60,1184,698,462,382,DHelmet
_7dzpc26zh,61,1456,702,464,378,DHelmet
_rbrhzqdp3,54,39,619,121,201,DHelmet
_rbrhzqdp3,55,134,615,156,211,DHelmet
_rbrhzqdp3,56,238,612,173,222,DHelmet
_rbrhzqdp3,57,342,609,191,233,DHelmet
_rbrhzqdp3,58,470,607,204,239,DHelmet
_rbrhzqdp3,59,598,606,218,243,DHelmet
_rbrhzqdp3,60,745,600,240,256,DHelmet
_rbrhzqdp3,61,892,594,263,268,DHelmet
_rbrhzqdp3,62,1070,591,292,283,DHelmet
_rbrhzqdp3,63,1247,589,322,297,DHelmet
_rbrhzqdp3,64,1460,583,357,314,DHelmet
_rbrhzqdp3,65,1691,581,229,315,DHelmet
_rva5obnyx,58,1,672,199,338,DHelmet
_rva5obnyx,59,56,673,272,346,DHelmet
_rva5obnyx,60,170,670,302,362,DHelmet
_rva5obnyx,61,284,666,332,380,DHelmet
_rva5obnyx,62,429,666,358,396,DHelmet
_rva5obnyx,63,574,666,385,412,DHelmet
_rva5obnyx,64,747,668,420,411,DHelmet
_rva5obnyx,65,921,670,455,410,DHelmet
_rva5obnyx,66,1121,665,508,415,DHelmet
_rva5obnyx,67,1335,665,566,415,DHelmet
_rva5obnyx,68,1582,661,338,419,DHelmet
_gpk94qzbi,60,1,645,198,258,DHelmet
_gpk94qzbi,61,103,642,208,267,DHelmet
_gpk94qzbi,62,211,644,235,279,DHelmet
_gpk94qzbi,63,340,640,253,290,DHelmet
_gpk94qzbi,64,470,636,269,301,DHelmet
_gpk94qzbi,65,620,636,293,314,DHelmet
_gpk94qzbi,66,771,636,315,327,DHelmet
_gpk94qzbi,67,955,632,347,346,DHelmet
_gpk94qzbi,68,1139,629,379,365,DHelmet
_gpk94qzbi,69,1350,625,425,389,DHelmet
_gpk94qzbi,70,1587,622,333,393,DHelmet
_xdu9ls6sm,63,19,666,236,330,DHelmet
_xdu9ls6sm,64,106,672,281,348,DHelmet
_xdu9ls6sm,65,232,670,302,364,DHelmet
_xdu9ls6sm,66,359,669,321,378,DHelmet
_xdu9ls6sm,67,505,671,355,392,DHelmet
_xdu9ls6sm,68,652,673,387,406,DHelmet
_xdu9ls6sm,69,828,676,430,404,DHelmet
_xdu9ls6sm,70,1004,678,473,402,DHelmet
_xdu9ls6sm,71,1224,679,473,401,DHelmet
_xdu9ls6sm,72,1445,680,473,400,DHelmet
_tp3hl77ui,63,20,626,177,189,DHelmet
_tp3hl77ui,64,94,626,101,192,DHelmet
_tp3hl77ui,65,182,625,118,232,DHelmet
_tp3hl77ui,66,272,623,163,239,DHelmet
_tp3hl77ui,67,373,622,194,247,DHelmet
_tp3hl77ui,68,474,620,224,256,DHelmet
_tp3hl77ui,69,575,618,254,264,DHelmet
_tp3hl77ui,70,699,613,270,275,DHelmet
_tp3hl77ui,71,823,609,287,284,DHelmet
_tp3hl77ui,72,964,606,309,297,DHelmet
_tp3hl77ui,73,1105,603,331,309,DHelmet
_tp3hl77ui,74,1273,600,364,319,DHelmet
_tp3hl77ui,75,1441,597,396,328,DHelmet
_tp3hl77ui,76,1633,594,287,330,DHelmet
_pz59x7dqz,9,1161,570,135,169,DHelmet
_pz59x7dqz,10,1133,572,136,166,DHelmet
_pz59x7dqz,11,1104,575,138,162,DHelmet
_pz59x7dqz,12,1080,575,138,162,DHelmet
_pz59x7dqz,13,1056,576,138,162,DHelmet
_j223dfhnp,22,260,603,117,137,DHelmetP1Helmet
_j223dfhnp,23,239,603,114,136,DHelmetP1Helmet
_j223dfhnp,24,217,604,112,134,DHelmetP1Helmet
_j223dfhnp,25,196,604,110,133,DHelmetP1Helmet
_j223dfhnp,26,175,605,107,131,DHelmetP1Helmet
_j223dfhnp,27,154,605,106,131,DHelmetP1Helmet
_j223dfhnp,28,132,605,107,131,DHelmetP1Helmet
_j223dfhnp,29,111,606,106,131,DHelmetP1Helmet
_j223dfhnp,30,89,606,106,131,DHelmetP1Helmet
_j223dfhnp,31,67,606,107,131,DHelmetP1Helmet
_j223dfhnp,32,45,607,107,131,DHelmetP1Helmet
_j223dfhnp,33,27,608,100,129,DHelmetP1Helmet
_j223dfhnp,34,9,609,94,128,DHelmetP1Helmet
