track_id,frame_id,x,y,w,h,label
_6ekwrz11k,1,709,591,136,149,DNoHelmetP0NoHelmetP1NoHelmet
_6ekwrz11k,2,677,592,134,148,DNoHelmetP0NoHelmetP1NoHelmet
_6ekwrz11k,3,645,592,132,148,DNoHelmetP0NoHelmetP1NoHelmet
_6ekwrz11k,4,613,593,131,147,DNoHelmetP0NoHelmetP1NoHelmet
_6ekwrz11k,5,581,594,129,145,DNoHelmetP0NoHelmetP1NoHelmet
_6ekwrz11k,6,552,594,128,145,DNoHelmetP0NoHelmetP1NoHelmet
_6ekwrz11k,7,524,595,126,144,DNoHelmetP0NoHelmetP1NoHelmet
_6ekwrz11k,8,495,595,124,143,DNoHelmetP0NoHelmetP1NoHelmet
_6ekwrz11k,9,468,596,123,142,DNoHelmetP0NoHelmetP1NoHelmet
_6ekwrz11k,10,441,596,122,142,DNoHelmetP0NoHelmetP1NoHelmet
_6ekwrz11k,11,416,597,120,141,DNoHelmetP0NoHelmetP1NoHelmet
_6ekwrz11k,12,391,597,118,140,DNoHelmetP0NoHelmetP1NoHelmet
_6ekwrz11k,13,368,599,116,138,DNoHelmetP0NoHelmetP1NoHelmet
_6ekwrz11k,14,345,601,114,136,DNoHelmetP0NoHelmetP1NoHelmet
_6ekwrz11k,15,322,602,111,134,DNoHelmetP0NoHelmetP1NoHelmet
_6ekwrz11k,16,299,604,109,132,DNoHelmetP0NoHelmetP1NoHelmet
_6ekwrz11k,17,277,604,110,132,DNoHelmetP0NoHelmetP1NoHelmet
_6ekwrz11k,18,264,604,109,132,DNoHelmetP0NoHelmetP1NoHelmet
_6ekwrz11k,19,240,605,109,131,DNoHelmetP0NoHelmetP1NoHelmet
_6ekwrz11k,20,216,605,109,132,DNoHelmetP0NoHelmetP1NoHelmet
_6ekwrz11k,21,193,606,109,132,DNoHelmetP0NoHelmetP1NoHelmet
_6ekwrz11k,22,169,607,109,131,DNoHelmetP0NoHelmetP1NoHelmet
_6ekwrz11k,23,147,608,109,131,DNoHelmetP0NoHelmetP1NoHelmet
_qc6xva58a,1,1057,584,164,158,DNoHelmetP1NoHelmet
_qc6xva58a,2,1015,585,161,157,DNoHelmetP1NoHelmet
_qc6xva58a,3,973,586,158,156,DNoHelmetP1NoHelmet
_qc6xva58a,4,935,587,154,154,DNoHelmetP1NoHelmet
_qc6xva58a,5,897,588,151,153,DNoHelmetP1NoHelmet
_qc6xva58a,6,859,589,148,152,DNoHelmetP1NoHelmet
_qc6xva58a,7,823,590,145,151,DNoHelmetP1NoHelmet
_qc6xva58a,8,788,592,141,148,DNoHelmetP1NoHelmet
_qc6xva58a,9,753,593,138,147,DNoHelmetP1NoHelmet
_qc6xva58a,10,720,594,134,146,DNoHelmetP1NoHelmet
_qc6xva58a,11,689,596,132,144,DNoHelmetP1NoHelmet
_qc6xva58a,12,659,597,129,144,DNoHelmetP1NoHelmet
_qc6xva58a,13,629,599,127,142,DNoHelmetP1NoHelmet
_qc6xva58a,14,604,599,124,141,DNoHelmetP1NoHelmet
_qc6xva58a,15,578,600,122,139,DNoHelmetP1NoHelmet
_qc6xva58a,16,553,601,120,138,DNoHelmetP1NoHelmet
_qc6xva58a,17,531,601,118,138,DNoHelmetP1NoHelmet
_qc6xva58a,18,508,602,118,137,DNoHelmetP1NoHelmet
_qc6xva58a,19,485,603,117,136,DNoHelmetP1NoHelmet
_qc6xva58a,20,464,603,117,136,DNoHelmetP1NoHelmet
_qc6xva58a,21,444,604,115,135,DNoHelmetP1NoHelmet
_qc6xva58a,22,423,605,114,134,DNoHelmetP1NoHelmet
_qc6xva58a,23,403,606,112,133,DNoHelmetP1NoHelmet
_qc6xva58a,24,382,606,112,133,DNoHelmetP1NoHelmet
_qc6xva58a,25,364,607,111,132,DNoHelmetP1NoHelmet
_qc6xva58a,26,346,608,110,131,DNoHelmetP1NoHelmet
_qc6xva58a,27,327,608,111,131,DNoHelmetP1NoHelmet
_qc6xva58a,28,309,609,110,130,DNoHelmetP1NoHelmet
_qc6xva58a,29,291,610,109,129,DNoHelmetP1NoHelmet
_qc6xva58a,30,270,610,111,129,DNoHelmetP1NoHelmet
_qc6xva58a,31,249,611,112,128,DNoHelmetP1NoHelmet
_qc6xva58a,32,229,611,112,127,DNoHelmetP1NoHelmet
_qc6xva58a,33,209,612,112,126,DNoHelmetP1NoHelmet
_qc6xva58a,34,192,612,111,126,DNoHelmetP1NoHelmet
_qc6xva58a,35,174,612,111,126,DNoHelmetP1NoHelmet
_4o5apwmb8,21,1424,553,240,187,DNoHelmetP1NoHelmet
_4o5apwmb8,22,1346,555,191,182,DNoHelmetP1NoHelmet
_4o5apwmb8,23,1274,557,181,178,DNoHelmetP1NoHelmet
_4o5apwmb8,24,1205,560,172,174,DNoHelmetP1NoHelmet
_4o5apwmb8,25,1136,564,162,168,DNoHelmetP1NoHelmet
_4o5apwmb8,26,1067,567,153,164,DNoHelmetP1NoHelmet
_4o5apwmb8,27,998,570,143,160,DNoHelmetP1NoHelmet
_4o5apwmb8,28,937,571,133,156,DNoHelmetP1NoHelmet
_4o5apwmb8,29,874,574,135,152,DNoHelmetP1NoHelmet
_4o5apwmb8,30,818,577,132,149,DNoHelmetP1NoHelmet
_4o5apwmb8,31,762,580,129,145,DNoHelmetP1NoHelmet
_4o5apwmb8,32,707,582,126,142,DNoHelmetP1NoHelmet
_4o5apwmb8,33,656,585,123,139,DNoHelmetP1NoHelmet
_4o5apwmb8,34,607,587,119,137,DNoHelmetP1NoHelmet
_4o5apwmb8,35,558,590,115,134,DNoHelmetP1NoHelmet
_4o5apwmb8,36,509,592,111,132,DNoHelmetP1NoHelmet
_4o5apwmb8,37,468,594,108,130,DNoHelmetP1NoHelmet
_4o5apwmb8,38,428,596,105,128,DNoHelmetP1NoHelmet
_4o5apwmb8,39,387,599,102,125,DNoHelmetP1NoHelmet
_4o5apwmb8,40,349,601,96,124,DNoHelmetP1NoHelmet
_4o5apwmb8,41,316,603,93,122,DNoHelmetP1NoHelmet
_4o5apwmb8,42,284,604,89,121,DNoHelmetP1NoHelmet
_4o5apwmb8,43,254,599,85,126,DNoHelmetP1NoHelmet
_4o5apwmb8,44,224,601,83,124,DNoHelmetP1NoHelmet
_4o5apwmb8,45,194,602,84,123,DNoHelmetP1NoHelmet
_4o5apwmb8,46,164,604,85,121,DNoHelmetP1NoHelmet
_hb453bne3,17,1769,548,151,214,DHelmet
_hb453bne3,18,1683,551,237,213,DHelmet
_hb453bne3,19,1597,553,230,204,DHelmet
_hb453bne3,20,1519,555,222,200,DHelmet
_hb453bne3,21,1446,558,215,195,DHelmet
_hb453bne3,22,1376,560,209,192,DHelmet
_hb453bne3,23,1307,562,202,189,DHelmet
_hb453bne3,24,1244,565,196,186,DHelmet
_hb453bne3,25,1189,567,189,183,DHelmet
_hb453bne3,26,1133,570,183,179,DHelmet
_hb453bne3,27,1078,572,177,177,DHelmet
_hb453bne3,28,1030,575,170,173,DHelmet
_hb453bne3,29,984,578,167,171,DHelmet
_hb453bne3,30,942,578,164,171,DHelmet
_hb453bne3,31,900,579,160,169,DHelmet
_hb453bne3,32,863,581,158,166,DHelmet
_hb453bne3,33,828,582,154,165,DHelmet
_hb453bne3,34,793,584,150,163,DHelmet
_hb453bne3,35,762,585,147,162,DHelmet
_hb453bne3,36,731,587,143,160,DHelmet
_hb453bne3,37,702,588,140,159,DHelmet
_hb453bne3,38,674,589,138,157,DHelmet
_hb453bne3,39,646,590,137,156,DHelmet
_hb453bne3,40,619,590,134,156,DHelmet
_hb453bne3,41,595,591,134,154,DHelmet
_hb453bne3,42,572,591,132,153,DHelmet
_hb453bne3,43,551,592,130,153,DHelmet
_hb453bne3,44,529,593,128,153,DHelmet
_hb453bne3,45,507,593,127,153,DHelmet
_hb453bne3,46,485,594,125,151,DHelmet
_hb453bne3,47,463,595,124,150,DHelmet
_hb453bne3,48,444,595,121,150,DHelmet
_hb453bne3,49,424,596,120,149,DHelmet
_hb453bne3,50,400,597,120,148,DHelmet
_hb453bne3,51,381,598,119,147,DHelmet
_hb453bne3,52,363,599,117,146,DHelmet
_hb453bne3,53,344,600,117,145,DHelmet
_hb453bne3,54,326,601,116,143,DHelmet
_hb453bne3,55,308,602,116,142,DHelmet
_hb453bne3,56,291,603,115,141,DHelmet
_hb453bne3,57,274,604,115,140,DHelmet
_hb453bne3,58,257,605,114,139,DHelmet
_hb453bne3,59,242,607,113,137,DHelmet
_hb453bne3,60,227,608,112,136,DHelmet
_hb453bne3,61,211,609,112,135,DHelmet
_hb453bne3,62,196,610,111,133,DHelmet
_hb453bne3,63,184,609,107,134,DHelmet
_hb453bne3,64,171,608,105,135,DHelmet
_seg1q9rzb,22,1726,553,194,184,DNoHelmetP1NoHelmet
_seg1q9rzb,23,1654,550,212,184,DNoHelmetP1NoHelmet
_seg1q9rzb,24,1588,552,206,182,DNoHelmetP1NoHelmet
_seg1q9rzb,25,1525,554,200,179,DNoHelmetP1NoHelmet
_seg1q9rzb,26,1464,558,194,175,DNoHelmetP1NoHelmet
_seg1q9rzb,27,1403,561,188,173,DNoHelmetP1NoHelmet
_seg1q9rzb,28,1342,564,182,170,DNoHelmetP1NoHelmet
_seg1q9rzb,29,1287,566,176,168,DNoHelmetP1NoHelmet
_seg1q9rzb,30,1233,569,170,164,DNoHelmetP1NoHelmet
_seg1q9rzb,31,1181,573,165,161,DNoHelmetP1NoHelmet
_seg1q9rzb,32,1131,575,161,159,DNoHelmetP1NoHelmet
_seg1q9rzb,33,1081,576,157,157,DNoHelmetP1NoHelmet
_seg1q9rzb,34,1036,578,152,154,DNoHelmetP1NoHelmet
_seg1q9rzb,35,990,580,149,151,DNoHelmetP1NoHelmet
_seg1q9rzb,36,947,581,145,149,DNoHelmetP1NoHelmet
_seg1q9rzb,37,904,583,141,147,DNoHelmetP1NoHelmet
_seg1q9rzb,38,861,585,137,144,DNoHelmetP1NoHelmet
_seg1q9rzb,39,827,586,132,142,DNoHelmetP1NoHelmet
_seg1q9rzb,40,786,588,129,139,DNoHelmetP1NoHelmet
_seg1q9rzb,41,750,590,125,137,DNoHelmetP1NoHelmet
_seg1q9rzb,42,713,591,123,135,DNoHelmetP1NoHelmet
_seg1q9rzb,43,682,593,117,132,DNoHelmetP1NoHelmet
_seg1q9rzb,44,647,594,117,132,DNoHelmetP1NoHelmet
_seg1q9rzb,45,613,595,117,132,DNoHelmetP1NoHelmet
_seg1q9rzb,46,578,597,117,130,DNoHelmetP1NoHelmet
_seg1q9rzb,47,546,597,117,130,DNoHelmetP1NoHelmet
_seg1q9rzb,48,513,597,117,130,DNoHelmetP1NoHelmet
_seg1q9rzb,49,481,597,117,130,DNoHelmetP1NoHelmet
_seg1q9rzb,50,455,599,112,129,DNoHelmetP1NoHelmet
_seg1q9rzb,51,435,600,100,129,DNoHelmetP1NoHelmet
_1g4csryxt,29,1575,558,209,178,DNoHelmetP1NoHelmetP2NoHelmet
_1g4csryxt,30,1509,560,202,175,DNoHelmetP1NoHelmetP2NoHelmet
_1g4csryxt,31,1444,562,195,173,DNoHelmetP1NoHelmetP2NoHelmet
_1g4csryxt,32,1379,564,187,170,DNoHelmetP1NoHelmetP2NoHelmet
_1g4csryxt,33,1316,566,181,168,DNoHelmetP1NoHelmetP2NoHelmet
_1g4csryxt,34,1261,568,174,166,DNoHelmetP1NoHelmetP2NoHelmet
_1g4csryxt,35,1205,570,167,164,DNoHelmetP1NoHelmetP2NoHelmet
_1g4csryxt,36,1151,572,164,162,DNoHelmetP1NoHelmetP2NoHelmet
_1g4csryxt,37,1098,574,160,160,DNoHelmetP1NoHelmetP2NoHelmet
_1g4csryxt,38,1046,576,157,158,DNoHelmetP1NoHelmetP2NoHelmet
_1g4csryxt,39,1000,579,153,155,DNoHelmetP1NoHelmetP2NoHelmet
_1g4csryxt,40,954,581,150,153,DNoHelmetP1NoHelmetP2NoHelmet
_1g4csryxt,41,909,583,145,151,DNoHelmetP1NoHelmetP2NoHelmet
_1g4csryxt,42,868,586,141,148,DNoHelmetP1NoHelmetP2NoHelmet
_1g4csryxt,43,826,588,139,145,DNoHelmetP1NoHelmetP2NoHelmet
_1g4csryxt,44,784,589,136,144,DNoHelmetP1NoHelmetP2NoHelmet
_1g4csryxt,45,745,591,133,141,DNoHelmetP1NoHelmetP2NoHelmet
_1g4csryxt,46,706,593,130,138,DNoHelmetP1NoHelmetP2NoHelmet
_1g4csryxt,47,670,595,127,136,DNoHelmetP1NoHelmetP2NoHelmet
_1g4csryxt,48,635,597,123,133,DNoHelmetP1NoHelmetP2NoHelmet
_1g4csryxt,49,599,599,120,131,DNoHelmetP1NoHelmetP2NoHelmet
_1g4csryxt,50,561,600,120,129,DNoHelmetP1NoHelmetP2NoHelmet
_1g4csryxt,51,524,600,120,129,DNoHelmetP1NoHelmetP2NoHelmet
_1g4csryxt,52,486,601,120,128,DNoHelmetP1NoHelmetP2NoHelmet
_1g4csryxt,53,449,601,120,127,DNoHelmetP1NoHelmetP2NoHelmet
_1g4csryxt,54,416,602,120,126,DNoHelmetP1NoHelmetP2NoHelmet
_1g4csryxt,55,383,602,120,125,DNoHelmetP1NoHelmetP2NoHelmet
_1g4csryxt,56,350,603,120,124,DNoHelmetP1NoHelmetP2NoHelmet
_1g4csryxt,57,317,604,120,123,DNoHelmetP1NoHelmetP2NoHelmet
_qmn4fj4oa,31,1734,555,186,166,DNoHelmetP1NoHelmetP2NoHelmet
_qmn4fj4oa,32,1664,556,187,166,DNoHelmetP1NoHelmetP2NoHelmet
_qmn4fj4oa,33,1599,558,188,166,DNoHelmetP1NoHelmetP2NoHelmet
_qmn4fj4oa,34,1534,560,187,163,DNoHelmetP1NoHelmetP2NoHelmet
_qmn4fj4oa,35,1472,561,181,161,DNoHelmetP1NoHelmetP2NoHelmet
_qmn4fj4oa,36,1410,562,175,159,DNoHelmetP1NoHelmetP2NoHelmet
_qmn4fj4oa,37,1354,565,169,157,DNoHelmetP1NoHelmetP2NoHelmet
_qmn4fj4oa,38,1304,568,163,154,DNoHelmetP1NoHelmetP2NoHelmet
_qmn4fj4oa,39,1253,570,157,152,DNoHelmetP1NoHelmetP2NoHelmet
_qmn4fj4oa,40,1202,572,150,150,DNoHelmetP1NoHelmetP2NoHelmet
_qmn4fj4oa,41,1157,574,144,148,DNoHelmetP1NoHelmetP2NoHelmet
_qmn4fj4oa,42,1112,576,138,145,DNoHelmetP1NoHelmetP2NoHelmet
_qmn4fj4oa,43,1069,578,135,143,DNoHelmetP1NoHelmetP2NoHelmet
_qmn4fj4oa,44,1026,580,131,141,DNoHelmetP1NoHelmetP2NoHelmet
_qmn4fj4oa,45,988,582,128,139,DNoHelmetP1NoHelmetP2NoHelmet
_qmn4fj4oa,46,949,584,125,137,DNoHelmetP1NoHelmetP2NoHelmet
_qmn4fj4oa,47,909,585,124,136,DNoHelmetP1NoHelmetP2NoHelmet
_qmn4fj4oa,48,872,587,122,134,DNoHelmetP1NoHelmetP2NoHelmet
_qmn4fj4oa,49,835,589,120,132,DNoHelmetP1NoHelmetP2NoHelmet
_qmn4fj4oa,50,798,590,118,131,DNoHelmetP1NoHelmetP2NoHelmet
_qmn4fj4oa,51,764,591,116,130,DNoHelmetP1NoHelmetP2NoHelmet
_qmn4fj4oa,52,729,592,114,129,DNoHelmetP1NoHelmetP2NoHelmet
_qmn4fj4oa,53,695,593,112,128,DNoHelmetP1NoHelmetP2NoHelmet
_qmn4fj4oa,54,660,594,110,128,DNoHelmetP1NoHelmetP2NoHelmet
_qmn4fj4oa,55,627,595,110,127,DNoHelmetP1NoHelmetP2NoHelmet
_qmn4fj4oa,56,594,596,109,125,DNoHelmetP1NoHelmetP2NoHelmet
_qmn4fj4oa,57,560,597,110,124,DNoHelmetP1NoHelmetP2NoHelmet
_qmn4fj4oa,58,530,599,109,123,DNoHelmetP1NoHelmetP2NoHelmet
_qmn4fj4oa,59,500,600,107,122,DNoHelmetP1NoHelmetP2NoHelmet
_qmn4fj4oa,60,471,602,104,120,DNoHelmetP1NoHelmetP2NoHelmet
_qmn4fj4oa,61,441,603,102,119,DNoHelmetP1NoHelmetP2NoHelmet
_qmn4fj4oa,62,413,604,100,118,DNoHelmetP1NoHelmetP2NoHelmet
_qmn4fj4oa,63,385,606,98,116,DNoHelmetP1NoHelmetP2NoHelmet
_qmn4fj4oa,64,359,607,95,115,DNoHelmetP1NoHelmetP2NoHelmet
_qmn4fj4oa,65,332,609,93,113,DNoHelmetP1NoHelmetP2NoHelmet
_qmn4fj4oa,66,309,609,91,113,DNoHelmetP1NoHelmetP2NoHelmet
_qmn4fj4oa,67,286,610,89,112,DNoHelmetP1NoHelmetP2NoHelmet
_qmn4fj4oa,68,266,611,86,111,DNoHelmetP1NoHelmetP2NoHelmet
_qmn4fj4oa,69,246,612,84,110,DNoHelmetP1NoHelmetP2NoHelmet
_qmn4fj4oa,70,225,613,82,109,DNoHelmetP1NoHelmetP2NoHelmet
_qmn4fj4oa,71,206,613,82,109,DNoHelmetP1NoHelmetP2NoHelmet
_qmn4fj4oa,72,187,612,81,110,DNoHelmetP1NoHelmetP2NoHelmet
_qmn4fj4oa,73,167,612,82,110,DNoHelmetP1NoHelmetP2NoHelmet
_6knkocjsv,36,1749,554,171,175,DNoHelmetP1NoHelmet
_6knkocjsv,37,1677,553,211,175,DNoHelmetP1NoHelmet
_6knkocjsv,38,1608,554,205,174,DNoHelmetP1NoHelmet
_6knkocjsv,39,1539,555,199,172,DNoHelmetP1NoHelmet
_6knkocjsv,40,1475,557,193,170,DNoHelmetP1NoHelmet
_6knkocjsv,41,1418,560,184,167,DNoHelmetP1NoHelmet
_6knkocjsv,42,1362,562,175,165,DNoHelmetP1NoHelmet
_6knkocjsv,43,1308,565,168,163,DNoHelmetP1NoHelmet
_6knkocjsv,44,1255,568,159,160,DNoHelmetP1NoHelmet
_6knkocjsv,45,1204,572,156,158,DNoHelmetP1NoHelmet
_6knkocjsv,46,1159,573,152,156,DNoHelmetP1NoHelmet
_6knkocjsv,47,1115,575,147,153,DNoHelmetP1NoHelmet
_6knkocjsv,48,1070,576,144,152,DNoHelmetP1NoHelmet
_6knkocjsv,49,1029,578,140,150,DNoHelmetP1NoHelmet
_6knkocjsv,50,989,580,135,147,DNoHelmetP1NoHelmet
_6knkocjsv,51,952,582,132,145,DNoHelmetP1NoHelmet
_6knkocjsv,52,916,584,127,143,DNoHelmetP1NoHelmet
_6knkocjsv,53,879,586,125,141,DNoHelmetP1NoHelmet
_6knkocjsv,54,842,588,123,139,DNoHelmetP1NoHelmet
_6knkocjsv,55,809,589,122,138,DNoHelmetP1NoHelmet
_6knkocjsv,56,777,591,120,136,DNoHelmetP1NoHelmet
_6knkocjsv,57,744,592,119,135,DNoHelmetP1NoHelmet
_6knkocjsv,58,712,593,118,134,DNoHelmetP1NoHelmet
_6knkocjsv,59,680,594,117,133,DNoHelmetP1NoHelmet
_6knkocjsv,60,648,595,117,132,DNoHelmetP1NoHelmet
_6knkocjsv,61,617,596,116,131,DNoHelmetP1NoHelmet
_6knkocjsv,62,586,597,114,130,DNoHelmetP1NoHelmet
_6knkocjsv,63,556,598,113,129,DNoHelmetP1NoHelmet
_6knkocjsv,64,526,598,112,129,DNoHelmetP1NoHelmet
_6knkocjsv,65,496,599,110,128,DNoHelmetP1NoHelmet
_6knkocjsv,66,466,600,109,127,DNoHelmetP1NoHelmet
_6knkocjsv,67,440,601,106,126,DNoHelmetP1NoHelmet
_6knkocjsv,68,414,601,104,126,DNoHelmetP1NoHelmet
_6knkocjsv,69,387,601,102,126,DNoHelmetP1NoHelmet
_6knkocjsv,70,360,602,102,125,DNoHelmetP1NoHelmet
_6knkocjsv,71,333,604,102,123,DNoHelmetP1NoHelmet
_6knkocjsv,72,309,605,99,122,DNoHelmetP1NoHelmet
_6knkocjsv,73,285,606,97,121,DNoHelmetP1NoHelmet
_6knkocjsv,74,262,607,95,120,DNoHelmetP1NoHelmet
_6knkocjsv,75,239,608,92,119,DNoHelmetP1NoHelmet
_6knkocjsv,76,217,609,93,119,DNoHelmetP1NoHelmet
_6knkocjsv,77,196,610,92,119,DNoHelmetP1NoHelmet
_6knkocjsv,78,184,611,82,118,DNoHelmetP1NoHelmet
_dzc2eoiur,39,1769,558,151,178,DNoHelmetP1NoHelmet
_dzc2eoiur,40,1700,560,207,176,DNoHelmetP1NoHelmet
_dzc2eoiur,41,1634,562,202,175,DNoHelmetP1NoHelmet
_dzc2eoiur,42,1570,564,194,173,DNoHelmetP1NoHelmet
_dzc2eoiur,43,1507,565,190,172,DNoHelmetP1NoHelmet
_dzc2eoiur,44,1451,567,181,169,DNoHelmetP1NoHelmet
_dzc2eoiur,45,1399,568,172,168,DNoHelmetP1NoHelmet
_dzc2eoiur,46,1346,570,169,165,DNoHelmetP1NoHelmet
_dzc2eoiur,47,1295,571,163,164,DNoHelmetP1NoHelmet
_dzc2eoiur,48,1244,573,157,161,DNoHelmetP1NoHelmet
_dzc2eoiur,49,1199,574,152,160,DNoHelmetP1NoHelmet
_dzc2eoiur,50,1156,576,148,157,DNoHelmetP1NoHelmet
_dzc2eoiur,51,1112,577,145,155,DNoHelmetP1NoHelmet
_dzc2eoiur,52,1070,579,144,153,DNoHelmetP1NoHelmet
_dzc2eoiur,53,1028,580,142,151,DNoHelmetP1NoHelmet
_dzc2eoiur,54,990,582,140,149,DNoHelmetP1NoHelmet
_dzc2eoiur,55,953,584,138,147,DNoHelmetP1NoHelmet
_dzc2eoiur,56,917,586,136,145,DNoHelmetP1NoHelmet
_dzc2eoiur,57,881,588,134,143,DNoHelmetP1NoHelmet
_dzc2eoiur,58,848,590,131,141,DNoHelmetP1NoHelmet
_dzc2eoiur,59,816,591,128,140,DNoHelmetP1NoHelmet
_dzc2eoiur,60,786,593,126,138,DNoHelmetP1NoHelmet
_dzc2eoiur,61,756,594,123,137,DNoHelmetP1NoHelmet
_dzc2eoiur,62,727,596,120,134,DNoHelmetP1NoHelmet
_dzc2eoiur,63,698,597,117,133,DNoHelmetP1NoHelmet
_dzc2eoiur,64,669,599,114,131,DNoHelmetP1NoHelmet
_dzc2eoiur,65,641,599,113,131,DNoHelmetP1NoHelmet
_dzc2eoiur,66,613,600,112,130,DNoHelmetP1NoHelmet
_dzc2eoiur,67,588,600,110,130,DNoHelmetP1NoHelmet
_dzc2eoiur,68,564,601,108,128,DNoHelmetP1NoHelmet
_dzc2eoiur,69,541,601,107,128,DNoHelmetP1NoHelmet
_dzc2eoiur,70,519,601,105,128,DNoHelmetP1NoHelmet
_dzc2eoiur,71,497,602,104,127,DNoHelmetP1NoHelmet
_dzc2eoiur,72,475,602,102,127,DNoHelmetP1NoHelmet
_dzc2eoiur,73,455,603,100,126,DNoHelmetP1NoHelmet
_dzc2eoiur,74,434,603,99,125,DNoHelmetP1NoHelmet
_dzc2eoiur,75,414,604,97,124,DNoHelmetP1NoHelmet
_dzc2eoiur,76,392,605,96,123,DNoHelmetP1NoHelmet
_dzc2eoiur,77,371,606,95,122,DNoHelmetP1NoHelmet
_dzc2eoiur,78,351,607,94,121,DNoHelmetP1NoHelmet
_dzc2eoiur,79,331,609,93,119,DNoHelmetP1NoHelmet
_dzc2eoiur,80,311,610,92,118,DNoHelmetP1NoHelmet
_dzc2eoiur,81,289,610,92,117,DNoHelmetP1NoHelmet
_dzc2eoiur,82,267,610,91,117,DNoHelmetP1NoHelmet
_dzc2eoiur,83,250,611,91,116,DNoHelmetP1NoHelmet
_dzc2eoiur,84,234,613,90,115,DNoHelmetP1NoHelmet
_dzc2eoiur,85,218,613,85,115,DNoHelmetP1NoHelmet
_dzc2eoiur,86,196,612,85,115,DNoHelmetP1NoHelmet
_3wk1juuzg,54,1720,545,200,215,DHelmetP1NoHelmetP2NoHelmet
_3wk1juuzg,55,1632,547,231,213,DHelmetP1NoHelmetP2NoHelmet
_3wk1juuzg,56,1553,548,222,209,DHelmetP1NoHelmetP2NoHelmet
_3wk1juuzg,57,1481,549,211,205,DHelmetP1NoHelmetP2NoHelmet
_3wk1juuzg,58,1407,552,206,201,DHelmetP1NoHelmetP2NoHelmet
_3wk1juuzg,59,1339,556,197,197,DHelmetP1NoHelmetP2NoHelmet
_3wk1juuzg,60,1274,560,189,192,DHelmetP1NoHelmetP2NoHelmet
_3wk1juuzg,61,1209,562,184,189,DHelmetP1NoHelmetP2NoHelmet
_3wk1juuzg,62,1152,564,178,186,DHelmetP1NoHelmetP2NoHelmet
_3wk1juuzg,63,1094,566,174,182,DHelmetP1NoHelmetP2NoHelmet
_3wk1juuzg,64,1040,567,172,180,DHelmetP1NoHelmetP2NoHelmet
_3wk1juuzg,65,991,569,170,177,DHelmetP1NoHelmetP2NoHelmet
_3wk1juuzg,66,942,571,168,174,DHelmetP1NoHelmetP2NoHelmet
_3wk1juuzg,67,895,573,162,171,DHelmetP1NoHelmetP2NoHelmet
_3wk1juuzg,68,848,574,156,170,DHelmetP1NoHelmetP2NoHelmet
_3wk1juuzg,69,805,576,153,167,DHelmetP1NoHelmetP2NoHelmet
_3wk1juuzg,70,762,577,151,166,DHelmetP1NoHelmetP2NoHelmet
_3wk1juuzg,71,722,578,147,164,DHelmetP1NoHelmetP2NoHelmet
_3wk1juuzg,72,683,580,145,162,DHelmetP1NoHelmetP2NoHelmet
_3wk1juuzg,73,645,582,141,160,DHelmetP1NoHelmetP2NoHelmet
_3wk1juuzg,74,609,584,138,158,DHelmetP1NoHelmetP2NoHelmet
_3wk1juuzg,75,574,586,134,156,DHelmetP1NoHelmetP2NoHelmet
_3wk1juuzg,76,538,588,131,155,DHelmetP1NoHelmetP2NoHelmet
_3wk1juuzg,77,508,590,128,152,DHelmetP1NoHelmetP2NoHelmet
_3wk1juuzg,78,477,591,126,150,DHelmetP1NoHelmetP2NoHelmet
_3wk1juuzg,79,449,592,123,148,DHelmetP1NoHelmetP2NoHelmet
_3wk1juuzg,80,421,593,121,147,DHelmetP1NoHelmetP2NoHelmet
_3wk1juuzg,81,394,594,117,145,DHelmetP1NoHelmetP2NoHelmet
_3wk1juuzg,82,369,596,115,143,DHelmetP1NoHelmetP2NoHelmet
_3wk1juuzg,83,344,597,112,141,DHelmetP1NoHelmetP2NoHelmet
_3wk1juuzg,84,320,599,110,139,DHelmetP1NoHelmetP2NoHelmet
_3wk1juuzg,85,297,601,106,136,DHelmetP1NoHelmetP2NoHelmet
_3wk1juuzg,86,272,601,106,136,DHelmetP1NoHelmetP2NoHelmet
_3wk1juuzg,87,249,602,106,135,DHelmetP1NoHelmetP2NoHelmet
_3wk1juuzg,88,226,604,106,134,DHelmetP1NoHelmetP2NoHelmet
_3wk1juuzg,89,205,604,106,133,DHelmetP1NoHelmetP2NoHelmet
_3wk1juuzg,90,185,604,106,133,DHelmetP1NoHelmetP2NoHelmet
_3wk1juuzg,91,164,604,106,132,DHelmetP1NoHelmetP2NoHelmet
_oa1a1b4dx,68,1772,548,148,182,DHelmetP1NoHelmetP2NoHelmet
_oa1a1b4dx,69,1705,548,215,181,DHelmetP1NoHelmetP2NoHelmet
_oa1a1b4dx,70,1644,552,204,176,DHelmetP1NoHelmetP2NoHelmet
_oa1a1b4dx,71,1580,554,199,174,DHelmetP1NoHelmetP2NoHelmet
_oa1a1b4dx,72,1521,556,193,171,DHelmetP1NoHelmetP2NoHelmet
_oa1a1b4dx,73,1462,558,187,169,DHelmetP1NoHelmetP2NoHelmet
_oa1a1b4dx,74,1409,560,181,167,DHelmetP1NoHelmetP2NoHelmet
_oa1a1b4dx,75,1355,562,176,164,DHelmetP1NoHelmetP2NoHelmet
_oa1a1b4dx,76,1302,565,170,161,DHelmetP1NoHelmetP2NoHelmet
_oa1a1b4dx,77,1251,566,169,160,DHelmetP1NoHelmetP2NoHelmet
_oa1a1b4dx,78,1200,568,168,158,DHelmetP1NoHelmetP2NoHelmet
_oa1a1b4dx,79,1155,570,164,156,DHelmetP1NoHelmetP2NoHelmet
_oa1a1b4dx,80,1110,572,159,154,DHelmetP1NoHelmetP2NoHelmet
_oa1a1b4dx,81,1065,573,155,153,DHelmetP1NoHelmetP2NoHelmet
_oa1a1b4dx,82,1022,576,151,150,DHelmetP1NoHelmetP2NoHelmet
_oa1a1b4dx,83,980,578,146,148,DHelmetP1NoHelmetP2NoHelmet
_oa1a1b4dx,84,941,580,142,146,DHelmetP1NoHelmetP2NoHelmet
_oa1a1b4dx,85,902,581,138,145,DHelmetP1NoHelmetP2NoHelmet
_oa1a1b4dx,86,863,582,134,144,DHelmetP1NoHelmetP2NoHelmet
_oa1a1b4dx,87,828,584,131,142,DHelmetP1NoHelmetP2NoHelmet
_oa1a1b4dx,88,793,585,129,140,DHelmetP1NoHelmetP2NoHelmet
_oa1a1b4dx,89,757,586,127,139,DHelmetP1NoHelmetP2NoHelmet
_oa1a1b4dx,90,722,587,124,138,DHelmetP1NoHelmetP2NoHelmet
_oa1a1b4dx,91,691,589,120,136,DHelmetP1NoHelmetP2NoHelmet
_oa1a1b4dx,92,660,590,117,135,DHelmetP1NoHelmetP2NoHelmet
_oa1a1b4dx,93,631,591,114,134,DHelmetP1NoHelmetP2NoHelmet
_oa1a1b4dx,94,603,593,111,131,DHelmetP1NoHelmetP2NoHelmet
_oa1a1b4dx,95,576,594,107,130,DHelmetP1NoHelmetP2NoHelmet
_oa1a1b4dx,96,549,595,103,129,DHelmetP1NoHelmetP2NoHelmet
_oa1a1b4dx,97,522,597,102,127,DHelmetP1NoHelmetP2NoHelmet
_oa1a1b4dx,98,495,598,101,126,DHelmetP1NoHelmetP2NoHelmet
_oa1a1b4dx,99,470,599,99,125,DHelmetP1NoHelmetP2NoHelmet
_oa1a1b4dx,100,444,601,99,123,DHelmetP1NoHelmetP2NoHelmet
_d89jeoffr,76,1735,550,185,197,DHelmetP0NoHelmetP1NoHelmetP2NoHelmet
_d89jeoffr,77,1675,551,234,196,DHelmetP0NoHelmetP1NoHelmetP2NoHelmet
_d89jeoffr,78,1619,552,224,195,DHelmetP0NoHelmetP1NoHelmetP2NoHelmet
_d89jeoffr,79,1561,554,223,192,DHelmetP0NoHelmetP1NoHelmetP2NoHelmet
_d89jeoffr,80,1508,556,217,190,DHelmetP0NoHelmetP1NoHelmetP2NoHelmet
_d89jeoffr,81,1455,558,210,187,DHelmetP0NoHelmetP1NoHelmetP2NoHelmet
_d89jeoffr,82,1405,560,206,185,DHelmetP0NoHelmetP1NoHelmetP2NoHelmet
_d89jeoffr,83,1356,562,201,182,DHelmetP0NoHelmetP1NoHelmetP2NoHelmet
_d89jeoffr,84,1307,565,197,179,DHelmetP0NoHelmetP1NoHelmetP2NoHelmet
_d89jeoffr,85,1261,567,192,176,DHelmetP0NoHelmetP1NoHelmetP2NoHelmet
_d89jeoffr,86,1217,568,188,175,DHelmetP0NoHelmetP1NoHelmetP2NoHelmet
_d89jeoffr,87,1173,570,184,173,DHelmetP0NoHelmetP1NoHelmetP2NoHelmet
_d89jeoffr,88,1132,571,180,172,DHelmetP0NoHelmetP1NoHelmetP2NoHelmet
_d89jeoffr,89,1092,572,175,171,DHelmetP0NoHelmetP1NoHelmetP2NoHelmet
_d89jeoffr,90,1052,574,171,169,DHelmetP0NoHelmetP1NoHelmetP2NoHelmet
_d89jeoffr,91,1013,575,167,168,DHelmetP0NoHelmetP1NoHelmetP2NoHelmet
_d89jeoffr,92,978,576,163,167,DHelmetP0NoHelmetP1NoHelmetP2NoHelmet
_d89jeoffr,93,944,578,158,165,DHelmetP0NoHelmetP1NoHelmetP2NoHelmet
_d89jeoffr,94,908,579,157,164,DHelmetP0NoHelmetP1NoHelmetP2NoHelmet
_d89jeoffr,95,873,580,154,162,DHelmetP0NoHelmetP1NoHelmetP2NoHelmet
_d89jeoffr,96,842,581,152,161,DHelmetP0NoHelmetP1NoHelmetP2NoHelmet
_d89jeoffr,97,811,582,151,159,DHelmetP0NoHelmetP1NoHelmetP2NoHelmet
_d89jeoffr,98,783,583,146,157,DHelmetP0NoHelmetP1NoHelmetP2NoHelmet
_d89jeoffr,99,755,584,142,156,DHelmetP0NoHelmetP1NoHelmetP2NoHelmet
_d89jeoffr,100,728,585,136,154,DHelmetP0NoHelmetP1NoHelmetP2NoHelmet
_62tyhbbqi,86,1776,565,144,195,DNoHelmet
_62tyhbbqi,87,1720,563,200,197,DNoHelmet
_62tyhbbqi,88,1667,561,236,199,DNoHelmet
_62tyhbbqi,89,1612,561,231,197,DNoHelmet
_62tyhbbqi,90,1565,562,225,195,DNoHelmet
_62tyhbbqi,91,1518,563,218,192,DNoHelmet
_62tyhbbqi,92,1473,565,213,189,DNoHelmet
_62tyhbbqi,93,1431,568,207,186,DNoHelmet
_62tyhbbqi,94,1389,570,202,184,DNoHelmet
_62tyhbbqi,95,1351,573,195,181,DNoHelmet
_62tyhbbqi,96,1313,573,191,180,DNoHelmet
_62tyhbbqi,97,1274,574,187,178,DNoHelmet
_62tyhbbqi,98,1238,575,182,176,DNoHelmet
_62tyhbbqi,99,1202,575,178,176,DNoHelmet
_62tyhbbqi,100,1170,576,174,174,DNoHelmet
_eyp1rpek2,94,1771,555,149,176,DNoHelmetP1NoHelmetP2Helmet
_eyp1rpek2,95,1715,552,205,181,DNoHelmetP1NoHelmetP2Helmet
_eyp1rpek2,96,1664,551,214,181,DNoHelmetP1NoHelmetP2Helmet
_eyp1rpek2,97,1612,551,206,180,DNoHelmetP1NoHelmetP2Helmet
_eyp1rpek2,98,1562,554,202,177,DNoHelmetP1NoHelmetP2Helmet
_eyp1rpek2,99,1513,556,197,175,DNoHelmetP1NoHelmetP2Helmet
_eyp1rpek2,100,1466,559,194,172,DNoHelmetP1NoHelmetP2Helmet
