track_id,frame_id,x,y,w,h,label
_5kl2rrcs5,97,14,744,270,336,DHelmet
_5kl2rrcs5,98,67,745,378,335,DHelmet
_5kl2rrcs5,99,219,745,412,335,DHelmet
_5kl2rrcs5,100,372,744,445,335,DHelmet
_1naab45n7,1,445,721,476,358,DHelmetP0NoHelmetP1Helmet
_1naab45n7,2,633,721,515,359,DHelmetP0NoHelmetP1Helmet
_1naab45n7,3,820,721,555,359,DHelmetP0NoHelmetP1Helmet
_1naab45n7,4,1060,721,587,359,DHelmetP0NoHelmetP1Helmet
_1naab45n7,5,1299,721,621,359,DHelmetP0NoHelmetP1Helmet
_gtnre3wlt,37,2,637,148,209,DNoHelmetP0NoHelmetP1NoHelmetP2NoHelmet
_gtnre3wlt,38,36,636,180,214,DNoHelmetP0NoHelmetP1NoHelmetP2NoHelmet
_gtnre3wlt,39,100,634,187,222,DNoHelmetP0NoHelmetP1NoHelmetP2NoHelmet
_gtnre3wlt,40,163,632,195,229,DNoHelmetP0NoHelmetP1NoHelmetP2NoHelmet
_gtnre3wlt,41,235,630,203,234,DNoHelmetP0NoHelmetP1NoHelmetP2NoHelmet
_gtnre3wlt,42,308,628,210,238,DNoHelmetP0NoHelmetP1NoHelmetP2NoHelmet
_gtnre3wlt,43,380,626,217,243,DNoHelmetP0NoHelmetP1NoHelmetP2NoHelmet
_gtnre3wlt,44,464,622,228,249,DNoHelmetP0NoHelmetP1NoHelmetP2NoHelmet
_gtnre3wlt,45,547,618,238,255,DNoHelmetP0NoHelmetP1NoHelmetP2NoHelmet
_gtnre3wlt,46,630,614,248,260,DNoHelmetP0NoHelmetP1NoHelmetP2NoHelmet
_gtnre3wlt,47,729,612,263,268,DNoHelmetP0NoHelmetP1NoHelmetP2NoHelmet
_gtnre3wlt,48,828,611,278,274,DNoHelmetP0NoHelmetP1NoHelmetP2NoHelmet
_gtnre3wlt,49,927,609,293,281,DNoHelmetP0NoHelmetP1NoHelmetP2NoHelmet
_gtnre3wlt,50,1042,605,310,293,DNoHelmetP0NoHelmetP1NoHelmetP2NoHelmet
_gtnre3wlt,51,1156,602,327,303,DNoHelmetP0NoHelmetP1NoHelmetP2NoHelmet
_gtnre3wlt,52,1289,601,350,310,DNoHelmetP0NoHelmetP1NoHelmetP2NoHelmet
_gtnre3wlt,53,1421,599,374,318,DNoHelmetP0NoHelmetP1NoHelmetP2NoHelmet
_gtnre3wlt,54,1568,591,352,334,DNoHelmetP0NoHelmetP1NoHelmetP2NoHelmet
_gtnre3wlt,55,1729,585,191,340,DNoHelmetP0NoHelmetP1NoHelmetP2NoHelmet
_uy0tc3hdz,67,1,662,168,295,DNoHelmetP1NoHelmetP2NoHelmet
_uy0tc3hdz,68,14,662,239,306,DNoHelmetP1NoHelmetP2NoHelmet
_uy0tc3hdz,69,85,658,258,321,DNoHelmetP1NoHelmetP2NoHelmet
_uy0tc3hdz,70,172,658,274,332,DNoHelmetP1NoHelmetP2NoHelmet
_uy0tc3hdz,71,259,658,290,344,DNoHelmetP1NoHelmetP2NoHelmet
_uy0tc3hdz,72,368,660,315,360,DNoHelmetP1NoHelmetP2NoHelmet
_uy0tc3hdz,73,477,661,339,377,DNoHelmetP1NoHelmetP2NoHelmet
_uy0tc3hdz,74,586,662,363,394,DNoHelmetP1NoHelmetP2NoHelmet
_uy0tc3hdz,75,726,664,399,404,DNoHelmetP1NoHelmetP2NoHelmet
_uy0tc3hdz,76,866,666,434,413,DNoHelmetP1NoHelmetP2NoHelmet
_uy0tc3hdz,77,1038,663,493,417,DNoHelmetP1NoHelmetP2NoHelmet
_uy0tc3hdz,78,1211,660,551,420,DNoHelmetP1NoHelmetP2NoHelmet
_uy0tc3hdz,79,1418,654,502,426,DNoHelmetP1NoHelmetP2NoHelmet
_p6sxf5k0j,62,2,632,132,229,DNoHelmetP1NoHelmetP2NoHelmet
_p6sxf5k0j,63,17,630,186,238,DNoHelmetP1NoHelmetP2NoHelmet
_p6sxf5k0j,64,77,632,195,241,DNoHelmetP1NoHelmetP2NoHelmet
_p6sxf5k0j,65,148,630,204,248,DNoHelmetP1NoHelmetP2NoHelmet
_p6sxf5k0j,66,218,627,215,257,DNoHelmetP1NoHelmetP2NoHelmet
_p6sxf5k0j,67,299,625,226,263,DNoHelmetP1NoHelmetP2NoHelmet
_p6sxf5k0j,68,380,622,237,271,DNoHelmetP1NoHelmetP2NoHelmet
_p6sxf5k0j,69,462,619,248,278,DNoHelmetP1NoHelmetP2NoHelmet
_p6sxf5k0j,70,560,618,261,287,DNoHelmetP1NoHelmetP2NoHelmet
_p6sxf5k0j,71,658,617,274,296,DNoHelmetP1NoHelmetP2NoHelmet
_p6sxf5k0j,72,772,613,293,309,DNoHelmetP1NoHelmetP2NoHelmet
_p6sxf5k0j,73,887,609,312,322,DNoHelmetP1NoHelmetP2NoHelmet
_p6sxf5k0j,74,1001,605,331,335,DNoHelmetP1NoHelmetP2NoHelmet
_p6sxf5k0j,75,1142,602,358,348,DNoHelmetP1NoHelmetP2NoHelmet
_p6sxf5k0j,76,1283,599,385,361,DNoHelmetP1NoHelmetP2NoHelmet
_p6sxf5k0j,77,1440,594,426,382,DNoHelmetP1NoHelmetP2NoHelmet
_p6sxf5k0j,78,1611,586,309,387,DNoHelmetP1NoHelmetP2NoHelmet
_z9h42vz4a,1,179,607,125,152,DHelmet
_z9h42vz4a,2,145,609,125,150,DHelmet
_z9h42vz4a,3,110,610,125,149,DHelmet
_z9h42vz4a,4,76,611,125,148,DHelmet
_z9h42vz4a,5,41,612,125,147,DHelmet
_z9h42vz4a,6,7,614,125,145,DHelmet
_z9h42vz4a,7,4,617,98,144,DHelmet
_z9h42vz4a,8,2,617,75,141,DHelmet
_s0e9eo130,1,731,575,186,204,DNoHelmetP1NoHelmet
_s0e9eo130,2,697,577,183,201,DNoHelmetP1NoHelmet
_s0e9eo130,3,664,579,178,198,DNoHelmetP1NoHelmet
_s0e9eo130,4,630,580,174,196,DNoHelmetP1NoHelmet
_s0e9eo130,5,597,582,170,193,DNoHelmetP1NoHelmet
_s0e9eo130,6,589,589,145,188,DNoHelmetP1NoHelmet
_s0e9eo130,7,556,590,146,187,DNoHelmetP1NoHelmet
_s0e9eo130,8,524,592,145,184,DNoHelmetP1NoHelmet
_s0e9eo130,9,492,594,145,182,DNoHelmetP1NoHelmet
_s0e9eo130,10,459,595,146,181,DNoHelmetP1NoHelmet
_s0e9eo130,11,427,597,145,179,DNoHelmetP1NoHelmet
_s0e9eo130,12,403,597,145,177,DNoHelmetP1NoHelmet
_s0e9eo130,13,377,597,146,177,DNoHelmetP1NoHelmet
_s0e9eo130,14,352,597,145,177,DNoHelmetP1NoHelmet
_s0e9eo130,15,327,597,145,178,DNoHelmetP1NoHelmet
_s0e9eo130,16,302,598,145,177,DNoHelmetP1NoHelmet
_s0e9eo130,17,277,598,145,177,DNoHelmetP1NoHelmet
_s0e9eo130,18,251,598,146,177,DNoHelmetP1NoHelmet
_s0e9eo130,19,231,599,143,175,DNoHelmetP1NoHelmet
_s0e9eo130,20,210,600,142,173,DNoHelmetP1NoHelmet
_s0e9eo130,21,190,600,139,172,DNoHelmetP1NoHelmet
_s0e9eo130,22,169,601,138,170,DNoHelmetP1NoHelmet
_s0e9eo130,23,148,602,136,168,DNoHelmetP1NoHelmet
_s0e9eo130,24,159,602,104,165,DNoHelmetP1NoHelmet
_s0e9eo130,25,135,604,107,163,DNoHelmetP1NoHelmet
_s0e9eo130,26,111,605,109,162,DNoHelmetP1NoHelmet
_s0e9eo130,27,87,607,112,160,DNoHelmetP1NoHelmet
_s0e9eo130,28,63,608,115,158,DNoHelmetP1NoHelmet
_s0e9eo130,29,39,610,118,156,DNoHelmetP1NoHelmet
_s0e9eo130,30,15,611,121,155,DNoHelmetP1NoHelmet
_s0e9eo130,31,4,611,122,155,DNoHelmetP1NoHelmet
_s0e9eo130,32,2,611,114,155,DNoHelmetP1NoHelmet
_s0e9eo130,33,0,611,106,155,DNoHelmetP1NoHelmet
_jwzmex28q,1,336,605,89,113,DHelmet
_jwzmex28q,2,336,605,89,113,DHelmet
_jwzmex28q,3,336,605,89,113,DHelmet
_jwzmex28q,4,336,605,89,113,DHelmet
_jwzmex28q,5,336,605,89,113,DHelmet
_jwzmex28q,6,336,605,89,113,DHelmet
_jwzmex28q,7,336,605,88,113,DHelmet
_jwzmex28q,8,336,605,88,113,DHelmet
_jwzmex28q,9,336,605,88,113,DHelmet
_jwzmex28q,10,336,605,88,113,DHelmet
_jwzmex28q,11,336,605,88,113,DHelmet
_jwzmex28q,12,336,605,88,113,DHelmet
_jwzmex28q,13,336,605,88,113,DHelmet
_jwzmex28q,14,336,605,88,113,DHelmet
_jwzmex28q,15,336,605,88,113,DHelmet
_jwzmex28q,16,336,605,88,113,DHelmet
_jwzmex28q,17,336,605,88,113,DHelmet
_jwzmex28q,18,336,605,88,113,DHelmet
_jwzmex28q,19,336,605,88,113,DHelmet
_jwzmex28q,20,336,605,88,113,DHelmet
_jwzmex28q,21,336,605,88,114,DHelmet
_jwzmex28q,22,336,605,88,114,DHelmet
_jwzmex28q,23,336,605,88,114,DHelmet
_jwzmex28q,24,336,605,88,114,DHelmet
_jwzmex28q,25,336,605,85,99,DHelmet
_jwzmex28q,26,336,605,82,84,DHelmet
_jwzmex28q,27,336,605,79,69,DHelmet
_iuacu4jle,1,1463,558,217,189,DHelmetP1NoHelmetP2Helmet
_iuacu4jle,2,1427,559,215,188,DHelmetP1NoHelmetP2Helmet
_iuacu4jle,3,1391,560,213,187,DHelmetP1NoHelmetP2Helmet
_iuacu4jle,4,1356,561,209,186,DHelmetP1NoHelmetP2Helmet
_iuacu4jle,5,1320,562,207,185,DHelmetP1NoHelmetP2Helmet
_iuacu4jle,6,1285,563,204,184,DHelmetP1NoHelmetP2Helmet
_iuacu4jle,7,1255,564,199,183,DHelmetP1NoHelmetP2Helmet
_iuacu4jle,8,1225,565,194,182,DHelmetP1NoHelmetP2Helmet
_iuacu4jle,9,1195,566,189,180,DHelmetP1NoHelmetP2Helmet
_iuacu4jle,10,1165,566,184,180,DHelmetP1NoHelmetP2Helmet
_iuacu4jle,11,1135,567,180,179,DHelmetP1NoHelmetP2Helmet
_iuacu4jle,12,1106,569,179,177,DHelmetP1NoHelmetP2Helmet
_iuacu4jle,13,1077,570,178,175,DHelmetP1NoHelmetP2Helmet
_iuacu4jle,14,1049,572,177,173,DHelmetP1NoHelmetP2Helmet
_iuacu4jle,15,1020,574,176,171,DHelmetP1NoHelmetP2Helmet
_iuacu4jle,16,992,575,174,170,DHelmetP1NoHelmetP2Helmet
_iuacu4jle,17,969,576,172,168,DHelmetP1NoHelmetP2Helmet
_iuacu4jle,18,946,577,170,166,DHelmetP1NoHelmetP2Helmet
_iuacu4jle,19,923,578,169,165,DHelmetP1NoHelmetP2Helmet
_iuacu4jle,20,901,578,166,164,DHelmetP1NoHelmetP2Helmet
_iuacu4jle,21,878,579,164,163,DHelmetP1NoHelmetP2Helmet
_iuacu4jle,22,855,580,162,161,DHelmetP1NoHelmetP2Helmet
_iuacu4jle,23,832,581,160,160,DHelmetP1NoHelmetP2Helmet
_iuacu4jle,24,815,581,157,160,DHelmetP1NoHelmetP2Helmet
_iuacu4jle,25,798,582,154,159,DHelmetP1NoHelmetP2Helmet
_iuacu4jle,26,781,583,150,159,DHelmetP1NoHelmetP2Helmet
_iuacu4jle,27,763,584,148,158,DHelmetP1NoHelmetP2Helmet
_iuacu4jle,28,746,584,145,158,DHelmetP1NoHelmetP2Helmet
_iuacu4jle,29,729,585,142,158,DHelmetP1NoHelmetP2Helmet
_iuacu4jle,30,712,586,138,157,DHelmetP1NoHelmetP2Helmet
_iuacu4jle,31,697,587,136,155,DHelmetP1NoHelmetP2Helmet
_iuacu4jle,32,682,588,135,154,DHelmetP1NoHelmetP2Helmet
_iuacu4jle,33,668,589,132,152,DHelmetP1NoHelmetP2Helmet
_iuacu4jle,34,653,590,130,150,DHelmetP1NoHelmetP2Helmet
_iuacu4jle,35,638,591,128,148,DHelmetP1NoHelmetP2Helmet
_iuacu4jle,36,623,592,126,147,DHelmetP1NoHelmetP2Helmet
_iuacu4jle,37,609,593,124,145,DHelmetP1NoHelmetP2Helmet
_iuacu4jle,38,596,593,122,145,DHelmetP1NoHelmetP2Helmet
_iuacu4jle,39,584,594,119,144,DHelmetP1NoHelmetP2Helmet
_iuacu4jle,40,571,594,117,145,DHelmetP1NoHelmetP2Helmet
_iuacu4jle,41,559,595,114,144,DHelmetP1NoHelmetP2Helmet
_iuacu4jle,42,546,595,112,144,DHelmetP1NoHelmetP2Helmet
_iuacu4jle,43,534,596,109,143,DHelmetP1NoHelmetP2Helmet
_iuacu4jle,44,522,596,106,143,DHelmetP1NoHelmetP2Helmet
_iuacu4jle,45,509,597,104,143,DHelmetP1NoHelmetP2Helmet
_iuacu4jle,46,497,597,101,143,DHelmetP1NoHelmetP2Helmet
_iuacu4jle,47,484,598,99,142,DHelmetP1NoHelmetP2Helmet
_iuacu4jle,48,472,598,96,142,DHelmetP1NoHelmetP2Helmet
_iuacu4jle,49,459,599,94,141,DHelmetP1NoHelmetP2Helmet
_iuacu4jle,50,447,599,91,142,DHelmetP1NoHelmetP2Helmet
_iuacu4jle,51,430,600,95,140,DHelmetP1NoHelmetP2Helmet
_iuacu4jle,52,413,600,98,140,DHelmetP1NoHelmetP2Helmet
_iuacu4jle,53,396,600,101,140,DHelmetP1NoHelmetP2Helmet
_iuacu4jle,54,378,601,105,139,DHelmetP1NoHelmetP2Helmet
_iuacu4jle,55,361,601,108,139,DHelmetP1NoHelmetP2Helmet
_iuacu4jle,56,344,601,111,139,DHelmetP1NoHelmetP2Helmet
_iuacu4jle,57,327,601,114,139,DHelmetP1NoHelmetP2Helmet
_iuacu4jle,58,310,602,117,137,DHelmetP1NoHelmetP2Helmet
_iuacu4jle,59,293,602,120,137,DHelmetP1NoHelmetP2Helmet
_iuacu4jle,60,281,603,118,136,DHelmetP1NoHelmetP2Helmet
_iuacu4jle,61,269,605,116,133,DHelmetP1NoHelmetP2Helmet
_iuacu4jle,62,256,606,116,132,DHelmetP1NoHelmetP2Helmet
_iuacu4jle,63,244,607,114,130,DHelmetP1NoHelmetP2Helmet
_iuacu4jle,64,232,609,112,128,DHelmetP1NoHelmetP2Helmet
_iuacu4jle,65,220,610,111,127,DHelmetP1NoHelmetP2Helmet
_iuacu4jle,66,208,611,109,125,DHelmetP1NoHelmetP2Helmet
_iuacu4jle,67,195,613,108,123,DHelmetP1NoHelmetP2Helmet
_iuacu4jle,68,183,614,107,121,DHelmetP1NoHelmetP2Helmet
_iuacu4jle,69,170,614,107,121,DHelmetP1NoHelmetP2Helmet
_iuacu4jle,70,157,613,107,121,DHelmetP1NoHelmetP2Helmet
_iuacu4jle,71,144,613,107,121,DHelmetP1NoHelmetP2Helmet
_iuacu4jle,72,130,613,107,122,DHelmetP1NoHelmetP2Helmet
_iuacu4jle,73,116,614,107,121,DHelmetP1NoHelmetP2Helmet
_iuacu4jle,74,106,613,106,121,DHelmetP1NoHelmetP2Helmet
_vdla2tlws,10,1741,546,179,200,DNoHelmetP1NoHelmet
_vdla2tlws,11,1695,545,225,201,DNoHelmetP1NoHelmet
_vdla2tlws,12,1649,546,238,200,DNoHelmetP1NoHelmet
_vdla2tlws,13,1605,547,233,199,DNoHelmetP1NoHelmet
_vdla2tlws,14,1562,549,226,197,DNoHelmetP1NoHelmet
_vdla2tlws,15,1516,550,225,196,DNoHelmetP1NoHelmet
_vdla2tlws,16,1471,552,223,194,DNoHelmetP1NoHelmet
_vdla2tlws,17,1425,554,221,193,DNoHelmetP1NoHelmet
_vdla2tlws,18,1380,556,219,191,DNoHelmetP1NoHelmet
_vdla2tlws,19,1334,558,218,189,DNoHelmetP1NoHelmet
_vdla2tlws,20,1293,560,214,188,DNoHelmetP1NoHelmet
_vdla2tlws,21,1251,562,212,186,DNoHelmetP1NoHelmet
_vdla2tlws,22,1210,564,208,184,DNoHelmetP1NoHelmet
_vdla2tlws,23,1168,565,206,183,DNoHelmetP1NoHelmet
_vdla2tlws,24,1127,567,202,182,DNoHelmetP1NoHelmet
_vdla2tlws,25,1087,568,200,181,DNoHelmetP1NoHelmet
_vdla2tlws,26,1047,570,198,180,DNoHelmetP1NoHelmet
_vdla2tlws,27,1007,571,196,180,DNoHelmetP1NoHelmet
_vdla2tlws,28,967,572,194,179,DNoHelmetP1NoHelmet
_vdla2tlws,29,927,573,192,179,DNoHelmetP1NoHelmet
_vdla2tlws,30,887,574,189,179,DNoHelmetP1NoHelmet
_vdla2tlws,31,855,575,185,178,DNoHelmetP1NoHelmet
_vdla2tlws,32,822,577,181,176,DNoHelmetP1NoHelmet
_vdla2tlws,33,790,579,176,175,DNoHelmetP1NoHelmet
_vdla2tlws,34,757,580,172,174,DNoHelmetP1NoHelmet
_vdla2tlws,35,725,582,167,173,DNoHelmetP1NoHelmet
_vdla2tlws,36,692,583,163,172,DNoHelmetP1NoHelmet
_vdla2tlws,37,660,585,158,170,DNoHelmetP1NoHelmet
_vdla2tlws,38,632,585,156,170,DNoHelmetP1NoHelmet
_vdla2tlws,39,604,586,153,169,DNoHelmetP1NoHelmet
_vdla2tlws,40,576,587,151,167,DNoHelmetP1NoHelmet
_vdla2tlws,41,548,588,148,166,DNoHelmetP1NoHelmet
_vdla2tlws,42,520,589,146,165,DNoHelmetP1NoHelmet
_vdla2tlws,43,497,590,143,164,DNoHelmetP1NoHelmet
_vdla2tlws,44,473,591,141,163,DNoHelmetP1NoHelmet
_vdla2tlws,45,450,592,138,162,DNoHelmetP1NoHelmet
_vdla2tlws,46,426,593,136,161,DNoHelmetP1NoHelmet
_vdla2tlws,47,403,594,134,160,DNoHelmetP1NoHelmet
_vdla2tlws,48,379,596,132,158,DNoHelmetP1NoHelmet
_vdla2tlws,49,356,597,129,157,DNoHelmetP1NoHelmet
_vdla2tlws,50,334,598,129,156,DNoHelmetP1NoHelmet
_vdla2tlws,51,313,599,129,155,DNoHelmetP1NoHelmet
_vdla2tlws,52,291,599,129,156,DNoHelmetP1NoHelmet
_vdla2tlws,53,269,600,129,155,DNoHelmetP1NoHelmet
_vdla2tlws,54,248,601,129,154,DNoHelmetP1NoHelmet
_vdla2tlws,55,226,602,129,153,DNoHelmetP1NoHelmet
_vdla2tlws,56,204,603,132,153,DNoHelmetP1NoHelmet
_vdla2tlws,57,183,603,133,153,DNoHelmetP1NoHelmet
_vdla2tlws,58,161,603,136,153,DNoHelmetP1NoHelmet
_vdla2tlws,59,139,604,139,152,DNoHelmetP1NoHelmet
_vdla2tlws,60,118,604,140,152,DNoHelmetP1NoHelmet
_vdla2tlws,61,96,605,143,152,DNoHelmetP1NoHelmet
_vdla2tlws,62,79,606,139,151,DNoHelmetP1NoHelmet
_vdla2tlws,63,61,607,137,151,DNoHelmetP1NoHelmet
_vdla2tlws,64,44,609,133,150,DNoHelmetP1NoHelmet
_vdla2tlws,65,27,610,130,149,DNoHelmetP1NoHelmet
_vdla2tlws,66,8,610,134,149,DNoHelmetP1NoHelmet
_vdla2tlws,67,6,610,115,149,DNoHelmetP1NoHelmet
_vdla2tlws,68,4,610,96,149,DNoHelmetP1NoHelmet
_vdla2tlws,69,2,610,80,145,DNoHelmetP1NoHelmet
_vdla2tlws,70,0,611,67,147,DNoHelmetP1NoHelmet
_vdla2tlws,71,4,610,42,148,DNoHelmetP1NoHelmet
_2rj1tt2gi,22,1718,536,202,229,DHelmetP1Helmet
_2rj1tt2gi,23,1651,538,250,227,DHelmetP1Helmet
_2rj1tt2gi,24,1595,539,242,225,DHelmetP1Helmet
_2rj1tt2gi,25,1538,541,236,222,DHelmetP1Helmet
_2rj1tt2gi,26,1482,543,229,219,DHelmetP1Helmet
_2rj1tt2gi,27,1425,544,222,217,DHelmetP1Helmet
_2rj1tt2gi,28,1369,546,215,215,DHelmetP1Helmet
_2rj1tt2gi,29,1323,549,208,210,DHelmetP1Helmet
_2rj1tt2gi,30,1278,551,200,207,DHelmetP1Helmet
_2rj1tt2gi,31,1232,554,192,203,DHelmetP1Helmet
_2rj1tt2gi,32,1190,557,190,200,DHelmetP1Helmet
_2rj1tt2gi,33,1148,559,187,198,DHelmetP1Helmet
_2rj1tt2gi,34,1148,559,140,194,DHelmetP1Helmet
_2rj1tt2gi,35,1127,561,94,94,DHelmetP1Helmet
_2rj1tt2gi,36,1079,562,109,118,DHelmetP1Helmet
_2rj1tt2gi,37,1030,563,124,141,DHelmetP1Helmet
_2rj1tt2gi,38,982,565,139,164,DHelmetP1Helmet
_2rj1tt2gi,39,934,566,153,188,DHelmetP1Helmet
_2rj1tt2gi,40,903,567,153,186,DHelmetP1Helmet
_2rj1tt2gi,41,873,569,151,183,DHelmetP1Helmet
_2rj1tt2gi,42,842,571,150,180,DHelmetP1Helmet
_2rj1tt2gi,43,812,572,149,178,DHelmetP1Helmet
_2rj1tt2gi,44,781,574,148,175,DHelmetP1Helmet
_2rj1tt2gi,45,751,575,146,174,DHelmetP1Helmet
_2rj1tt2gi,46,726,576,143,172,DHelmetP1Helmet
_2rj1tt2gi,47,701,577,140,171,DHelmetP1Helmet
_2rj1tt2gi,48,676,579,137,169,DHelmetP1Helmet
_2rj1tt2gi,49,651,580,134,168,DHelmetP1Helmet
_2rj1tt2gi,50,626,581,131,166,DHelmetP1Helmet
_2rj1tt2gi,51,602,582,131,165,DHelmetP1Helmet
_2rj1tt2gi,52,577,583,132,164,DHelmetP1Helmet
_2rj1tt2gi,53,553,584,132,163,DHelmetP1Helmet
_2rj1tt2gi,54,528,584,133,163,DHelmetP1Helmet
_2rj1tt2gi,55,504,585,133,161,DHelmetP1Helmet
_2rj1tt2gi,56,479,586,134,160,DHelmetP1Helmet
_2rj1tt2gi,57,455,587,134,159,DHelmetP1Helmet
_2rj1tt2gi,58,436,588,132,158,DHelmetP1Helmet
_2rj1tt2gi,59,418,589,130,157,DHelmetP1Helmet
_2rj1tt2gi,60,399,590,128,155,DHelmetP1Helmet
_2rj1tt2gi,61,381,591,125,154,DHelmetP1Helmet
_2rj1tt2gi,62,362,592,123,153,DHelmetP1Helmet
_2rj1tt2gi,63,343,593,121,152,DHelmetP1Helmet
_2rj1tt2gi,64,325,594,118,151,DHelmetP1Helmet
_2rj1tt2gi,65,306,595,116,150,DHelmetP1Helmet
_2rj1tt2gi,66,292,597,114,146,DHelmetP1Helmet
_2rj1tt2gi,67,279,598,110,144,DHelmetP1Helmet
_2rj1tt2gi,68,265,599,108,142,DHelmetP1Helmet
_2rj1tt2gi,69,265,599,86,142,DHelmetP1Helmet
_2rj1tt2gi,70,265,599,62,67,DHelmetP1Helmet
_2rj1tt2gi,71,252,600,63,77,DHelmetP1Helmet
_2rj1tt2gi,72,239,601,64,87,DHelmetP1Helmet
_2rj1tt2gi,73,226,602,64,97,DHelmetP1Helmet
_2rj1tt2gi,74,213,602,65,108,DHelmetP1Helmet
_2rj1tt2gi,75,200,603,66,118,DHelmetP1Helmet
_2rj1tt2gi,76,187,604,67,128,DHelmetP1Helmet
_2rj1tt2gi,77,174,605,67,138,DHelmetP1Helmet
_2rj1tt2gi,78,160,605,70,138,DHelmetP1Helmet
_2rj1tt2gi,79,147,606,72,137,DHelmetP1Helmet
_2rj1tt2gi,80,134,606,75,137,DHelmetP1Helmet
_2rj1tt2gi,81,120,607,78,135,DHelmetP1Helmet
_2rj1tt2gi,82,107,607,80,135,DHelmetP1Helmet
_2rj1tt2gi,83,94,608,82,134,DHelmetP1Helmet
_2rj1tt2gi,84,80,608,85,134,DHelmetP1Helmet
_2rj1tt2gi,85,67,609,87,132,DHelmetP1Helmet
_2rj1tt2gi,86,53,609,90,132,DHelmetP1Helmet
_2rj1tt2gi,87,40,610,92,131,DHelmetP1Helmet
_2rj1tt2gi,88,27,610,94,131,DHelmetP1Helmet
_2rj1tt2gi,89,17,610,95,131,DHelmetP1Helmet
_2rj1tt2gi,90,10,610,95,131,DHelmetP1Helmet
_2rj1tt2gi,91,4,610,95,131,DHelmetP1Helmet
_2rj1tt2gi,92,5,610,88,131,DHelmetP1Helmet
_2rj1tt2gi,93,5,610,82,131,DHelmetP1Helmet
_2rj1tt2gi,94,3,610,78,131,DHelmetP1Helmet
_2rj1tt2gi,95,1,610,75,131,DHelmetP1Helmet
_2rj1tt2gi,96,2,610,69,131,DHelmetP1Helmet
_2rj1tt2gi,97,2,610,64,131,DHelmetP1Helmet
_2rj1tt2gi,98,1,610,61,131,DHelmetP1Helmet
_khjw19gm6,29,1741,553,179,182,DHelmet
_khjw19gm6,30,1686,555,220,182,DHelmet
_khjw19gm6,31,1634,554,220,181,DHelmet
_khjw19gm6,32,1585,556,216,179,DHelmet
_khjw19gm6,33,1537,558,212,177,DHelmet
_khjw19gm6,34,1489,560,207,174,DHelmet
_khjw19gm6,35,1441,562,203,172,DHelmet
_khjw19gm6,36,1433,562,157,171,DHelmet
_khjw19gm6,37,1433,562,61,90,DHelmet
_khjw19gm6,38,1374,563,87,110,DHelmet
_khjw19gm6,39,1315,564,113,130,DHelmet
_khjw19gm6,40,1256,565,140,149,DHelmet
_khjw19gm6,41,1198,566,165,169,DHelmet
_khjw19gm6,42,1167,568,162,166,DHelmet
_khjw19gm6,43,1137,570,158,164,DHelmet
_khjw19gm6,44,1107,572,154,161,DHelmet
_khjw19gm6,45,1077,575,150,157,DHelmet
_khjw19gm6,46,1046,577,147,154,DHelmet
_khjw19gm6,47,1019,578,145,153,DHelmet
_khjw19gm6,48,992,580,143,151,DHelmet
_khjw19gm6,49,964,581,142,150,DHelmet
_khjw19gm6,50,937,583,140,148,DHelmet
_khjw19gm6,51,910,585,138,146,DHelmet
_khjw19gm6,52,884,585,136,147,DHelmet
_khjw19gm6,53,858,586,134,146,DHelmet
_khjw19gm6,54,832,586,132,147,DHelmet
_khjw19gm6,55,833,587,103,136,DHelmet
_khjw19gm6,56,845,587,39,48,DHelmet
_khjw19gm6,57,815,588,45,44,DHelmet
_khjw19gm6,58,785,589,51,40,DHelmet
_khjw19gm6,59,715,589,116,137,DHelmet
_khjw19gm6,60,693,590,112,135,DHelmet
_khjw19gm6,61,674,591,112,134,DHelmet
_khjw19gm6,62,655,591,111,135,DHelmet
_khjw19gm6,63,635,592,112,135,DHelmet
_khjw19gm6,64,616,593,112,134,DHelmet
_khjw19gm6,65,597,593,112,135,DHelmet
_khjw19gm6,66,578,594,111,135,DHelmet
_khjw19gm6,67,558,595,112,134,DHelmet
_khjw19gm6,68,539,595,112,135,DHelmet
_khjw19gm6,69,521,596,112,134,DHelmet
_khjw19gm6,70,503,597,111,132,DHelmet
_khjw19gm6,71,485,598,111,131,DHelmet
_khjw19gm6,72,467,599,110,130,DHelmet
_khjw19gm6,73,450,600,110,129,DHelmet
_khjw19gm6,74,432,601,111,129,DHelmet
_khjw19gm6,75,415,601,110,130,DHelmet
_khjw19gm6,76,397,602,111,129,DHelmet
_khjw19gm6,77,381,603,111,127,DHelmet
_khjw19gm6,78,365,604,111,125,DHelmet
_khjw19gm6,79,348,605,112,123,DHelmet
_khjw19gm6,80,332,606,111,121,DHelmet
_khjw19gm6,81,318,606,110,122,DHelmet
_khjw19gm6,82,303,607,109,121,DHelmet
_khjw19gm6,83,289,607,108,121,DHelmet
_khjw19gm6,84,275,608,106,121,DHelmet
_khjw19gm6,85,261,608,105,121,DHelmet
_khjw19gm6,86,247,608,103,122,DHelmet
_khjw19gm6,87,232,609,103,121,DHelmet
_khjw19gm6,88,218,609,101,121,DHelmet
_khjw19gm6,89,204,610,100,121,DHelmet
_khjw19gm6,90,190,610,98,121,DHelmet
_khjw19gm6,91,178,610,97,121,DHelmet
_khjw19gm6,92,167,611,94,119,DHelmet
_khjw19gm6,93,155,611,93,119,DHelmet
_khjw19gm6,94,144,611,91,118,DHelmet
_khjw19gm6,95,132,611,89,118,DHelmet
_khjw19gm6,96,121,612,88,117,DHelmet
_khjw19gm6,97,110,613,87,116,DHelmet
_khjw19gm6,98,99,613,85,116,DHelmet
_khjw19gm6,99,87,614,85,115,DHelmet
_khjw19gm6,100,76,614,84,115,DHelmet
_22d1pp07s,44,1738,546,182,189,DHelmetP1Helmet
_22d1pp07s,45,1681,549,219,184,DHelmetP1Helmet
_22d1pp07s,46,1626,551,205,181,DHelmetP1Helmet
_22d1pp07s,47,1572,553,191,178,DHelmetP1Helmet
_22d1pp07s,48,1517,555,178,175,DHelmetP1Helmet
_22d1pp07s,49,1463,557,164,172,DHelmetP1Helmet
_22d1pp07s,50,1421,558,161,170,DHelmetP1Helmet
_22d1pp07s,51,1379,560,159,168,DHelmetP1Helmet
_22d1pp07s,52,1337,562,157,166,DHelmetP1Helmet
_22d1pp07s,53,1295,563,155,164,DHelmetP1Helmet
_22d1pp07s,54,1253,565,153,162,DHelmetP1Helmet
_22d1pp07s,55,1212,567,150,160,DHelmetP1Helmet
_22d1pp07s,56,1170,568,147,158,DHelmetP1Helmet
_22d1pp07s,57,1128,570,145,156,DHelmetP1Helmet
_22d1pp07s,58,1093,572,141,155,DHelmetP1Helmet
_22d1pp07s,59,1058,573,137,154,DHelmetP1Helmet
_22d1pp07s,60,1023,575,133,153,DHelmetP1Helmet
_22d1pp07s,61,988,576,129,153,DHelmetP1Helmet
_22d1pp07s,62,953,578,125,152,DHelmetP1Helmet
_22d1pp07s,63,930,579,123,151,DHelmetP1Helmet
_22d1pp07s,64,908,580,119,149,DHelmetP1Helmet
_22d1pp07s,65,886,581,116,148,DHelmetP1Helmet
_22d1pp07s,66,863,582,114,147,DHelmetP1Helmet
_22d1pp07s,67,841,583,111,146,DHelmetP1Helmet
_22d1pp07s,68,818,584,108,145,DHelmetP1Helmet
_22d1pp07s,69,796,585,105,144,DHelmetP1Helmet
_22d1pp07s,70,774,586,102,142,DHelmetP1Helmet
_22d1pp07s,71,751,587,100,141,DHelmetP1Helmet
_22d1pp07s,72,729,588,96,140,DHelmetP1Helmet
_22d1pp07s,73,707,588,93,140,DHelmetP1Helmet
_22d1pp07s,74,684,589,91,139,DHelmetP1Helmet
_22d1pp07s,75,662,590,88,137,DHelmetP1Helmet
_22d1pp07s,76,640,591,85,136,DHelmetP1Helmet
_22d1pp07s,77,617,592,87,135,DHelmetP1Helmet
_22d1pp07s,78,595,593,89,134,DHelmetP1Helmet
_22d1pp07s,79,572,594,91,133,DHelmetP1Helmet
_22d1pp07s,80,550,595,93,132,DHelmetP1Helmet
_22d1pp07s,81,527,595,96,132,DHelmetP1Helmet
_22d1pp07s,82,509,596,96,131,DHelmetP1Helmet
_22d1pp07s,83,491,597,96,130,DHelmetP1Helmet
_22d1pp07s,84,473,598,96,129,DHelmetP1Helmet
_22d1pp07s,85,454,599,98,128,DHelmetP1Helmet
_22d1pp07s,86,436,600,98,127,DHelmetP1Helmet
_22d1pp07s,87,418,601,98,126,DHelmetP1Helmet
_22d1pp07s,88,400,602,98,125,DHelmetP1Helmet
_22d1pp07s,89,382,603,98,124,DHelmetP1Helmet
_22d1pp07s,90,363,604,100,123,DHelmetP1Helmet
_22d1pp07s,91,345,605,100,122,DHelmetP1Helmet
_22d1pp07s,92,331,605,99,122,DHelmetP1Helmet
_22d1pp07s,93,318,606,97,121,DHelmetP1Helmet
_22d1pp07s,94,304,606,96,121,DHelmetP1Helmet
_22d1pp07s,95,290,606,94,121,DHelmetP1Helmet
_22d1pp07s,96,276,607,93,120,DHelmetP1Helmet
_22d1pp07s,97,263,607,91,120,DHelmetP1Helmet
_22d1pp07s,98,249,607,90,120,DHelmetP1Helmet
_22d1pp07s,99,239,607,87,121,DHelmetP1Helmet
_22d1pp07s,100,229,607,83,122,DHelmetP1Helmet
_38ixh120b,47,1702,558,218,260,DHelmetP0HelmetP1Helmet
_38ixh120b,48,1606,558,308,263,DHelmetP0HelmetP1Helmet
_38ixh120b,49,1517,562,297,257,DHelmetP0HelmetP1Helmet
_38ixh120b,50,1429,566,285,251,DHelmetP0HelmetP1Helmet
_38ixh120b,51,1353,569,275,246,DHelmetP0HelmetP1Helmet
_38ixh120b,52,1278,572,265,242,DHelmetP0HelmetP1Helmet
_38ixh120b,53,1202,575,255,237,DHelmetP0HelmetP1Helmet
_38ixh120b,54,1126,578,246,232,DHelmetP0HelmetP1Helmet
_38ixh120b,55,1050,581,237,228,DHelmetP0HelmetP1Helmet
_38ixh120b,56,990,583,228,224,DHelmetP0HelmetP1Helmet
_38ixh120b,57,930,585,220,220,DHelmetP0HelmetP1Helmet
_38ixh120b,58,871,587,211,215,DHelmetP0HelmetP1Helmet
_38ixh120b,59,811,589,203,211,DHelmetP0HelmetP1Helmet
_38ixh120b,60,751,591,194,207,DHelmetP0HelmetP1Helmet
_38ixh120b,61,700,593,193,205,DHelmetP0HelmetP1Helmet
_38ixh120b,62,649,595,192,203,DHelmetP0HelmetP1Helmet
_38ixh120b,63,598,596,192,202,DHelmetP0HelmetP1Helmet
_38ixh120b,64,547,598,191,200,DHelmetP0HelmetP1Helmet
_38ixh120b,65,496,599,190,199,DHelmetP0HelmetP1Helmet
_38ixh120b,66,455,602,182,195,DHelmetP0HelmetP1Helmet
_38ixh120b,67,414,604,173,193,DHelmetP0HelmetP1Helmet
_38ixh120b,68,373,606,165,190,DHelmetP0HelmetP1Helmet
_38ixh120b,69,332,609,157,186,DHelmetP0HelmetP1Helmet
_38ixh120b,70,295,610,157,186,DHelmetP0HelmetP1Helmet
_38ixh120b,71,258,611,157,185,DHelmetP0HelmetP1Helmet
_38ixh120b,72,221,613,157,183,DHelmetP0HelmetP1Helmet
_38ixh120b,73,185,614,155,183,DHelmetP0HelmetP1Helmet
_38ixh120b,74,153,615,152,180,DHelmetP0HelmetP1Helmet
_38ixh120b,75,122,617,147,176,DHelmetP0HelmetP1Helmet
_38ixh120b,76,91,618,142,173,DHelmetP0HelmetP1Helmet
_38ixh120b,77,91,618,106,124,DHelmetP0HelmetP1Helmet
_38ixh120b,78,92,618,76,68,DHelmetP0HelmetP1Helmet
_ei577j7yb,49,1785,545,135,210,DNoHelmet
_ei577j7yb,50,1687,545,213,210,DNoHelmet
_ei577j7yb,51,1607,547,216,208,DNoHelmet
_ei577j7yb,52,1527,550,219,204,DNoHelmet
_ei577j7yb,53,1463,553,209,199,DNoHelmet
_ei577j7yb,54,1400,555,198,195,DNoHelmet
_ei577j7yb,55,1344,557,197,194,DNoHelmet
_ei577j7yb,56,1289,558,194,193,DNoHelmet
_ei577j7yb,57,1250,559,177,191,DNoHelmet
_ei577j7yb,58,1211,559,160,190,DNoHelmet
_ei577j7yb,59,1215,562,56,81,DNoHelmet
_ei577j7yb,60,1170,563,55,81,DNoHelmet
_ei577j7yb,61,1120,561,56,81,DNoHelmet
_ei577j7yb,62,1002,574,170,175,DNoHelmet
_ei577j7yb,63,964,575,166,174,DNoHelmet
_ei577j7yb,64,926,576,163,173,DNoHelmet
_ei577j7yb,65,888,577,160,172,DNoHelmet
_ei577j7yb,66,850,578,156,171,DNoHelmet
_ei577j7yb,67,812,580,153,169,DNoHelmet
_ei577j7yb,68,773,581,151,168,DNoHelmet
_ei577j7yb,69,741,582,150,167,DNoHelmet
_ei577j7yb,70,709,583,149,166,DNoHelmet
_ei577j7yb,71,677,585,147,164,DNoHelmet
_ei577j7yb,72,645,586,146,163,DNoHelmet
_ei577j7yb,73,613,587,145,162,DNoHelmet
_ei577j7yb,74,589,588,140,161,DNoHelmet
_ei577j7yb,75,565,589,135,160,DNoHelmet
_ei577j7yb,76,542,589,130,160,DNoHelmet
_ei577j7yb,77,518,590,125,159,DNoHelmet
_ei577j7yb,78,496,591,123,157,DNoHelmet
_ei577j7yb,79,474,593,121,154,DNoHelmet
_ei577j7yb,80,453,594,118,152,DNoHelmet
_ei577j7yb,81,431,595,116,150,DNoHelmet
_ei577j7yb,82,424,597,92,105,DNoHelmet
_ei577j7yb,83,431,593,49,58,DNoHelmet
_ei577j7yb,84,415,590,41,53,DNoHelmet
_ei577j7yb,85,391,592,51,68,DNoHelmet
_ei577j7yb,86,367,593,61,83,DNoHelmet
_ei577j7yb,87,342,595,72,98,DNoHelmet
_ei577j7yb,88,318,596,82,114,DNoHelmet
_ei577j7yb,89,294,598,92,129,DNoHelmet
_ei577j7yb,90,270,599,103,144,DNoHelmet
_ei577j7yb,91,257,600,102,143,DNoHelmet
_ei577j7yb,92,244,600,101,143,DNoHelmet
_ei577j7yb,93,232,601,99,142,DNoHelmet
_ei577j7yb,94,219,602,98,141,DNoHelmet
_ei577j7yb,95,206,602,98,141,DNoHelmet
_ei577j7yb,96,193,603,97,140,DNoHelmet
_ei577j7yb,97,180,603,96,140,DNoHelmet
_ei577j7yb,98,167,604,95,139,DNoHelmet
_ei577j7yb,99,155,604,93,139,DNoHelmet
_ei577j7yb,100,142,605,93,138,DNoHelmet
_4uad9rayg,52,1786,551,134,190,DHelmetP0NoHelmet
_4uad9rayg,53,1724,554,196,187,DHelmetP0NoHelmet
_4uad9rayg,54,1724,554,150,183,DHelmetP0NoHelmet
_4uad9rayg,55,1594,554,150,183,DHelmetP0NoHelmet
_4uad9rayg,56,1534,554,206,188,DHelmetP0NoHelmet
_4uad9rayg,57,1482,557,201,183,DHelmetP0NoHelmet
_4uad9rayg,58,1430,559,196,178,DHelmetP0NoHelmet
_4uad9rayg,59,1378,562,191,173,DHelmetP0NoHelmet
_4uad9rayg,60,1336,564,186,171,DHelmetP0NoHelmet
_4uad9rayg,61,1293,566,182,170,DHelmetP0NoHelmet
_4uad9rayg,62,1251,568,177,168,DHelmetP0NoHelmet
_4uad9rayg,63,1208,570,174,166,DHelmetP0NoHelmet
_4uad9rayg,64,1165,573,170,164,DHelmetP0NoHelmet
_4uad9rayg,65,1132,574,166,163,DHelmetP0NoHelmet
_4uad9rayg,66,1098,576,163,161,DHelmetP0NoHelmet
_4uad9rayg,67,1064,577,160,160,DHelmetP0NoHelmet
_4uad9rayg,68,1030,579,157,158,DHelmetP0NoHelmet
_4uad9rayg,69,996,580,154,157,DHelmetP0NoHelmet
_4uad9rayg,70,962,582,151,155,DHelmetP0NoHelmet
_4uad9rayg,71,935,583,147,153,DHelmetP0NoHelmet
_4uad9rayg,72,908,583,144,153,DHelmetP0NoHelmet
_4uad9rayg,73,881,584,140,152,DHelmetP0NoHelmet
_4uad9rayg,74,854,585,137,150,DHelmetP0NoHelmet
_4uad9rayg,75,831,586,136,149,DHelmetP0NoHelmet
_4uad9rayg,76,808,587,134,149,DHelmetP0NoHelmet
_4uad9rayg,77,785,588,133,148,DHelmetP0NoHelmet
_4uad9rayg,78,762,589,132,147,DHelmetP0NoHelmet
_4uad9rayg,79,739,590,130,146,DHelmetP0NoHelmet
_4uad9rayg,80,716,591,129,146,DHelmetP0NoHelmet
_4uad9rayg,81,693,592,127,144,DHelmetP0NoHelmet
_4uad9rayg,82,669,592,127,143,DHelmetP0NoHelmet
_4uad9rayg,83,646,593,125,141,DHelmetP0NoHelmet
_4uad9rayg,84,626,594,123,140,DHelmetP0NoHelmet
_4uad9rayg,85,606,595,120,139,DHelmetP0NoHelmet
_4uad9rayg,86,586,596,118,138,DHelmetP0NoHelmet
_4uad9rayg,87,566,597,115,137,DHelmetP0NoHelmet
_4uad9rayg,88,546,598,112,136,DHelmetP0NoHelmet
_4uad9rayg,89,526,599,110,135,DHelmetP0NoHelmet
_4uad9rayg,90,506,600,107,134,DHelmetP0NoHelmet
_4uad9rayg,91,486,601,105,133,DHelmetP0NoHelmet
_4uad9rayg,92,470,601,104,133,DHelmetP0NoHelmet
_4uad9rayg,93,454,602,103,132,DHelmetP0NoHelmet
_4uad9rayg,94,438,603,102,130,DHelmetP0NoHelmet
_4uad9rayg,95,422,604,101,129,DHelmetP0NoHelmet
_4uad9rayg,96,406,604,100,129,DHelmetP0NoHelmet
_4uad9rayg,97,390,605,99,128,DHelmetP0NoHelmet
_4uad9rayg,98,374,606,98,127,DHelmetP0NoHelmet
_4uad9rayg,99,358,607,97,126,DHelmetP0NoHelmet
_4uad9rayg,100,342,607,96,126,DHelmetP0NoHelmet
_ix2zl9d8m,58,1773,546,147,184,DHelmet
_ix2zl9d8m,59,1698,549,212,184,DHelmet
_ix2zl9d8m,60,1625,549,208,178,DHelmet
_ix2zl9d8m,61,1563,551,202,176,DHelmet
_ix2zl9d8m,62,1502,554,195,173,DHelmet
_ix2zl9d8m,63,1441,557,188,170,DHelmet
_ix2zl9d8m,64,1379,560,182,167,DHelmet
_ix2zl9d8m,65,1318,563,175,164,DHelmet
_ix2zl9d8m,66,1265,566,172,163,DHelmet
_ix2zl9d8m,67,1211,569,171,161,DHelmet
_ix2zl9d8m,68,1172,570,160,158,DHelmet
_ix2zl9d8m,69,1132,571,151,155,DHelmet
_ix2zl9d8m,70,1096,573,140,153,DHelmet
_ix2zl9d8m,71,1060,575,129,152,DHelmet
_ix2zl9d8m,72,1024,577,118,150,DHelmet
_ix2zl9d8m,73,992,579,110,149,DHelmet
_ix2zl9d8m,74,961,581,102,148,DHelmet
_ix2zl9d8m,75,930,583,93,147,DHelmet
_ix2zl9d8m,76,901,585,89,145,DHelmet
_ix2zl9d8m,77,872,586,86,144,DHelmet
_ix2zl9d8m,78,843,587,82,143,DHelmet
_ix2zl9d8m,79,823,587,71,142,DHelmet
