track_id,frame_id,x,y,w,h,label
_nq8jaibwv,1,624,497,114,201,DHelmet
_nq8jaibwv,2,594,496,109,196,DHelmet
_nq8jaibwv,3,563,495,106,191,DHelmet
_nq8jaibwv,4,535,494,103,186,DHelmet
_nq8jaibwv,5,508,492,99,181,DHelmet
_nq8jaibwv,6,480,491,97,178,DHelmet
_nq8jaibwv,7,457,491,94,173,DHelmet
_nq8jaibwv,8,434,490,91,170,DHelmet
_nq8jaibwv,9,410,489,89,166,DHelmet
_nq8jaibwv,10,391,488,86,162,DHelmet
_nq8jaibwv,11,372,486,83,159,DHelmet
_nq8jaibwv,12,352,485,81,155,DHelmet
_nq8jaibwv,13,337,484,79,152,DHelmet
_nq8jaibwv,14,322,484,76,148,DHelmet
_nq8jaibwv,15,307,484,74,145,DHelmet
_nq8jaibwv,16,292,483,71,142,DHelmet
_nq8jaibwv,17,280,483,68,138,DHelmet
_nq8jaibwv,18,267,482,66,136,DHelmet
_nq8jaibwv,19,255,482,63,132,DHelmet
_nq8jaibwv,20,244,481,63,131,DHelmet
_nq8jaibwv,21,233,481,64,128,DHelmet
_nq8jaibwv,22,222,480,64,127,DHelmet
_nq8jaibwv,23,212,480,63,124,DHelmet
_nq8jaibwv,24,201,479,64,123,DHelmet
_nq8jaibwv,25,193,478,62,122,DHelmet
_nq8jaibwv,26,185,478,61,119,DHelmet
_nq8jaibwv,27,178,477,58,118,DHelmet
_nq8jaibwv,28,170,477,57,115,DHelmet
_nq8jaibwv,29,162,476,55,114,DHelmet
_nq8jaibwv,30,154,476,55,112,DHelmet
_nq8jaibwv,31,147,475,54,112,DHelmet
_nq8jaibwv,32,139,475,54,110,DHelmet
_nq8jaibwv,33,132,475,53,108,DHelmet
_nq8jaibwv,34,124,474,53,108,DHelmet
_nq8jaibwv,35,116,474,53,106,DHelmet
_nq8jaibwv,36,109,474,52,105,DHelmet
_nq8jaibwv,37,101,473,51,104,DHelmet
_nq8jaibwv,38,94,473,50,102,DHelmet
_898lb8ejt,1,267,485,70,142,DHelmet
_898lb8ejt,2,248,484,68,139,DHelmet
_898lb8ejt,3,228,482,66,137,DHelmet
_898lb8ejt,4,208,481,65,133,DHelmet
_898lb8ejt,5,190,480,63,130,DHelmet
_898lb8ejt,6,172,479,61,127,DHelmet
_898lb8ejt,7,157,479,59,124,DHelmet
_898lb8ejt,8,142,478,57,121,DHelmet
_898lb8ejt,9,130,478,56,117,DHelmet
_898lb8ejt,10,119,477,54,115,DHelmet
_898lb8ejt,11,108,477,52,111,DHelmet
_898lb8ejt,12,98,477,50,108,DHelmet
_898lb8ejt,13,88,477,49,105,DHelmet
_898lb8ejt,14,80,476,48,103,DHelmet
_898lb8ejt,15,71,475,47,102,DHelmet
_898lb8ejt,16,63,474,46,100,DHelmet
_898lb8ejt,17,54,473,46,99,DHelmet
_ij48bzmpq,3,942,522,160,237,DHelmetP1Helmet
_ij48bzmpq,4,896,521,156,228,DHelmetP1Helmet
_ij48bzmpq,5,850,520,150,220,DHelmetP1Helmet
_ij48bzmpq,6,810,517,143,215,DHelmetP1Helmet
_ij48bzmpq,7,769,514,137,209,DHelmetP1Helmet
_ij48bzmpq,8,733,512,130,201,DHelmetP1Helmet
_ij48bzmpq,9,696,511,124,192,DHelmetP1Helmet
_ij48bzmpq,10,664,508,119,190,DHelmetP1Helmet
_ij48bzmpq,11,632,506,113,187,DHelmetP1Helmet
_ij48bzmpq,12,603,505,108,181,DHelmetP1Helmet
_ij48bzmpq,13,573,505,104,175,DHelmetP1Helmet
_ij48bzmpq,14,546,503,101,171,DHelmetP1Helmet
_ij48bzmpq,15,518,500,99,168,DHelmetP1Helmet
_ij48bzmpq,16,494,500,97,164,DHelmetP1Helmet
_ij48bzmpq,17,470,499,94,160,DHelmetP1Helmet
_ij48bzmpq,18,446,498,92,156,DHelmetP1Helmet
_ij48bzmpq,19,422,498,90,152,DHelmetP1Helmet
_ij48bzmpq,20,402,497,88,148,DHelmetP1Helmet
_ij48bzmpq,21,383,496,86,145,DHelmetP1Helmet
_ij48bzmpq,22,363,495,84,141,DHelmetP1Helmet
_ij48bzmpq,23,344,495,82,137,DHelmetP1Helmet
_ij48bzmpq,24,327,494,81,134,DHelmetP1Helmet
_ij48bzmpq,25,311,493,79,132,DHelmetP1Helmet
_ij48bzmpq,26,295,492,77,130,DHelmetP1Helmet
_ij48bzmpq,27,278,491,76,128,DHelmetP1Helmet
_ij48bzmpq,28,265,490,74,126,DHelmetP1Helmet
_ij48bzmpq,29,251,489,73,124,DHelmetP1Helmet
_ij48bzmpq,30,238,488,71,121,DHelmetP1Helmet
_ij48bzmpq,31,226,487,70,120,DHelmetP1Helmet
_ij48bzmpq,32,214,487,68,118,DHelmetP1Helmet
_ij48bzmpq,33,202,486,67,116,DHelmetP1Helmet
_ij48bzmpq,34,192,485,67,115,DHelmetP1Helmet
_ij48bzmpq,35,182,485,66,112,DHelmetP1Helmet
_ij48bzmpq,36,173,484,64,111,DHelmetP1Helmet
_ij48bzmpq,37,163,484,64,108,DHelmetP1Helmet
_ij48bzmpq,38,154,483,62,107,DHelmetP1Helmet
_ij48bzmpq,39,147,483,61,105,DHelmetP1Helmet
_ij48bzmpq,40,139,482,61,103,DHelmetP1Helmet
_ij48bzmpq,41,132,482,59,101,DHelmetP1Helmet
_azphzg6q1,11,705,514,85,154,DHelmetP1Helmet
_azphzg6q1,12,679,513,83,149,DHelmetP1Helmet
_azphzg6q1,13,654,512,80,145,DHelmetP1Helmet
_azphzg6q1,14,628,510,80,142,DHelmetP1Helmet
_azphzg6q1,15,602,509,80,139,DHelmetP1Helmet
_azphzg6q1,16,580,506,78,140,DHelmetP1Helmet
_azphzg6q1,17,559,504,76,139,DHelmetP1Helmet
_azphzg6q1,18,540,503,73,135,DHelmetP1Helmet
_azphzg6q1,19,520,503,71,130,DHelmetP1Helmet
_azphzg6q1,20,499,502,71,128,DHelmetP1Helmet
_azphzg6q1,21,479,502,69,124,DHelmetP1Helmet
_azphzg6q1,22,459,500,70,123,DHelmetP1Helmet
_azphzg6q1,23,440,498,70,121,DHelmetP1Helmet
_azphzg6q1,24,424,498,68,119,DHelmetP1Helmet
_azphzg6q1,25,408,497,66,118,DHelmetP1Helmet
_azphzg6q1,26,391,496,65,117,DHelmetP1Helmet
_azphzg6q1,27,375,495,63,116,DHelmetP1Helmet
_azphzg6q1,28,359,495,61,114,DHelmetP1Helmet
_azphzg6q1,29,343,494,60,113,DHelmetP1Helmet
_azphzg6q1,30,327,493,58,111,DHelmetP1Helmet
_azphzg6q1,31,312,492,57,109,DHelmetP1Helmet
_azphzg6q1,32,298,491,55,109,DHelmetP1Helmet
_azphzg6q1,33,284,491,53,107,DHelmetP1Helmet
_azphzg6q1,34,270,490,51,106,DHelmetP1Helmet
_b5xqdrbzo,5,1118,521,185,249,DHelmet
_b5xqdrbzo,6,1066,519,171,232,DHelmet
_b5xqdrbzo,7,1015,519,174,228,DHelmet
_b5xqdrbzo,8,969,517,167,223,DHelmet
_b5xqdrbzo,9,923,514,160,219,DHelmet
_b5xqdrbzo,10,882,512,152,213,DHelmet
_b5xqdrbzo,11,840,511,145,206,DHelmet
_b5xqdrbzo,12,804,509,137,200,DHelmet
_b5xqdrbzo,13,767,507,131,194,DHelmet
_b5xqdrbzo,14,734,505,126,191,DHelmet
_b5xqdrbzo,15,701,504,121,187,DHelmet
_b5xqdrbzo,16,670,503,117,182,DHelmet
_b5xqdrbzo,17,640,502,111,178,DHelmet
_b5xqdrbzo,18,613,501,108,173,DHelmet
_b5xqdrbzo,19,585,499,106,170,DHelmet
_b5xqdrbzo,20,558,498,103,165,DHelmet
_b5xqdrbzo,21,532,496,100,163,DHelmet
_b5xqdrbzo,22,506,495,97,159,DHelmet
_b5xqdrbzo,23,485,494,93,157,DHelmet
_b5xqdrbzo,24,463,493,90,154,DHelmet
_b5xqdrbzo,25,442,492,86,152,DHelmet
_b5xqdrbzo,26,425,491,83,149,DHelmet
_b5xqdrbzo,27,408,490,80,146,DHelmet
_b5xqdrbzo,28,391,489,77,143,DHelmet
_b5xqdrbzo,29,373,489,76,139,DHelmet
_b5xqdrbzo,30,356,488,73,136,DHelmet
_b5xqdrbzo,31,339,487,73,134,DHelmet
_b5xqdrbzo,32,321,486,75,131,DHelmet
_b5xqdrbzo,33,303,485,76,129,DHelmet
_b5xqdrbzo,34,291,485,72,127,DHelmet
_b5xqdrbzo,35,279,485,69,124,DHelmet
_b5xqdrbzo,36,267,485,65,122,DHelmet
_b5xqdrbzo,37,254,484,64,121,DHelmet
_b5xqdrbzo,38,241,484,63,118,DHelmet
_b5xqdrbzo,39,228,483,63,117,DHelmet
_b5xqdrbzo,40,218,483,61,115,DHelmet
_b5xqdrbzo,41,207,482,60,113,DHelmet
_b5xqdrbzo,42,196,481,59,112,DHelmet
_5quy4yecf,8,1211,537,183,268,DHelmet
_5quy4yecf,9,1149,538,209,273,DHelmet
_5quy4yecf,10,1090,533,195,262,DHelmet
_5quy4yecf,11,1035,530,185,253,DHelmet
_5quy4yecf,12,980,527,175,244,DHelmet
_5quy4yecf,13,931,524,168,236,DHelmet
_5quy4yecf,14,883,522,160,227,DHelmet
_5quy4yecf,15,838,520,154,220,DHelmet
_5quy4yecf,16,794,518,148,213,DHelmet
_5quy4yecf,17,756,517,140,206,DHelmet
_5quy4yecf,18,718,515,132,200,DHelmet
_5quy4yecf,19,683,512,127,195,DHelmet
_5quy4yecf,20,648,508,121,191,DHelmet
_5quy4yecf,21,618,506,116,187,DHelmet
_5quy4yecf,22,588,504,110,182,DHelmet
_5quy4yecf,23,562,503,105,178,DHelmet
_5quy4yecf,24,536,503,101,173,DHelmet
_5quy4yecf,25,512,502,98,169,DHelmet
_5quy4yecf,26,488,501,95,165,DHelmet
_5quy4yecf,27,467,500,92,161,DHelmet
_5quy4yecf,28,446,500,90,155,DHelmet
_5quy4yecf,29,428,499,87,153,DHelmet
_5quy4yecf,30,411,498,83,150,DHelmet
_5quy4yecf,31,396,497,81,147,DHelmet
_5quy4yecf,32,381,496,78,144,DHelmet
_5quy4yecf,33,368,495,76,142,DHelmet
_5quy4yecf,34,354,495,75,139,DHelmet
_5quy4yecf,35,341,494,73,136,DHelmet
_5quy4yecf,36,330,493,72,134,DHelmet
_5quy4yecf,37,319,492,70,131,DHelmet
_5quy4yecf,38,308,492,70,129,DHelmet
_5quy4yecf,39,298,491,69,128,DHelmet
_5quy4yecf,40,288,491,68,126,DHelmet
_5quy4yecf,41,277,490,68,124,DHelmet
_5quy4yecf,42,267,490,66,122,DHelmet
_5quy4yecf,43,256,489,66,121,DHelmet
_5quy4yecf,44,246,489,65,119,DHelmet
_5quy4yecf,45,236,488,64,117,DHelmet
_5quy4yecf,46,225,488,64,115,DHelmet
_5quy4yecf,47,215,487,63,114,DHelmet
_5quy4yecf,48,204,487,63,111,DHelmet
_5quy4yecf,49,194,486,62,110,DHelmet
_5quy4yecf,50,185,486,60,108,DHelmet
_5quy4yecf,51,176,485,59,107,DHelmet
_5quy4yecf,52,168,484,57,106,DHelmet
_5quy4yecf,53,159,483,55,104,DHelmet
_5quy4yecf,54,151,482,54,103,DHelmet
_5quy4yecf,55,144,481,52,102,DHelmet
_5quy4yecf,56,136,480,51,101,DHelmet
_amujlh181,46,1809,540,111,278,DHelmet
_amujlh181,47,1770,539,150,278,DHelmet
_amujlh181,48,1738,539,182,270,DHelmet
_amujlh181,49,1716,538,204,270,DHelmet
_amujlh181,50,1668,538,195,259,DHelmet
_amujlh181,51,1648,536,188,256,DHelmet
_amujlh181,52,1622,535,182,253,DHelmet
_amujlh181,53,1602,535,176,249,DHelmet
_amujlh181,54,1582,534,170,246,DHelmet
_amujlh181,55,1562,534,163,243,DHelmet
_amujlh181,56,1542,533,157,240,DHelmet
_amujlh181,57,1522,533,151,236,DHelmet
_amujlh181,58,1510,532,144,233,DHelmet
_amujlh181,59,1498,531,137,230,DHelmet
_amujlh181,60,1485,530,132,227,DHelmet
_amujlh181,61,1480,529,129,223,DHelmet
_amujlh181,62,1475,528,126,220,DHelmet
_amujlh181,63,1471,527,121,217,DHelmet
_amujlh181,64,1473,526,111,214,DHelmet
_amujlh181,65,1476,525,100,211,DHelmet
_amujlh181,66,1480,524,102,209,DHelmet
_amujlh181,67,1483,523,105,208,DHelmet
_amujlh181,68,1487,521,107,208,DHelmet
_amujlh181,69,1491,520,109,206,DHelmet
_amujlh181,70,1494,518,112,206,DHelmet
_amujlh181,71,1498,517,113,204,DHelmet
_amujlh181,72,1501,515,116,204,DHelmet
_amujlh181,73,1505,514,118,203,DHelmet
_amujlh181,74,1508,512,121,202,DHelmet
_amujlh181,75,1512,511,123,201,DHelmet
_amujlh181,76,1516,509,125,201,DHelmet
_amujlh181,77,1519,508,128,199,DHelmet
_amujlh181,78,1523,506,130,199,DHelmet
_amujlh181,79,1526,505,133,197,DHelmet
_amujlh181,80,1535,502,132,196,DHelmet
_amujlh181,81,1544,499,131,194,DHelmet
_amujlh181,82,1549,498,134,194,DHelmet
_amujlh181,83,1555,497,136,194,DHelmet
_amujlh181,84,1560,497,139,193,DHelmet
_amujlh181,85,1566,496,141,193,DHelmet
_amujlh181,86,1574,495,146,193,DHelmet
_amujlh181,87,1581,494,148,193,DHelmet
_amujlh181,88,1588,493,151,194,DHelmet
_amujlh181,89,1595,493,153,193,DHelmet
_amujlh181,90,1602,492,156,193,DHelmet
_amujlh181,91,1608,491,160,193,DHelmet
_amujlh181,92,1615,491,162,193,DHelmet
_amujlh181,93,1622,490,165,193,DHelmet
_amujlh181,94,1629,489,167,193,DHelmet
_amujlh181,95,1636,489,170,193,DHelmet
_amujlh181,96,1642,488,172,193,DHelmet
_amujlh181,97,1649,487,173,193,DHelmet
_amujlh181,98,1651,486,175,193,DHelmet
_amujlh181,99,1652,486,178,192,DHelmet
_amujlh181,100,1654,485,179,192,DHelmet
_ggvqehzrz,15,1573,552,219,314,DHelmet
_ggvqehzrz,16,1482,547,278,329,DHelmet
_ggvqehzrz,17,1395,541,257,318,DHelmet
_ggvqehzrz,18,1320,537,238,304,DHelmet
_ggvqehzrz,19,1245,533,219,291,DHelmet
_ggvqehzrz,20,1180,530,204,279,DHelmet
_ggvqehzrz,21,1115,527,188,266,DHelmet
_ggvqehzrz,22,1058,524,178,257,DHelmet
_ggvqehzrz,23,1001,521,167,248,DHelmet
_ggvqehzrz,24,952,519,156,239,DHelmet
_ggvqehzrz,25,902,517,146,230,DHelmet
_ggvqehzrz,26,859,513,139,224,DHelmet
_ggvqehzrz,27,816,510,132,218,DHelmet
_ggvqehzrz,28,776,508,126,211,DHelmet
_ggvqehzrz,29,737,505,118,205,DHelmet
_ggvqehzrz,30,704,505,111,198,DHelmet
_ggvqehzrz,31,671,504,108,193,DHelmet
_ggvqehzrz,32,638,504,105,186,DHelmet
_ggvqehzrz,33,609,503,102,181,DHelmet
_ggvqehzrz,34,580,503,98,174,DHelmet
_ggvqehzrz,35,555,501,96,171,DHelmet
_ggvqehzrz,36,531,500,92,166,DHelmet
_ggvqehzrz,37,508,498,89,163,DHelmet
_ggvqehzrz,38,485,497,87,158,DHelmet
_ggvqehzrz,39,466,495,84,156,DHelmet
_ggvqehzrz,40,446,494,82,153,DHelmet
_ggvqehzrz,41,427,492,79,150,DHelmet
_ggvqehzrz,42,408,491,77,147,DHelmet
_ggvqehzrz,43,391,491,75,144,DHelmet
_ggvqehzrz,44,375,490,73,141,DHelmet
_ggvqehzrz,45,359,490,71,137,DHelmet
_ggvqehzrz,46,342,489,70,135,DHelmet
_ggvqehzrz,47,328,489,68,131,DHelmet
_ggvqehzrz,48,314,488,66,129,DHelmet
_ggvqehzrz,49,299,487,65,127,DHelmet
_ggvqehzrz,50,285,487,64,124,DHelmet
_ggvqehzrz,51,273,486,62,123,DHelmet
_ggvqehzrz,52,261,486,61,121,DHelmet
_ggvqehzrz,53,249,485,60,120,DHelmet
_ggvqehzrz,54,237,485,58,117,DHelmet
_ggvqehzrz,55,226,484,58,116,DHelmet
_ggvqehzrz,56,216,484,56,114,DHelmet
_ggvqehzrz,57,205,483,55,113,DHelmet
_ggvqehzrz,58,196,483,55,111,DHelmet
_ggvqehzrz,59,188,482,53,110,DHelmet
_ggvqehzrz,60,179,481,53,109,DHelmet
_ggvqehzrz,61,171,481,54,107,DHelmet
_ggvqehzrz,62,164,480,54,106,DHelmet
_ggvqehzrz,63,156,480,55,104,DHelmet
_ggvqehzrz,64,149,479,54,103,DHelmet
_ggvqehzrz,65,141,479,55,101,DHelmet
_rwx4qnuol,22,1713,546,207,338,DHelmet
_rwx4qnuol,23,1628,542,292,337,DHelmet
_rwx4qnuol,24,1545,540,285,320,DHelmet
_rwx4qnuol,25,1478,537,262,310,DHelmet
_rwx4qnuol,26,1411,534,240,300,DHelmet
_rwx4qnuol,27,1347,532,227,288,DHelmet
_rwx4qnuol,28,1284,530,212,276,DHelmet
_rwx4qnuol,29,1229,527,200,267,DHelmet
_rwx4qnuol,30,1174,523,189,259,DHelmet
_rwx4qnuol,31,1128,520,177,251,DHelmet
_rwx4qnuol,32,1082,517,166,244,DHelmet
_rwx4qnuol,33,1039,516,160,235,DHelmet
_rwx4qnuol,34,997,514,152,227,DHelmet
_rwx4qnuol,35,960,513,145,220,DHelmet
_rwx4qnuol,36,922,512,140,213,DHelmet
_rwx4qnuol,37,885,511,138,208,DHelmet
_rwx4qnuol,38,848,510,137,202,DHelmet
_rwx4qnuol,39,821,508,128,198,DHelmet
_rwx4qnuol,40,794,506,120,193,DHelmet
_rwx4qnuol,41,764,505,118,189,DHelmet
_rwx4qnuol,42,735,504,114,185,DHelmet
_rwx4qnuol,43,708,503,112,181,DHelmet
_rwx4qnuol,44,682,503,108,175,DHelmet
_rwx4qnuol,45,657,502,105,172,DHelmet
_rwx4qnuol,46,632,500,103,170,DHelmet
_rwx4qnuol,47,612,499,98,167,DHelmet
_rwx4qnuol,48,591,498,94,164,DHelmet
_rwx4qnuol,49,571,497,88,161,DHelmet
_rwx4qnuol,50,553,496,85,158,DHelmet
_rwx4qnuol,51,534,496,83,155,DHelmet
_rwx4qnuol,52,517,495,81,152,DHelmet
_rwx4qnuol,53,501,494,77,149,DHelmet
_rwx4qnuol,54,486,494,76,146,DHelmet
_rwx4qnuol,55,472,493,73,144,DHelmet
_rwx4qnuol,56,458,493,71,140,DHelmet
_rwx4qnuol,57,444,492,68,138,DHelmet
_rwx4qnuol,58,432,491,67,137,DHelmet
_rwx4qnuol,59,420,490,66,135,DHelmet
_rwx4qnuol,60,408,489,66,134,DHelmet
_rwx4qnuol,61,397,488,64,133,DHelmet
_rwx4qnuol,62,386,488,63,130,DHelmet
_rwx4qnuol,63,375,488,62,128,DHelmet
_rwx4qnuol,64,364,488,61,125,DHelmet
_rwx4qnuol,65,354,487,59,123,DHelmet
_rwx4qnuol,66,344,487,58,121,DHelmet
_rwx4qnuol,67,334,487,57,119,DHelmet
_rwx4qnuol,68,324,486,56,118,DHelmet
_rwx4qnuol,69,314,486,55,115,DHelmet
_rwx4qnuol,70,305,486,55,114,DHelmet
_rwx4qnuol,71,296,485,54,113,DHelmet
_rwx4qnuol,72,287,485,54,111,DHelmet
_rwx4qnuol,73,278,485,54,110,DHelmet
_rwx4qnuol,74,270,484,53,108,DHelmet
_rwx4qnuol,75,262,483,53,107,DHelmet
_rwx4qnuol,76,254,483,53,105,DHelmet
_rwx4qnuol,77,246,482,52,104,DHelmet
_rwx4qnuol,78,239,481,51,104,DHelmet
_rwx4qnuol,79,231,480,50,103,DHelmet
_rwx4qnuol,80,225,481,50,101,DHelmet
_rwx4qnuol,81,219,481,49,100,DHelmet
_ku1rmuwz0,30,1619,550,301,369,DHelmetP1Helmet
_ku1rmuwz0,31,1526,548,321,349,DHelmetP1Helmet
_ku1rmuwz0,32,1445,545,285,333,DHelmetP1Helmet
_ku1rmuwz0,33,1370,540,260,320,DHelmetP1Helmet
_ku1rmuwz0,34,1302,535,236,307,DHelmetP1Helmet
_ku1rmuwz0,35,1243,532,218,294,DHelmetP1Helmet
_ku1rmuwz0,36,1183,529,202,281,DHelmetP1Helmet
_ku1rmuwz0,37,1131,527,187,270,DHelmetP1Helmet
_ku1rmuwz0,38,1079,525,173,259,DHelmetP1Helmet
_ku1rmuwz0,39,1036,523,161,250,DHelmetP1Helmet
_ku1rmuwz0,40,993,521,149,241,DHelmetP1Helmet
_ku1rmuwz0,41,954,519,141,231,DHelmetP1Helmet
_ku1rmuwz0,42,915,517,133,222,DHelmetP1Helmet
_ku1rmuwz0,43,879,515,128,216,DHelmetP1Helmet
_ku1rmuwz0,44,844,513,121,211,DHelmetP1Helmet
_ku1rmuwz0,45,810,511,119,204,DHelmetP1Helmet
_ku1rmuwz0,46,776,509,117,197,DHelmetP1Helmet
_ku1rmuwz0,47,744,509,113,190,DHelmetP1Helmet
_ku1rmuwz0,48,713,508,109,184,DHelmetP1Helmet
_ku1rmuwz0,49,684,506,106,181,DHelmetP1Helmet
_ku1rmuwz0,50,654,503,105,179,DHelmetP1Helmet
_ku1rmuwz0,51,627,502,101,174,DHelmetP1Helmet
_ku1rmuwz0,52,599,500,99,170,DHelmetP1Helmet
_ku1rmuwz0,53,572,500,96,165,DHelmetP1Helmet
_ku1rmuwz0,54,544,499,94,161,DHelmetP1Helmet
_ku1rmuwz0,55,516,498,93,158,DHelmetP1Helmet
_ku1rmuwz0,56,491,497,90,154,DHelmetP1Helmet
_ku1rmuwz0,57,465,495,88,152,DHelmetP1Helmet
_ku1rmuwz0,58,443,494,85,148,DHelmetP1Helmet
_ku1rmuwz0,59,420,493,83,145,DHelmetP1Helmet
_ku1rmuwz0,60,397,491,81,142,DHelmetP1Helmet
_ku1rmuwz0,61,378,491,79,139,DHelmetP1Helmet
_ku1rmuwz0,62,358,490,77,136,DHelmetP1Helmet
_ku1rmuwz0,63,338,490,75,133,DHelmetP1Helmet
_ku1rmuwz0,64,319,489,72,130,DHelmetP1Helmet
_ku1rmuwz0,65,303,488,71,128,DHelmetP1Helmet
_ku1rmuwz0,66,288,487,68,126,DHelmetP1Helmet
_ku1rmuwz0,67,273,487,66,124,DHelmetP1Helmet
_ku1rmuwz0,68,258,486,64,122,DHelmetP1Helmet
_ku1rmuwz0,69,242,485,62,120,DHelmetP1Helmet
_ku1rmuwz0,70,230,485,60,117,DHelmetP1Helmet
_ku1rmuwz0,71,218,484,58,116,DHelmetP1Helmet
_ku1rmuwz0,72,206,484,56,114,DHelmetP1Helmet
_ku1rmuwz0,73,194,484,54,111,DHelmetP1Helmet
_ku1rmuwz0,74,186,483,53,110,DHelmetP1Helmet
_ku1rmuwz0,75,178,483,52,107,DHelmetP1Helmet
_ku1rmuwz0,76,170,482,51,106,DHelmetP1Helmet
_ku1rmuwz0,77,164,481,50,105,DHelmetP1Helmet
_ku1rmuwz0,78,158,481,49,102,DHelmetP1Helmet
_ku1rmuwz0,79,155,480,48,101,DHelmetP1Helmet
_ku1rmuwz0,80,152,480,47,99,DHelmetP1Helmet
_f93xdnx4b,22,1701,559,219,389,DHelmet
_f93xdnx4b,23,1588,553,332,389,DHelmet
_f93xdnx4b,24,1490,548,311,372,DHelmet
_f93xdnx4b,25,1408,543,285,355,DHelmet
_f93xdnx4b,26,1326,537,260,339,DHelmet
_f93xdnx4b,27,1257,535,237,325,DHelmet
_f93xdnx4b,28,1187,534,216,310,DHelmet
_f93xdnx4b,29,1126,529,202,299,DHelmet
_f93xdnx4b,30,1065,524,188,288,DHelmet
_f93xdnx4b,31,1011,521,177,278,DHelmet
_f93xdnx4b,32,957,518,166,268,DHelmet
_f93xdnx4b,33,910,518,156,257,DHelmet
_f93xdnx4b,34,863,517,147,248,DHelmet
_f93xdnx4b,35,822,514,138,241,DHelmet
_f93xdnx4b,36,782,512,128,232,DHelmet
_f93xdnx4b,37,746,509,119,225,DHelmet
_f93xdnx4b,38,712,507,113,218,DHelmet
_f93xdnx4b,39,678,505,107,212,DHelmet
_f93xdnx4b,40,650,504,101,206,DHelmet
_f93xdnx4b,41,622,503,95,199,DHelmet
_f93xdnx4b,42,595,501,93,195,DHelmet
_f93xdnx4b,43,567,499,92,190,DHelmet
_f93xdnx4b,44,540,497,90,186,DHelmet
_f93xdnx4b,45,516,495,87,182,DHelmet
_f93xdnx4b,46,491,494,86,177,DHelmet
_f93xdnx4b,47,467,493,84,172,DHelmet
_f93xdnx4b,48,446,492,82,168,DHelmet
_f93xdnx4b,49,425,491,81,164,DHelmet
_f93xdnx4b,50,404,490,79,160,DHelmet
_f93xdnx4b,51,385,490,77,156,DHelmet
_f93xdnx4b,52,366,490,75,151,DHelmet
_f93xdnx4b,53,347,490,74,147,DHelmet
_f93xdnx4b,54,332,490,72,144,DHelmet
_f93xdnx4b,55,317,489,70,141,DHelmet
_f93xdnx4b,56,302,488,68,139,DHelmet
_f93xdnx4b,57,286,488,67,136,DHelmet
_f93xdnx4b,58,271,487,65,133,DHelmet
_f93xdnx4b,59,258,486,63,131,DHelmet
_f93xdnx4b,60,245,486,61,128,DHelmet
_f93xdnx4b,61,231,485,60,125,DHelmet
_f93xdnx4b,62,221,484,58,123,DHelmet
_f93xdnx4b,63,210,484,56,120,DHelmet
_f93xdnx4b,64,200,483,54,118,DHelmet
_f93xdnx4b,65,189,482,54,116,DHelmet
_f93xdnx4b,66,179,481,52,114,DHelmet
_f93xdnx4b,67,168,481,52,112,DHelmet
_f93xdnx4b,68,157,480,51,110,DHelmet
_f93xdnx4b,69,147,479,50,108,DHelmet
_zn5qzqjl0,31,1712,556,208,312,DHelmet
_zn5qzqjl0,32,1638,553,265,303,DHelmet
_zn5qzqjl0,33,1560,547,259,296,DHelmet
_zn5qzqjl0,34,1489,543,253,290,DHelmet
_zn5qzqjl0,35,1427,541,243,281,DHelmet
_zn5qzqjl0,36,1366,539,232,272,DHelmet
_zn5qzqjl0,37,1312,537,222,264,DHelmet
_zn5qzqjl0,38,1259,536,210,256,DHelmet
_zn5qzqjl0,39,1210,533,201,249,DHelmet
_zn5qzqjl0,40,1162,531,191,240,DHelmet
_zn5qzqjl0,41,1118,528,183,236,DHelmet
_zn5qzqjl0,42,1074,524,175,233,DHelmet
_zn5qzqjl0,43,1037,522,162,226,DHelmet
_zn5qzqjl0,44,999,520,150,220,DHelmet
_zn5qzqjl0,45,970,520,146,214,DHelmet
_zn5qzqjl0,46,940,519,143,208,DHelmet
_zn5qzqjl0,47,914,517,133,202,DHelmet
_zn5qzqjl0,48,888,516,124,195,DHelmet
_zn5qzqjl0,49,861,514,115,189,DHelmet
_zn5qzqjl0,50,839,512,111,185,DHelmet
_zn5qzqjl0,51,816,510,107,181,DHelmet
_zn5qzqjl0,52,793,509,104,176,DHelmet
_zn5qzqjl0,53,771,507,104,175,DHelmet
_zn5qzqjl0,54,750,505,104,174,DHelmet
_zn5qzqjl0,55,728,503,104,173,DHelmet
_zn5qzqjl0,56,706,502,105,171,DHelmet
_zn5qzqjl0,57,691,502,101,168,DHelmet
_zn5qzqjl0,58,675,503,98,165,DHelmet
_zn5qzqjl0,59,660,503,93,161,DHelmet
_zn5qzqjl0,60,645,503,89,157,DHelmet
_zn5qzqjl0,61,628,502,86,153,DHelmet
_zn5qzqjl0,62,612,500,82,150,DHelmet
_zn5qzqjl0,63,596,500,81,148,DHelmet
_zn5qzqjl0,64,580,499,80,146,DHelmet
_zn5qzqjl0,65,564,498,79,145,DHelmet
_zn5qzqjl0,66,548,497,78,143,DHelmet
_zn5qzqjl0,67,532,496,76,142,DHelmet
_zn5qzqjl0,68,516,496,75,139,DHelmet
_zn5qzqjl0,69,503,495,74,137,DHelmet
_zn5qzqjl0,70,489,494,74,136,DHelmet
_zn5qzqjl0,71,476,493,72,135,DHelmet
_zn5qzqjl0,72,463,493,71,133,DHelmet
_zn5qzqjl0,73,449,493,70,130,DHelmet
_zn5qzqjl0,74,436,492,69,129,DHelmet
_zn5qzqjl0,75,423,491,69,129,DHelmet
_zn5qzqjl0,76,411,490,68,128,DHelmet
_zn5qzqjl0,77,399,489,67,126,DHelmet
_zn5qzqjl0,78,387,489,67,124,DHelmet
_zn5qzqjl0,79,376,488,65,122,DHelmet
_zn5qzqjl0,80,364,487,64,121,DHelmet
_zn5qzqjl0,81,352,486,63,120,DHelmet
_zn5qzqjl0,82,343,487,63,118,DHelmet
_zn5qzqjl0,83,335,487,62,117,DHelmet
_zn5qzqjl0,84,324,487,61,114,DHelmet
_zn5qzqjl0,85,313,487,60,112,DHelmet
_zn5qzqjl0,86,302,486,59,110,DHelmet
_zn5qzqjl0,87,291,485,57,108,DHelmet
_zn5qzqjl0,88,282,485,56,107,DHelmet
_zn5qzqjl0,89,273,486,56,105,DHelmet
_zn5qzqjl0,90,265,485,55,105,DHelmet
_zn5qzqjl0,91,256,484,55,105,DHelmet
_zn5qzqjl0,92,247,483,56,105,DHelmet
_0vf0nbzk5,37,1611,554,309,382,DHelmetP1Helmet
_0vf0nbzk5,38,1524,549,340,369,DHelmetP1Helmet
_0vf0nbzk5,39,1442,547,314,353,DHelmetP1Helmet
_0vf0nbzk5,40,1367,545,288,338,DHelmetP1Helmet
_0vf0nbzk5,41,1300,538,269,327,DHelmetP1Helmet
_0vf0nbzk5,42,1234,531,250,317,DHelmetP1Helmet
_0vf0nbzk5,43,1177,530,234,305,DHelmetP1Helmet
_0vf0nbzk5,44,1121,529,217,292,DHelmetP1Helmet
_0vf0nbzk5,45,1074,525,202,284,DHelmetP1Helmet
_0vf0nbzk5,46,1026,521,188,275,DHelmetP1Helmet
_0vf0nbzk5,47,985,522,176,263,DHelmetP1Helmet
_0vf0nbzk5,48,944,522,164,252,DHelmetP1Helmet
_0vf0nbzk5,49,907,521,156,244,DHelmetP1Helmet
_0vf0nbzk5,50,870,519,148,237,DHelmetP1Helmet
_0vf0nbzk5,51,834,517,144,231,DHelmetP1Helmet
_0vf0nbzk5,52,799,515,138,226,DHelmetP1Helmet
_0vf0nbzk5,53,766,513,134,221,DHelmetP1Helmet
_0vf0nbzk5,54,733,511,130,216,DHelmetP1Helmet
_0vf0nbzk5,55,705,508,125,211,DHelmetP1Helmet
_0vf0nbzk5,56,676,505,121,207,DHelmetP1Helmet
_0vf0nbzk5,57,648,503,115,201,DHelmetP1Helmet
_0vf0nbzk5,58,619,500,111,196,DHelmetP1Helmet
_0vf0nbzk5,59,596,500,108,191,DHelmetP1Helmet
_0vf0nbzk5,60,572,499,106,186,DHelmetP1Helmet
_0vf0nbzk5,61,552,499,100,181,DHelmetP1Helmet
_0vf0nbzk5,62,532,498,93,176,DHelmetP1Helmet
_0vf0nbzk5,63,509,496,93,173,DHelmetP1Helmet
_0vf0nbzk5,64,485,495,95,168,DHelmetP1Helmet
_0vf0nbzk5,65,467,495,92,164,DHelmetP1Helmet
_0vf0nbzk5,66,449,495,89,161,DHelmetP1Helmet
_0vf0nbzk5,67,434,495,84,156,DHelmetP1Helmet
_0vf0nbzk5,68,418,494,80,153,DHelmetP1Helmet
_0vf0nbzk5,69,403,494,75,148,DHelmetP1Helmet
_0vf0nbzk5,70,387,493,74,145,DHelmetP1Helmet
_0vf0nbzk5,71,370,493,74,142,DHelmetP1Helmet
_0vf0nbzk5,72,354,492,73,139,DHelmetP1Helmet
_0vf0nbzk5,73,342,491,69,137,DHelmetP1Helmet
_0vf0nbzk5,74,329,490,66,134,DHelmetP1Helmet
_0vf0nbzk5,75,317,489,64,132,DHelmetP1Helmet
_0vf0nbzk5,76,304,488,64,130,DHelmetP1Helmet
_0vf0nbzk5,77,292,488,62,127,DHelmetP1Helmet
_0vf0nbzk5,78,279,488,62,124,DHelmetP1Helmet
_0vf0nbzk5,79,266,487,61,123,DHelmetP1Helmet
_0vf0nbzk5,80,254,487,60,120,DHelmetP1Helmet
_0vf0nbzk5,81,243,486,59,118,DHelmetP1Helmet
_0vf0nbzk5,82,233,485,58,116,DHelmetP1Helmet
_0vf0nbzk5,83,223,484,56,115,DHelmetP1Helmet
_0vf0nbzk5,84,212,483,55,113,DHelmetP1Helmet
_eghjaid5q,45,1632,561,288,370,DHelmetP1Helmet
_eghjaid5q,46,1557,559,312,355,DHelmetP1Helmet
_eghjaid5q,47,1487,556,290,341,DHelmetP1Helmet
_eghjaid5q,48,1420,556,274,323,DHelmetP1Helmet
_eghjaid5q,49,1358,550,261,315,DHelmetP1Helmet
_eghjaid5q,50,1296,545,249,306,DHelmetP1Helmet
_eghjaid5q,51,1241,541,236,294,DHelmetP1Helmet
_eghjaid5q,52,1190,537,224,281,DHelmetP1Helmet
_eghjaid5q,53,1140,534,211,268,DHelmetP1Helmet
_eghjaid5q,54,1093,531,201,263,DHelmetP1Helmet
_eghjaid5q,55,1045,529,191,258,DHelmetP1Helmet
_eghjaid5q,56,998,526,181,253,DHelmetP1Helmet
_eghjaid5q,57,961,524,173,248,DHelmetP1Helmet
_eghjaid5q,58,924,522,166,242,DHelmetP1Helmet
_eghjaid5q,59,887,520,158,236,DHelmetP1Helmet
_eghjaid5q,60,850,518,151,230,DHelmetP1Helmet
_eghjaid5q,61,821,518,141,222,DHelmetP1Helmet
_eghjaid5q,62,792,518,131,214,DHelmetP1Helmet
_eghjaid5q,63,763,517,122,207,DHelmetP1Helmet
_eghjaid5q,64,735,516,118,202,DHelmetP1Helmet
_eghjaid5q,65,707,514,115,198,DHelmetP1Helmet
_eghjaid5q,66,681,512,111,194,DHelmetP1Helmet
_eghjaid5q,67,655,511,108,189,DHelmetP1Helmet
_eghjaid5q,68,630,509,103,186,DHelmetP1Helmet
_eghjaid5q,69,604,508,100,181,DHelmetP1Helmet
_eghjaid5q,70,582,506,97,177,DHelmetP1Helmet
_eghjaid5q,71,561,504,93,173,DHelmetP1Helmet
_eghjaid5q,72,541,502,91,171,DHelmetP1Helmet
_eghjaid5q,73,522,500,88,170,DHelmetP1Helmet
_eghjaid5q,74,503,499,85,167,DHelmetP1Helmet
_eghjaid5q,75,483,499,82,163,DHelmetP1Helmet
_eghjaid5q,76,470,499,78,159,DHelmetP1Helmet
_eghjaid5q,77,456,498,75,155,DHelmetP1Helmet
_eghjaid5q,78,441,497,73,152,DHelmetP1Helmet
_eghjaid5q,79,425,496,72,149,DHelmetP1Helmet
_eghjaid5q,80,411,495,71,146,DHelmetP1Helmet
_eghjaid5q,81,398,494,68,144,DHelmetP1Helmet
_eghjaid5q,82,385,494,67,140,DHelmetP1Helmet
_eghjaid5q,83,372,493,66,138,DHelmetP1Helmet
_eghjaid5q,84,359,493,65,135,DHelmetP1Helmet
_eghjaid5q,85,346,492,64,133,DHelmetP1Helmet
_eghjaid5q,86,334,491,63,132,DHelmetP1Helmet
_eghjaid5q,87,321,491,62,129,DHelmetP1Helmet
_eghjaid5q,88,308,490,61,128,DHelmetP1Helmet
_eghjaid5q,89,297,490,61,125,DHelmetP1Helmet
_eghjaid5q,90,287,489,60,124,DHelmetP1Helmet
_eghjaid5q,91,277,489,59,122,DHelmetP1Helmet
_eghjaid5q,92,266,489,59,119,DHelmetP1Helmet
_eghjaid5q,93,256,488,58,118,DHelmetP1Helmet
_eghjaid5q,94,246,488,57,116,DHelmetP1Helmet
_eghjaid5q,95,236,488,56,113,DHelmetP1Helmet
_eghjaid5q,96,226,487,55,112,DHelmetP1Helmet
_eghjaid5q,97,217,487,56,110,DHelmetP1Helmet
_eghjaid5q,98,208,486,56,109,DHelmetP1Helmet
_eghjaid5q,99,198,486,57,107,DHelmetP1Helmet
_eghjaid5q,100,189,485,57,106,DHelmetP1Helmet
_vl9phptij,49,1575,566,345,473,DHelmet
_vl9phptij,50,1458,559,391,447,DHelmet
_vl9phptij,51,1353,553,349,421,DHelmet
_vl9phptij,52,1257,549,318,399,DHelmet
_vl9phptij,53,1171,543,287,377,DHelmet
_vl9phptij,54,1097,537,263,360,DHelmet
_vl9phptij,55,1023,532,240,342,DHelmet
_vl9phptij,56,961,528,222,328,DHelmet
_vl9phptij,57,899,525,204,313,DHelmet
_vl9phptij,58,846,522,190,300,DHelmet
_vl9phptij,59,793,520,177,285,DHelmet
_vl9phptij,60,749,517,168,275,DHelmet
_vl9phptij,61,705,514,159,265,DHelmet
_vl9phptij,62,663,513,152,255,DHelmet
_vl9phptij,63,622,511,143,246,DHelmet
_vl9phptij,64,587,510,134,236,DHelmet
_vl9phptij,65,557,506,127,230,DHelmet
_vl9phptij,66,526,503,121,223,DHelmet
_vl9phptij,67,499,502,116,216,DHelmet
_vl9phptij,68,472,501,112,209,DHelmet
_vl9phptij,69,449,500,108,202,DHelmet
_vl9phptij,70,426,499,103,194,DHelmet
_vl9phptij,71,407,497,98,189,DHelmet
_vl9phptij,72,387,495,94,184,DHelmet
_vl9phptij,73,369,494,93,179,DHelmet
_vl9phptij,74,352,493,90,174,DHelmet
_vl9phptij,75,338,493,85,169,DHelmet
_vl9phptij,76,325,492,80,165,DHelmet
_vl9phptij,77,315,492,75,160,DHelmet
_vl9phptij,78,305,492,70,154,DHelmet
_vl9phptij,79,294,491,69,152,DHelmet
_vl9phptij,80,283,490,67,149,DHelmet
_vl9phptij,81,273,489,65,146,DHelmet
_vl9phptij,82,262,488,64,143,DHelmet
_vl9phptij,83,251,488,63,139,DHelmet
_vl9phptij,84,242,487,61,137,DHelmet
_vl9phptij,85,232,486,60,134,DHelmet
_vl9phptij,86,223,485,59,131,DHelmet
_vl9phptij,87,214,484,57,128,DHelmet
_vl9phptij,88,205,483,56,127,DHelmet
_vl9phptij,89,195,482,56,125,DHelmet
_vl9phptij,90,186,482,55,122,DHelmet
_vl9phptij,91,177,481,54,121,DHelmet
_vl9phptij,92,172,481,52,118,DHelmet
_vl9phptij,93,167,481,51,116,DHelmet
_vl9phptij,94,161,480,51,115,DHelmet
