track_id,frame_id,x,y,w,h,label
_3aygyq18i,1,263,628,246,274,DNoHelmetP1NoHelmetP2NoHelmet
_3aygyq18i,2,416,626,264,282,DNoHelmetP1NoHelmetP2NoHelmet
_3aygyq18i,3,568,623,283,292,DNoHelmetP1NoHelmetP2NoHelmet
_3aygyq18i,4,749,616,311,306,DNoHelmetP1NoHelmetP2NoHelmet
_3aygyq18i,5,929,608,340,320,DNoHelmetP1NoHelmetP2NoHelmet
_3aygyq18i,6,1152,600,379,340,DNoHelmetP1NoHelmetP2NoHelmet
_3aygyq18i,7,1374,591,419,361,DNoHelmetP1NoHelmetP2NoHelmet
_3aygyq18i,8,1655,585,265,359,DNoHelmetP1NoHelmetP2NoHelmet
_4x0zq752y,1,1045,572,175,168,DHelmetP1Helmet
_4x0zq752y,2,986,574,170,166,DHelmetP1Helmet
_4x0zq752y,3,926,576,167,164,DHelmetP1Helmet
_4x0zq752y,4,875,578,154,160,DHelmetP1Helmet
_4x0zq752y,5,824,580,141,157,DHelmetP1Helmet
_4x0zq752y,6,773,582,129,153,DHelmetP1Helmet
_4x0zq752y,7,767,586,89,153,DHelmetP1Helmet
_4x0zq752y,8,725,581,75,156,DHelmetP1Helmet
_drxn5ff6z,1,1325,563,169,161,DHelmetP1NoHelmet
_drxn5ff6z,2,1258,566,166,158,DHelmetP1NoHelmet
_drxn5ff6z,3,1191,569,163,156,DHelmetP1NoHelmet
_drxn5ff6z,4,1124,572,160,153,DHelmetP1NoHelmet
_drxn5ff6z,5,1064,575,153,151,DHelmetP1NoHelmet
_drxn5ff6z,6,1004,577,146,149,DHelmetP1NoHelmet
_drxn5ff6z,7,944,580,140,147,DHelmetP1NoHelmet
_drxn5ff6z,8,890,582,136,144,DHelmetP1NoHelmet
_drxn5ff6z,9,837,584,132,141,DHelmetP1NoHelmet
_drxn5ff6z,10,783,586,129,138,DHelmetP1NoHelmet
_drxn5ff6z,11,730,588,125,135,DHelmetP1NoHelmet
_drxn5ff6z,12,684,591,121,133,DHelmetP1NoHelmet
_drxn5ff6z,13,639,593,116,132,DHelmetP1NoHelmet
_drxn5ff6z,14,593,596,112,131,DHelmetP1NoHelmet
_drxn5ff6z,15,553,598,108,128,DHelmetP1NoHelmet
_drxn5ff6z,16,513,600,104,125,DHelmetP1NoHelmet
_drxn5ff6z,17,473,601,100,124,DHelmetP1NoHelmet
_drxn5ff6z,18,433,603,96,121,DHelmetP1NoHelmet
_drxn5ff6z,19,403,605,87,118,DHelmetP1NoHelmet
_drxn5ff6z,20,373,607,79,115,DHelmetP1NoHelmet
_drxn5ff6z,21,343,610,71,111,DHelmetP1NoHelmet
_1jr82qlpm,51,1769,548,151,181,DHelmet
_1jr82qlpm,52,1687,549,176,180,DHelmet
_1jr82qlpm,53,1606,551,196,177,DHelmet
_1jr82qlpm,54,1529,554,188,175,DHelmet
_1jr82qlpm,55,1452,557,180,172,DHelmet
_1jr82qlpm,56,1381,559,174,169,DHelmet
_1jr82qlpm,57,1311,561,167,166,DHelmet
_1jr82qlpm,58,1241,563,161,164,DHelmet
_1jr82qlpm,59,1176,566,158,161,DHelmet
_1jr82qlpm,60,1111,569,156,158,DHelmet
_1jr82qlpm,61,1047,572,153,155,DHelmet
_1jr82qlpm,62,990,575,146,152,DHelmet
_1jr82qlpm,63,933,577,138,150,DHelmet
_1jr82qlpm,64,881,579,134,148,DHelmet
_1jr82qlpm,65,828,581,131,146,DHelmet
_1jr82qlpm,66,776,583,127,144,DHelmet
_1jr82qlpm,67,723,585,124,142,DHelmet
_1jr82qlpm,68,681,587,121,139,DHelmet
_1jr82qlpm,69,639,589,119,137,DHelmet
_1jr82qlpm,70,597,590,116,136,DHelmet
_1jr82qlpm,71,556,592,113,134,DHelmet
_1jr82qlpm,72,514,593,110,132,DHelmet
_1jr82qlpm,73,472,595,107,130,DHelmet
_1jr82qlpm,74,439,596,106,129,DHelmet
_1jr82qlpm,75,407,598,105,126,DHelmet
_1jr82qlpm,76,374,600,104,124,DHelmet
_1jr82qlpm,77,341,601,103,122,DHelmet
_1jr82qlpm,78,309,603,101,120,DHelmet
_1jr82qlpm,79,284,604,97,119,DHelmet
_1jr82qlpm,80,258,606,94,117,DHelmet
_1jr82qlpm,81,233,607,90,116,DHelmet
_1jr82qlpm,82,208,608,87,115,DHelmet
_1jr82qlpm,83,183,610,83,114,DHelmet
_1jr82qlpm,84,158,611,79,113,DHelmet
_1jr82qlpm,85,139,611,78,113,DHelmet
_1jr82qlpm,86,121,612,75,112,DHelmet
_1jr82qlpm,87,103,612,72,113,DHelmet
_1jr82qlpm,88,85,613,70,112,DHelmet
_1jr82qlpm,89,67,614,67,111,DHelmet
_j4d3pkj35,13,1171,556,155,187,DHelmetP1Helmet
_j4d3pkj35,14,1118,559,151,182,DHelmetP1Helmet
_j4d3pkj35,15,1065,561,147,178,DHelmetP1Helmet
_j4d3pkj35,16,1012,564,143,174,DHelmetP1Helmet
_j4d3pkj35,17,959,567,139,169,DHelmetP1Helmet
_j4d3pkj35,18,911,569,138,168,DHelmetP1Helmet
_j4d3pkj35,19,864,571,137,167,DHelmetP1Helmet
_j4d3pkj35,20,816,574,136,165,DHelmetP1Helmet
_j4d3pkj35,21,769,576,134,164,DHelmetP1Helmet
_j4d3pkj35,22,723,578,133,162,DHelmetP1Helmet
_j4d3pkj35,23,678,580,131,160,DHelmetP1Helmet
_j4d3pkj35,24,632,581,129,159,DHelmetP1Helmet
_j4d3pkj35,25,591,584,125,156,DHelmetP1Helmet
_j4d3pkj35,26,549,586,122,154,DHelmetP1Helmet
_j4d3pkj35,27,508,588,118,152,DHelmetP1Helmet
_j4d3pkj35,28,470,590,117,149,DHelmetP1Helmet
_j4d3pkj35,29,433,592,115,145,DHelmetP1Helmet
_j4d3pkj35,30,396,595,113,141,DHelmetP1Helmet
_j4d3pkj35,31,358,597,112,138,DHelmetP1Helmet
_j4d3pkj35,32,321,599,110,134,DHelmetP1Helmet
_j4d3pkj35,33,286,600,107,133,DHelmetP1Helmet
_j4d3pkj35,34,251,600,105,134,DHelmetP1Helmet
_j4d3pkj35,35,216,601,102,133,DHelmetP1Helmet
_j4d3pkj35,36,182,602,98,132,DHelmetP1Helmet
_j4d3pkj35,37,147,603,96,132,DHelmetP1Helmet
_j4d3pkj35,38,115,604,93,131,DHelmetP1Helmet
_j4d3pkj35,39,84,606,90,129,DHelmetP1Helmet
_j4d3pkj35,40,52,607,88,128,DHelmetP1Helmet
_j4d3pkj35,41,27,609,80,128,DHelmetP1Helmet
_j4d3pkj35,42,2,611,72,128,DHelmetP1Helmet
_jndebkcjj,1,377,600,73,137,DHelmetP1NoHelmetP2Helmet
_jndebkcjj,2,345,604,73,137,DHelmetP1NoHelmetP2Helmet
_jndebkcjj,3,310,602,73,137,DHelmetP1NoHelmetP2Helmet
_jndebkcjj,4,287,604,73,137,DHelmetP1NoHelmetP2Helmet
_jndebkcjj,5,259,604,73,137,DHelmetP1NoHelmetP2Helmet
_jndebkcjj,6,231,603,73,137,DHelmetP1NoHelmetP2Helmet
_jndebkcjj,7,204,604,72,137,DHelmetP1NoHelmetP2Helmet
_jndebkcjj,8,176,605,73,137,DHelmetP1NoHelmetP2Helmet
_jndebkcjj,9,148,606,73,137,DHelmetP1NoHelmetP2Helmet
_jndebkcjj,10,123,608,71,133,DHelmetP1NoHelmetP2Helmet
_jndebkcjj,11,97,610,71,130,DHelmetP1NoHelmetP2Helmet
_jndebkcjj,12,73,610,71,130,DHelmetP1NoHelmetP2Helmet
_jndebkcjj,13,48,611,73,129,DHelmetP1NoHelmetP2Helmet
_jndebkcjj,14,27,614,63,126,DHelmetP1NoHelmetP2Helmet
_jndebkcjj,15,5,614,61,123,DHelmetP1NoHelmetP2Helmet
_nrnietei,6,876,581,78,150,DNoHelmetP1Helmet
_nrnietei,7,819,584,79,149,DNoHelmetP1Helmet
_nrnietei,8,783,581,79,150,DNoHelmetP1Helmet
_nrnietei,9,735,581,81,150,DNoHelmetP1Helmet
_nrnietei,10,686,581,85,150,DNoHelmetP1Helmet
_nrnietei,11,643,582,85,149,DNoHelmetP1Helmet
_nrnietei,12,600,583,85,149,DNoHelmetP1Helmet
_nrnietei,13,567,583,76,144,DNoHelmetP1Helmet
_nrnietei,14,533,584,68,137,DNoHelmetP1Helmet
_yfn31ju80,2,24,702,351,378,DHelmetP1Helmet
_yfn31ju80,3,172,703,414,377,DHelmetP1Helmet
_yfn31ju80,4,378,702,455,378,DHelmetP1Helmet
_yfn31ju80,5,583,700,498,379,DHelmetP1Helmet
_yfn31ju80,6,837,695,553,385,DHelmetP1Helmet
_yfn31ju80,7,1091,690,609,390,DHelmetP1Helmet
_yfn31ju80,8,1410,690,510,390,DHelmetP1Helmet
_p55kaurfl,22,1725,543,179,185,DHelmetP1Helmet
_p55kaurfl,23,1627,545,180,186,DHelmetP1Helmet
_p55kaurfl,24,1529,548,180,185,DHelmetP1Helmet
_p55kaurfl,25,1445,554,175,178,DHelmetP1Helmet
_p55kaurfl,26,1360,560,171,171,DHelmetP1Helmet
_p55kaurfl,27,1283,564,162,165,DHelmetP1Helmet
_p55kaurfl,28,1207,568,152,159,DHelmetP1Helmet
_p55kaurfl,29,1147,571,137,153,DHelmetP1Helmet
_p55kaurfl,30,1088,574,120,148,DHelmetP1Helmet
_p55kaurfl,31,1028,577,105,143,DHelmetP1Helmet
_yto4puxv6,24,1624,547,204,193,DHelmetP1Helmet
_yto4puxv6,25,1537,547,204,194,DHelmetP1Helmet
_yto4puxv6,26,1451,548,203,193,DHelmetP1Helmet
_yto4puxv6,27,1375,551,195,191,DHelmetP1Helmet
_yto4puxv6,28,1299,555,186,188,DHelmetP1Helmet
_yto4puxv6,29,1229,559,179,183,DHelmetP1Helmet
_yto4puxv6,30,1158,563,173,179,DHelmetP1Helmet
_yto4puxv6,31,1087,567,168,174,DHelmetP1Helmet
_yto4puxv6,32,1025,567,159,174,DHelmetP1Helmet
_yto4puxv6,33,964,568,150,172,DHelmetP1Helmet
_yto4puxv6,34,908,570,143,169,DHelmetP1Helmet
_yto4puxv6,35,852,572,137,166,DHelmetP1Helmet
_yto4puxv6,36,797,573,129,164,DHelmetP1Helmet
_yto4puxv6,37,769,577,95,158,DHelmetP1Helmet
_yto4puxv6,38,718,581,85,154,DHelmetP1Helmet
_ganq8twwb,21,959,577,122,92,DNoHelmetP1NoHelmetP2NoHelmet
_ganq8twwb,22,884,581,141,148,DNoHelmetP1NoHelmetP2NoHelmet
_ganq8twwb,23,837,580,141,148,DNoHelmetP1NoHelmetP2NoHelmet
_ganq8twwb,24,789,580,141,148,DNoHelmetP1NoHelmetP2NoHelmet
_ganq8twwb,25,741,580,141,148,DNoHelmetP1NoHelmetP2NoHelmet
_ganq8twwb,26,699,583,134,145,DNoHelmetP1NoHelmetP2NoHelmet
_ganq8twwb,27,657,586,127,143,DNoHelmetP1NoHelmetP2NoHelmet
_ganq8twwb,28,615,589,120,140,DNoHelmetP1NoHelmetP2NoHelmet
_ganq8twwb,29,573,588,120,140,DNoHelmetP1NoHelmetP2NoHelmet
_ganq8twwb,30,532,587,120,140,DNoHelmetP1NoHelmetP2NoHelmet
_ganq8twwb,31,495,588,120,140,DNoHelmetP1NoHelmetP2NoHelmet
_ganq8twwb,32,459,589,120,140,DNoHelmetP1NoHelmetP2NoHelmet
_ganq8twwb,33,422,591,120,140,DNoHelmetP1NoHelmetP2NoHelmet
_ganq8twwb,34,391,593,115,137,DNoHelmetP1NoHelmetP2NoHelmet
_ganq8twwb,35,359,594,111,136,DNoHelmetP1NoHelmetP2NoHelmet
_ganq8twwb,36,327,596,107,133,DNoHelmetP1NoHelmetP2NoHelmet
_ganq8twwb,37,300,597,103,132,DNoHelmetP1NoHelmetP2NoHelmet
_ganq8twwb,38,273,599,99,129,DNoHelmetP1NoHelmetP2NoHelmet
_ganq8twwb,39,245,600,95,127,DNoHelmetP1NoHelmetP2NoHelmet
_ganq8twwb,40,218,602,91,125,DNoHelmetP1NoHelmetP2NoHelmet
_ganq8twwb,41,194,606,88,122,DNoHelmetP1NoHelmetP2NoHelmet
_ganq8twwb,42,171,611,85,119,DNoHelmetP1NoHelmetP2NoHelmet
_1ovq92rqi,6,3,703,170,354,DHelmetP1Helmet
_1ovq92rqi,7,45,698,278,375,DHelmetP1Helmet
_1ovq92rqi,8,169,696,332,381,DHelmetP1Helmet
_1ovq92rqi,9,293,694,387,386,DHelmetP1Helmet
_1ovq92rqi,10,474,695,430,385,DHelmetP1Helmet
_1ovq92rqi,11,656,696,473,384,DHelmetP1Helmet
_1ovq92rqi,12,882,692,534,388,DHelmetP1Helmet
_1ovq92rqi,13,1108,688,595,392,DHelmetP1Helmet
_1ovq92rqi,14,1394,686,525,394,DHelmetP1Helmet
_cof86dntq,89,1733,549,187,178,DNoHelmetP1NoHelmet
_cof86dntq,90,1660,549,188,175,DNoHelmetP1NoHelmet
_cof86dntq,91,1588,548,188,173,DNoHelmetP1NoHelmet
_cof86dntq,92,1525,552,181,169,DNoHelmetP1NoHelmet
_cof86dntq,93,1463,556,173,164,DNoHelmetP1NoHelmet
_cof86dntq,94,1398,561,170,160,DNoHelmetP1NoHelmet
_cof86dntq,95,1333,565,166,158,DNoHelmetP1NoHelmet
_cof86dntq,96,1275,567,163,156,DNoHelmetP1NoHelmet
_cof86dntq,97,1218,568,159,155,DNoHelmetP1NoHelmet
_cof86dntq,98,1160,569,156,154,DNoHelmetP1NoHelmet
_cof86dntq,99,1113,573,143,150,DNoHelmetP1NoHelmet
_cof86dntq,100,1065,577,131,147,DNoHelmetP1NoHelmet
_0ljel9ru3,99,1778,552,142,175,DNoHelmetP1NoHelmet
_0ljel9ru3,100,1703,549,207,178,DNoHelmetP1NoHelmet
_0gtal2a4j,99,3,616,174,205,DNoHelmetP1NoHelmetP2NoHelmet
_0gtal2a4j,100,63,615,190,210,DNoHelmetP1NoHelmetP2NoHelmet
_xehvynd19,8,0,630,129,222,DNoHelmet
_xehvynd19,9,23,628,183,230,DNoHelmet
_xehvynd19,10,97,627,193,235,DNoHelmet
_xehvynd19,11,171,626,203,240,DNoHelmet
_xehvynd19,12,254,626,213,245,DNoHelmet
_xehvynd19,13,337,626,224,250,DNoHelmet
_xehvynd19,14,438,622,229,259,DNoHelmet
_xehvynd19,15,540,619,233,267,DNoHelmet
_xehvynd19,16,672,618,227,272,DNoHelmet
_xehvynd19,17,803,616,222,278,DNoHelmet
_xehvynd19,18,899,612,209,285,DNoHelmet
_xehvynd19,19,995,608,197,292,DNoHelmet
_xehvynd19,20,1134,604,228,304,DNoHelmet
_xehvynd19,21,1274,600,257,316,DNoHelmet
_xehvynd19,22,1428,592,379,344,DNoHelmet
_xehvynd19,23,1604,587,316,347,DNoHelmet
_fsulina53,12,1,662,242,313,DHelmetP1Helmet
_fsulina53,13,94,661,284,327,DHelmetP1Helmet
_fsulina53,14,211,660,302,333,DHelmetP1Helmet
_fsulina53,15,350,656,325,350,DHelmetP1Helmet
_fsulina53,16,489,652,350,369,DHelmetP1Helmet
_fsulina53,17,656,650,382,387,DHelmetP1Helmet
_fsulina53,18,823,647,414,407,DHelmetP1Helmet
_fsulina53,19,1032,644,459,423,DHelmetP1Helmet
_fsulina53,20,1241,640,504,440,DHelmetP1Helmet
_fsulina53,21,1485,642,435,437,DHelmetP1Helmet
_m8f6p1xa6,18,2,640,140,239,DHelmetP1Helmet
_m8f6p1xa6,19,35,635,195,252,DHelmetP1Helmet
_m8f6p1xa6,20,115,633,212,259,DHelmetP1Helmet
_m8f6p1xa6,21,196,631,228,265,DHelmetP1Helmet
_m8f6p1xa6,22,291,628,238,273,DHelmetP1Helmet
_m8f6p1xa6,23,385,626,248,280,DHelmetP1Helmet
_m8f6p1xa6,24,492,623,263,291,DHelmetP1Helmet
_m8f6p1xa6,25,599,620,279,302,DHelmetP1Helmet
_m8f6p1xa6,26,722,614,298,318,DHelmetP1Helmet
_m8f6p1xa6,27,845,608,317,334,DHelmetP1Helmet
_m8f6p1xa6,28,993,606,336,346,DHelmetP1Helmet
_m8f6p1xa6,29,1142,604,353,358,DHelmetP1Helmet
_m8f6p1xa6,30,1294,602,336,365,DHelmetP1Helmet
_m8f6p1xa6,31,1447,600,318,371,DHelmetP1Helmet
_m8f6p1xa6,32,1628,596,292,383,DHelmetP1Helmet
_sb21j7hcy,23,2,698,243,382,DHelmetP1Helmet
_sb21j7hcy,24,82,701,332,379,DHelmetP1Helmet
_sb21j7hcy,25,222,704,360,376,DHelmetP1Helmet
_sb21j7hcy,26,389,701,405,379,DHelmetP1Helmet
_sb21j7hcy,27,564,698,449,380,DHelmetP1Helmet
_sb21j7hcy,28,787,698,485,381,DHelmetP1Helmet
_sb21j7hcy,29,1009,699,522,380,DHelmetP1Helmet
_sb21j7hcy,30,1297,699,569,380,DHelmetP1Helmet
_sb21j7hcy,31,1586,699,334,380,DHelmetP1Helmet
_yrs23ow9r,26,0,666,146,281,DHelmetP1NoHelmet
_yrs23ow9r,27,2,660,245,296,DHelmetP1NoHelmet
_yrs23ow9r,28,85,656,278,310,DHelmetP1NoHelmet
_yrs23ow9r,29,194,652,285,323,DHelmetP1NoHelmet
_yrs23ow9r,30,317,649,308,338,DHelmetP1NoHelmet
_yrs23ow9r,31,440,646,331,352,DHelmetP1NoHelmet
_yrs23ow9r,32,563,643,353,367,DHelmetP1NoHelmet
_yrs23ow9r,33,727,640,379,387,DHelmetP1NoHelmet
_yrs23ow9r,34,890,636,406,409,DHelmetP1NoHelmet
_yrs23ow9r,35,1083,638,452,423,DHelmetP1NoHelmet
_yrs23ow9r,36,1275,640,498,437,DHelmetP1NoHelmet
_yrs23ow9r,37,1488,635,432,444,DHelmetP1NoHelmet
_33rkljdur,88,2,654,210,302,DHelmet
_33rkljdur,89,70,650,258,313,DHelmet
_33rkljdur,90,185,651,273,322,DHelmet
_33rkljdur,91,301,645,299,340,DHelmet
_33rkljdur,92,427,639,324,358,DHelmet
_33rkljdur,93,568,634,350,375,DHelmet
_33rkljdur,94,721,631,380,388,DHelmet
_33rkljdur,95,897,630,419,408,DHelmet
_33rkljdur,96,1072,630,459,427,DHelmet
_33rkljdur,97,1285,624,501,444,DHelmet
_33rkljdur,98,1511,620,409,457,DHelmet
_wkjevmi6e,69,3,745,280,335,DHelmetP1Helmet
_wkjevmi6e,70,62,745,377,335,DHelmetP1Helmet
_wkjevmi6e,71,206,747,385,333,DHelmetP1Helmet
_wkjevmi6e,72,364,751,399,329,DHelmetP1Helmet
_wkjevmi6e,73,536,751,419,329,DHelmetP1Helmet
_wkjevmi6e,74,751,751,458,329,DHelmetP1Helmet
_wkjevmi6e,75,965,750,498,329,DHelmetP1Helmet
_wkjevmi6e,76,1226,755,521,324,DHelmetP1Helmet
_rie3ddg2f,31,1,674,200,308,DHelmetP1Helmet
_rie3ddg2f,32,65,668,242,321,DHelmetP1Helmet
_rie3ddg2f,33,174,666,258,334,DHelmetP1Helmet
_rie3ddg2f,34,282,663,276,348,DHelmetP1Helmet
_rie3ddg2f,35,406,661,303,363,DHelmetP1Helmet
_rie3ddg2f,36,529,659,331,378,DHelmetP1Helmet
_rie3ddg2f,37,681,659,364,386,DHelmetP1Helmet
_rie3ddg2f,38,833,659,398,394,DHelmetP1Helmet
_rie3ddg2f,39,1022,656,437,396,DHelmetP1Helmet
_9w5aj3q3x,32,3,687,230,378,DHelmetP1Helmet
_9w5aj3q3x,33,49,686,315,394,DHelmetP1Helmet
_9w5aj3q3x,34,163,684,342,395,DHelmetP1Helmet
_9w5aj3q3x,35,289,688,375,391,DHelmetP1Helmet
_9w5aj3q3x,36,440,688,397,391,DHelmetP1Helmet
_9w5aj3q3x,37,603,689,436,391,DHelmetP1Helmet
_9w5aj3q3x,38,766,690,474,390,DHelmetP1Helmet
_9w5aj3q3x,39,965,689,517,391,DHelmetP1Helmet
_9w5aj3q3x,40,1164,688,560,391,DHelmetP1Helmet
_9w5aj3q3x,41,1422,688,497,391,DHelmetP1Helmet
_qu79rp20z,37,21,662,266,345,DHelmetP1NoHelmet
_qu79rp20z,38,124,658,296,359,DHelmetP1NoHelmet
_qu79rp20z,39,227,655,326,371,DHelmetP1NoHelmet
_qu79rp20z,40,364,652,348,389,DHelmetP1NoHelmet
_qu79rp20z,41,501,650,370,407,DHelmetP1NoHelmet
_qu79rp20z,42,661,646,404,421,DHelmetP1NoHelmet
_qu79rp20z,43,821,643,438,434,DHelmetP1NoHelmet
_qu79rp20z,44,1024,641,476,439,DHelmetP1NoHelmet
_qu79rp20z,45,1226,639,515,441,DHelmetP1NoHelmet
_qu79rp20z,46,1456,624,464,454,DHelmetP1NoHelmet
_nwecxabon,40,1,731,326,349,DHelmetP1Helmet
_nwecxabon,41,108,734,378,346,DHelmetP1Helmet
_nwecxabon,42,269,737,407,343,DHelmetP1Helmet
_nwecxabon,43,429,739,438,341,DHelmetP1Helmet
_nwecxabon,44,630,739,454,341,DHelmetP1Helmet
_nwecxabon,45,831,738,470,341,DHelmetP1Helmet
_nwecxabon,46,1083,738,518,341,DHelmetP1Helmet
_nwecxabon,47,1426,746,458,332,DHelmetP1Helmet
_cj74c3bg9,41,1,670,159,281,DHelmetP1Helmet
_cj74c3bg9,42,49,666,248,310,DHelmetP1Helmet
_cj74c3bg9,43,167,660,272,322,DHelmetP1Helmet
_cj74c3bg9,44,286,654,295,335,DHelmetP1Helmet
_cj74c3bg9,45,428,649,323,346,DHelmetP1Helmet
_cj74c3bg9,46,571,644,349,358,DHelmetP1Helmet
_cj74c3bg9,47,745,638,375,375,DHelmetP1Helmet
_cj74c3bg9,48,918,632,402,393,DHelmetP1Helmet
_cj74c3bg9,49,1118,626,444,407,DHelmetP1Helmet
_cj74c3bg9,50,1318,620,486,421,DHelmetP1Helmet
_cj74c3bg9,51,1559,616,361,418,DHelmetP1Helmet
_ivngby5w2,47,19,670,215,281,DHelmet
_ivngby5w2,48,97,664,252,294,DHelmet
_ivngby5w2,49,215,662,270,303,DHelmet
_ivngby5w2,50,333,660,288,313,DHelmet
_ivngby5w2,51,471,654,314,327,DHelmet
_ivngby5w2,52,610,647,338,343,DHelmet
_ivngby5w2,53,778,644,369,362,DHelmet
_ivngby5w2,54,946,642,400,380,DHelmet
_ivngby5w2,55,1153,640,437,393,DHelmet
_ivngby5w2,56,1360,639,475,406,DHelmet
_ivngby5w2,57,1599,632,321,410,DHelmet
_y7wl6onip,53,4,676,237,359,DHelmet
_y7wl6onip,54,61,671,323,375,DHelmet
_y7wl6onip,55,204,668,350,394,DHelmet
_y7wl6onip,56,347,664,377,414,DHelmet
_y7wl6onip,57,527,665,411,414,DHelmet
_y7wl6onip,58,706,666,447,414,DHelmet
_y7wl6onip,59,927,658,505,422,DHelmet
_y7wl6onip,60,1148,650,563,429,DHelmet
_y7wl6onip,61,1406,655,514,424,DHelmet
_j8x0oxwt4,58,5,715,334,365,DHelmetP1Helmet
_j8x0oxwt4,59,127,712,404,368,DHelmetP1Helmet
_j8x0oxwt4,60,289,710,435,370,DHelmetP1Helmet
_j8x0oxwt4,61,495,708,477,371,DHelmetP1Helmet
_j8x0oxwt4,62,700,707,520,371,DHelmetP1Helmet
_j8x0oxwt4,63,958,702,546,378,DHelmetP1Helmet
_j8x0oxwt4,64,1215,698,573,382,DHelmetP1Helmet
_j8x0oxwt4,65,1532,696,388,384,DHelmetP1Helmet
_thuumfzxx,60,2,660,190,327,DHelmet
_thuumfzxx,61,43,659,289,338,DHelmet
_thuumfzxx,62,167,658,305,348,DHelmet
_thuumfzxx,63,302,655,328,362,DHelmet
_thuumfzxx,64,457,649,356,383,DHelmet
_thuumfzxx,65,612,643,385,404,DHelmet
_thuumfzxx,66,805,641,424,422,DHelmet
_thuumfzxx,67,999,639,462,439,DHelmet
_thuumfzxx,68,1241,635,448,443,DHelmet
_thuumfzxx,69,1484,631,434,447,DHelmet
_vqpev4ekh,76,1,656,192,287,DHelmetP1Helmet
_vqpev4ekh,77,61,654,243,302,DHelmetP1Helmet
_vqpev4ekh,78,170,652,260,312,DHelmetP1Helmet
_vqpev4ekh,79,278,651,277,320,DHelmetP1Helmet
_vqpev4ekh,80,407,644,300,339,DHelmetP1Helmet
_vqpev4ekh,81,536,638,323,357,DHelmetP1Helmet
_vqpev4ekh,82,691,630,352,383,DHelmetP1Helmet
_vqpev4ekh,83,846,623,382,408,DHelmetP1Helmet
_vqpev4ekh,84,1032,623,428,426,DHelmetP1Helmet
_vqpev4ekh,85,1218,623,474,444,DHelmetP1Helmet
_vqpev4ekh,86,1443,622,477,458,DHelmetP1Helmet
_f5yatecmq,83,57,722,370,358,DHelmetP0NoHelmetP1NoHelmet
_f5yatecmq,84,210,719,422,360,DHelmetP0NoHelmetP1NoHelmet
_f5yatecmq,85,413,719,437,361,DHelmetP0NoHelmetP1NoHelmet
_f5yatecmq,86,616,719,453,361,DHelmetP0NoHelmetP1NoHelmet
_f5yatecmq,87,877,719,492,361,DHelmetP0NoHelmetP1NoHelmet
_f5yatecmq,88,1138,719,531,360,DHelmetP0NoHelmetP1NoHelmet
_f5yatecmq,89,1465,718,455,360,DHelmetP0NoHelmetP1NoHelmet
_9qkqwt9a9,82,16,683,263,360,DHelmetP1Helmet
_9qkqwt9a9,83,95,682,309,367,DHelmetP1Helmet
_9qkqwt9a9,84,195,676,249,361,DHelmetP1Helmet
_9qkqwt9a9,85,315,670,172,391,DHelmetP1Helmet
_9qkqwt9a9,86,449,670,269,407,DHelmetP1Helmet
_9qkqwt9a9,87,593,666,356,413,DHelmetP1Helmet
_9qkqwt9a9,88,737,662,443,418,DHelmetP1Helmet
_9qkqwt9a9,89,908,659,487,421,DHelmetP1Helmet
_9qkqwt9a9,90,1080,656,530,424,DHelmetP1Helmet
_9qkqwt9a9,91,1273,651,573,429,DHelmetP1Helmet
_9qkqwt9a9,92,1496,651,424,429,DHelmetP1Helmet
_w3pa25wui,84,2,682,183,313,DNoHelmetP1NoHelmet
_w3pa25wui,85,39,675,273,328,DNoHelmetP1NoHelmet
_w3pa25wui,86,147,670,307,344,DNoHelmetP1NoHelmet
_w3pa25wui,87,277,664,320,354,DNoHelmetP1NoHelmet
_w3pa25wui,88,422,662,349,369,DNoHelmetP1NoHelmet
_w3pa25wui,89,567,660,377,385,DNoHelmetP1NoHelmet
_w3pa25wui,90,742,662,378,389,DNoHelmetP1NoHelmet
_w3pa25wui,91,917,663,379,395,DNoHelmetP1NoHelmet
_w3pa25wui,92,1136,658,390,410,DNoHelmetP1NoHelmet
_w3pa25wui,93,1354,652,402,426,DNoHelmetP1NoHelmet
_w3pa25wui,94,1590,639,330,441,DNoHelmetP1NoHelmet
_ke08ex09u,93,2,765,273,315,DHelmetP1Helmet
_ke08ex09u,94,19,765,404,315,DHelmetP1Helmet
_ke08ex09u,95,162,769,418,311,DHelmetP1Helmet
_ke08ex09u,96,306,773,431,306,DHelmetP1Helmet
_ke08ex09u,97,466,775,474,305,DHelmetP1Helmet
_ke08ex09u,98,627,778,517,302,DHelmetP1Helmet
_ke08ex09u,99,831,777,507,303,DHelmetP1Helmet
_ke08ex09u,100,1035,777,496,302,DHelmetP1Helmet
_4k9mjppk2,95,112,686,200,331,DNoHelmet
_4k9mjppk2,96,258,684,200,331,DNoHelmet
_4k9mjppk2,97,400,679,201,366,DNoHelmet
_4k9mjppk2,98,575,674,213,381,DNoHelmet
_4k9mjppk2,99,750,668,224,397,DNoHelmet
_4k9mjppk2,100,938,666,272,410,DNoHelmet
