track_id,frame_id,x,y,w,h,label
_f5vt0g9vx,1,1,619,72,121,DHelmet
_f5vt0g9vx,2,2,621,59,116,DHelmet
_dcq5k52i1,1,709,581,145,162,DNoHelmet
_dcq5k52i1,2,684,582,144,161,DNoHelmet
_dcq5k52i1,3,659,583,143,160,DNoHelmet
_dcq5k52i1,4,634,585,143,158,DNoHelmet
_dcq5k52i1,5,612,586,142,156,DNoHelmet
_dcq5k52i1,6,590,588,141,154,DNoHelmet
_dcq5k52i1,7,567,589,142,153,DNoHelmet
_dcq5k52i1,8,548,590,140,151,DNoHelmet
_dcq5k52i1,9,529,590,139,151,DNoHelmet
_dcq5k52i1,10,510,591,137,150,DNoHelmet
_dcq5k52i1,11,492,592,136,148,DNoHelmet
_dcq5k52i1,12,475,592,134,148,DNoHelmet
_dcq5k52i1,13,457,593,133,147,DNoHelmet
_dcq5k52i1,14,440,593,132,146,DNoHelmet
_dcq5k52i1,15,422,594,131,145,DNoHelmet
_dcq5k52i1,16,404,594,130,145,DNoHelmet
_dcq5k52i1,17,389,595,129,144,DNoHelmet
_dcq5k52i1,18,374,596,128,143,DNoHelmet
_dcq5k52i1,19,359,597,127,142,DNoHelmet
_dcq5k52i1,20,340,598,129,141,DNoHelmet
_dcq5k52i1,21,328,599,128,140,DNoHelmet
_dcq5k52i1,22,316,600,127,139,DNoHelmet
_dcq5k52i1,23,304,601,125,138,DNoHelmet
_dcq5k52i1,24,292,601,124,138,DNoHelmet
_dcq5k52i1,25,280,602,123,137,DNoHelmet
_dcq5k52i1,26,271,603,118,136,DNoHelmet
_dcq5k52i1,27,261,604,115,135,DNoHelmet
_dcq5k52i1,28,252,605,111,134,DNoHelmet
_dcq5k52i1,29,243,606,106,133,DNoHelmet
_dcq5k52i1,30,234,607,102,132,DNoHelmet
_dcq5k52i1,31,223,604,102,133,DNoHelmet
_tr15e6oq9,1,1298,570,175,160,DNoHelmetP1NoHelmet
_tr15e6oq9,2,1231,571,170,160,DNoHelmetP1NoHelmet
_tr15e6oq9,3,1168,572,164,160,DNoHelmetP1NoHelmet
_tr15e6oq9,4,1108,573,158,160,DNoHelmetP1NoHelmet
_tr15e6oq9,5,1051,577,153,156,DNoHelmetP1NoHelmet
_tr15e6oq9,6,994,581,147,151,DNoHelmetP1NoHelmet
_tr15e6oq9,7,943,583,144,149,DNoHelmetP1NoHelmet
_tr15e6oq9,8,893,585,139,147,DNoHelmetP1NoHelmet
_tr15e6oq9,9,844,587,135,145,DNoHelmetP1NoHelmet
_tr15e6oq9,10,795,589,131,143,DNoHelmetP1NoHelmet
_tr15e6oq9,11,751,591,128,140,DNoHelmetP1NoHelmet
_tr15e6oq9,12,708,593,124,138,DNoHelmetP1NoHelmet
_tr15e6oq9,13,665,595,121,136,DNoHelmetP1NoHelmet
_tr15e6oq9,14,628,594,117,138,DNoHelmetP1NoHelmet
_tr15e6oq9,15,591,593,114,140,DNoHelmetP1NoHelmet
_tr15e6oq9,16,552,595,114,137,DNoHelmetP1NoHelmet
_tr15e6oq9,17,518,597,113,135,DNoHelmetP1NoHelmet
_tr15e6oq9,18,483,598,114,134,DNoHelmetP1NoHelmet
_tr15e6oq9,19,451,600,113,132,DNoHelmetP1NoHelmet
_tr15e6oq9,20,418,602,114,129,DNoHelmetP1NoHelmet
_z1yc4gqdj,1,1515,559,223,197,DHelmet
_z1yc4gqdj,2,1458,561,217,194,DHelmet
_z1yc4gqdj,3,1401,564,212,191,DHelmet
_z1yc4gqdj,4,1350,566,207,189,DHelmet
_z1yc4gqdj,5,1299,568,202,186,DHelmet
_z1yc4gqdj,6,1253,569,196,184,DHelmet
_z1yc4gqdj,7,1206,570,190,182,DHelmet
_z1yc4gqdj,8,1159,572,185,178,DHelmet
_z1yc4gqdj,9,1117,573,181,177,DHelmet
_z1yc4gqdj,10,1074,575,179,174,DHelmet
_z1yc4gqdj,11,1034,577,176,171,DHelmet
_z1yc4gqdj,12,995,579,172,168,DHelmet
_z1yc4gqdj,13,957,581,169,166,DHelmet
_z1yc4gqdj,14,921,582,167,165,DHelmet
_z1yc4gqdj,15,885,583,164,164,DHelmet
_z1yc4gqdj,16,853,584,161,163,DHelmet
_z1yc4gqdj,17,821,586,158,162,DHelmet
_z1yc4gqdj,18,789,587,155,161,DHelmet
_z1yc4gqdj,19,760,587,154,162,DHelmet
_z1yc4gqdj,20,730,588,154,162,DHelmet
_z1yc4gqdj,21,701,589,153,161,DHelmet
_z1yc4gqdj,22,677,591,149,159,DHelmet
_z1yc4gqdj,23,652,593,147,156,DHelmet
_z1yc4gqdj,24,631,594,145,155,DHelmet
_z1yc4gqdj,25,610,594,143,155,DHelmet
_z1yc4gqdj,26,589,595,141,153,DHelmet
_z1yc4gqdj,27,568,595,139,153,DHelmet
_z1yc4gqdj,28,550,596,138,152,DHelmet
_z1yc4gqdj,29,532,597,136,151,DHelmet
_z1yc4gqdj,30,514,598,134,150,DHelmet
_z1yc4gqdj,31,498,598,133,149,DHelmet
_z1yc4gqdj,32,483,597,131,148,DHelmet
_z1yc4gqdj,33,469,598,129,147,DHelmet
_z1yc4gqdj,34,455,599,128,146,DHelmet
_z1yc4gqdj,35,443,600,126,145,DHelmet
_z1yc4gqdj,36,431,600,125,145,DHelmet
_z1yc4gqdj,37,419,601,123,144,DHelmet
_z1yc4gqdj,38,407,601,121,144,DHelmet
_z1yc4gqdj,39,395,602,120,143,DHelmet
_z1yc4gqdj,40,383,603,119,141,DHelmet
_z1yc4gqdj,41,372,603,117,141,DHelmet
_z1yc4gqdj,42,361,604,115,140,DHelmet
_z1yc4gqdj,43,349,605,114,139,DHelmet
_z1yc4gqdj,44,341,605,111,139,DHelmet
_z1yc4gqdj,45,333,605,107,138,DHelmet
_z1yc4gqdj,46,325,605,103,137,DHelmet
_z1yc4gqdj,47,318,605,98,137,DHelmet
_z1yc4gqdj,48,310,605,94,136,DHelmet
_z1yc4gqdj,49,303,606,92,135,DHelmet
_z1yc4gqdj,50,296,607,90,133,DHelmet
_z1yc4gqdj,51,289,608,88,132,DHelmet
_z1yc4gqdj,52,282,608,85,132,DHelmet
_z1yc4gqdj,53,275,609,83,130,DHelmet
_z1yc4gqdj,54,264,610,86,129,DHelmet
_z1yc4gqdj,55,254,611,89,128,DHelmet
_z1yc4gqdj,56,243,611,93,127,DHelmet
_z1yc4gqdj,57,233,612,95,126,DHelmet
_z1yc4gqdj,58,222,613,99,124,DHelmet
_z1yc4gqdj,59,205,611,99,125,DHelmet
_ljvtyt9uk,8,1786,556,134,195,DHelmetP1NoHelmetP2NoHelmet
_ljvtyt9uk,9,1694,560,226,191,DHelmetP1NoHelmetP2NoHelmet
_ljvtyt9uk,10,1611,563,228,187,DHelmetP1NoHelmetP2NoHelmet
_ljvtyt9uk,11,1532,567,221,183,DHelmetP1NoHelmetP2NoHelmet
_ljvtyt9uk,12,1461,569,211,180,DHelmetP1NoHelmetP2NoHelmet
_ljvtyt9uk,13,1391,572,200,176,DHelmetP1NoHelmetP2NoHelmet
_ljvtyt9uk,14,1327,574,192,174,DHelmetP1NoHelmetP2NoHelmet
_ljvtyt9uk,15,1263,576,185,171,DHelmetP1NoHelmetP2NoHelmet
_ljvtyt9uk,16,1206,576,184,169,DHelmetP1NoHelmetP2NoHelmet
_ljvtyt9uk,17,1151,580,170,166,DHelmetP1NoHelmetP2NoHelmet
_ljvtyt9uk,18,1102,581,169,164,DHelmetP1NoHelmetP2NoHelmet
_ljvtyt9uk,19,1054,583,167,161,DHelmetP1NoHelmetP2NoHelmet
_ljvtyt9uk,20,1005,584,166,159,DHelmetP1NoHelmetP2NoHelmet
_ljvtyt9uk,21,965,586,162,158,DHelmetP1NoHelmetP2NoHelmet
_ljvtyt9uk,22,925,588,157,157,DHelmetP1NoHelmetP2NoHelmet
_ljvtyt9uk,23,890,589,153,155,DHelmetP1NoHelmetP2NoHelmet
_ljvtyt9uk,24,855,590,148,153,DHelmetP1NoHelmetP2NoHelmet
_ljvtyt9uk,25,821,591,142,151,DHelmetP1NoHelmetP2NoHelmet
_ljvtyt9uk,26,786,592,138,149,DHelmetP1NoHelmetP2NoHelmet
_ljvtyt9uk,27,751,593,133,147,DHelmetP1NoHelmetP2NoHelmet
_ljvtyt9uk,28,716,594,129,144,DHelmetP1NoHelmetP2NoHelmet
_ljvtyt9uk,29,686,596,125,142,DHelmetP1NoHelmetP2NoHelmet
_ljvtyt9uk,30,657,597,120,140,DHelmetP1NoHelmetP2NoHelmet
_ljvtyt9uk,31,629,598,120,139,DHelmetP1NoHelmetP2NoHelmet
_ljvtyt9uk,32,601,598,120,138,DHelmetP1NoHelmetP2NoHelmet
_ljvtyt9uk,33,572,598,120,137,DHelmetP1NoHelmetP2NoHelmet
_ljvtyt9uk,34,548,600,120,135,DHelmetP1NoHelmetP2NoHelmet
_ljvtyt9uk,35,523,602,120,133,DHelmetP1NoHelmetP2NoHelmet
_ljvtyt9uk,36,498,603,120,133,DHelmetP1NoHelmetP2NoHelmet
_ljvtyt9uk,37,473,605,120,131,DHelmetP1NoHelmetP2NoHelmet
_gm03emmrv,12,1777,547,143,187,DNoHelmetP1NoHelmetP2NoHelmet
_gm03emmrv,13,1697,547,223,186,DNoHelmetP1NoHelmetP2NoHelmet
_gm03emmrv,14,1624,552,205,183,DNoHelmetP1NoHelmetP2NoHelmet
_gm03emmrv,15,1560,553,194,181,DNoHelmetP1NoHelmetP2NoHelmet
_gm03emmrv,16,1475,554,209,178,DNoHelmetP1NoHelmetP2NoHelmet
_gm03emmrv,17,1390,556,224,175,DNoHelmetP1NoHelmetP2NoHelmet
_gm03emmrv,18,1348,559,198,172,DNoHelmetP1NoHelmetP2NoHelmet
_gm03emmrv,19,1311,562,172,170,DNoHelmetP1NoHelmetP2NoHelmet
_gm03emmrv,20,1273,565,147,167,DNoHelmetP1NoHelmetP2NoHelmet
_gm03emmrv,21,1194,568,170,165,DNoHelmetP1NoHelmetP2NoHelmet
_gm03emmrv,22,1143,571,163,163,DNoHelmetP1NoHelmetP2NoHelmet
_gm03emmrv,23,1095,575,156,159,DNoHelmetP1NoHelmetP2NoHelmet
_gm03emmrv,24,1051,576,151,158,DNoHelmetP1NoHelmetP2NoHelmet
_gm03emmrv,25,1007,578,147,155,DNoHelmetP1NoHelmetP2NoHelmet
_gm03emmrv,26,968,579,143,153,DNoHelmetP1NoHelmetP2NoHelmet
_gm03emmrv,27,928,581,139,150,DNoHelmetP1NoHelmetP2NoHelmet
_gm03emmrv,28,889,582,135,148,DNoHelmetP1NoHelmetP2NoHelmet
_gm03emmrv,29,852,584,130,146,DNoHelmetP1NoHelmetP2NoHelmet
_gm03emmrv,30,820,584,126,145,DNoHelmetP1NoHelmetP2NoHelmet
_gm03emmrv,31,789,585,121,143,DNoHelmetP1NoHelmetP2NoHelmet
_gm03emmrv,32,757,585,116,142,DNoHelmetP1NoHelmetP2NoHelmet
_gm03emmrv,33,728,587,114,140,DNoHelmetP1NoHelmetP2NoHelmet
_gm03emmrv,34,698,588,112,139,DNoHelmetP1NoHelmetP2NoHelmet
_gm03emmrv,35,668,589,110,139,DNoHelmetP1NoHelmetP2NoHelmet
_gm03emmrv,36,638,591,109,137,DNoHelmetP1NoHelmetP2NoHelmet
_gm03emmrv,37,608,592,107,136,DNoHelmetP1NoHelmetP2NoHelmet
_gm03emmrv,38,583,593,104,134,DNoHelmetP1NoHelmetP2NoHelmet
_gm03emmrv,39,558,594,101,133,DNoHelmetP1NoHelmetP2NoHelmet
_gm03emmrv,40,532,595,99,132,DNoHelmetP1NoHelmetP2NoHelmet
_gm03emmrv,41,507,596,96,131,DNoHelmetP1NoHelmetP2NoHelmet
_gm03emmrv,42,483,597,95,129,DNoHelmetP1NoHelmetP2NoHelmet
_gm03emmrv,43,459,597,95,128,DNoHelmetP1NoHelmetP2NoHelmet
_gm03emmrv,44,435,598,95,126,DNoHelmetP1NoHelmetP2NoHelmet
_gm03emmrv,45,411,599,95,125,DNoHelmetP1NoHelmetP2NoHelmet
_gm03emmrv,46,386,600,96,124,DNoHelmetP1NoHelmetP2NoHelmet
_gm03emmrv,47,362,600,95,124,DNoHelmetP1NoHelmetP2NoHelmet
_gm03emmrv,48,337,601,96,123,DNoHelmetP1NoHelmetP2NoHelmet
_jdlp41fil,18,1779,565,141,185,DNoHelmetP1NoHelmetP2NoHelmet
_jdlp41fil,19,1711,565,209,186,DNoHelmetP1NoHelmetP2NoHelmet
_jdlp41fil,20,1643,565,219,188,DNoHelmetP1NoHelmetP2NoHelmet
_jdlp41fil,21,1583,565,214,185,DNoHelmetP1NoHelmetP2NoHelmet
_jdlp41fil,22,1525,568,208,181,DNoHelmetP1NoHelmetP2NoHelmet
_jdlp41fil,23,1468,570,200,178,DNoHelmetP1NoHelmetP2NoHelmet
_jdlp41fil,24,1416,573,192,175,DNoHelmetP1NoHelmetP2NoHelmet
_jdlp41fil,25,1366,573,184,172,DNoHelmetP1NoHelmetP2NoHelmet
_jdlp41fil,26,1316,573,177,169,DNoHelmetP1NoHelmetP2NoHelmet
_jdlp41fil,27,1271,575,171,167,DNoHelmetP1NoHelmetP2NoHelmet
_jdlp41fil,28,1229,576,167,167,DNoHelmetP1NoHelmetP2NoHelmet
_jdlp41fil,29,1188,578,162,165,DNoHelmetP1NoHelmetP2NoHelmet
_jdlp41fil,30,1147,580,157,163,DNoHelmetP1NoHelmetP2NoHelmet
_jdlp41fil,31,1110,581,152,161,DNoHelmetP1NoHelmetP2NoHelmet
_jdlp41fil,32,1073,581,147,159,DNoHelmetP1NoHelmetP2NoHelmet
_jdlp41fil,33,1036,582,143,157,DNoHelmetP1NoHelmetP2NoHelmet
_jdlp41fil,34,1001,583,141,155,DNoHelmetP1NoHelmetP2NoHelmet
_jdlp41fil,35,967,584,138,153,DNoHelmetP1NoHelmetP2NoHelmet
_jdlp41fil,36,938,584,136,153,DNoHelmetP1NoHelmetP2NoHelmet
_jdlp41fil,37,908,585,134,151,DNoHelmetP1NoHelmetP2NoHelmet
_jdlp41fil,38,878,586,132,149,DNoHelmetP1NoHelmetP2NoHelmet
_jdlp41fil,39,849,587,129,147,DNoHelmetP1NoHelmetP2NoHelmet
_jdlp41fil,40,823,588,126,146,DNoHelmetP1NoHelmetP2NoHelmet
_jdlp41fil,41,797,588,124,145,DNoHelmetP1NoHelmetP2NoHelmet
_jdlp41fil,42,771,589,122,143,DNoHelmetP1NoHelmetP2NoHelmet
_jdlp41fil,43,747,590,120,141,DNoHelmetP1NoHelmetP2NoHelmet
_jdlp41fil,44,724,591,117,140,DNoHelmetP1NoHelmetP2NoHelmet
_jdlp41fil,45,702,591,115,139,DNoHelmetP1NoHelmetP2NoHelmet
_jdlp41fil,46,680,592,113,137,DNoHelmetP1NoHelmetP2NoHelmet
_jdlp41fil,47,657,593,111,135,DNoHelmetP1NoHelmetP2NoHelmet
_jdlp41fil,48,640,594,108,134,DNoHelmetP1NoHelmetP2NoHelmet
_jdlp41fil,49,622,595,106,132,DNoHelmetP1NoHelmetP2NoHelmet
_jdlp41fil,50,605,596,103,131,DNoHelmetP1NoHelmetP2NoHelmet
_jdlp41fil,51,587,597,101,129,DNoHelmetP1NoHelmetP2NoHelmet
_jdlp41fil,52,572,598,99,128,DNoHelmetP1NoHelmetP2NoHelmet
_jdlp41fil,53,556,600,97,126,DNoHelmetP1NoHelmetP2NoHelmet
_jdlp41fil,54,541,602,94,124,DNoHelmetP1NoHelmetP2NoHelmet
_jdlp41fil,55,525,603,92,124,DNoHelmetP1NoHelmetP2NoHelmet
_jdlp41fil,56,510,605,89,122,DNoHelmetP1NoHelmetP2NoHelmet
_jdlp41fil,57,496,607,89,119,DNoHelmetP1NoHelmetP2NoHelmet
_jdlp41fil,58,482,609,88,117,DNoHelmetP1NoHelmetP2NoHelmet
_jdlp41fil,59,469,611,86,114,DNoHelmetP1NoHelmetP2NoHelmet
_jdlp41fil,60,457,611,86,114,DNoHelmetP1NoHelmetP2NoHelmet
_jdlp41fil,61,445,611,86,114,DNoHelmetP1NoHelmetP2NoHelmet
_jdlp41fil,62,431,611,86,113,DNoHelmetP1NoHelmetP2NoHelmet
_jdlp41fil,63,416,610,87,114,DNoHelmetP1NoHelmetP2NoHelmet
_jdlp41fil,64,402,610,86,114,DNoHelmetP1NoHelmetP2NoHelmet
_jdlp41fil,65,388,610,86,114,DNoHelmetP1NoHelmetP2NoHelmet
_jdlp41fil,66,375,610,87,114,DNoHelmetP1NoHelmetP2NoHelmet
_jdlp41fil,67,363,610,86,113,DNoHelmetP1NoHelmetP2NoHelmet
_jdlp41fil,68,350,609,86,114,DNoHelmetP1NoHelmetP2NoHelmet
_jdlp41fil,69,337,609,87,114,DNoHelmetP1NoHelmetP2NoHelmet
_jdlp41fil,70,325,609,86,114,DNoHelmetP1NoHelmetP2NoHelmet
_jdlp41fil,71,312,609,86,114,DNoHelmetP1NoHelmetP2NoHelmet
_jdlp41fil,72,300,609,86,113,DNoHelmetP1NoHelmetP2NoHelmet
_jdlp41fil,73,287,608,86,114,DNoHelmetP1NoHelmetP2NoHelmet
_jdlp41fil,74,274,608,87,114,DNoHelmetP1NoHelmetP2NoHelmet
_jdlp41fil,75,263,609,85,114,DNoHelmetP1NoHelmetP2NoHelmet
_jdlp41fil,76,252,610,84,114,DNoHelmetP1NoHelmetP2NoHelmet
_jdlp41fil,77,241,611,82,114,DNoHelmetP1NoHelmetP2NoHelmet
_jdlp41fil,78,229,612,82,113,DNoHelmetP1NoHelmetP2NoHelmet
_jdlp41fil,79,216,614,81,113,DNoHelmetP1NoHelmetP2NoHelmet
_a3739g8d3,13,1725,550,195,230,DHelmet
_a3739g8d3,14,1621,555,288,228,DHelmet
_a3739g8d3,15,1522,559,267,224,DHelmet
_a3739g8d3,16,1429,560,245,219,DHelmet
_a3739g8d3,17,1342,562,233,215,DHelmet
_a3739g8d3,18,1257,565,227,211,DHelmet
_a3739g8d3,19,1172,568,221,206,DHelmet
_a3739g8d3,20,1097,571,215,202,DHelmet
_a3739g8d3,21,1021,575,209,196,DHelmet
_a3739g8d3,22,948,578,203,192,DHelmet
_a3739g8d3,23,878,578,198,190,DHelmet
_a3739g8d3,24,816,581,193,186,DHelmet
_a3739g8d3,25,753,584,189,183,DHelmet
_a3739g8d3,26,691,586,183,181,DHelmet
_a3739g8d3,27,628,589,179,178,DHelmet
_a3739g8d3,28,573,592,169,175,DHelmet
_a3739g8d3,29,524,594,169,172,DHelmet
_a3739g8d3,30,476,596,164,170,DHelmet
_a3739g8d3,31,428,598,160,168,DHelmet
_a3739g8d3,32,380,600,155,166,DHelmet
_a3739g8d3,33,338,602,151,164,DHelmet
_a3739g8d3,34,296,604,147,162,DHelmet
_a3739g8d3,35,254,606,142,160,DHelmet
_a3739g8d3,36,215,608,140,158,DHelmet
_a3739g8d3,37,177,610,136,157,DHelmet
_a3739g8d3,38,142,611,132,155,DHelmet
_a3739g8d3,39,106,612,129,154,DHelmet
_a3739g8d3,40,70,613,127,152,DHelmet
_a3739g8d3,41,39,614,120,149,DHelmet
_a3739g8d3,42,21,614,109,149,DHelmet
_a3739g8d3,43,3,614,97,149,DHelmet
_7i71zewyi,33,1682,548,238,240,DHelmet
_7i71zewyi,34,1577,553,270,234,DHelmet
_7i71zewyi,35,1484,558,253,228,DHelmet
_7i71zewyi,36,1395,559,244,224,DHelmet
_7i71zewyi,37,1316,561,235,218,DHelmet
_7i71zewyi,38,1237,565,225,214,DHelmet
_7i71zewyi,39,1166,568,218,210,DHelmet
_7i71zewyi,40,1095,570,212,207,DHelmet
_7i71zewyi,41,1031,573,206,202,DHelmet
_7i71zewyi,42,967,575,200,199,DHelmet
_7i71zewyi,43,910,577,193,197,DHelmet
_7i71zewyi,44,855,579,188,195,DHelmet
_7i71zewyi,45,801,580,181,193,DHelmet
_7i71zewyi,46,751,582,176,191,DHelmet
_7i71zewyi,47,702,584,170,189,DHelmet
_7i71zewyi,48,656,587,166,187,DHelmet
_7i71zewyi,49,614,588,161,185,DHelmet
_7i71zewyi,50,572,590,157,182,DHelmet
_7i71zewyi,51,530,591,153,180,DHelmet
_7i71zewyi,52,493,593,150,178,DHelmet
_7i71zewyi,53,456,595,147,175,DHelmet
_7i71zewyi,54,419,597,145,173,DHelmet
_7i71zewyi,55,388,598,142,172,DHelmet
_7i71zewyi,56,356,598,140,170,DHelmet
_7i71zewyi,57,328,601,137,167,DHelmet
_7i71zewyi,58,301,603,134,166,DHelmet
_7i71zewyi,59,273,604,132,164,DHelmet
_7i71zewyi,60,249,605,130,163,DHelmet
_7i71zewyi,61,224,606,129,162,DHelmet
_7i71zewyi,62,200,607,126,161,DHelmet
_7i71zewyi,63,179,608,124,160,DHelmet
_7i71zewyi,64,159,609,122,158,DHelmet
_7i71zewyi,65,138,609,120,158,DHelmet
_7i71zewyi,66,118,610,117,156,DHelmet
_7i71zewyi,67,97,610,116,156,DHelmet
_7i71zewyi,68,77,611,114,154,DHelmet
_7i71zewyi,69,60,612,112,152,DHelmet
_7i71zewyi,70,43,612,110,152,DHelmet
_7i71zewyi,71,26,613,108,150,DHelmet
_7i71zewyi,72,10,613,108,151,DHelmet
_7i71zewyi,73,0,614,102,150,DHelmet
_7i71zewyi,74,0,614,86,150,DHelmet
_7i71zewyi,75,0,614,70,150,DHelmet
_imp4j7vj0,46,1670,556,250,223,DHelmetP1Helmet
_imp4j7vj0,47,1579,561,255,221,DHelmetP1Helmet
_imp4j7vj0,48,1487,562,256,219,DHelmetP1Helmet
_imp4j7vj0,49,1405,564,248,215,DHelmetP1Helmet
_imp4j7vj0,50,1324,566,238,212,DHelmetP1Helmet
_imp4j7vj0,51,1243,572,228,205,DHelmetP1Helmet
_imp4j7vj0,52,1165,573,226,203,DHelmetP1Helmet
_imp4j7vj0,53,1095,574,223,202,DHelmetP1Helmet
_imp4j7vj0,54,1025,575,219,201,DHelmetP1Helmet
_imp4j7vj0,55,959,577,213,199,DHelmetP1Helmet
_imp4j7vj0,56,897,579,209,197,DHelmetP1Helmet
_imp4j7vj0,57,835,582,205,194,DHelmetP1Helmet
_imp4j7vj0,58,778,584,200,192,DHelmetP1Helmet
_imp4j7vj0,59,721,587,196,189,DHelmetP1Helmet
_imp4j7vj0,60,670,589,191,187,DHelmetP1Helmet
_imp4j7vj0,61,619,592,186,184,DHelmetP1Helmet
_imp4j7vj0,62,568,594,182,182,DHelmetP1Helmet
_imp4j7vj0,63,520,596,178,180,DHelmetP1Helmet
_imp4j7vj0,64,474,598,175,179,DHelmetP1Helmet
_imp4j7vj0,65,428,600,173,177,DHelmetP1Helmet
_imp4j7vj0,66,385,602,170,176,DHelmetP1Helmet
_imp4j7vj0,67,342,604,167,174,DHelmetP1Helmet
_imp4j7vj0,68,303,608,164,170,DHelmetP1Helmet
_imp4j7vj0,69,265,607,162,171,DHelmetP1Helmet
_imp4j7vj0,70,228,607,159,170,DHelmetP1Helmet
_imp4j7vj0,71,194,608,154,169,DHelmetP1Helmet
_imp4j7vj0,72,164,610,149,166,DHelmetP1Helmet
_imp4j7vj0,73,133,612,146,164,DHelmetP1Helmet
_imp4j7vj0,74,103,613,141,163,DHelmetP1Helmet
_imp4j7vj0,75,78,616,136,160,DHelmetP1Helmet
_imp4j7vj0,76,52,619,132,158,DHelmetP1Helmet
_imp4j7vj0,77,35,619,125,158,DHelmetP1Helmet
_imp4j7vj0,78,18,618,117,159,DHelmetP1Helmet
_imp4j7vj0,79,0,618,110,159,DHelmetP1Helmet
_g06aqveeg,53,1680,568,240,200,DNoHelmet
_g06aqveeg,54,1598,569,255,199,DNoHelmet
_g06aqveeg,55,1515,570,251,198,DNoHelmet
_g06aqveeg,56,1442,570,245,196,DNoHelmet
_g06aqveeg,57,1370,570,237,195,DNoHelmet
_g06aqveeg,58,1299,571,232,193,DNoHelmet
_g06aqveeg,59,1233,575,226,190,DNoHelmet
_g06aqveeg,60,1167,578,221,188,DNoHelmet
_g06aqveeg,61,1105,580,216,186,DNoHelmet
_g06aqveeg,62,1044,581,210,185,DNoHelmet
_g06aqveeg,63,986,583,206,183,DNoHelmet
_g06aqveeg,64,931,585,203,181,DNoHelmet
_g06aqveeg,65,876,587,199,180,DNoHelmet
_g06aqveeg,66,825,590,196,177,DNoHelmet
_g06aqveeg,67,774,592,192,175,DNoHelmet
_g06aqveeg,68,723,594,188,173,DNoHelmet
_g06aqveeg,69,677,596,184,171,DNoHelmet
_g06aqveeg,70,632,597,179,171,DNoHelmet
_g06aqveeg,71,586,599,175,169,DNoHelmet
_g06aqveeg,72,542,601,172,167,DNoHelmet
_g06aqveeg,73,502,602,169,166,DNoHelmet
_g06aqveeg,74,461,604,167,164,DNoHelmet
_g06aqveeg,75,422,605,165,163,DNoHelmet
_g06aqveeg,76,384,607,162,161,DNoHelmet
_g06aqveeg,77,346,609,159,160,DNoHelmet
_g06aqveeg,78,311,610,157,159,DNoHelmet
_g06aqveeg,79,277,612,154,157,DNoHelmet
_g06aqveeg,80,245,614,152,155,DNoHelmet
_g06aqveeg,81,214,615,149,154,DNoHelmet
_g06aqveeg,82,188,616,145,153,DNoHelmet
_g06aqveeg,83,163,616,140,153,DNoHelmet
_g06aqveeg,84,137,617,137,152,DNoHelmet
_g06aqveeg,85,112,617,132,153,DNoHelmet
_g06aqveeg,86,87,618,132,151,DNoHelmet
_g06aqveeg,87,63,619,132,149,DNoHelmet
_g06aqveeg,88,39,619,133,149,DNoHelmet
_g06aqveeg,89,16,620,132,147,DNoHelmet
_g06aqveeg,90,0,621,127,145,DNoHelmet
_g06aqveeg,91,0,621,106,145,DNoHelmet
_g06aqveeg,92,0,622,85,143,DNoHelmet
_7ltief9bh,73,1733,559,187,224,DNoHelmetP1NoHelmet
_7ltief9bh,74,1648,563,269,221,DNoHelmetP1NoHelmet
_7ltief9bh,75,1570,563,270,219,DNoHelmetP1NoHelmet
_7ltief9bh,76,1489,565,243,217,DNoHelmetP1NoHelmet
_7ltief9bh,77,1418,567,260,214,DNoHelmetP1NoHelmet
_7ltief9bh,78,1344,569,253,212,DNoHelmetP1NoHelmet
_7ltief9bh,79,1276,570,243,209,DNoHelmetP1NoHelmet
_7ltief9bh,80,1212,573,236,206,DNoHelmetP1NoHelmet
_7ltief9bh,81,1150,575,229,204,DNoHelmetP1NoHelmet
_7ltief9bh,82,1088,576,223,202,DNoHelmetP1NoHelmet
_7ltief9bh,83,1030,578,218,200,DNoHelmetP1NoHelmet
_7ltief9bh,84,973,581,213,197,DNoHelmetP1NoHelmet
_7ltief9bh,85,917,583,211,195,DNoHelmetP1NoHelmet
_7ltief9bh,86,865,586,208,192,DNoHelmetP1NoHelmet
_7ltief9bh,87,815,588,206,190,DNoHelmetP1NoHelmet
_7ltief9bh,88,765,591,202,187,DNoHelmetP1NoHelmet
_7ltief9bh,89,715,593,197,185,DNoHelmetP1NoHelmet
_7ltief9bh,90,670,596,194,182,DNoHelmetP1NoHelmet
_7ltief9bh,91,626,599,190,180,DNoHelmetP1NoHelmet
_7ltief9bh,92,585,600,188,179,DNoHelmetP1NoHelmet
_7ltief9bh,93,544,601,185,178,DNoHelmetP1NoHelmet
_7ltief9bh,94,503,602,183,177,DNoHelmetP1NoHelmet
_7ltief9bh,95,465,604,180,176,DNoHelmetP1NoHelmet
_7ltief9bh,96,426,605,178,176,DNoHelmetP1NoHelmet
_7ltief9bh,97,391,606,176,175,DNoHelmetP1NoHelmet
_7ltief9bh,98,357,607,174,174,DNoHelmetP1NoHelmet
_7ltief9bh,99,326,608,171,172,DNoHelmetP1NoHelmet
_7ltief9bh,100,294,608,169,172,DNoHelmetP1NoHelmet
_evijkd649,87,1675,549,245,272,DHelmet
_evijkd649,88,1591,553,320,267,DHelmet
_evijkd649,89,1508,556,309,264,DHelmet
_evijkd649,90,1434,557,299,260,DHelmet
_evijkd649,91,1360,560,290,256,DHelmet
_evijkd649,92,1287,563,281,253,DHelmet
_evijkd649,93,1221,564,272,248,DHelmet
_evijkd649,94,1161,566,260,245,DHelmet
_evijkd649,95,1100,569,249,241,DHelmet
_evijkd649,96,1045,572,241,237,DHelmet
_evijkd649,97,989,574,235,234,DHelmet
_evijkd649,98,932,577,230,230,DHelmet
_evijkd649,99,883,580,224,226,DHelmet
_evijkd649,100,833,582,218,223,DHelmet
_dhfm57wod,1,979,585,268,252,DHelmetP0NoHelmetP1HelmetP2Helmet
_dhfm57wod,2,1086,581,285,260,DHelmetP0NoHelmetP1HelmetP2Helmet
_dhfm57wod,3,1199,577,301,268,DHelmetP0NoHelmetP1HelmetP2Helmet
_dhfm57wod,4,1321,573,316,276,DHelmetP0NoHelmetP1HelmetP2Helmet
_dhfm57wod,5,1451,571,333,284,DHelmetP0NoHelmetP1HelmetP2Helmet
_dhfm57wod,6,1584,567,336,293,DHelmetP0NoHelmetP1HelmetP2Helmet
_dhfm57wod,7,1730,562,190,296,DHelmetP0NoHelmetP1HelmetP2Helmet
_6flgaqt9o,50,17,709,301,370,DNoHelmetP1NoHelmet
_6flgaqt9o,51,116,710,343,370,DNoHelmetP1NoHelmet
_6flgaqt9o,52,249,710,364,370,DNoHelmetP1NoHelmet
_6flgaqt9o,53,386,708,393,372,DNoHelmetP1NoHelmet
_6flgaqt9o,54,536,705,422,375,DNoHelmetP1NoHelmet
_6flgaqt9o,55,694,704,452,376,DNoHelmetP1NoHelmet
_6flgaqt9o,56,862,705,489,375,DNoHelmetP1NoHelmet
_6flgaqt9o,57,1042,706,526,374,DNoHelmetP1NoHelmet
_6flgaqt9o,58,1245,704,562,376,DNoHelmetP1NoHelmet
_6flgaqt9o,59,1465,703,455,377,DNoHelmetP1NoHelmet
_0tj5hinto,64,0,682,223,323,DNoHelmetP1NoHelmet
_0tj5hinto,65,67,685,257,334,DNoHelmetP1NoHelmet
_0tj5hinto,66,157,687,274,349,DNoHelmetP1NoHelmet
_0tj5hinto,67,252,690,293,362,DNoHelmetP1NoHelmet
_0tj5hinto,68,352,690,318,382,DNoHelmetP1NoHelmet
_0tj5hinto,69,463,689,342,391,DNoHelmetP1NoHelmet
_0tj5hinto,70,582,693,372,387,DNoHelmetP1NoHelmet
_0tj5hinto,71,712,695,409,385,DNoHelmetP1NoHelmet
_0tj5hinto,72,855,697,446,383,DNoHelmetP1NoHelmet
_0tj5hinto,73,1013,696,483,384,DNoHelmetP1NoHelmet
_0tj5hinto,74,1196,699,519,381,DNoHelmetP1NoHelmet
_0tj5hinto,75,1393,698,527,382,DNoHelmetP1NoHelmet
_0tj5hinto,76,1624,700,296,380,DNoHelmetP1NoHelmet
_066wrqt8z,95,2,738,215,342,DNoHelmetP1NoHelmet
_066wrqt8z,96,8,749,315,331,DNoHelmetP1NoHelmet
_066wrqt8z,97,93,751,329,329,DNoHelmetP1NoHelmet
_066wrqt8z,98,197,754,359,326,DNoHelmetP1NoHelmet
_066wrqt8z,99,329,757,371,323,DNoHelmetP1NoHelmet
_066wrqt8z,100,458,758,394,322,DNoHelmetP1NoHelmet
