track_id,frame_id,x,y,w,h,label
_wr4y48z09,1,617,286,114,201,DHelmetP1Helmet
_wr4y48z09,2,586,283,112,196,DHelmetP1Helmet
_wr4y48z09,3,556,280,109,190,DHelmetP1Helmet
_wr4y48z09,4,525,278,107,184,DHelmetP1Helmet
_wr4y48z09,5,494,275,105,179,DHelmetP1Helmet
_wr4y48z09,6,467,274,103,173,DHelmetP1Helmet
_wr4y48z09,7,440,272,101,168,DHelmetP1Helmet
_wr4y48z09,8,416,270,98,165,DHelmetP1Helmet
_wr4y48z09,9,392,267,95,162,DHelmetP1Helmet
_wr4y48z09,10,368,264,92,160,DHelmetP1Helmet
_wr4y48z09,11,347,262,89,157,DHelmetP1Helmet
_wr4y48z09,12,326,259,87,154,DHelmetP1Helmet
_wr4y48z09,13,307,257,83,152,DHelmetP1Helmet
_wr4y48z09,14,287,255,80,149,DHelmetP1Helmet
_wr4y48z09,15,271,253,77,146,DHelmetP1Helmet
_wr4y48z09,16,255,250,75,144,DHelmetP1Helmet
_wr4y48z09,17,238,248,71,141,DHelmetP1Helmet
_wr4y48z09,18,220,246,69,139,DHelmetP1Helmet
_wr4y48z09,19,206,246,66,133,DHelmetP1Helmet
_wr4y48z09,20,192,246,64,127,DHelmetP1Helmet
_47tr2271g,1,948,330,170,249,DNoHelmetP1NoHelmet
_47tr2271g,2,900,322,159,241,DNoHelmetP1NoHelmet
_47tr2271g,3,853,315,146,232,DNoHelmetP1NoHelmet
_47tr2271g,4,809,312,137,223,DNoHelmetP1NoHelmet
_47tr2271g,5,766,310,126,212,DNoHelmetP1NoHelmet
_47tr2271g,6,731,306,122,207,DNoHelmetP1NoHelmet
_47tr2271g,7,696,301,117,204,DNoHelmetP1NoHelmet
_47tr2271g,8,660,297,114,199,DNoHelmetP1NoHelmet
_47tr2271g,9,625,293,109,194,DNoHelmetP1NoHelmet
_47tr2271g,10,590,289,105,190,DNoHelmetP1NoHelmet
_47tr2271g,11,554,285,101,185,DNoHelmetP1NoHelmet
_47tr2271g,12,525,282,97,181,DNoHelmetP1NoHelmet
_47tr2271g,13,495,279,93,177,DNoHelmetP1NoHelmet
_47tr2271g,14,465,276,92,172,DNoHelmetP1NoHelmet
_47tr2271g,15,435,274,90,166,DNoHelmetP1NoHelmet
_47tr2271g,16,409,272,89,161,DNoHelmetP1NoHelmet
_47tr2271g,17,384,271,86,155,DNoHelmetP1NoHelmet
_47tr2271g,18,356,267,87,154,DNoHelmetP1NoHelmet
_47tr2271g,19,329,263,86,152,DNoHelmetP1NoHelmet
_47tr2271g,20,310,261,82,149,DNoHelmetP1NoHelmet
_47tr2271g,21,292,259,78,146,DNoHelmetP1NoHelmet
_47tr2271g,22,273,258,74,143,DNoHelmetP1NoHelmet
_47tr2271g,23,255,256,73,140,DNoHelmetP1NoHelmet
_47tr2271g,24,236,254,72,137,DNoHelmetP1NoHelmet
_47tr2271g,25,218,252,71,134,DNoHelmetP1NoHelmet
_47tr2271g,26,201,251,70,130,DNoHelmetP1NoHelmet
_47tr2271g,27,184,249,69,128,DNoHelmetP1NoHelmet
_47tr2271g,28,171,247,68,125,DNoHelmetP1NoHelmet
_47tr2271g,29,158,245,66,122,DNoHelmetP1NoHelmet
_47tr2271g,30,138,243,66,121,DNoHelmetP1NoHelmet
_jnqb88tm7,1,1148,354,241,288,DHelmet
_jnqb88tm7,2,1062,346,226,277,DHelmet
_jnqb88tm7,3,982,339,211,265,DHelmet
_jnqb88tm7,4,905,331,200,256,DHelmet
_jnqb88tm7,5,835,323,188,247,DHelmet
_jnqb88tm7,6,772,318,177,239,DHelmet
_jnqb88tm7,7,709,312,165,232,DHelmet
_jnqb88tm7,8,656,306,154,225,DHelmet
_jnqb88tm7,9,603,301,144,216,DHelmet
_jnqb88tm7,10,557,295,132,209,DHelmet
_jnqb88tm7,11,511,289,121,202,DHelmet
_jnqb88tm7,12,474,285,113,196,DHelmet
_jnqb88tm7,13,437,282,105,188,DHelmet
_jnqb88tm7,14,403,278,100,183,DHelmet
_jnqb88tm7,15,368,274,96,177,DHelmet
_jnqb88tm7,16,337,271,92,173,DHelmet
_jnqb88tm7,17,306,267,88,169,DHelmet
_jnqb88tm7,18,280,264,83,166,DHelmet
_jnqb88tm7,19,255,262,80,161,DHelmet
_jnqb88tm7,20,231,260,76,157,DHelmet
_jnqb88tm7,21,209,257,74,153,DHelmet
_jnqb88tm7,22,187,255,72,149,DHelmet
_jnqb88tm7,23,164,252,71,146,DHelmet
_jnqb88tm7,24,142,249,69,142,DHelmet
_jnqb88tm7,25,124,248,66,138,DHelmet
_jnqb88tm7,26,105,246,65,135,DHelmet
_jnqb88tm7,27,91,245,64,134,DHelmet
_yx559ib3a,1,415,301,150,280,DHelmet
_yx559ib3a,2,444,305,157,286,DHelmet
_yx559ib3a,3,473,309,164,292,DHelmet
_yx559ib3a,4,505,311,173,306,DHelmet
_yx559ib3a,5,536,313,183,319,DHelmet
_yx559ib3a,6,569,318,186,326,DHelmet
_yx559ib3a,7,609,323,188,334,DHelmet
_yx559ib3a,8,648,329,200,345,DHelmet
_yx559ib3a,9,686,334,205,357,DHelmet
_yx559ib3a,10,725,339,209,369,DHelmet
_yx559ib3a,11,764,344,212,381,DHelmet
_yx559ib3a,12,805,351,215,394,DHelmet
_yx559ib3a,13,846,358,218,406,DHelmet
_yx559ib3a,14,885,364,222,424,DHelmet
_yx559ib3a,15,923,369,227,443,DHelmet
_yx559ib3a,16,961,376,235,463,DHelmet
_yx559ib3a,17,999,382,242,484,DHelmet
_yx559ib3a,18,1035,391,250,505,DHelmet
_yx559ib3a,19,1070,399,258,526,DHelmet
_yx559ib3a,20,1107,409,274,555,DHelmet
_yx559ib3a,21,1144,419,290,583,DHelmet
_yx559ib3a,22,1183,431,315,613,DHelmet
_yx559ib3a,23,1221,442,349,638,DHelmet
_yx559ib3a,24,1262,455,384,625,DHelmet
_yx559ib3a,25,1310,471,416,609,DHelmet
_yx559ib3a,26,1361,484,453,596,DHelmet
_yx559ib3a,27,1414,495,492,585,DHelmet
_yx559ib3a,28,1469,511,451,569,DHelmet
_yx559ib3a,29,1548,533,372,547,DHelmet
_sermtrn84,1,910,422,412,658,DHelmet
_sermtrn84,2,975,442,445,638,DHelmet
_sermtrn84,3,1049,453,485,627,DHelmet
_sermtrn84,4,1133,471,493,609,DHelmet
_sermtrn84,5,1223,485,550,595,DHelmet
_sermtrn84,6,1324,499,596,581,DHelmet
_f48a2nqvo,21,1690,413,230,322,DHelmet
_f48a2nqvo,22,1602,406,306,315,DHelmet
_f48a2nqvo,23,1518,396,290,305,DHelmet
_f48a2nqvo,24,1433,387,274,294,DHelmet
_f48a2nqvo,25,1366,381,257,283,DHelmet
_f48a2nqvo,26,1298,374,241,273,DHelmet
_f48a2nqvo,27,1235,368,225,262,DHelmet
_f48a2nqvo,28,1172,362,209,251,DHelmet
_f48a2nqvo,29,1116,355,200,245,DHelmet
_f48a2nqvo,30,1059,349,192,239,DHelmet
_f48a2nqvo,31,1009,342,182,234,DHelmet
_f48a2nqvo,32,958,335,174,228,DHelmet
_f48a2nqvo,33,911,331,167,222,DHelmet
_f48a2nqvo,34,864,327,161,216,DHelmet
_f48a2nqvo,35,820,322,156,211,DHelmet
_f48a2nqvo,36,775,318,151,205,DHelmet
_f48a2nqvo,37,733,313,147,199,DHelmet
_f48a2nqvo,38,692,308,142,194,DHelmet
_f48a2nqvo,39,654,305,137,189,DHelmet
_f48a2nqvo,40,615,303,134,182,DHelmet
_f48a2nqvo,41,584,299,127,179,DHelmet
_f48a2nqvo,42,553,296,121,174,DHelmet
_f48a2nqvo,43,524,292,114,172,DHelmet
_f48a2nqvo,44,494,288,109,169,DHelmet
_f48a2nqvo,45,468,286,102,164,DHelmet
_f48a2nqvo,46,442,284,96,160,DHelmet
_f48a2nqvo,47,420,281,92,158,DHelmet
_f48a2nqvo,48,398,279,88,155,DHelmet
_f48a2nqvo,49,379,276,83,152,DHelmet
_f48a2nqvo,50,359,273,78,150,DHelmet
_f48a2nqvo,51,342,272,73,146,DHelmet
_f48a2nqvo,52,325,270,68,143,DHelmet
_f48a2nqvo,53,306,268,69,140,DHelmet
_f48a2nqvo,54,288,267,69,136,DHelmet
_f48a2nqvo,55,272,265,68,134,DHelmet
_f48a2nqvo,56,257,263,66,132,DHelmet
_f48a2nqvo,57,242,262,69,129,DHelmet
_f48a2nqvo,58,227,260,71,127,DHelmet
_f48a2nqvo,59,215,258,68,125,DHelmet
_f48a2nqvo,60,203,256,65,124,DHelmet
_f48a2nqvo,61,190,254,63,122,DHelmet
_f48a2nqvo,62,178,252,60,121,DHelmet
_y272oy95p,32,1655,397,265,363,DHelmet
_y272oy95p,33,1585,391,334,348,DHelmet
_y272oy95p,34,1518,384,334,336,DHelmet
_y272oy95p,35,1454,377,317,328,DHelmet
_y272oy95p,36,1395,370,297,317,DHelmet
_y272oy95p,37,1335,363,278,306,DHelmet
_y272oy95p,38,1281,358,265,296,DHelmet
_y272oy95p,39,1227,353,252,286,DHelmet
_y272oy95p,40,1174,348,243,278,DHelmet
_y272oy95p,41,1122,343,233,270,DHelmet
_y272oy95p,42,1073,338,225,262,DHelmet
_y272oy95p,43,1024,333,217,254,DHelmet
_y272oy95p,44,979,329,210,247,DHelmet
_y272oy95p,45,933,324,204,241,DHelmet
_y272oy95p,46,890,320,197,235,DHelmet
_y272oy95p,47,847,315,190,230,DHelmet
_y272oy95p,48,808,310,183,226,DHelmet
_y272oy95p,49,768,306,177,220,DHelmet
_y272oy95p,50,731,302,167,215,DHelmet
_y272oy95p,51,694,299,158,209,DHelmet
_y272oy95p,52,656,295,149,204,DHelmet
_y272oy95p,53,619,291,139,198,DHelmet
_y272oy95p,54,586,289,135,189,DHelmet
_y272oy95p,55,553,286,132,180,DHelmet
_y272oy95p,56,522,282,129,177,DHelmet
_y272oy95p,57,492,279,125,173,DHelmet
_y272oy95p,58,462,276,121,169,DHelmet
_y272oy95p,59,435,274,117,167,DHelmet
_y272oy95p,60,408,272,114,165,DHelmet
_tdwkgciag,40,1627,407,293,365,DHelmet
_tdwkgciag,41,1528,396,361,352,DHelmet
_tdwkgciag,42,1435,385,338,340,DHelmet
_tdwkgciag,43,1350,378,318,326,DHelmet
_tdwkgciag,44,1266,370,297,313,DHelmet
_tdwkgciag,45,1191,362,281,301,DHelmet
_tdwkgciag,46,1117,355,264,288,DHelmet
_tdwkgciag,47,1047,348,252,278,DHelmet
_tdwkgciag,48,984,342,239,267,DHelmet
_tdwkgciag,49,919,333,230,259,DHelmet
_tdwkgciag,50,861,326,221,253,DHelmet
_tdwkgciag,51,803,319,212,246,DHelmet
_tdwkgciag,52,752,314,203,240,DHelmet
_tdwkgciag,53,701,309,194,233,DHelmet
_tdwkgciag,54,654,303,185,227,DHelmet
_tdwkgciag,55,607,297,176,220,DHelmet
_tdwkgciag,56,565,293,170,214,DHelmet
_tdwkgciag,57,523,289,164,209,DHelmet
_tdwkgciag,58,488,286,157,203,DHelmet
_tdwkgciag,59,452,283,152,198,DHelmet
_tdwkgciag,60,421,279,145,193,DHelmet
_tdwkgciag,61,389,275,140,188,DHelmet
_tdwkgciag,62,361,273,133,182,DHelmet
_tdwkgciag,63,333,270,127,177,DHelmet
_tdwkgciag,64,308,269,125,173,DHelmet
_tdwkgciag,65,283,267,123,170,DHelmet
_tdwkgciag,66,261,265,121,166,DHelmet
_tdwkgciag,67,238,262,119,163,DHelmet
_tdwkgciag,68,216,260,117,159,DHelmet
_tdwkgciag,69,201,257,114,158,DHelmet
_tdwkgciag,70,187,255,109,155,DHelmet
_tdwkgciag,71,172,253,106,153,DHelmet
_tdwkgciag,72,157,250,103,151,DHelmet
_tdwkgciag,73,143,248,99,149,DHelmet
_tdwkgciag,74,128,245,96,147,DHelmet
_tdwkgciag,75,118,245,94,144,DHelmet
_tdwkgciag,76,107,244,93,142,DHelmet
_tdwkgciag,77,96,243,92,139,DHelmet
_tdwkgciag,78,85,242,90,137,DHelmet
_tdwkgciag,79,74,241,89,135,DHelmet
_gdl7c40y7,25,6,242,75,163,DHelmet
_gdl7c40y7,26,21,244,75,169,DHelmet
_gdl7c40y7,27,31,246,79,174,DHelmet
_gdl7c40y7,28,44,248,84,179,DHelmet
_gdl7c40y7,29,57,250,89,184,DHelmet
_gdl7c40y7,30,72,252,92,189,DHelmet
_gdl7c40y7,31,88,253,94,194,DHelmet
_gdl7c40y7,32,105,255,97,200,DHelmet
_gdl7c40y7,33,122,257,101,206,DHelmet
_gdl7c40y7,34,139,258,105,213,DHelmet
_gdl7c40y7,35,160,261,108,220,DHelmet
_gdl7c40y7,36,181,264,112,226,DHelmet
_gdl7c40y7,37,204,268,116,232,DHelmet
_gdl7c40y7,38,228,271,118,240,DHelmet
_gdl7c40y7,39,252,275,124,248,DHelmet
_gdl7c40y7,40,276,279,129,257,DHelmet
_gdl7c40y7,41,303,282,134,266,DHelmet
_gdl7c40y7,42,330,286,140,274,DHelmet
_gdl7c40y7,43,360,289,145,283,DHelmet
_gdl7c40y7,44,390,292,150,292,DHelmet
_gdl7c40y7,45,424,296,155,301,DHelmet
_gdl7c40y7,46,458,301,160,309,DHelmet
_gdl7c40y7,47,496,306,172,320,DHelmet
_gdl7c40y7,48,534,312,183,330,DHelmet
_gdl7c40y7,49,578,317,203,342,DHelmet
_gdl7c40y7,50,622,322,223,354,DHelmet
_gdl7c40y7,51,676,328,236,367,DHelmet
_gdl7c40y7,52,730,333,249,380,DHelmet
_gdl7c40y7,53,788,340,269,394,DHelmet
_gdl7c40y7,54,847,346,288,410,DHelmet
_gdl7c40y7,55,913,352,309,424,DHelmet
_gdl7c40y7,56,979,357,331,440,DHelmet
_gdl7c40y7,57,1047,364,354,456,DHelmet
_gdl7c40y7,58,1121,372,380,474,DHelmet
_gdl7c40y7,59,1198,379,404,493,DHelmet
_gdl7c40y7,60,1276,387,430,509,DHelmet
_gdl7c40y7,61,1360,395,460,530,DHelmet
_gdl7c40y7,62,1445,404,475,553,DHelmet
_gdl7c40y7,63,1528,416,392,553,DHelmet
_gdl7c40y7,64,1623,423,297,532,DHelmet
_kt5i5xrly,53,1701,397,219,301,DHelmet
_kt5i5xrly,54,1629,393,291,298,DHelmet
_kt5i5xrly,55,1564,388,304,298,DHelmet
_kt5i5xrly,56,1518,383,294,292,DHelmet
_kt5i5xrly,57,1472,378,284,286,DHelmet
_kt5i5xrly,58,1426,373,275,280,DHelmet
_kt5i5xrly,59,1381,368,264,275,DHelmet
_kt5i5xrly,60,1335,363,254,269,DHelmet
_kt5i5xrly,61,1289,358,245,263,DHelmet
_kt5i5xrly,62,1243,353,235,257,DHelmet
_kt5i5xrly,63,1197,348,225,252,DHelmet
_kt5i5xrly,64,1152,343,214,246,DHelmet
_kt5i5xrly,65,1106,338,205,240,DHelmet
_kt5i5xrly,66,1060,333,195,234,DHelmet
_kt5i5xrly,67,1014,328,185,229,DHelmet
_kt5i5xrly,68,969,323,175,223,DHelmet
_kt5i5xrly,69,923,318,165,217,DHelmet
_kt5i5xrly,70,877,313,155,211,DHelmet
_kt5i5xrly,71,831,308,145,206,DHelmet
_kt5i5xrly,72,785,303,136,200,DHelmet
_kt5i5xrly,73,754,301,134,197,DHelmet
_kt5i5xrly,74,723,299,132,194,DHelmet
_kt5i5xrly,75,700,298,123,188,DHelmet
_kt5i5xrly,76,678,296,114,184,DHelmet
_kt5i5xrly,77,650,293,113,181,DHelmet
_kt5i5xrly,78,621,289,114,179,DHelmet
_kt5i5xrly,79,599,287,109,174,DHelmet
_kt5i5xrly,80,577,286,105,169,DHelmet
_kt5i5xrly,81,555,284,103,166,DHelmet
_kt5i5xrly,82,534,281,101,165,DHelmet
_kt5i5xrly,83,512,279,100,163,DHelmet
_kt5i5xrly,84,491,276,98,161,DHelmet
_kt5i5xrly,85,469,274,97,159,DHelmet
_kt5i5xrly,86,448,271,95,158,DHelmet
_kt5i5xrly,87,430,270,92,155,DHelmet
_kt5i5xrly,88,412,268,90,153,DHelmet
_kt5i5xrly,89,393,266,89,151,DHelmet
_kt5i5xrly,90,375,264,86,149,DHelmet
_kt5i5xrly,91,361,263,83,146,DHelmet
_kt5i5xrly,92,346,262,82,144,DHelmet
_kt5i5xrly,93,332,261,79,141,DHelmet
_kt5i5xrly,94,318,259,76,140,DHelmet
_kt5i5xrly,95,305,258,74,138,DHelmet
_kt5i5xrly,96,292,257,72,136,DHelmet
_kt5i5xrly,97,279,256,70,133,DHelmet
_kt5i5xrly,98,267,255,68,131,DHelmet
_kt5i5xrly,99,254,254,67,129,DHelmet
_kt5i5xrly,100,242,253,65,127,DHelmet
_13isu6dl7,64,1622,393,274,292,DHelmet
_13isu6dl7,65,1554,387,268,288,DHelmet
_13isu6dl7,66,1487,381,260,284,DHelmet
_13isu6dl7,67,1424,376,250,275,DHelmet
_13isu6dl7,68,1362,370,238,267,DHelmet
_13isu6dl7,69,1305,365,227,260,DHelmet
_13isu6dl7,70,1248,359,216,254,DHelmet
_13isu6dl7,71,1195,352,205,249,DHelmet
_13isu6dl7,72,1141,345,196,245,DHelmet
_13isu6dl7,73,1095,342,186,238,DHelmet
_13isu6dl7,74,1048,338,176,231,DHelmet
_13isu6dl7,75,1005,334,167,225,DHelmet
_13isu6dl7,76,962,330,158,219,DHelmet
_13isu6dl7,77,921,325,152,215,DHelmet
_13isu6dl7,78,881,320,145,211,DHelmet
_13isu6dl7,79,843,317,141,205,DHelmet
_13isu6dl7,80,805,314,136,199,DHelmet
_13isu6dl7,81,770,310,132,196,DHelmet
_13isu6dl7,82,735,307,128,192,DHelmet
_13isu6dl7,83,703,303,124,190,DHelmet
_13isu6dl7,84,671,300,120,186,DHelmet
_13isu6dl7,85,642,296,116,183,DHelmet
_13isu6dl7,86,613,292,112,180,DHelmet
_13isu6dl7,87,587,289,107,177,DHelmet
_13isu6dl7,88,561,287,103,173,DHelmet
_13isu6dl7,89,534,284,101,170,DHelmet
_13isu6dl7,90,508,282,98,167,DHelmet
_13isu6dl7,91,485,280,96,164,DHelmet
_13isu6dl7,92,462,278,93,161,DHelmet
_13isu6dl7,93,441,277,91,157,DHelmet
_13isu6dl7,94,419,275,89,154,DHelmet
_13isu6dl7,95,398,273,87,152,DHelmet
_13isu6dl7,96,377,271,85,149,DHelmet
_13isu6dl7,97,358,270,81,145,DHelmet
_13isu6dl7,98,339,268,78,143,DHelmet
_13isu6dl7,99,320,267,75,139,DHelmet
_13isu6dl7,100,301,265,71,136,DHelmet
_61ecy293w,69,1591,383,321,340,DHelmetP1Helmet
_61ecy293w,70,1515,377,299,326,DHelmetP1Helmet
_61ecy293w,71,1446,371,280,316,DHelmetP1Helmet
_61ecy293w,72,1376,366,262,304,DHelmetP1Helmet
_61ecy293w,73,1316,359,249,296,DHelmetP1Helmet
_61ecy293w,74,1256,353,237,288,DHelmetP1Helmet
_61ecy293w,75,1203,347,225,280,DHelmetP1Helmet
_61ecy293w,76,1150,341,213,273,DHelmetP1Helmet
_61ecy293w,77,1101,336,201,265,DHelmetP1Helmet
_61ecy293w,78,1051,332,189,256,DHelmetP1Helmet
_61ecy293w,79,1005,327,183,249,DHelmetP1Helmet
_61ecy293w,80,959,322,177,241,DHelmetP1Helmet
_61ecy293w,81,919,320,170,233,DHelmetP1Helmet
_61ecy293w,82,878,317,163,225,DHelmetP1Helmet
_61ecy293w,83,838,313,159,221,DHelmetP1Helmet
_61ecy293w,84,798,309,154,217,DHelmetP1Helmet
_61ecy293w,85,762,305,148,213,DHelmetP1Helmet
_61ecy293w,86,725,301,143,209,DHelmetP1Helmet
_61ecy293w,87,693,298,138,205,DHelmetP1Helmet
_61ecy293w,88,660,295,134,201,DHelmetP1Helmet
_61ecy293w,89,630,292,129,196,DHelmetP1Helmet
_61ecy293w,90,600,289,125,192,DHelmetP1Helmet
_61ecy293w,91,573,287,120,188,DHelmetP1Helmet
_61ecy293w,92,545,285,117,183,DHelmetP1Helmet
_61ecy293w,93,522,282,112,180,DHelmetP1Helmet
_61ecy293w,94,499,280,107,176,DHelmetP1Helmet
_61ecy293w,95,476,277,103,173,DHelmetP1Helmet
_61ecy293w,96,454,274,98,170,DHelmetP1Helmet
_61ecy293w,97,432,272,96,166,DHelmetP1Helmet
_61ecy293w,98,410,270,94,163,DHelmetP1Helmet
_61ecy293w,99,388,268,93,161,DHelmetP1Helmet
_61ecy293w,100,367,267,91,157,DHelmetP1Helmet
_bs7n4aiip,89,1544,419,376,440,DHelmet
_bs7n4aiip,90,1387,397,388,413,DHelmet
_bs7n4aiip,91,1246,383,341,380,DHelmet
_bs7n4aiip,92,1121,370,301,358,DHelmet
_bs7n4aiip,93,1010,358,263,333,DHelmet
_bs7n4aiip,94,907,342,239,320,DHelmet
_bs7n4aiip,95,814,334,218,300,DHelmet
_bs7n4aiip,96,733,324,196,284,DHelmet
_bs7n4aiip,97,659,316,180,270,DHelmet
_bs7n4aiip,98,593,307,164,257,DHelmet
_bs7n4aiip,99,535,300,152,246,DHelmet
_bs7n4aiip,100,483,293,141,236,DHelmet
