track_id,frame_id,x,y,w,h,label
_h6im5va2k,1,138,278,121,284,DHelmet
_h6im5va2k,2,147,281,127,296,DHelmet
_h6im5va2k,3,155,285,133,306,DHelmet
_h6im5va2k,4,168,290,139,318,DHelmet
_h6im5va2k,5,180,296,146,329,DHelmet
_h6im5va2k,6,195,300,153,344,DHelmet
_h6im5va2k,7,209,303,161,360,DHelmet
_h6im5va2k,8,227,309,167,372,DHelmet
_h6im5va2k,9,244,315,174,384,DHelmet
_h6im5va2k,10,265,320,182,402,DHelmet
_h6im5va2k,11,285,324,192,421,DHelmet
_h6im5va2k,12,310,330,204,442,DHelmet
_h6im5va2k,13,334,336,216,463,DHelmet
_h6im5va2k,14,365,344,228,484,DHelmet
_h6im5va2k,15,396,352,240,505,DHelmet
_h6im5va2k,16,433,360,253,531,DHelmet
_h6im5va2k,17,469,369,267,556,DHelmet
_h6im5va2k,18,511,382,284,584,DHelmet
_h6im5va2k,19,554,394,299,613,DHelmet
_h6im5va2k,20,602,398,320,658,DHelmet
_h6im5va2k,21,647,411,348,669,DHelmet
_h6im5va2k,22,697,421,375,659,DHelmet
_h6im5va2k,23,750,439,405,641,DHelmet
_h6im5va2k,24,808,455,426,625,DHelmet
_h6im5va2k,25,866,468,448,612,DHelmet
_h6im5va2k,26,925,484,476,596,DHelmet
_h6im5va2k,27,992,503,518,577,DHelmet
_h6im5va2k,28,1096,521,533,559,DHelmet
_h6im5va2k,29,1170,536,556,544,DHelmet
_h6im5va2k,30,1259,559,584,521,DHelmet
_pkvw4x276,18,3,243,84,168,DHelmetP1Helmet
_pkvw4x276,19,16,245,84,171,DHelmetP1Helmet
_pkvw4x276,20,31,246,84,174,DHelmetP1Helmet
_pkvw4x276,21,45,249,86,177,DHelmetP1Helmet
_pkvw4x276,22,60,252,87,180,DHelmetP1Helmet
_pkvw4x276,23,73,255,91,182,DHelmetP1Helmet
_pkvw4x276,24,87,258,94,185,DHelmetP1Helmet
_pkvw4x276,25,102,260,96,190,DHelmetP1Helmet
_pkvw4x276,26,117,261,98,196,DHelmetP1Helmet
_pkvw4x276,27,132,263,99,202,DHelmetP1Helmet
_pkvw4x276,28,146,265,102,207,DHelmetP1Helmet
_pkvw4x276,29,161,267,104,212,DHelmetP1Helmet
_pkvw4x276,30,176,268,106,218,DHelmetP1Helmet
_pkvw4x276,31,191,270,108,223,DHelmetP1Helmet
_pkvw4x276,32,206,272,110,228,DHelmetP1Helmet
_pkvw4x276,33,223,275,114,235,DHelmetP1Helmet
_pkvw4x276,34,240,279,117,240,DHelmetP1Helmet
_pkvw4x276,35,258,282,120,246,DHelmetP1Helmet
_pkvw4x276,36,275,286,124,251,DHelmetP1Helmet
_pkvw4x276,37,292,289,127,257,DHelmetP1Helmet
_pkvw4x276,38,313,292,132,265,DHelmetP1Helmet
_pkvw4x276,39,334,295,136,273,DHelmetP1Helmet
_pkvw4x276,40,355,298,140,281,DHelmetP1Helmet
_pkvw4x276,41,376,301,145,289,DHelmetP1Helmet
_pkvw4x276,42,396,305,150,296,DHelmetP1Helmet
_pkvw4x276,43,417,308,154,304,DHelmetP1Helmet
_pkvw4x276,44,440,311,161,314,DHelmetP1Helmet
_pkvw4x276,45,463,314,168,324,DHelmetP1Helmet
_pkvw4x276,46,489,320,174,333,DHelmetP1Helmet
_pkvw4x276,47,515,325,181,343,DHelmetP1Helmet
_pkvw4x276,48,544,329,187,354,DHelmetP1Helmet
_pkvw4x276,49,572,333,194,366,DHelmetP1Helmet
_pkvw4x276,50,601,337,200,378,DHelmetP1Helmet
_pkvw4x276,51,629,341,207,389,DHelmetP1Helmet
_pkvw4x276,52,660,346,215,402,DHelmetP1Helmet
_pkvw4x276,53,690,352,225,413,DHelmetP1Helmet
_pkvw4x276,54,720,357,234,426,DHelmetP1Helmet
_pkvw4x276,55,753,363,245,442,DHelmetP1Helmet
_pkvw4x276,56,785,368,257,459,DHelmetP1Helmet
_pkvw4x276,57,817,374,269,474,DHelmetP1Helmet
_pkvw4x276,58,851,379,284,485,DHelmetP1Helmet
_pkvw4x276,59,884,383,300,497,DHelmetP1Helmet
_pkvw4x276,60,919,387,318,514,DHelmetP1Helmet
_pkvw4x276,61,954,392,336,531,DHelmetP1Helmet
_pkvw4x276,62,992,397,359,549,DHelmetP1Helmet
_pkvw4x276,63,1030,402,381,567,DHelmetP1Helmet
_pkvw4x276,64,1071,409,407,585,DHelmetP1Helmet
_pkvw4x276,65,1112,416,432,602,DHelmetP1Helmet
_pkvw4x276,66,1156,423,458,620,DHelmetP1Helmet
_pkvw4x276,67,1199,430,485,637,DHelmetP1Helmet
_pkvw4x276,68,1247,436,507,644,DHelmetP1Helmet
_pkvw4x276,69,1295,447,535,633,DHelmetP1Helmet
_pkvw4x276,70,1346,454,568,626,DHelmetP1Helmet
_pkvw4x276,71,1395,461,525,619,DHelmetP1Helmet
_pkvw4x276,72,1444,465,476,615,DHelmetP1Helmet
_pkvw4x276,73,1496,472,424,608,DHelmetP1Helmet
_dx9ywwou9,68,1656,398,264,332,DHelmetP1Helmet
_dx9ywwou9,69,1594,389,326,366,DHelmetP1Helmet
_dx9ywwou9,70,1550,386,303,355,DHelmetP1Helmet
_dx9ywwou9,71,1484,386,294,340,DHelmetP1Helmet
_dx9ywwou9,72,1424,379,295,321,DHelmetP1Helmet
_dx9ywwou9,73,1372,371,289,322,DHelmetP1Helmet
_dx9ywwou9,74,1321,367,258,316,DHelmetP1Helmet
_dx9ywwou9,75,1273,362,248,307,DHelmetP1Helmet
_dx9ywwou9,76,1225,358,238,298,DHelmetP1Helmet
_dx9ywwou9,77,1177,353,232,291,DHelmetP1Helmet
_dx9ywwou9,78,1128,347,226,286,DHelmetP1Helmet
_dx9ywwou9,79,1083,342,219,280,DHelmetP1Helmet
_dx9ywwou9,80,1037,337,213,274,DHelmetP1Helmet
_dx9ywwou9,81,994,332,207,268,DHelmetP1Helmet
_dx9ywwou9,82,952,328,199,261,DHelmetP1Helmet
_dx9ywwou9,83,913,325,192,255,DHelmetP1Helmet
_dx9ywwou9,84,874,322,184,249,DHelmetP1Helmet
_dx9ywwou9,85,835,319,177,243,DHelmetP1Helmet
_dx9ywwou9,86,800,315,171,239,DHelmetP1Helmet
_dx9ywwou9,87,764,311,167,235,DHelmetP1Helmet
_dx9ywwou9,88,728,308,162,230,DHelmetP1Helmet
_dx9ywwou9,89,695,304,156,226,DHelmetP1Helmet
_dx9ywwou9,90,661,301,151,221,DHelmetP1Helmet
_dx9ywwou9,91,631,297,146,217,DHelmetP1Helmet
_dx9ywwou9,92,600,293,141,213,DHelmetP1Helmet
_dx9ywwou9,93,572,291,137,208,DHelmetP1Helmet
_dx9ywwou9,94,543,288,133,205,DHelmetP1Helmet
_dx9ywwou9,95,517,285,130,202,DHelmetP1Helmet
_dx9ywwou9,96,491,283,126,197,DHelmetP1Helmet
_dx9ywwou9,97,463,282,122,193,DHelmetP1Helmet
_dx9ywwou9,98,439,279,119,190,DHelmetP1Helmet
_dx9ywwou9,99,416,277,115,186,DHelmetP1Helmet
_dx9ywwou9,100,396,274,112,183,DHelmetP1Helmet
