track_id,frame_id,x,y,w,h,label
_xu8x0wz4o,1,1091,719,430,361,DHelmet
_8psvap2ui,1,493,560,109,246,DHelmet
_8psvap2ui,2,504,562,113,251,DHelmet
_8psvap2ui,3,516,564,117,256,DHelmet
_8psvap2ui,4,528,566,121,261,DHelmet
_8psvap2ui,5,541,567,128,269,DHelmet
_8psvap2ui,6,554,568,136,278,DHelmet
_8psvap2ui,7,570,570,142,284,DHelmet
_8psvap2ui,8,587,571,147,291,DHelmet
_8psvap2ui,9,603,573,153,297,DHelmet
_8psvap2ui,10,624,575,155,303,DHelmet
_8psvap2ui,11,645,578,158,309,DHelmet
_8psvap2ui,12,665,580,162,315,DHelmet
_8psvap2ui,13,687,583,169,324,DHelmet
_8psvap2ui,14,708,585,178,333,DHelmet
_8psvap2ui,15,729,588,187,341,DHelmet
_8psvap2ui,16,754,590,193,350,DHelmet
_8psvap2ui,17,779,593,200,358,DHelmet
_8psvap2ui,18,804,595,206,368,DHelmet
_8psvap2ui,19,831,599,213,376,DHelmet
_8psvap2ui,20,858,602,220,385,DHelmet
_8psvap2ui,21,885,606,233,394,DHelmet
_8psvap2ui,22,913,609,244,403,DHelmet
_8psvap2ui,23,944,612,256,418,DHelmet
_8psvap2ui,24,975,615,268,434,DHelmet
_8psvap2ui,25,1006,617,279,450,DHelmet
_8psvap2ui,26,1037,620,291,460,DHelmet
_8psvap2ui,27,1068,623,302,457,DHelmet
_8psvap2ui,28,1102,626,317,454,DHelmet
_8psvap2ui,29,1137,630,331,450,DHelmet
_8psvap2ui,30,1172,633,345,447,DHelmet
_8psvap2ui,31,1206,637,360,443,DHelmet
_8psvap2ui,32,1245,642,374,438,DHelmet
_8psvap2ui,33,1284,647,389,433,DHelmet
_8psvap2ui,34,1322,653,404,427,DHelmet
_8psvap2ui,35,1361,658,418,422,DHelmet
_8psvap2ui,36,1402,663,437,417,DHelmet
_8psvap2ui,37,1443,669,456,411,DHelmet
_8psvap2ui,38,1484,674,436,406,DHelmet
_8psvap2ui,39,1529,680,391,400,DHelmet
_8psvap2ui,40,1574,686,346,394,DHelmet
_0t3zwei9k,1,1318,585,239,301,DHelmet
_0t3zwei9k,2,1250,579,223,293,DHelmet
_0t3zwei9k,3,1187,578,206,275,DHelmet
_0t3zwei9k,4,1128,572,194,267,DHelmet
_0t3zwei9k,5,1077,569,179,258,DHelmet
_0t3zwei9k,6,1028,565,165,249,DHelmet
_0t3zwei9k,7,983,563,155,239,DHelmet
_0t3zwei9k,8,941,560,149,233,DHelmet
_0t3zwei9k,9,899,558,143,226,DHelmet
_0t3zwei9k,10,861,555,134,220,DHelmet
_0t3zwei9k,11,823,553,126,213,DHelmet
_0t3zwei9k,12,790,552,121,208,DHelmet
_0t3zwei9k,13,757,551,117,202,DHelmet
_0t3zwei9k,14,726,545,113,197,DHelmet
_0t3zwei9k,15,698,545,109,191,DHelmet
_0t3zwei9k,16,670,545,105,186,DHelmet
_0t3zwei9k,17,646,543,100,182,DHelmet
_0t3zwei9k,18,622,541,95,179,DHelmet
_0t3zwei9k,19,602,540,91,174,DHelmet
_0t3zwei9k,20,582,538,87,171,DHelmet
_0t3zwei9k,21,561,537,83,166,DHelmet
_0t3zwei9k,22,544,538,80,161,DHelmet
_0t3zwei9k,23,527,539,77,157,DHelmet
_0t3zwei9k,24,510,537,76,154,DHelmet
_0t3zwei9k,25,494,536,75,151,DHelmet
_0t3zwei9k,26,478,534,73,149,DHelmet
_0t3zwei9k,27,464,533,72,146,DHelmet
_0t3zwei9k,28,450,532,70,144,DHelmet
_0t3zwei9k,29,437,530,67,143,DHelmet
_0t3zwei9k,30,424,530,66,139,DHelmet
_0t3zwei9k,31,410,529,66,137,DHelmet
_0t3zwei9k,32,397,528,65,134,DHelmet
_0t3zwei9k,33,384,527,64,132,DHelmet
_0t3zwei9k,34,372,525,63,130,DHelmet
_0t3zwei9k,35,359,523,62,128,DHelmet
_0t3zwei9k,36,349,524,61,126,DHelmet
_0t3zwei9k,37,338,524,61,124,DHelmet
_0t3zwei9k,38,328,524,60,123,DHelmet
_pzvodtrfa,94,525,535,68,152,DHelmet
_pzvodtrfa,95,533,536,78,155,DHelmet
_pzvodtrfa,96,542,538,86,156,DHelmet
_pzvodtrfa,97,553,538,88,158,DHelmet
_pzvodtrfa,98,564,538,91,160,DHelmet
_pzvodtrfa,99,578,539,95,163,DHelmet
_pzvodtrfa,100,593,541,98,165,DHelmet
_jcg3as6wb,5,1639,581,281,381,DHelmetP1Helmet
_jcg3as6wb,6,1551,577,359,381,DHelmetP1Helmet
_jcg3as6wb,7,1468,572,341,370,DHelmetP1Helmet
_jcg3as6wb,8,1396,570,312,352,DHelmetP1Helmet
_jcg3as6wb,9,1329,566,290,340,DHelmetP1Helmet
_jcg3as6wb,10,1268,562,269,328,DHelmetP1Helmet
_jcg3as6wb,11,1212,560,252,315,DHelmetP1Helmet
_jcg3as6wb,12,1157,558,235,303,DHelmetP1Helmet
_jcg3as6wb,13,1110,556,222,295,DHelmetP1Helmet
_jcg3as6wb,14,1063,554,208,286,DHelmetP1Helmet
_jcg3as6wb,15,1020,550,197,279,DHelmetP1Helmet
_jcg3as6wb,16,977,546,186,271,DHelmetP1Helmet
_jcg3as6wb,17,936,545,180,264,DHelmetP1Helmet
_jcg3as6wb,18,895,544,173,256,DHelmetP1Helmet
_jcg3as6wb,19,863,541,164,249,DHelmetP1Helmet
_jcg3as6wb,20,830,538,155,242,DHelmetP1Helmet
_jcg3as6wb,21,798,538,146,234,DHelmetP1Helmet
_jcg3as6wb,22,765,537,137,227,DHelmetP1Helmet
_jcg3as6wb,23,734,535,133,222,DHelmetP1Helmet
_jcg3as6wb,24,702,533,129,216,DHelmetP1Helmet
_jcg3as6wb,25,676,532,124,209,DHelmetP1Helmet
_jcg3as6wb,26,649,531,119,203,DHelmetP1Helmet
_jcg3as6wb,27,628,529,113,199,DHelmetP1Helmet
_jcg3as6wb,28,607,527,106,196,DHelmetP1Helmet
_jcg3as6wb,29,587,527,104,191,DHelmetP1Helmet
_jcg3as6wb,30,567,528,102,185,DHelmetP1Helmet
_jcg3as6wb,31,547,528,100,180,DHelmetP1Helmet
_jcg3as6wb,32,530,527,98,176,DHelmetP1Helmet
_jcg3as6wb,33,513,526,96,172,DHelmetP1Helmet
_jcg3as6wb,34,496,524,94,168,DHelmetP1Helmet
_jcg3as6wb,35,482,524,90,165,DHelmetP1Helmet
_jcg3as6wb,36,469,523,86,163,DHelmetP1Helmet
_jcg3as6wb,37,455,522,83,160,DHelmetP1Helmet
_jcg3as6wb,38,443,523,81,155,DHelmetP1Helmet
_jcg3as6wb,39,432,523,79,150,DHelmetP1Helmet
_jcg3as6wb,40,420,523,77,146,DHelmetP1Helmet
_jcg3as6wb,41,408,522,76,144,DHelmetP1Helmet
_jcg3as6wb,42,397,520,75,143,DHelmetP1Helmet
_jcg3as6wb,43,385,519,74,141,DHelmetP1Helmet
_x3u4oe041,14,1697,598,223,364,DHelmet
_x3u4oe041,15,1604,598,316,364,DHelmet
_x3u4oe041,16,1519,594,321,347,DHelmet
_x3u4oe041,17,1441,589,300,335,DHelmet
_x3u4oe041,18,1371,585,277,322,DHelmet
_x3u4oe041,19,1304,582,260,307,DHelmet
_x3u4oe041,20,1243,576,245,300,DHelmet
_x3u4oe041,21,1189,574,226,290,DHelmet
_x3u4oe041,22,1135,572,215,278,DHelmet
_x3u4oe041,23,1087,569,205,270,DHelmet
_x3u4oe041,24,1040,566,193,262,DHelmet
_x3u4oe041,25,1000,564,183,255,DHelmet
_x3u4oe041,26,960,561,173,247,DHelmet
_x3u4oe041,27,923,558,162,240,DHelmet
_x3u4oe041,28,891,557,153,233,DHelmet
_x3u4oe041,29,858,555,145,227,DHelmet
_x3u4oe041,30,828,553,140,221,DHelmet
_x3u4oe041,31,797,551,135,216,DHelmet
_x3u4oe041,32,770,549,129,210,DHelmet
_x3u4oe041,33,743,547,123,205,DHelmet
_x3u4oe041,34,719,545,117,200,DHelmet
_x3u4oe041,35,695,543,111,194,DHelmet
_x3u4oe041,36,672,542,109,190,DHelmet
_x3u4oe041,37,649,541,107,186,DHelmet
_x3u4oe041,38,626,541,104,181,DHelmet
_x3u4oe041,39,608,540,101,177,DHelmet
_x3u4oe041,40,590,538,98,174,DHelmet
_x3u4oe041,41,572,537,95,169,DHelmet
_x3u4oe041,42,558,537,93,165,DHelmet
_x3u4oe041,43,545,536,89,161,DHelmet
_x3u4oe041,44,532,536,86,156,DHelmet
_x3u4oe041,45,519,535,83,153,DHelmet
_x3u4oe041,46,506,534,82,150,DHelmet
_x3u4oe041,47,493,533,81,147,DHelmet
_x3u4oe041,48,481,532,78,145,DHelmet
_x3u4oe041,49,468,530,77,143,DHelmet
_x3u4oe041,50,456,529,75,141,DHelmet
_x3u4oe041,51,445,528,74,139,DHelmet
_x3u4oe041,52,434,527,73,136,DHelmet
_x3u4oe041,53,424,527,71,133,DHelmet
_x3u4oe041,54,413,526,70,131,DHelmet
_x3u4oe041,55,403,525,68,129,DHelmet
_x3u4oe041,56,393,525,67,129,DHelmet
_w0s9y3w7j,15,1136,567,177,240,DHelmet
_w0s9y3w7j,16,1082,564,173,232,DHelmet
_w0s9y3w7j,17,1029,560,168,226,DHelmet
_w0s9y3w7j,18,999,559,174,220,DHelmet
_w0s9y3w7j,19,969,557,163,216,DHelmet
_w0s9y3w7j,20,939,556,151,210,DHelmet
_w0s9y3w7j,21,910,554,139,206,DHelmet
_w0s9y3w7j,22,880,552,128,202,DHelmet
_w0s9y3w7j,23,850,551,116,196,DHelmet
_w0s9y3w7j,24,823,549,122,192,DHelmet
_w0s9y3w7j,25,796,548,117,187,DHelmet
_w0s9y3w7j,26,768,547,113,182,DHelmet
_w0s9y3w7j,27,741,546,107,177,DHelmet
_w0s9y3w7j,28,718,544,108,175,DHelmet
_w0s9y3w7j,29,694,543,110,171,DHelmet
_w0s9y3w7j,30,675,541,107,169,DHelmet
_w0s9y3w7j,31,655,540,105,165,DHelmet
_w0s9y3w7j,32,638,539,102,163,DHelmet
_w0s9y3w7j,33,620,538,100,160,DHelmet
_w0s9y3w7j,34,603,537,96,157,DHelmet
_w0s9y3w7j,35,589,536,94,155,DHelmet
_w0s9y3w7j,36,575,535,91,152,DHelmet
_w0s9y3w7j,37,561,535,88,148,DHelmet
_w0s9y3w7j,38,549,534,82,145,DHelmet
_w0s9y3w7j,39,537,533,76,143,DHelmet
_w0s9y3w7j,40,526,532,68,140,DHelmet
_w0s9y3w7j,41,515,532,68,137,DHelmet
_w0s9y3w7j,42,504,531,67,136,DHelmet
_w0s9y3w7j,43,493,530,67,134,DHelmet
_w0s9y3w7j,44,482,530,66,132,DHelmet
_w0s9y3w7j,45,472,529,65,131,DHelmet
_w0s9y3w7j,46,461,529,64,128,DHelmet
_w0s9y3w7j,47,452,528,64,127,DHelmet
_w0s9y3w7j,48,443,527,63,125,DHelmet
