track_id,frame_id,x,y,w,h,label
_70tx9jwth,5,1739,413,181,178,DNoHelmetP1NoHelmet
_70tx9jwth,6,1633,409,212,183,DNoHelmetP1NoHelmet
_70tx9jwth,7,1533,408,205,179,DNoHelmetP1NoHelmet
_70tx9jwth,8,1431,404,204,180,DNoHelmetP1NoHelmet
_70tx9jwth,9,1350,404,196,176,DNoHelmetP1NoHelmet
_70tx9jwth,10,1269,404,187,171,DNoHelmetP1NoHelmet
_70tx9jwth,11,1188,404,179,166,DNoHelmetP1NoHelmet
_70tx9jwth,12,1107,403,170,163,DNoHelmetP1NoHelmet
_70tx9jwth,13,1026,403,162,158,DNoHelmetP1NoHelmet
_ujw9dv371,72,1727,409,193,201,DHelmet
_ujw9dv371,73,1622,408,224,195,DHelmet
_ujw9dv371,74,1526,408,213,188,DHelmet
_ujw9dv371,75,1429,408,203,181,DHelmet
_ujw9dv371,76,1338,406,193,179,DHelmet
_ujw9dv371,77,1249,407,182,176,DHelmet
_ujw9dv371,78,1169,404,172,173,DHelmet
_ujw9dv371,79,1077,397,180,175,DHelmet
_ujw9dv371,80,1006,398,170,170,DHelmet
_ujw9dv371,81,936,399,158,166,DHelmet
_ujw9dv371,82,862,399,156,162,DHelmet
_ujw9dv371,83,796,398,152,159,DHelmet
_ujw9dv371,84,729,397,149,157,DHelmet
_ujw9dv371,85,663,396,148,155,DHelmet
_ujw9dv371,86,598,394,147,154,DHelmet
_ujw9dv371,87,532,393,146,152,DHelmet
_ujw9dv371,88,479,395,135,147,DHelmet
_ujw9dv371,89,431,396,125,142,DHelmet
_ujw9dv371,90,382,397,116,138,DHelmet
_ujw9dv371,91,328,397,116,136,DHelmet
_ujw9dv371,92,275,397,115,133,DHelmet
_ujw9dv371,93,220,394,115,134,DHelmet
_d2p8qlose,77,1722,406,198,192,DHelmet
_d2p8qlose,78,1625,405,202,188,DHelmet
_d2p8qlose,79,1527,404,203,185,DHelmet
_d2p8qlose,80,1436,404,195,180,DHelmet
_d2p8qlose,81,1348,403,187,176,DHelmet
_d2p8qlose,82,1266,402,180,172,DHelmet
_d2p8qlose,83,1187,401,172,169,DHelmet
_d2p8qlose,84,1113,402,165,165,DHelmet
_d2p8qlose,85,1039,402,158,163,DHelmet
_d2p8qlose,86,967,402,153,159,DHelmet
_d2p8qlose,87,901,401,149,156,DHelmet
_d2p8qlose,88,837,401,144,153,DHelmet
_d2p8qlose,89,776,400,138,151,DHelmet
_d2p8qlose,90,714,400,133,148,DHelmet
_d2p8qlose,91,657,399,131,146,DHelmet
_d2p8qlose,92,600,399,129,143,DHelmet
_d2p8qlose,93,548,398,125,141,DHelmet
_d2p8qlose,94,495,397,122,139,DHelmet
_d2p8qlose,95,442,397,119,137,DHelmet
_d2p8qlose,96,392,397,116,134,DHelmet
_d2p8qlose,97,343,397,113,132,DHelmet
_d2p8qlose,98,298,397,109,130,DHelmet
_d2p8qlose,99,253,397,106,127,DHelmet
_d2p8qlose,100,207,397,103,124,DHelmet
_33s57qja4,82,1682,408,223,195,DHelmetP1Helmet
_33s57qja4,83,1579,407,213,191,DHelmetP1Helmet
_33s57qja4,84,1487,406,204,187,DHelmetP1Helmet
_33s57qja4,85,1395,405,195,184,DHelmetP1Helmet
_33s57qja4,86,1308,404,185,180,DHelmetP1Helmet
_33s57qja4,87,1227,403,176,176,DHelmetP1Helmet
_33s57qja4,88,1147,403,171,172,DHelmetP1Helmet
_33s57qja4,89,1074,402,165,169,DHelmetP1Helmet
_33s57qja4,90,1000,402,160,166,DHelmetP1Helmet
_33s57qja4,91,932,402,155,162,DHelmetP1Helmet
_33s57qja4,92,864,401,150,160,DHelmetP1Helmet
_33s57qja4,93,802,401,145,157,DHelmetP1Helmet
_33s57qja4,94,740,400,140,155,DHelmetP1Helmet
_33s57qja4,95,680,400,135,151,DHelmetP1Helmet
_33s57qja4,96,622,399,132,149,DHelmetP1Helmet
_33s57qja4,97,566,399,129,146,DHelmetP1Helmet
_33s57qja4,98,510,398,125,144,DHelmetP1Helmet
_33s57qja4,99,459,397,122,141,DHelmetP1Helmet
_33s57qja4,100,408,397,118,138,DHelmetP1Helmet
_vppfud63x,1,763,503,486,473,DHelmetP1Helmet
_vppfud63x,2,951,506,529,502,DHelmetP1Helmet
_vppfud63x,3,1154,509,582,531,DHelmetP1Helmet
_vppfud63x,4,1370,515,550,559,DHelmetP1Helmet
_vppfud63x,5,1622,519,298,540,DHelmetP1Helmet
_hcswvudyc,3,3,445,223,377,DHelmetP1Helmet
_hcswvudyc,4,59,453,280,383,DHelmetP1Helmet
_hcswvudyc,5,141,456,320,399,DHelmetP1Helmet
_hcswvudyc,6,270,458,322,416,DHelmetP1Helmet
_hcswvudyc,7,393,461,334,430,DHelmetP1Helmet
_hcswvudyc,8,503,466,377,448,DHelmetP1Helmet
_hcswvudyc,9,630,474,421,477,DHelmetP1Helmet
_hcswvudyc,10,769,476,465,502,DHelmetP1Helmet
_hcswvudyc,11,923,482,508,525,DHelmetP1Helmet
_hcswvudyc,12,1096,485,551,548,DHelmetP1Helmet
_hcswvudyc,13,1275,490,594,572,DHelmetP1Helmet
_hcswvudyc,14,1481,495,439,540,DHelmetP1Helmet
_be1fpt33d,14,0,483,230,408,DHelmet
_be1fpt33d,15,55,487,303,427,DHelmet
_be1fpt33d,16,138,496,367,442,DHelmet
_be1fpt33d,17,266,502,393,462,DHelmet
_be1fpt33d,18,407,508,428,482,DHelmet
_be1fpt33d,19,567,518,458,503,DHelmet
_be1fpt33d,20,742,522,498,535,DHelmet
_be1fpt33d,21,945,527,536,553,DHelmet
_be1fpt33d,22,1230,536,523,544,DHelmet
_be1fpt33d,23,1520,547,400,533,DHelmet
_x83s99ss3,17,0,522,307,502,DHelmetP0NoHelmetP1NoHelmet
_x83s99ss3,18,51,529,448,529,DHelmetP0NoHelmetP1NoHelmet
_x83s99ss3,19,207,541,492,539,DHelmetP0NoHelmetP1NoHelmet
_x83s99ss3,20,374,550,556,530,DHelmetP0NoHelmetP1NoHelmet
_x83s99ss3,21,581,557,607,523,DHelmetP0NoHelmetP1NoHelmet
_x83s99ss3,22,813,570,657,510,DHelmetP0NoHelmetP1NoHelmet
_x83s99ss3,23,1083,586,705,494,DHelmetP0NoHelmetP1NoHelmet
_x83s99ss3,24,1380,608,540,472,DHelmetP0NoHelmetP1NoHelmet
_11n0rltbn,20,0,406,171,229,DHelmet
_11n0rltbn,21,72,404,190,243,DHelmet
_11n0rltbn,22,159,407,202,250,DHelmet
_11n0rltbn,23,252,410,213,256,DHelmet
_11n0rltbn,24,348,412,224,264,DHelmet
_11n0rltbn,25,456,413,230,273,DHelmet
_11n0rltbn,26,561,413,249,283,DHelmet
_11n0rltbn,27,676,415,265,292,DHelmet
_11n0rltbn,28,801,417,281,302,DHelmet
_11n0rltbn,29,933,418,303,316,DHelmet
_11n0rltbn,30,1078,420,324,328,DHelmet
_11n0rltbn,31,1234,423,353,341,DHelmet
_11n0rltbn,32,1400,426,381,354,DHelmet
_11n0rltbn,33,1576,426,344,370,DHelmet
_i2d5rro9d,19,0,466,266,365,DHelmet
_i2d5rro9d,20,72,469,311,377,DHelmet
_i2d5rro9d,21,176,476,335,389,DHelmet
_i2d5rro9d,22,294,480,357,407,DHelmet
_i2d5rro9d,23,415,484,385,425,DHelmet
_i2d5rro9d,24,551,492,417,444,DHelmet
_i2d5rro9d,25,696,499,452,464,DHelmet
_i2d5rro9d,26,856,504,497,486,DHelmet
_i2d5rro9d,27,1026,509,553,515,DHelmet
_i2d5rro9d,28,1221,516,610,546,DHelmet
_i2d5rro9d,29,1432,525,488,521,DHelmet
_sk6307tpf,22,0,452,200,298,DHelmetP1Helmet
_sk6307tpf,23,29,449,264,311,DHelmetP1Helmet
_sk6307tpf,24,112,453,278,317,DHelmetP1Helmet
_sk6307tpf,25,201,457,288,325,DHelmetP1Helmet
_sk6307tpf,26,298,460,300,335,DHelmetP1Helmet
_sk6307tpf,27,396,464,316,348,DHelmetP1Helmet
_sk6307tpf,28,503,467,333,362,DHelmetP1Helmet
_sk6307tpf,29,613,469,354,379,DHelmetP1Helmet
_sk6307tpf,30,733,476,377,393,DHelmetP1Helmet
_sk6307tpf,31,857,483,412,407,DHelmetP1Helmet
_sk6307tpf,32,1013,490,425,426,DHelmetP1Helmet
_sk6307tpf,33,1148,497,480,445,DHelmetP1Helmet
_sk6307tpf,34,1344,498,495,474,DHelmetP1Helmet
_sk6307tpf,35,1535,500,385,498,DHelmetP1Helmet
_1356394eo,26,0,457,184,391,DHelmet
_1356394eo,27,28,456,284,414,DHelmet
_1356394eo,28,115,463,330,432,DHelmet
_1356394eo,29,237,466,358,458,DHelmet
_1356394eo,30,373,475,386,471,DHelmet
_1356394eo,31,518,481,426,497,DHelmet
_1356394eo,32,683,488,468,528,DHelmet
_1356394eo,33,863,492,517,563,DHelmet
_1356394eo,34,1060,499,590,581,DHelmet
_1356394eo,35,1283,505,637,575,DHelmet
_1356394eo,36,1544,519,376,561,DHelmet
_f7hiwoc31,28,0,452,157,319,DHelmet
_f7hiwoc31,29,24,454,220,330,DHelmet
_f7hiwoc31,30,72,461,273,339,DHelmet
_f7hiwoc31,31,162,461,287,351,DHelmet
_f7hiwoc31,32,259,466,303,366,DHelmet
_f7hiwoc31,33,365,470,322,380,DHelmet
_f7hiwoc31,34,476,476,344,395,DHelmet
_f7hiwoc31,35,594,482,374,411,DHelmet
_f7hiwoc31,36,725,487,403,428,DHelmet
_f7hiwoc31,37,870,499,437,439,DHelmet
_f7hiwoc31,38,1025,501,482,467,DHelmet
_f7hiwoc31,39,1193,509,531,488,DHelmet
_f7hiwoc31,40,1380,512,540,518,DHelmet
_f7hiwoc31,41,1587,516,333,494,DHelmet
_lnpgovlqw,34,0,489,226,441,DHelmetP1Helmet
_lnpgovlqw,35,0,496,353,455,DHelmetP1Helmet
_lnpgovlqw,36,115,503,374,473,DHelmetP1Helmet
_lnpgovlqw,37,231,510,406,492,DHelmetP1Helmet
_lnpgovlqw,38,366,519,437,511,DHelmetP1Helmet
_lnpgovlqw,39,503,526,478,535,DHelmetP1Helmet
_lnpgovlqw,40,667,532,514,548,DHelmetP1Helmet
_lnpgovlqw,41,834,537,573,543,DHelmetP1Helmet
_lnpgovlqw,42,1019,542,630,538,DHelmetP1Helmet
_lnpgovlqw,43,1216,556,696,524,DHelmetP1Helmet
_lnpgovlqw,44,1449,570,471,510,DHelmetP1Helmet
_rwyd4ykbz,37,0,487,261,376,DHelmet
_rwyd4ykbz,38,58,491,335,390,DHelmet
_rwyd4ykbz,39,182,495,355,408,DHelmet
_rwyd4ykbz,40,311,499,377,427,DHelmet
_rwyd4ykbz,41,455,507,410,443,DHelmet
_rwyd4ykbz,42,604,518,444,458,DHelmet
_rwyd4ykbz,43,760,522,477,480,DHelmet
_rwyd4ykbz,44,933,526,530,503,DHelmet
_rwyd4ykbz,45,1121,536,583,526,DHelmet
_rwyd4ykbz,46,1333,542,587,538,DHelmet
_rwyd4ykbz,47,1560,550,360,530,DHelmet
_760jz696l,40,18,406,153,148,DHelmet
_760jz696l,41,141,411,138,241,DHelmet
_760jz696l,42,224,411,156,256,DHelmet
_760jz696l,43,316,412,172,270,DHelmet
_760jz696l,44,412,412,187,275,DHelmet
_760jz696l,45,511,416,202,232,DHelmet
_760jz696l,46,631,417,209,259,DHelmet
_760jz696l,47,769,420,209,259,DHelmet
_760jz696l,48,833,418,289,292,DHelmet
_760jz696l,49,964,423,323,314,DHelmet
_760jz696l,50,1108,424,323,326,DHelmet
_760jz696l,51,1265,427,336,338,DHelmet
_760jz696l,52,1437,427,337,356,DHelmet
_760jz696l,53,1628,434,292,366,DHelmet
_eh7jj7szs,39,0,438,154,255,DHelmetP1NoHelmet
_eh7jj7szs,40,12,438,189,240,DHelmetP1NoHelmet
_eh7jj7szs,41,106,441,193,275,DHelmetP1NoHelmet
_eh7jj7szs,42,179,444,195,283,DHelmetP1NoHelmet
_eh7jj7szs,43,234,444,214,296,DHelmetP1NoHelmet
_eh7jj7szs,44,296,447,235,293,DHelmetP1NoHelmet
_eh7jj7szs,45,357,450,256,289,DHelmetP1NoHelmet
_eh7jj7szs,46,437,455,256,293,DHelmetP1NoHelmet
_eh7jj7szs,47,518,453,287,304,DHelmetP1NoHelmet
_eh7jj7szs,48,604,458,309,335,DHelmetP1NoHelmet
_eh7jj7szs,49,697,459,320,354,DHelmetP1NoHelmet
_eh7jj7szs,50,795,461,342,370,DHelmetP1NoHelmet
_eh7jj7szs,51,899,467,365,379,DHelmetP1NoHelmet
_eh7jj7szs,52,1013,476,389,390,DHelmetP1NoHelmet
_eh7jj7szs,53,1130,481,422,410,DHelmetP1NoHelmet
_eh7jj7szs,54,1256,483,459,429,DHelmetP1NoHelmet
_eh7jj7szs,55,1399,489,493,448,DHelmetP1NoHelmet
_eh7jj7szs,56,1549,498,371,417,DHelmetP1NoHelmet
_2p8ctlooa,39,76,451,235,289,DHelmet
_2p8ctlooa,40,158,455,235,301,DHelmet
_2p8ctlooa,41,250,458,281,311,DHelmet
_2p8ctlooa,42,345,461,310,345,DHelmet
_2p8ctlooa,43,449,464,325,358,DHelmet
_2p8ctlooa,44,556,469,353,369,DHelmet
_2p8ctlooa,45,683,471,367,387,DHelmet
_2p8ctlooa,46,826,476,380,404,DHelmet
_2p8ctlooa,47,971,484,404,413,DHelmet
_2p8ctlooa,48,1118,489,447,434,DHelmet
_2p8ctlooa,49,1291,496,480,453,DHelmet
_2p8ctlooa,50,1480,499,440,480,DHelmet
_shejo9gs6,41,0,464,230,361,DHelmetP1Helmet
_shejo9gs6,42,58,472,287,370,DHelmetP1Helmet
_shejo9gs6,43,168,475,296,387,DHelmetP1Helmet
_shejo9gs6,44,268,483,327,402,DHelmetP1Helmet
_shejo9gs6,45,394,486,350,425,DHelmetP1Helmet
_shejo9gs6,46,529,502,375,435,DHelmetP1Helmet
_shejo9gs6,47,670,500,416,469,DHelmetP1Helmet
_shejo9gs6,48,822,506,464,499,DHelmetP1Helmet
_shejo9gs6,49,1001,515,510,525,DHelmetP1Helmet
_shejo9gs6,50,1189,521,575,559,DHelmetP1Helmet
_shejo9gs6,51,1402,530,518,550,DHelmetP1Helmet
_ae34dktbo,48,0,461,226,333,DHelmetP1Helmet
_ae34dktbo,49,58,463,264,345,DHelmetP1Helmet
_ae34dktbo,50,149,466,280,358,DHelmetP1Helmet
_ae34dktbo,51,245,472,296,371,DHelmetP1Helmet
_ae34dktbo,52,346,473,316,388,DHelmetP1Helmet
_ae34dktbo,53,458,478,338,405,DHelmetP1Helmet
_ae34dktbo,54,571,486,368,418,DHelmetP1Helmet
_ae34dktbo,55,703,492,393,436,DHelmetP1Helmet
_ae34dktbo,56,842,498,426,453,DHelmetP1Helmet
_ae34dktbo,57,993,507,467,475,DHelmetP1Helmet
_ae34dktbo,58,1160,514,514,501,DHelmetP1Helmet
_ae34dktbo,59,1340,515,569,538,DHelmetP1Helmet
_ae34dktbo,60,1544,525,376,511,DHelmetP1Helmet
_secvdq0p6,57,2,484,199,364,DHelmet
_secvdq0p6,58,19,487,285,378,DHelmet
_secvdq0p6,59,94,491,325,392,DHelmet
_secvdq0p6,60,197,501,347,406,DHelmet
_secvdq0p6,61,306,507,370,424,DHelmet
_secvdq0p6,62,423,514,396,441,DHelmet
_secvdq0p6,63,548,524,429,462,DHelmet
_secvdq0p6,64,686,527,465,485,DHelmet
_secvdq0p6,65,837,537,507,510,DHelmet
_secvdq0p6,66,1003,548,555,532,DHelmet
_secvdq0p6,67,1183,556,618,524,DHelmet
_secvdq0p6,68,1382,565,538,515,DHelmet
_secvdq0p6,69,1602,576,318,504,DHelmet
_wcrdc3rr9,59,0,463,169,290,DHelmet
_wcrdc3rr9,60,70,464,257,312,DHelmet
_wcrdc3rr9,61,169,469,256,311,DHelmet
_wcrdc3rr9,62,271,475,256,319,DHelmet
_wcrdc3rr9,63,383,475,315,344,DHelmet
_wcrdc3rr9,64,504,481,374,370,DHelmet
_wcrdc3rr9,65,630,488,375,370,DHelmet
_wcrdc3rr9,66,769,495,374,370,DHelmet
_wcrdc3rr9,67,923,499,419,389,DHelmet
_wcrdc3rr9,68,1087,507,463,408,DHelmet
_wcrdc3rr9,69,1259,510,508,428,DHelmet
_wcrdc3rr9,70,1460,515,460,480,DHelmet
_odo0rs409,68,0,460,269,368,DHelmetP1Helmet
_odo0rs409,69,104,463,306,368,DHelmetP1Helmet
_odo0rs409,70,219,467,315,376,DHelmetP1Helmet
_odo0rs409,71,326,467,341,390,DHelmetP1Helmet
_odo0rs409,72,440,473,368,408,DHelmetP1Helmet
_odo0rs409,73,571,481,395,425,DHelmetP1Helmet
_odo0rs409,74,723,487,417,442,DHelmetP1Helmet
_odo0rs409,75,878,493,454,460,DHelmetP1Helmet
_odo0rs409,76,1037,499,508,483,DHelmetP1Helmet
_odo0rs409,77,1232,501,552,515,DHelmetP1Helmet
_odo0rs409,78,1432,504,488,515,DHelmetP1Helmet
_0d7xob5m6,69,17,428,153,274,DHelmetP1Helmet
_0d7xob5m6,70,112,432,248,279,DHelmetP1Helmet
_0d7xob5m6,71,210,435,249,324,DHelmetP1Helmet
_0d7xob5m6,72,317,440,249,323,DHelmetP1Helmet
_0d7xob5m6,73,426,441,249,324,DHelmetP1Helmet
_0d7xob5m6,74,552,447,248,324,DHelmetP1Helmet
_0d7xob5m6,75,680,444,249,324,DHelmetP1Helmet
_0d7xob5m6,76,820,452,295,343,DHelmetP1Helmet
_0d7xob5m6,77,968,457,342,364,DHelmetP1Helmet
_0d7xob5m6,78,1128,462,388,384,DHelmetP1Helmet
_0d7xob5m6,79,1308,464,434,404,DHelmetP1Helmet
_0d7xob5m6,80,1504,467,416,431,DHelmetP1Helmet
_t2me7xxnv,67,0,489,204,400,DHelmetP0Helmet
_t2me7xxnv,68,0,496,310,408,DHelmetP0Helmet
_t2me7xxnv,69,87,502,337,424,DHelmetP0Helmet
_t2me7xxnv,70,185,507,359,440,DHelmetP0Helmet
_t2me7xxnv,71,294,513,381,455,DHelmetP0Helmet
_t2me7xxnv,72,406,519,411,470,DHelmetP0Helmet
_t2me7xxnv,73,532,525,441,491,DHelmetP0Helmet
_t2me7xxnv,74,662,532,480,512,DHelmetP0Helmet
_t2me7xxnv,75,804,539,522,535,DHelmetP0Helmet
_t2me7xxnv,76,961,545,568,535,DHelmetP0Helmet
_t2me7xxnv,77,1134,555,624,525,DHelmetP0Helmet
_t2me7xxnv,78,1316,565,604,515,DHelmetP0Helmet
_t2me7xxnv,79,1520,575,400,505,DHelmetP0Helmet
_ra4aznsug,81,67,464,240,325,DHelmetP0NoHelmetP1Helmet
_ra4aznsug,82,158,470,246,345,DHelmetP0NoHelmetP1Helmet
_ra4aznsug,83,251,476,183,364,DHelmetP0NoHelmetP1Helmet
_ra4aznsug,84,354,476,221,379,DHelmetP0NoHelmetP1Helmet
_ra4aznsug,85,460,483,258,393,DHelmetP0NoHelmetP1Helmet
_ra4aznsug,86,576,487,295,409,DHelmetP0NoHelmetP1Helmet
_ra4aznsug,87,697,492,333,423,DHelmetP0NoHelmetP1Helmet
_ra4aznsug,88,826,495,397,461,DHelmetP0NoHelmetP1Helmet
_ra4aznsug,89,970,498,461,500,DHelmetP0NoHelmetP1Helmet
_ra4aznsug,90,1119,503,527,526,DHelmetP0NoHelmetP1Helmet
_ra4aznsug,91,1280,509,593,551,DHelmetP0NoHelmetP1Helmet
_ra4aznsug,92,1451,516,469,534,DHelmetP0NoHelmetP1Helmet
_ra4aznsug,93,1667,521,253,545,DHelmetP0NoHelmetP1Helmet
_czn9n8ysy,80,35,485,295,456,DHelmetP1Helmet
_czn9n8ysy,81,89,493,370,463,DHelmetP1Helmet
_czn9n8ysy,82,207,499,394,482,DHelmetP1Helmet
_czn9n8ysy,83,328,507,423,497,DHelmetP1Helmet
_czn9n8ysy,84,468,512,451,516,DHelmetP1Helmet
_czn9n8ysy,85,611,518,491,541,DHelmetP1Helmet
_czn9n8ysy,86,766,523,535,557,DHelmetP1Helmet
_czn9n8ysy,87,945,528,580,552,DHelmetP1Helmet
_czn9n8ysy,88,1128,535,648,545,DHelmetP1Helmet
_czn9n8ysy,89,1331,542,589,538,DHelmetP1Helmet
_czn9n8ysy,90,1579,553,341,527,DHelmetP1Helmet
_ukz0wf6tg,84,0,447,148,313,DHelmetP1NoHelmet
_ukz0wf6tg,85,0,453,243,321,DHelmetP1NoHelmet
_ukz0wf6tg,86,72,453,273,333,DHelmetP1NoHelmet
_ukz0wf6tg,87,165,458,290,338,DHelmetP1NoHelmet
_ukz0wf6tg,88,267,460,308,351,DHelmetP1NoHelmet
_ukz0wf6tg,89,377,461,326,364,DHelmetP1NoHelmet
_ukz0wf6tg,90,496,464,346,378,DHelmetP1NoHelmet
_ukz0wf6tg,91,619,467,371,391,DHelmetP1NoHelmet
_ukz0wf6tg,92,755,472,399,404,DHelmetP1NoHelmet
_ukz0wf6tg,93,904,477,427,416,DHelmetP1NoHelmet
_ukz0wf6tg,94,1063,482,461,434,DHelmetP1NoHelmet
_ukz0wf6tg,95,1238,484,495,453,DHelmetP1NoHelmet
_ukz0wf6tg,96,1424,488,495,472,DHelmetP1NoHelmet
_ukz0wf6tg,97,1625,492,295,452,DHelmetP1NoHelmet
_zn58yo9av,92,15,436,181,308,DHelmetP1Helmet
_zn58yo9av,93,83,440,207,316,DHelmetP1Helmet
_zn58yo9av,94,170,441,232,324,DHelmetP1Helmet
_zn58yo9av,95,264,443,261,335,DHelmetP1Helmet
_zn58yo9av,96,359,445,292,344,DHelmetP1Helmet
_zn58yo9av,97,464,447,322,381,DHelmetP1Helmet
_zn58yo9av,98,576,452,352,397,DHelmetP1Helmet
_zn58yo9av,99,699,457,381,413,DHelmetP1Helmet
_zn58yo9av,100,827,461,411,430,DHelmetP1Helmet
_ka3awybhe,90,0,481,207,388,DHelmet
_ka3awybhe,91,0,483,315,401,DHelmet
_ka3awybhe,92,84,489,350,414,DHelmet
_ka3awybhe,93,188,491,370,431,DHelmet
_ka3awybhe,94,304,496,388,446,DHelmet
_ka3awybhe,95,420,499,414,463,DHelmet
_ka3awybhe,96,550,506,442,478,DHelmet
_ka3awybhe,97,695,511,468,499,DHelmet
_ka3awybhe,98,848,516,501,522,DHelmet
_ka3awybhe,99,999,524,562,542,DHelmet
_ka3awybhe,100,1173,529,615,551,DHelmet
_2wei2utzw,6,49,545,384,506,DHelmetP1NoHelmet
_2wei2utzw,7,189,557,456,523,DHelmetP1NoHelmet
_2wei2utzw,8,380,567,509,513,DHelmetP1NoHelmet
_2wei2utzw,9,593,579,573,501,DHelmetP1NoHelmet
_2wei2utzw,10,827,590,638,490,DHelmetP1NoHelmet
_2wei2utzw,11,1097,607,702,473,DHelmetP1NoHelmet
_2wei2utzw,12,1434,628,486,452,DHelmetP1NoHelmet
