track_id,frame_id,x,y,w,h,label
_ty70v1qfp,1,1082,553,171,240,DHelmet
_ty70v1qfp,2,1040,550,164,234,DHelmet
_ty70v1qfp,3,998,547,157,229,DHelmet
_ty70v1qfp,4,964,545,149,223,DHelmet
_ty70v1qfp,5,930,544,141,216,DHelmet
_ty70v1qfp,6,899,542,136,212,DHelmet
_ty70v1qfp,7,869,541,130,206,DHelmet
_ty70v1qfp,8,839,540,124,200,DHelmet
_ty70v1qfp,9,809,538,118,196,DHelmet
_ty70v1qfp,10,783,537,116,191,DHelmet
_ty70v1qfp,11,758,535,113,188,DHelmet
_ty70v1qfp,12,732,534,111,184,DHelmet
_ty70v1qfp,13,706,533,108,179,DHelmet
_ty70v1qfp,14,687,532,106,176,DHelmet
_ty70v1qfp,15,668,531,103,174,DHelmet
_ty70v1qfp,16,649,530,101,171,DHelmet
_ty70v1qfp,17,629,529,99,168,DHelmet
_ty70v1qfp,18,610,528,97,166,DHelmet
_ty70v1qfp,19,591,528,94,162,DHelmet
_ty70v1qfp,20,571,527,93,159,DHelmet
_ty70v1qfp,21,552,526,90,156,DHelmet
_ty70v1qfp,22,536,525,88,154,DHelmet
_ty70v1qfp,23,521,525,85,151,DHelmet
_ty70v1qfp,24,505,524,84,149,DHelmet
_ty70v1qfp,25,489,523,82,147,DHelmet
_ty70v1qfp,26,473,523,80,144,DHelmet
_ty70v1qfp,27,457,522,78,142,DHelmet
_ty70v1qfp,28,442,522,75,139,DHelmet
_ty70v1qfp,29,426,521,73,137,DHelmet
_ty70v1qfp,30,412,520,73,136,DHelmet
_ty70v1qfp,31,399,519,71,135,DHelmet
_ty70v1qfp,32,386,519,69,133,DHelmet
_ty70v1qfp,33,372,518,69,132,DHelmet
_ty70v1qfp,34,359,517,67,131,DHelmet
_ty70v1qfp,35,349,516,66,129,DHelmet
_ty70v1qfp,36,339,516,64,127,DHelmet
_ty70v1qfp,37,329,515,63,126,DHelmet
_ty70v1qfp,38,319,514,62,125,DHelmet
_ty70v1qfp,39,309,514,61,123,DHelmet
_ty70v1qfp,40,301,513,60,122,DHelmet
_ty70v1qfp,41,293,512,60,121,DHelmet
_ty70v1qfp,42,286,511,59,120,DHelmet
_ty70v1qfp,43,282,511,60,119,DHelmet
_ty70v1qfp,44,279,511,59,118,DHelmet
_ty70v1qfp,45,276,511,58,116,DHelmet
_ty70v1qfp,46,272,511,58,115,DHelmet
_ty70v1qfp,47,269,511,57,114,DHelmet
_ty70v1qfp,48,265,510,58,114,DHelmet
_ty70v1qfp,49,262,510,57,112,DHelmet
_ty70v1qfp,50,259,510,56,111,DHelmet
_ty70v1qfp,51,255,510,56,110,DHelmet
_ty70v1qfp,52,252,510,55,109,DHelmet
_ty70v1qfp,53,248,510,55,107,DHelmet
_ty70v1qfp,54,245,510,54,106,DHelmet
_ty70v1qfp,55,241,509,55,106,DHelmet
_ty70v1qfp,56,238,509,54,105,DHelmet
_ty70v1qfp,57,233,509,53,103,DHelmet
_ty70v1qfp,58,228,508,52,102,DHelmet
_ty70v1qfp,59,223,507,52,101,DHelmet
_ty70v1qfp,60,218,507,51,99,DHelmet
_ty70v1qfp,61,213,506,50,98,DHelmet
_4w80zi8m2,1,278,517,56,110,DHelmet
_4w80zi8m2,2,277,517,56,111,DHelmet
_4w80zi8m2,3,276,517,56,112,DHelmet
_4w80zi8m2,4,275,517,56,113,DHelmet
_4w80zi8m2,5,274,518,56,113,DHelmet
_4w80zi8m2,6,273,518,56,114,DHelmet
_4w80zi8m2,7,272,518,56,115,DHelmet
_4w80zi8m2,8,271,518,56,115,DHelmet
_4w80zi8m2,9,270,518,56,116,DHelmet
_4w80zi8m2,10,269,519,56,116,DHelmet
_4w80zi8m2,11,268,519,56,117,DHelmet
_4w80zi8m2,12,267,519,56,118,DHelmet
_4w80zi8m2,13,266,519,56,119,DHelmet
_4w80zi8m2,14,267,519,56,120,DHelmet
_4w80zi8m2,15,267,520,57,120,DHelmet
_4w80zi8m2,16,267,520,58,122,DHelmet
_4w80zi8m2,17,268,520,58,123,DHelmet
_4w80zi8m2,18,268,521,59,123,DHelmet
_4w80zi8m2,19,269,521,59,124,DHelmet
_4w80zi8m2,20,269,521,60,126,DHelmet
_4w80zi8m2,21,269,521,61,127,DHelmet
_4w80zi8m2,22,270,522,60,127,DHelmet
_4w80zi8m2,23,270,522,61,129,DHelmet
_4w80zi8m2,24,270,522,62,130,DHelmet
_4w80zi8m2,25,273,522,62,131,DHelmet
_4w80zi8m2,26,276,521,61,134,DHelmet
_4w80zi8m2,27,282,522,62,135,DHelmet
_4w80zi8m2,28,288,522,62,138,DHelmet
_4w80zi8m2,29,294,523,63,139,DHelmet
_4w80zi8m2,30,300,523,63,142,DHelmet
_4w80zi8m2,31,306,523,64,144,DHelmet
_4w80zi8m2,32,312,524,65,146,DHelmet
_4w80zi8m2,33,320,524,66,148,DHelmet
_4w80zi8m2,34,329,525,66,150,DHelmet
_4w80zi8m2,35,337,525,67,152,DHelmet
_4w80zi8m2,36,346,525,68,155,DHelmet
_4w80zi8m2,37,355,526,68,156,DHelmet
_4w80zi8m2,38,363,526,69,159,DHelmet
_4w80zi8m2,39,372,527,69,160,DHelmet
_4w80zi8m2,40,381,527,70,163,DHelmet
_4w80zi8m2,41,389,528,73,166,DHelmet
_4w80zi8m2,42,398,529,75,169,DHelmet
_4w80zi8m2,43,407,530,77,172,DHelmet
_4w80zi8m2,44,416,530,79,176,DHelmet
_4w80zi8m2,45,425,531,81,180,DHelmet
_4w80zi8m2,46,437,533,83,182,DHelmet
_4w80zi8m2,47,450,534,85,186,DHelmet
_4w80zi8m2,48,462,535,87,189,DHelmet
_4w80zi8m2,49,474,536,89,193,DHelmet
_4w80zi8m2,50,486,538,92,196,DHelmet
_4w80zi8m2,51,503,538,95,202,DHelmet
_4w80zi8m2,52,520,539,99,207,DHelmet
_4w80zi8m2,53,538,540,102,213,DHelmet
_4w80zi8m2,54,555,541,106,218,DHelmet
_4w80zi8m2,55,576,542,110,224,DHelmet
_4w80zi8m2,56,597,543,115,230,DHelmet
_4w80zi8m2,57,619,545,118,235,DHelmet
_4w80zi8m2,58,642,546,124,243,DHelmet
_4w80zi8m2,59,666,547,130,250,DHelmet
_4w80zi8m2,60,697,550,136,257,DHelmet
_4w80zi8m2,61,729,552,142,265,DHelmet
_4w80zi8m2,62,760,554,148,272,DHelmet
_4w80zi8m2,63,797,557,157,280,DHelmet
_4w80zi8m2,64,834,560,166,288,DHelmet
_4w80zi8m2,65,871,563,175,295,DHelmet
_4w80zi8m2,66,912,566,185,307,DHelmet
_4w80zi8m2,67,953,569,195,318,DHelmet
_4w80zi8m2,68,1000,572,208,330,DHelmet
_4w80zi8m2,69,1046,575,222,341,DHelmet
_4w80zi8m2,70,1092,578,236,353,DHelmet
_4w80zi8m2,71,1144,581,250,367,DHelmet
_4w80zi8m2,72,1195,585,266,381,DHelmet
_4w80zi8m2,73,1252,588,285,393,DHelmet
_4w80zi8m2,74,1309,590,303,407,DHelmet
_4w80zi8m2,75,1365,594,303,407,DHelmet
_4w80zi8m2,76,1421,599,303,406,DHelmet
