track_id,frame_id,x,y,w,h,label
_zx9bsystw,1,440,605,205,215,DNoHelmetP1NoHelmetP2NoHelmet
_zx9bsystw,2,512,605,210,169,DNoHelmetP1NoHelmetP2NoHelmet
_zx9bsystw,3,595,606,155,105,DNoHelmetP1NoHelmetP2NoHelmet
_zx9bsystw,4,677,599,112,76,DNoHelmetP1NoHelmetP2NoHelmet
_zx9bsystw,5,767,595,111,76,DNoHelmetP1NoHelmetP2NoHelmet
_zx9bsystw,6,859,591,112,76,DNoHelmetP1NoHelmetP2NoHelmet
_zx9bsystw,7,951,587,112,76,DNoHelmetP1NoHelmetP2NoHelmet
_zx9bsystw,8,1046,585,123,86,DNoHelmetP1NoHelmetP2NoHelmet
_zx9bsystw,9,1141,583,135,96,DNoHelmetP1NoHelmetP2NoHelmet
_zx9bsystw,10,1248,571,201,269,DNoHelmetP1NoHelmetP2NoHelmet
_zx9bsystw,11,1357,573,225,273,DNoHelmetP1NoHelmetP2NoHelmet
_zx9bsystw,12,1485,567,279,289,DNoHelmetP1NoHelmetP2NoHelmet
_zx9bsystw,13,1614,561,306,297,DNoHelmetP1NoHelmetP2NoHelmet
_zx9bsystw,14,1753,561,167,297,DNoHelmetP1NoHelmetP2NoHelmet
_73du09y5g,4,3,634,103,192,DHelmetP1NoHelmetP2NoHelmet
_73du09y5g,5,2,634,159,192,DHelmetP1NoHelmetP2NoHelmet
_73du09y5g,6,47,625,172,207,DHelmetP1NoHelmetP2NoHelmet
_73du09y5g,7,103,623,177,208,DHelmetP1NoHelmetP2NoHelmet
_73du09y5g,8,159,621,183,209,DHelmetP1NoHelmetP2NoHelmet
_73du09y5g,9,222,618,190,215,DHelmetP1NoHelmetP2NoHelmet
_73du09y5g,10,285,615,197,221,DHelmetP1NoHelmetP2NoHelmet
_73du09y5g,11,348,613,204,227,DHelmetP1NoHelmetP2NoHelmet
_73du09y5g,12,420,611,212,231,DHelmetP1NoHelmetP2NoHelmet
_73du09y5g,13,492,609,219,235,DHelmetP1NoHelmetP2NoHelmet
_73du09y5g,14,573,606,226,240,DHelmetP1NoHelmetP2NoHelmet
_73du09y5g,15,653,603,233,246,DHelmetP1NoHelmetP2NoHelmet
_73du09y5g,16,745,600,245,253,DHelmetP1NoHelmetP2NoHelmet
_73du09y5g,17,837,596,256,260,DHelmetP1NoHelmetP2NoHelmet
_73du09y5g,18,929,593,268,267,DHelmetP1NoHelmetP2NoHelmet
_73du09y5g,19,1034,589,286,274,DHelmetP1NoHelmetP2NoHelmet
_73du09y5g,20,1140,586,303,280,DHelmetP1NoHelmetP2NoHelmet
_73du09y5g,21,1262,583,321,288,DHelmetP1NoHelmetP2NoHelmet
_73du09y5g,22,1384,579,339,297,DHelmetP1NoHelmetP2NoHelmet
_73du09y5g,23,1513,574,366,306,DHelmetP1NoHelmetP2NoHelmet
_73du09y5g,24,1663,573,257,307,DHelmetP1NoHelmetP2NoHelmet
_kbx7i25o1,7,1721,554,199,205,DHelmetP1NoHelmetP2Helmet
_kbx7i25o1,8,1643,557,236,205,DHelmetP1NoHelmetP2Helmet
_kbx7i25o1,9,1619,561,179,142,DHelmetP1NoHelmetP2Helmet
_kbx7i25o1,10,1558,559,153,85,DHelmetP1NoHelmetP2Helmet
_kbx7i25o1,11,1496,559,159,121,DHelmetP1NoHelmetP2Helmet
_kbx7i25o1,12,1377,562,188,189,DHelmetP1NoHelmetP2Helmet
_kbx7i25o1,13,1318,567,196,184,DHelmetP1NoHelmetP2Helmet
_kbx7i25o1,14,1262,568,192,182,DHelmetP1NoHelmetP2Helmet
_kbx7i25o1,15,1207,568,188,181,DHelmetP1NoHelmetP2Helmet
_kbx7i25o1,16,1152,569,184,180,DHelmetP1NoHelmetP2Helmet
_kbx7i25o1,17,1106,571,179,178,DHelmetP1NoHelmetP2Helmet
_kbx7i25o1,18,1060,574,173,175,DHelmetP1NoHelmetP2Helmet
_kbx7i25o1,19,1015,577,167,172,DHelmetP1NoHelmetP2Helmet
_kbx7i25o1,20,969,579,161,170,DHelmetP1NoHelmetP2Helmet
_kbx7i25o1,21,927,581,160,166,DHelmetP1NoHelmetP2Helmet
_kbx7i25o1,22,886,583,157,162,DHelmetP1NoHelmetP2Helmet
_kbx7i25o1,23,853,586,144,157,DHelmetP1NoHelmetP2Helmet
_kbx7i25o1,24,838,586,118,114,DHelmetP1NoHelmetP2Helmet
_kbx7i25o1,25,822,586,94,72,DHelmetP1NoHelmetP2Helmet
_kbx7i25o1,26,806,586,69,29,DHelmetP1NoHelmetP2Helmet
_kbx7i25o1,27,743,588,104,91,DHelmetP1NoHelmetP2Helmet
_kbx7i25o1,28,680,590,140,153,DHelmetP1NoHelmetP2Helmet
_kbx7i25o1,29,653,591,136,152,DHelmetP1NoHelmetP2Helmet
_kbx7i25o1,30,626,592,133,150,DHelmetP1NoHelmetP2Helmet
_kbx7i25o1,31,599,593,129,149,DHelmetP1NoHelmetP2Helmet
_kbx7i25o1,32,572,594,125,147,DHelmetP1NoHelmetP2Helmet
_kbx7i25o1,33,545,595,122,146,DHelmetP1NoHelmetP2Helmet
_kbx7i25o1,34,522,596,121,145,DHelmetP1NoHelmetP2Helmet
_kbx7i25o1,35,499,597,120,144,DHelmetP1NoHelmetP2Helmet
_kbx7i25o1,36,476,598,119,144,DHelmetP1NoHelmetP2Helmet
_kbx7i25o1,37,453,599,118,143,DHelmetP1NoHelmetP2Helmet
_kbx7i25o1,38,430,600,117,142,DHelmetP1NoHelmetP2Helmet
_kbx7i25o1,39,407,601,117,142,DHelmetP1NoHelmetP2Helmet
_kbx7i25o1,40,384,602,116,141,DHelmetP1NoHelmetP2Helmet
_kbx7i25o1,41,363,602,116,141,DHelmetP1NoHelmetP2Helmet
_yq88az071,15,3,616,147,189,DNoHelmetP0NoHelmetP1NoHelmet
_yq88az071,16,48,621,160,185,DNoHelmetP0NoHelmetP1NoHelmet
_yq88az071,17,103,621,158,185,DNoHelmetP0NoHelmetP1NoHelmet
_yq88az071,18,158,621,157,185,DNoHelmetP0NoHelmetP1NoHelmet
_yq88az071,19,217,617,156,172,DNoHelmetP0NoHelmetP1NoHelmet
_yq88az071,20,279,614,164,179,DNoHelmetP0NoHelmetP1NoHelmet
_yq88az071,21,340,612,172,186,DNoHelmetP0NoHelmetP1NoHelmet
_yq88az071,22,401,609,180,194,DNoHelmetP0NoHelmetP1NoHelmet
_yq88az071,23,462,607,188,200,DNoHelmetP0NoHelmetP1NoHelmet
_yq88az071,24,524,604,195,208,DNoHelmetP0NoHelmetP1NoHelmet
_yq88az071,25,585,602,203,214,DNoHelmetP0NoHelmetP1NoHelmet
_yq88az071,26,646,599,211,222,DNoHelmetP0NoHelmetP1NoHelmet
_yq88az071,27,707,597,219,229,DNoHelmetP0NoHelmetP1NoHelmet
_yq88az071,28,793,595,227,237,DNoHelmetP0NoHelmetP1NoHelmet
_yq88az071,29,880,592,239,242,DNoHelmetP0NoHelmetP1NoHelmet
_yq88az071,30,967,588,251,249,DNoHelmetP0NoHelmetP1NoHelmet
_yq88az071,31,1054,584,262,256,DNoHelmetP0NoHelmetP1NoHelmet
_yq88az071,32,1141,581,274,261,DNoHelmetP0NoHelmetP1NoHelmet
_yq88az071,33,1244,581,290,265,DNoHelmetP0NoHelmetP1NoHelmet
_yq88az071,34,1347,581,306,268,DNoHelmetP0NoHelmetP1NoHelmet
_yq88az071,35,1463,575,323,277,DNoHelmetP0NoHelmetP1NoHelmet
_yq88az071,36,1579,570,341,286,DNoHelmetP0NoHelmetP1NoHelmet
_yq88az071,37,1707,570,213,286,DNoHelmetP0NoHelmetP1NoHelmet
_6i99r60t4,25,1695,545,199,216,DHelmet
_6i99r60t4,26,1622,549,229,216,DHelmet
_6i99r60t4,27,1543,552,226,211,DHelmet
_6i99r60t4,28,1463,556,223,205,DHelmet
_6i99r60t4,29,1384,559,220,201,DHelmet
_6i99r60t4,30,1305,562,216,196,DHelmet
_6i99r60t4,31,1241,563,211,195,DHelmet
_6i99r60t4,32,1177,564,206,195,DHelmet
_6i99r60t4,33,1113,565,200,194,DHelmet
_6i99r60t4,34,1049,566,195,193,DHelmet
_6i99r60t4,35,991,568,193,192,DHelmet
_6i99r60t4,36,932,570,191,190,DHelmet
_6i99r60t4,37,874,571,189,190,DHelmet
_6i99r60t4,38,821,574,184,186,DHelmet
_6i99r60t4,39,768,577,179,182,DHelmet
_6i99r60t4,40,714,579,175,180,DHelmet
_6i99r60t4,41,681,582,151,176,DHelmet
_6i99r60t4,42,614,583,165,176,DHelmet
_6i99r60t4,43,571,585,156,176,DHelmet
_6i99r60t4,44,524,587,157,174,DHelmet
_6i99r60t4,45,476,589,160,173,DHelmet
_6i99r60t4,46,428,592,162,171,DHelmet
_6i99r60t4,47,381,594,163,170,DHelmet
_6i99r60t4,48,333,597,165,168,DHelmet
_6i99r60t4,49,294,599,161,165,DHelmet
_6i99r60t4,50,255,602,157,162,DHelmet
_6i99r60t4,51,217,604,152,160,DHelmet
_6i99r60t4,52,178,606,148,158,DHelmet
_6i99r60t4,53,139,609,144,154,DHelmet
_6i99r60t4,54,107,609,139,154,DHelmet
_6i99r60t4,55,74,610,136,154,DHelmet
_6i99r60t4,56,42,610,131,154,DHelmet
_6i99r60t4,57,9,611,127,153,DHelmet
_6i99r60t4,58,2,610,98,152,DHelmet
_6i99r60t4,59,3,610,67,151,DHelmet
_xji86mqub,30,1500,557,173,168,DNoHelmetP1NoHelmet
_xji86mqub,31,1453,559,174,165,DNoHelmetP1NoHelmet
_xji86mqub,32,1407,561,173,163,DNoHelmetP1NoHelmet
_xji86mqub,33,1360,563,173,161,DNoHelmetP1NoHelmet
_xji86mqub,34,1313,565,174,159,DNoHelmetP1NoHelmet
_xji86mqub,35,1266,567,174,157,DNoHelmetP1NoHelmet
_xji86mqub,36,1226,569,167,155,DNoHelmetP1NoHelmet
_xji86mqub,37,1186,571,161,152,DNoHelmetP1NoHelmet
_xji86mqub,38,1145,573,155,150,DNoHelmetP1NoHelmet
_xji86mqub,39,1107,574,152,150,DNoHelmetP1NoHelmet
_xji86mqub,40,1070,575,148,150,DNoHelmetP1NoHelmet
_xji86mqub,41,1032,577,145,149,DNoHelmetP1NoHelmet
_xji86mqub,42,997,578,143,147,DNoHelmetP1NoHelmet
_xji86mqub,43,962,579,142,146,DNoHelmetP1NoHelmet
_xji86mqub,44,927,581,140,143,DNoHelmetP1NoHelmet
_xji86mqub,45,892,582,138,142,DNoHelmetP1NoHelmet
_xji86mqub,46,858,583,136,140,DNoHelmetP1NoHelmet
_xji86mqub,47,828,585,132,139,DNoHelmetP1NoHelmet
_xji86mqub,48,798,587,129,138,DNoHelmetP1NoHelmet
_xji86mqub,49,769,588,125,138,DNoHelmetP1NoHelmet
_xji86mqub,50,739,590,122,136,DNoHelmetP1NoHelmet
_xji86mqub,51,709,591,119,136,DNoHelmetP1NoHelmet
_xji86mqub,52,681,592,118,135,DNoHelmetP1NoHelmet
_xji86mqub,53,652,594,118,133,DNoHelmetP1NoHelmet
_xji86mqub,54,623,595,118,132,DNoHelmetP1NoHelmet
_xji86mqub,55,595,596,117,130,DNoHelmetP1NoHelmet
_xji86mqub,56,566,597,118,129,DNoHelmetP1NoHelmet
_xji86mqub,57,538,598,117,128,DNoHelmetP1NoHelmet
_xji86mqub,58,514,599,115,127,DNoHelmetP1NoHelmet
_xji86mqub,59,490,599,112,127,DNoHelmetP1NoHelmet
_xji86mqub,60,466,600,110,126,DNoHelmetP1NoHelmet
_xji86mqub,61,441,600,108,126,DNoHelmetP1NoHelmet
_xji86mqub,62,417,601,106,125,DNoHelmetP1NoHelmet
_xji86mqub,63,393,601,104,125,DNoHelmetP1NoHelmet
_xji86mqub,64,369,602,101,124,DNoHelmetP1NoHelmet
_xji86mqub,65,351,603,96,123,DNoHelmetP1NoHelmet
_xji86mqub,66,332,604,93,121,DNoHelmetP1NoHelmet
_xji86mqub,67,314,605,88,120,DNoHelmetP1NoHelmet
_xji86mqub,68,296,606,83,119,DNoHelmetP1NoHelmet
_xji86mqub,69,297,606,61,120,DNoHelmetP1NoHelmet
_2gekbjkkh,33,1773,558,147,173,DNoHelmetP1NoHelmetP2NoHelmet
_2gekbjkkh,34,1714,558,206,180,DNoHelmetP1NoHelmetP2NoHelmet
_2gekbjkkh,35,1671,555,195,180,DNoHelmetP1NoHelmetP2NoHelmet
_2gekbjkkh,36,1613,557,194,177,DNoHelmetP1NoHelmetP2NoHelmet
_2gekbjkkh,37,1554,560,194,173,DNoHelmetP1NoHelmetP2NoHelmet
_2gekbjkkh,38,1496,562,193,171,DNoHelmetP1NoHelmetP2NoHelmet
_2gekbjkkh,39,1447,563,189,169,DNoHelmetP1NoHelmetP2NoHelmet
_2gekbjkkh,40,1398,565,185,167,DNoHelmetP1NoHelmetP2NoHelmet
_2gekbjkkh,41,1349,567,180,166,DNoHelmetP1NoHelmetP2NoHelmet
_2gekbjkkh,42,1305,568,177,165,DNoHelmetP1NoHelmetP2NoHelmet
_2gekbjkkh,43,1261,569,173,164,DNoHelmetP1NoHelmetP2NoHelmet
_2gekbjkkh,44,1216,570,171,163,DNoHelmetP1NoHelmetP2NoHelmet
_2gekbjkkh,45,1172,571,168,162,DNoHelmetP1NoHelmetP2NoHelmet
_2gekbjkkh,46,1131,575,165,158,DNoHelmetP1NoHelmetP2NoHelmet
_2gekbjkkh,47,1091,579,161,154,DNoHelmetP1NoHelmetP2NoHelmet
_2gekbjkkh,48,1056,581,158,152,DNoHelmetP1NoHelmetP2NoHelmet
_2gekbjkkh,49,1021,582,155,151,DNoHelmetP1NoHelmetP2NoHelmet
_2gekbjkkh,50,986,583,153,150,DNoHelmetP1NoHelmetP2NoHelmet
_2gekbjkkh,51,951,585,150,148,DNoHelmetP1NoHelmetP2NoHelmet
_2gekbjkkh,52,917,586,146,147,DNoHelmetP1NoHelmetP2NoHelmet
_2gekbjkkh,53,882,587,144,146,DNoHelmetP1NoHelmetP2NoHelmet
_2gekbjkkh,54,852,588,142,145,DNoHelmetP1NoHelmetP2NoHelmet
_2gekbjkkh,55,822,589,140,144,DNoHelmetP1NoHelmetP2NoHelmet
_2gekbjkkh,56,792,590,138,143,DNoHelmetP1NoHelmetP2NoHelmet
_2gekbjkkh,57,762,590,136,143,DNoHelmetP1NoHelmetP2NoHelmet
_2gekbjkkh,58,732,591,134,142,DNoHelmetP1NoHelmetP2NoHelmet
_2gekbjkkh,59,702,592,132,141,DNoHelmetP1NoHelmetP2NoHelmet
_2gekbjkkh,60,672,593,130,140,DNoHelmetP1NoHelmetP2NoHelmet
_2gekbjkkh,61,641,593,129,140,DNoHelmetP1NoHelmetP2NoHelmet
_2gekbjkkh,62,611,594,127,139,DNoHelmetP1NoHelmetP2NoHelmet
_2gekbjkkh,63,586,595,126,137,DNoHelmetP1NoHelmetP2NoHelmet
_2gekbjkkh,64,561,596,124,136,DNoHelmetP1NoHelmetP2NoHelmet
_2gekbjkkh,65,536,598,123,133,DNoHelmetP1NoHelmetP2NoHelmet
_2gekbjkkh,66,511,599,122,132,DNoHelmetP1NoHelmetP2NoHelmet
_2gekbjkkh,67,486,600,121,130,DNoHelmetP1NoHelmetP2NoHelmet
_2gekbjkkh,68,461,601,119,129,DNoHelmetP1NoHelmetP2NoHelmet
_2gekbjkkh,69,436,602,118,127,DNoHelmetP1NoHelmetP2NoHelmet
_2gekbjkkh,70,411,603,117,126,DNoHelmetP1NoHelmetP2NoHelmet
_2gekbjkkh,71,392,604,115,125,DNoHelmetP1NoHelmetP2NoHelmet
_2gekbjkkh,72,373,605,112,124,DNoHelmetP1NoHelmetP2NoHelmet
_2gekbjkkh,73,354,605,110,125,DNoHelmetP1NoHelmetP2NoHelmet
_2gekbjkkh,74,335,606,108,124,DNoHelmetP1NoHelmetP2NoHelmet
_2gekbjkkh,75,316,607,106,124,DNoHelmetP1NoHelmetP2NoHelmet
_2gekbjkkh,76,297,607,104,124,DNoHelmetP1NoHelmetP2NoHelmet
_2gekbjkkh,77,282,608,99,124,DNoHelmetP1NoHelmetP2NoHelmet
_2gekbjkkh,78,268,609,92,123,DNoHelmetP1NoHelmetP2NoHelmet
_y7jrx4zmm,36,6,689,241,366,DHelmet
_y7jrx4zmm,37,61,688,297,382,DHelmet
_y7jrx4zmm,38,170,690,321,384,DHelmet
_y7jrx4zmm,39,278,692,346,387,DHelmet
_y7jrx4zmm,40,408,694,377,386,DHelmet
_y7jrx4zmm,41,538,696,409,384,DHelmet
_y7jrx4zmm,42,698,694,446,386,DHelmet
_y7jrx4zmm,43,859,693,482,387,DHelmet
_y7jrx4zmm,44,1064,694,528,386,DHelmet
_y7jrx4zmm,45,1269,694,573,385,DHelmet
_y7jrx4zmm,46,1532,697,388,383,DHelmet
_gd0g7m75u,55,1655,550,251,249,DNoHelmetP0NoHelmetP1NoHelmet
_gd0g7m75u,56,1571,551,291,248,DNoHelmetP0NoHelmetP1NoHelmet
_gd0g7m75u,57,1495,553,281,246,DNoHelmetP0NoHelmetP1NoHelmet
_gd0g7m75u,58,1420,555,269,244,DNoHelmetP0NoHelmetP1NoHelmet
_gd0g7m75u,59,1352,558,260,238,DNoHelmetP0NoHelmetP1NoHelmet
_gd0g7m75u,60,1285,561,250,232,DNoHelmetP0NoHelmetP1NoHelmet
_gd0g7m75u,61,1218,565,240,225,DNoHelmetP0NoHelmetP1NoHelmet
_gd0g7m75u,62,1157,567,236,223,DNoHelmetP0NoHelmetP1NoHelmet
_gd0g7m75u,63,1097,570,232,219,DNoHelmetP0NoHelmetP1NoHelmet
_gd0g7m75u,64,1036,573,228,216,DNoHelmetP0NoHelmetP1NoHelmet
_gd0g7m75u,65,975,575,225,214,DNoHelmetP0NoHelmetP1NoHelmet
_gd0g7m75u,66,925,577,218,211,DNoHelmetP0NoHelmetP1NoHelmet
_gd0g7m75u,67,875,579,212,208,DNoHelmetP0NoHelmetP1NoHelmet
_gd0g7m75u,68,824,581,206,205,DNoHelmetP0NoHelmetP1NoHelmet
_gd0g7m75u,69,774,583,200,203,DNoHelmetP0NoHelmetP1NoHelmet
_gd0g7m75u,70,724,585,193,200,DNoHelmetP0NoHelmetP1NoHelmet
_gd0g7m75u,71,682,586,190,199,DNoHelmetP0NoHelmetP1NoHelmet
_gd0g7m75u,72,641,588,185,197,DNoHelmetP0NoHelmetP1NoHelmet
_gd0g7m75u,73,599,589,182,196,DNoHelmetP0NoHelmetP1NoHelmet
_gd0g7m75u,74,558,591,177,194,DNoHelmetP0NoHelmetP1NoHelmet
_gd0g7m75u,75,516,592,174,193,DNoHelmetP0NoHelmetP1NoHelmet
_gd0g7m75u,76,475,594,169,191,DNoHelmetP0NoHelmetP1NoHelmet
_gd0g7m75u,77,439,596,167,188,DNoHelmetP0NoHelmetP1NoHelmet
_gd0g7m75u,78,404,597,164,186,DNoHelmetP0NoHelmetP1NoHelmet
_gd0g7m75u,79,369,599,161,182,DNoHelmetP0NoHelmetP1NoHelmet
_gd0g7m75u,80,333,600,160,180,DNoHelmetP0NoHelmetP1NoHelmet
_gd0g7m75u,81,298,602,157,177,DNoHelmetP0NoHelmetP1NoHelmet
_gd0g7m75u,82,262,603,155,175,DNoHelmetP0NoHelmetP1NoHelmet
_gd0g7m75u,83,229,605,154,173,DNoHelmetP0NoHelmetP1NoHelmet
_gd0g7m75u,84,197,606,152,173,DNoHelmetP0NoHelmetP1NoHelmet
_gd0g7m75u,85,164,607,152,172,DNoHelmetP0NoHelmetP1NoHelmet
_gd0g7m75u,86,131,609,151,171,DNoHelmetP0NoHelmetP1NoHelmet
_gd0g7m75u,87,98,610,150,170,DNoHelmetP0NoHelmetP1NoHelmet
_gd0g7m75u,88,65,611,150,170,DNoHelmetP0NoHelmetP1NoHelmet
_gd0g7m75u,89,36,613,151,166,DNoHelmetP0NoHelmetP1NoHelmet
_gd0g7m75u,90,6,614,154,164,DNoHelmetP0NoHelmetP1NoHelmet
_gd0g7m75u,91,1,614,127,164,DNoHelmetP0NoHelmetP1NoHelmet
_gd0g7m75u,92,0,614,100,163,DNoHelmetP0NoHelmetP1NoHelmet
_haoirtot6,62,2,694,266,385,DHelmetP1Helmet
_haoirtot6,63,60,690,330,389,DHelmetP1Helmet
_haoirtot6,64,176,690,356,389,DHelmetP1Helmet
_haoirtot6,65,293,690,381,389,DHelmetP1Helmet
_haoirtot6,66,433,690,411,390,DHelmetP1Helmet
_haoirtot6,67,574,689,440,391,DHelmetP1Helmet
_haoirtot6,68,738,689,474,391,DHelmetP1Helmet
_haoirtot6,69,902,689,509,391,DHelmetP1Helmet
_haoirtot6,70,1101,688,555,392,DHelmetP1Helmet
_haoirtot6,71,1301,688,600,392,DHelmetP1Helmet
_haoirtot6,72,1544,684,376,394,DHelmetP1Helmet
_hd0exqc3j,61,1703,551,217,212,DHelmetP1HelmetP2Helmet
_hd0exqc3j,62,1634,553,237,210,DHelmetP1HelmetP2Helmet
_hd0exqc3j,63,1569,553,231,209,DHelmetP1HelmetP2Helmet
_hd0exqc3j,64,1504,553,224,208,DHelmetP1HelmetP2Helmet
_hd0exqc3j,65,1444,557,219,202,DHelmetP1HelmetP2Helmet
_hd0exqc3j,66,1384,561,214,196,DHelmetP1HelmetP2Helmet
_hd0exqc3j,67,1330,562,208,194,DHelmetP1HelmetP2Helmet
_hd0exqc3j,68,1277,563,200,192,DHelmetP1HelmetP2Helmet
_hd0exqc3j,69,1229,565,194,190,DHelmetP1HelmetP2Helmet
_hd0exqc3j,70,1182,567,188,188,DHelmetP1HelmetP2Helmet
_hd0exqc3j,71,1134,568,183,186,DHelmetP1HelmetP2Helmet
_hd0exqc3j,72,1087,570,177,184,DHelmetP1HelmetP2Helmet
_hd0exqc3j,73,1048,572,173,181,DHelmetP1HelmetP2Helmet
_hd0exqc3j,74,1009,573,170,180,DHelmetP1HelmetP2Helmet
_hd0exqc3j,75,971,575,166,177,DHelmetP1HelmetP2Helmet
_hd0exqc3j,76,932,576,162,175,DHelmetP1HelmetP2Helmet
_hd0exqc3j,77,894,578,158,173,DHelmetP1HelmetP2Helmet
_hd0exqc3j,78,855,579,155,171,DHelmetP1HelmetP2Helmet
_hd0exqc3j,79,823,580,152,170,DHelmetP1HelmetP2Helmet
_hd0exqc3j,80,791,581,150,168,DHelmetP1HelmetP2Helmet
_hd0exqc3j,81,759,583,148,166,DHelmetP1HelmetP2Helmet
_hd0exqc3j,82,727,584,146,165,DHelmetP1HelmetP2Helmet
_hd0exqc3j,83,694,585,144,164,DHelmetP1HelmetP2Helmet
_hd0exqc3j,84,667,586,143,162,DHelmetP1HelmetP2Helmet
_hd0exqc3j,85,639,587,142,160,DHelmetP1HelmetP2Helmet
_hd0exqc3j,86,612,589,140,157,DHelmetP1HelmetP2Helmet
_hd0exqc3j,87,587,590,139,155,DHelmetP1HelmetP2Helmet
_hd0exqc3j,88,563,591,138,153,DHelmetP1HelmetP2Helmet
_hd0exqc3j,89,538,593,137,150,DHelmetP1HelmetP2Helmet
_hd0exqc3j,90,514,594,136,148,DHelmetP1HelmetP2Helmet
_hd0exqc3j,91,494,595,133,147,DHelmetP1HelmetP2Helmet
_hd0exqc3j,92,473,595,131,147,DHelmetP1HelmetP2Helmet
_hd0exqc3j,93,456,596,128,146,DHelmetP1HelmetP2Helmet
_hd0exqc3j,94,439,596,125,145,DHelmetP1HelmetP2Helmet
_hd0exqc3j,95,422,596,123,145,DHelmetP1HelmetP2Helmet
_hd0exqc3j,96,406,597,120,144,DHelmetP1HelmetP2Helmet
_hd0exqc3j,97,390,598,117,143,DHelmetP1HelmetP2Helmet
_hd0exqc3j,98,373,599,115,142,DHelmetP1HelmetP2Helmet
_hd0exqc3j,99,360,599,112,142,DHelmetP1HelmetP2Helmet
_hd0exqc3j,100,346,599,110,142,DHelmetP1HelmetP2Helmet
_58dqscaw6,71,1744,558,176,197,DHelmetP1NoHelmet
_58dqscaw6,72,1691,555,229,200,DHelmetP1NoHelmet
_58dqscaw6,73,1631,558,230,200,DHelmetP1NoHelmet
_58dqscaw6,74,1578,558,226,199,DHelmetP1NoHelmet
_58dqscaw6,75,1525,558,222,197,DHelmetP1NoHelmet
_58dqscaw6,76,1477,561,214,192,DHelmetP1NoHelmet
_58dqscaw6,77,1428,565,207,186,DHelmetP1NoHelmet
_58dqscaw6,78,1383,566,203,185,DHelmetP1NoHelmet
_58dqscaw6,79,1338,567,200,184,DHelmetP1NoHelmet
_58dqscaw6,80,1293,569,196,182,DHelmetP1NoHelmet
_58dqscaw6,81,1248,570,193,181,DHelmetP1NoHelmet
_58dqscaw6,82,1211,571,189,180,DHelmetP1NoHelmet
_58dqscaw6,83,1174,573,185,178,DHelmetP1NoHelmet
_58dqscaw6,84,1137,574,181,176,DHelmetP1NoHelmet
_58dqscaw6,85,1100,575,177,175,DHelmetP1NoHelmet
_58dqscaw6,86,1062,577,174,173,DHelmetP1NoHelmet
_58dqscaw6,87,1031,578,171,171,DHelmetP1NoHelmet
_58dqscaw6,88,1000,578,167,170,DHelmetP1NoHelmet
_58dqscaw6,89,969,579,164,168,DHelmetP1NoHelmet
_58dqscaw6,90,938,580,161,165,DHelmetP1NoHelmet
_58dqscaw6,91,907,581,158,163,DHelmetP1NoHelmet
_58dqscaw6,92,876,582,155,161,DHelmetP1NoHelmet
_58dqscaw6,93,852,583,153,160,DHelmetP1NoHelmet
_58dqscaw6,94,828,584,151,159,DHelmetP1NoHelmet
_58dqscaw6,95,804,585,149,158,DHelmetP1NoHelmet
_58dqscaw6,96,779,586,148,157,DHelmetP1NoHelmet
_58dqscaw6,97,755,587,146,156,DHelmetP1NoHelmet
_58dqscaw6,98,731,588,144,155,DHelmetP1NoHelmet
_58dqscaw6,99,707,589,142,154,DHelmetP1NoHelmet
_58dqscaw6,100,682,590,142,153,DHelmetP1NoHelmet
_edvhya19w,87,1721,549,199,195,DHelmet
_edvhya19w,88,1647,545,224,198,DHelmet
_edvhya19w,89,1581,547,216,196,DHelmet
_edvhya19w,90,1515,550,208,193,DHelmet
_edvhya19w,91,1453,551,200,191,DHelmet
_edvhya19w,92,1391,555,192,188,DHelmet
_edvhya19w,93,1334,557,187,185,DHelmet
_edvhya19w,94,1277,559,181,182,DHelmet
_edvhya19w,95,1225,562,175,178,DHelmet
_edvhya19w,96,1172,564,170,176,DHelmet
_edvhya19w,97,1123,566,164,173,DHelmet
_edvhya19w,98,1073,568,159,170,DHelmet
_edvhya19w,99,1027,571,156,167,DHelmet
_edvhya19w,100,980,574,153,164,DHelmet
_zi98r8ilt,100,1774,578,146,177,DNoHelmet
