track_id,frame_id,x,y,w,h,label
_x7st55zjb,1,1599,535,321,545,DHelmet
_2izf0l56p,1,839,395,133,237,DHelmet
_2izf0l56p,2,784,390,131,226,DHelmet
_2izf0l56p,3,740,389,121,215,DHelmet
_2izf0l56p,4,689,382,121,214,DHelmet
_2izf0l56p,5,657,379,117,209,DHelmet
_2izf0l56p,6,626,377,112,202,DHelmet
_2izf0l56p,7,594,374,108,197,DHelmet
_2izf0l56p,8,563,372,102,190,DHelmet
_2izf0l56p,9,531,369,98,185,DHelmet
_2izf0l56p,10,500,367,93,178,DHelmet
_2izf0l56p,11,468,364,89,173,DHelmet
_2izf0l56p,12,437,362,84,167,DHelmet
_2izf0l56p,13,414,360,80,162,DHelmet
_2izf0l56p,14,392,358,75,158,DHelmet
_2izf0l56p,15,374,356,71,154,DHelmet
_2izf0l56p,16,354,355,71,150,DHelmet
_2izf0l56p,17,334,354,70,147,DHelmet
_2izf0l56p,18,319,353,65,143,DHelmet
_2izf0l56p,19,303,352,64,140,DHelmet
_2izf0l56p,20,287,351,63,137,DHelmet
_2izf0l56p,21,275,349,58,135,DHelmet
_2izf0l56p,22,262,348,54,131,DHelmet
_7mcvvg3zq,1,1526,453,296,373,DHelmet
_7mcvvg3zq,2,1425,444,273,374,DHelmet
_7mcvvg3zq,3,1336,437,242,351,DHelmet
_7mcvvg3zq,4,1256,428,214,330,DHelmet
_7mcvvg3zq,5,1181,418,194,314,DHelmet
_7mcvvg3zq,6,1117,414,173,295,DHelmet
_7mcvvg3zq,7,1057,411,158,278,DHelmet
_7mcvvg3zq,8,1001,403,145,267,DHelmet
_7mcvvg3zq,9,948,402,137,253,DHelmet
_7mcvvg3zq,10,910,398,130,244,DHelmet
_7mcvvg3zq,11,871,395,125,235,DHelmet
_7mcvvg3zq,12,832,391,119,227,DHelmet
_7mcvvg3zq,13,794,388,113,218,DHelmet
_7mcvvg3zq,14,755,385,108,209,DHelmet
_7mcvvg3zq,15,716,381,102,201,DHelmet
_7mcvvg3zq,16,678,378,96,192,DHelmet
_7mcvvg3zq,17,639,374,91,184,DHelmet
_7mcvvg3zq,18,611,371,86,179,DHelmet
_7mcvvg3zq,19,586,369,83,174,DHelmet
_7mcvvg3zq,20,560,367,81,168,DHelmet
_7mcvvg3zq,21,535,366,78,161,DHelmet
_7mcvvg3zq,22,512,364,76,156,DHelmet
_7mcvvg3zq,23,490,362,72,150,DHelmet
_7mcvvg3zq,24,471,360,70,148,DHelmet
_7mcvvg3zq,25,453,358,67,146,DHelmet
_7mcvvg3zq,26,436,356,64,142,DHelmet
_7mcvvg3zq,27,418,354,63,138,DHelmet
_7mcvvg3zq,28,401,354,64,134,DHelmet
_7mcvvg3zq,29,383,354,65,129,DHelmet
_02zfsvawq,4,1628,440,292,308,DHelmetP1NoHelmetP2Helmet
_02zfsvawq,5,1560,435,279,299,DHelmetP1NoHelmetP2Helmet
_02zfsvawq,6,1497,431,263,289,DHelmetP1NoHelmetP2Helmet
_02zfsvawq,7,1438,426,249,282,DHelmetP1NoHelmetP2Helmet
_02zfsvawq,8,1381,422,234,273,DHelmetP1NoHelmetP2Helmet
_02zfsvawq,9,1328,419,222,263,DHelmetP1NoHelmetP2Helmet
_02zfsvawq,10,1280,414,209,256,DHelmetP1NoHelmetP2Helmet
_02zfsvawq,11,1234,411,196,248,DHelmetP1NoHelmetP2Helmet
_02zfsvawq,12,1189,407,185,241,DHelmetP1NoHelmetP2Helmet
_02zfsvawq,13,1149,405,175,233,DHelmetP1NoHelmetP2Helmet
_j4noo9vdm,7,1653,459,267,342,DHelmetP1Helmet
_j4noo9vdm,8,1580,454,281,328,DHelmetP1Helmet
_j4noo9vdm,9,1512,447,259,317,DHelmetP1Helmet
_j4noo9vdm,10,1444,442,242,303,DHelmetP1Helmet
_j4noo9vdm,11,1383,437,227,291,DHelmetP1Helmet
_j4noo9vdm,12,1323,432,220,282,DHelmetP1Helmet
_j4noo9vdm,13,1267,428,203,271,DHelmetP1Helmet
_j4noo9vdm,14,1208,423,200,261,DHelmetP1Helmet
_j4noo9vdm,15,1164,420,191,254,DHelmetP1Helmet
_j4noo9vdm,16,1121,416,182,248,DHelmetP1Helmet
_j4noo9vdm,17,1078,413,172,241,DHelmetP1Helmet
_j4noo9vdm,18,1034,409,164,235,DHelmetP1Helmet
_j4noo9vdm,19,991,405,154,229,DHelmetP1Helmet
_j4noo9vdm,20,947,402,146,222,DHelmetP1Helmet
_j4noo9vdm,21,911,398,137,216,DHelmetP1Helmet
_j4noo9vdm,22,877,396,128,209,DHelmetP1Helmet
_j4noo9vdm,23,844,391,119,203,DHelmetP1Helmet
_j4noo9vdm,24,815,389,114,199,DHelmetP1Helmet
_j4noo9vdm,25,786,387,110,194,DHelmetP1Helmet
_j4noo9vdm,26,758,385,105,190,DHelmetP1Helmet
_j4noo9vdm,27,732,384,102,185,DHelmetP1Helmet
_j4noo9vdm,28,706,382,100,180,DHelmetP1Helmet
_j4noo9vdm,29,680,380,97,176,DHelmetP1Helmet
_j4noo9vdm,30,660,378,91,172,DHelmetP1Helmet
_j4noo9vdm,31,640,376,85,168,DHelmetP1Helmet
_j4noo9vdm,32,606,374,97,166,DHelmetP1Helmet
_j4noo9vdm,33,593,371,88,164,DHelmetP1Helmet
_j4noo9vdm,34,580,369,79,161,DHelmetP1Helmet
_j4noo9vdm,35,561,368,80,157,DHelmetP1Helmet
_j4noo9vdm,36,542,367,81,154,DHelmetP1Helmet
_j4noo9vdm,37,521,366,84,150,DHelmetP1Helmet
_j4noo9vdm,38,499,365,87,146,DHelmetP1Helmet
_j4noo9vdm,39,487,363,83,143,DHelmetP1Helmet
_j4noo9vdm,40,474,362,79,139,DHelmetP1Helmet
_j4noo9vdm,41,454,362,80,137,DHelmetP1Helmet
_j4noo9vdm,42,434,363,81,133,DHelmetP1Helmet
_j4noo9vdm,43,440,362,62,131,DHelmetP1Helmet
_15rlzevln,9,1712,440,208,306,DHelmet
_15rlzevln,10,1639,437,272,299,DHelmet
_15rlzevln,11,1575,433,253,291,DHelmet
_15rlzevln,12,1518,430,240,282,DHelmet
_15rlzevln,13,1461,428,227,272,DHelmet
_15rlzevln,14,1408,422,214,266,DHelmet
_15rlzevln,15,1360,420,201,258,DHelmet
_15rlzevln,16,1303,415,201,258,DHelmet
_15rlzevln,17,1253,410,197,247,DHelmet
_15rlzevln,18,1218,407,189,241,DHelmet
_15rlzevln,19,1182,405,182,235,DHelmet
_15rlzevln,20,1146,402,174,230,DHelmet
_15rlzevln,21,1111,399,166,224,DHelmet
_15rlzevln,22,1075,397,158,218,DHelmet
_15rlzevln,23,1039,394,151,213,DHelmet
_15rlzevln,24,1004,392,143,206,DHelmet
_15rlzevln,25,968,389,135,201,DHelmet
_15rlzevln,26,934,388,124,198,DHelmet
_15rlzevln,27,900,386,124,194,DHelmet
_15rlzevln,28,869,384,123,189,DHelmet
_15rlzevln,29,839,382,119,184,DHelmet
_15rlzevln,30,810,381,116,180,DHelmet
_15rlzevln,31,783,379,113,178,DHelmet
_15rlzevln,32,757,376,107,176,DHelmet
_15rlzevln,33,734,374,102,173,DHelmet
_15rlzevln,34,711,373,97,169,DHelmet
_15rlzevln,35,691,371,93,166,DHelmet
_15rlzevln,36,672,370,87,162,DHelmet
_15rlzevln,37,654,369,82,158,DHelmet
_15rlzevln,38,637,367,77,155,DHelmet
_15rlzevln,39,619,366,81,154,DHelmet
_15rlzevln,40,601,365,85,154,DHelmet
_15rlzevln,41,585,363,82,151,DHelmet
_15rlzevln,42,568,362,80,148,DHelmet
_15rlzevln,43,551,361,77,145,DHelmet
_15rlzevln,44,538,360,74,142,DHelmet
_15rlzevln,45,524,359,72,140,DHelmet
_15rlzevln,46,511,359,67,136,DHelmet
_15rlzevln,47,499,358,62,134,DHelmet
_15rlzevln,48,484,357,64,131,DHelmet
_15rlzevln,49,469,356,67,129,DHelmet
_15rlzevln,50,457,355,64,127,DHelmet
_15rlzevln,51,444,354,61,124,DHelmet
_15rlzevln,52,431,353,59,122,DHelmet
_fb1g8hvo0,19,1668,440,252,331,DHelmet
_fb1g8hvo0,20,1611,435,264,320,DHelmet
_fb1g8hvo0,21,1556,431,254,311,DHelmet
_fb1g8hvo0,22,1502,428,242,300,DHelmet
_fb1g8hvo0,23,1447,424,232,291,DHelmet
_fb1g8hvo0,24,1393,420,220,282,DHelmet
_fb1g8hvo0,25,1338,417,210,272,DHelmet
_fb1g8hvo0,26,1283,413,199,263,DHelmet
_fb1g8hvo0,27,1229,409,188,254,DHelmet
_fb1g8hvo0,28,1183,406,177,244,DHelmet
_fb1g8hvo0,29,1141,403,172,239,DHelmet
_fb1g8hvo0,30,1100,399,167,234,DHelmet
_fb1g8hvo0,31,1064,396,156,228,DHelmet
_fb1g8hvo0,32,1027,393,147,222,DHelmet
_fb1g8hvo0,33,992,391,141,216,DHelmet
_fb1g8hvo0,34,957,390,135,210,DHelmet
_fb1g8hvo0,35,924,387,131,205,DHelmet
_fb1g8hvo0,36,892,383,127,202,DHelmet
_fb1g8hvo0,37,862,383,122,195,DHelmet
_fb1g8hvo0,38,833,382,116,190,DHelmet
_fb1g8hvo0,39,803,380,114,186,DHelmet
_fb1g8hvo0,40,774,378,111,182,DHelmet
_fb1g8hvo0,41,747,377,106,177,DHelmet
_fb1g8hvo0,42,720,375,103,173,DHelmet
_fb1g8hvo0,43,692,373,100,170,DHelmet
_fb1g8hvo0,44,668,371,98,166,DHelmet
_fb1g8hvo0,45,643,368,97,163,DHelmet
_fb1g8hvo0,46,622,367,91,160,DHelmet
_fb1g8hvo0,47,600,366,87,157,DHelmet
_fb1g8hvo0,48,580,363,84,154,DHelmet
_fb1g8hvo0,49,565,363,81,150,DHelmet
_fb1g8hvo0,50,550,362,78,146,DHelmet
_fb1g8hvo0,51,538,360,75,145,DHelmet
_fb1g8hvo0,52,525,359,74,143,DHelmet
_fb1g8hvo0,53,513,358,72,141,DHelmet
_fb1g8hvo0,54,500,356,71,139,DHelmet
_fb1g8hvo0,55,488,355,68,137,DHelmet
_fb1g8hvo0,56,477,354,68,135,DHelmet
_fb1g8hvo0,57,466,353,68,133,DHelmet
_fb1g8hvo0,58,455,353,68,130,DHelmet
_kt49428jx,29,1264,493,382,564,DNoHelmet
_kt49428jx,30,1178,480,334,518,DNoHelmet
_kt49428jx,31,1100,464,292,483,DNoHelmet
_kt49428jx,32,1027,454,260,448,DNoHelmet
_kt49428jx,33,956,445,236,414,DNoHelmet
_kt49428jx,34,892,440,215,385,DNoHelmet
_kt49428jx,35,835,432,196,359,DNoHelmet
_kt49428jx,36,784,420,179,341,DNoHelmet
_kt49428jx,37,737,413,163,320,DNoHelmet
_kt49428jx,38,693,408,153,298,DNoHelmet
_kt49428jx,39,655,404,142,281,DNoHelmet
_kt49428jx,40,616,396,135,267,DNoHelmet
_kt49428jx,41,590,392,122,249,DNoHelmet
_kt49428jx,42,559,386,114,238,DNoHelmet
_kt49428jx,43,530,386,110,220,DNoHelmet
_kt49428jx,44,496,376,111,215,DNoHelmet
_kt49428jx,45,467,373,109,207,DNoHelmet
_kt49428jx,46,444,371,102,194,DNoHelmet
_kt49428jx,47,419,366,98,185,DNoHelmet
_kt49428jx,48,403,363,89,180,DNoHelmet
_kt49428jx,49,382,359,84,174,DNoHelmet
_kt49428jx,50,360,355,82,168,DNoHelmet
_kt49428jx,51,339,351,80,163,DNoHelmet
_kt49428jx,52,319,350,79,157,DNoHelmet
_kt49428jx,53,299,349,78,151,DNoHelmet
_kt49428jx,54,278,348,78,145,DNoHelmet
_kt49428jx,55,258,347,78,139,DNoHelmet
_7o6piyjy9,32,1605,434,250,288,DHelmet
_7o6piyjy9,33,1551,430,237,279,DHelmet
_7o6piyjy9,34,1500,427,227,271,DHelmet
_7o6piyjy9,35,1450,422,218,264,DHelmet
_7o6piyjy9,36,1402,420,216,260,DHelmet
_7o6piyjy9,37,1355,416,209,254,DHelmet
_7o6piyjy9,38,1312,413,202,249,DHelmet
_7o6piyjy9,39,1270,411,194,243,DHelmet
_7o6piyjy9,40,1230,407,188,238,DHelmet
_7o6piyjy9,41,1190,403,181,232,DHelmet
_7o6piyjy9,42,1150,399,174,227,DHelmet
_7o6piyjy9,43,1110,396,166,221,DHelmet
_7o6piyjy9,44,1069,392,160,216,DHelmet
_7o6piyjy9,45,1037,390,153,211,DHelmet
_7o6piyjy9,46,1010,390,146,205,DHelmet
_7o6piyjy9,47,980,389,139,200,DHelmet
_7o6piyjy9,48,953,387,132,194,DHelmet
_7o6piyjy9,49,930,384,126,191,DHelmet
_7o6piyjy9,50,908,382,119,188,DHelmet
_7o6piyjy9,51,882,381,113,183,DHelmet
_7o6piyjy9,52,857,380,106,177,DHelmet
_7o6piyjy9,53,832,379,103,175,DHelmet
_7o6piyjy9,54,808,378,99,172,DHelmet
_7o6piyjy9,55,783,376,99,169,DHelmet
_7o6piyjy9,56,758,374,99,166,DHelmet
_7o6piyjy9,57,735,372,96,164,DHelmet
_7o6piyjy9,58,712,370,94,163,DHelmet
_7o6piyjy9,59,692,370,91,158,DHelmet
_7o6piyjy9,60,671,369,90,154,DHelmet
_7o6piyjy9,61,652,366,86,152,DHelmet
_7o6piyjy9,62,633,363,83,150,DHelmet
_7o6piyjy9,63,616,363,80,148,DHelmet
_7o6piyjy9,64,598,363,78,146,DHelmet
_7o6piyjy9,65,583,363,75,142,DHelmet
_7o6piyjy9,66,568,363,72,137,DHelmet
_7o6piyjy9,67,552,361,71,137,DHelmet
_7o6piyjy9,68,536,359,71,136,DHelmet
_7o6piyjy9,69,522,359,70,133,DHelmet
_7o6piyjy9,70,509,359,68,130,DHelmet
_7o6piyjy9,71,494,358,69,129,DHelmet
_7o6piyjy9,72,480,357,68,127,DHelmet
_7o6piyjy9,73,466,356,68,126,DHelmet
_7o6piyjy9,74,451,356,68,123,DHelmet
_7o6piyjy9,75,441,355,65,122,DHelmet
_7o6piyjy9,76,431,354,63,121,DHelmet
_7o6piyjy9,77,421,353,60,119,DHelmet
_7o6piyjy9,78,411,353,59,117,DHelmet
_7o6piyjy9,79,400,352,59,115,DHelmet
_q3ph2g97m,35,1618,443,302,379,DHelmetP1Helmet
_q3ph2g97m,36,1532,438,310,360,DHelmetP1Helmet
_q3ph2g97m,37,1452,434,287,346,DHelmetP1Helmet
_q3ph2g97m,38,1379,427,261,331,DHelmetP1Helmet
_q3ph2g97m,39,1311,421,248,317,DHelmetP1Helmet
_q3ph2g97m,40,1248,415,231,307,DHelmetP1Helmet
_q3ph2g97m,41,1191,413,213,293,DHelmetP1Helmet
_q3ph2g97m,42,1137,408,200,283,DHelmetP1Helmet
_q3ph2g97m,43,1089,405,184,272,DHelmetP1Helmet
_q3ph2g97m,44,1045,396,170,267,DHelmetP1Helmet
_q3ph2g97m,45,1005,395,156,256,DHelmetP1Helmet
_q3ph2g97m,46,965,394,142,245,DHelmetP1Helmet
_q3ph2g97m,47,927,390,138,239,DHelmetP1Helmet
_q3ph2g97m,48,890,386,133,233,DHelmetP1Helmet
_q3ph2g97m,49,855,384,129,225,DHelmetP1Helmet
_q3ph2g97m,50,820,383,125,215,DHelmetP1Helmet
_q3ph2g97m,51,789,380,120,210,DHelmetP1Helmet
_q3ph2g97m,52,759,377,113,206,DHelmetP1Helmet
_q3ph2g97m,53,729,375,111,200,DHelmetP1Helmet
_q3ph2g97m,54,699,373,109,194,DHelmetP1Helmet
_q3ph2g97m,55,673,373,106,187,DHelmetP1Helmet
_q3ph2g97m,56,647,372,103,182,DHelmetP1Helmet
_q3ph2g97m,57,624,371,101,177,DHelmetP1Helmet
_q3ph2g97m,58,600,369,99,173,DHelmetP1Helmet
_q3ph2g97m,59,577,367,97,170,DHelmetP1Helmet
_q3ph2g97m,60,556,366,95,165,DHelmetP1Helmet
_q3ph2g97m,61,535,364,93,161,DHelmetP1Helmet
_q3ph2g97m,62,515,362,90,158,DHelmetP1Helmet
_q3ph2g97m,63,495,360,88,154,DHelmetP1Helmet
_q3ph2g97m,64,477,359,86,149,DHelmetP1Helmet
_q3ph2g97m,65,459,357,84,146,DHelmetP1Helmet
_q3ph2g97m,66,441,355,82,142,DHelmetP1Helmet
_q3ph2g97m,67,425,354,80,139,DHelmetP1Helmet
_q3ph2g97m,68,408,352,79,137,DHelmetP1Helmet
_q3ph2g97m,69,392,350,77,136,DHelmetP1Helmet
_q3ph2g97m,70,375,349,76,133,DHelmetP1Helmet
_wg1hwax0f,37,1675,456,240,297,DHelmetP1Helmet
_wg1hwax0f,38,1610,452,239,286,DHelmetP1Helmet
_wg1hwax0f,39,1560,446,227,281,DHelmetP1Helmet
_wg1hwax0f,40,1510,443,217,272,DHelmetP1Helmet
_wg1hwax0f,41,1464,439,207,267,DHelmetP1Helmet
_wg1hwax0f,42,1419,435,197,258,DHelmetP1Helmet
_wg1hwax0f,43,1376,431,190,252,DHelmetP1Helmet
_wg1hwax0f,44,1334,427,182,246,DHelmetP1Helmet
_wg1hwax0f,45,1295,424,175,239,DHelmetP1Helmet
_wg1hwax0f,46,1257,421,167,232,DHelmetP1Helmet
_wg1hwax0f,47,1220,419,161,227,DHelmetP1Helmet
_wg1hwax0f,48,1184,417,155,221,DHelmetP1Helmet
_wg1hwax0f,49,1149,414,150,217,DHelmetP1Helmet
_wg1hwax0f,50,1115,411,145,212,DHelmetP1Helmet
_wg1hwax0f,51,1084,408,139,207,DHelmetP1Helmet
_wg1hwax0f,52,1052,405,135,203,DHelmetP1Helmet
_wg1hwax0f,53,1023,403,131,199,DHelmetP1Helmet
_wg1hwax0f,54,994,402,128,195,DHelmetP1Helmet
_wg1hwax0f,55,965,400,125,191,DHelmetP1Helmet
_wg1hwax0f,56,938,398,122,187,DHelmetP1Helmet
_wg1hwax0f,57,911,396,120,183,DHelmetP1Helmet
_wg1hwax0f,58,886,393,115,180,DHelmetP1Helmet
_wg1hwax0f,59,860,391,112,176,DHelmetP1Helmet
_wg1hwax0f,60,836,390,109,173,DHelmetP1Helmet
_wg1hwax0f,61,807,388,107,168,DHelmetP1Helmet
_wg1hwax0f,62,791,386,104,166,DHelmetP1Helmet
_wg1hwax0f,63,768,384,103,164,DHelmetP1Helmet
_uti7l9nby,44,1599,445,321,345,DHelmetP1NoHelmet
_uti7l9nby,45,1527,439,306,331,DHelmetP1NoHelmet
_uti7l9nby,46,1467,435,280,320,DHelmetP1NoHelmet
_uti7l9nby,47,1406,431,260,309,DHelmetP1NoHelmet
_uti7l9nby,48,1353,427,240,298,DHelmetP1NoHelmet
_uti7l9nby,49,1306,423,219,288,DHelmetP1NoHelmet
_uti7l9nby,50,1256,419,206,280,DHelmetP1NoHelmet
_uti7l9nby,51,1212,415,193,272,DHelmetP1NoHelmet
_uti7l9nby,52,1168,410,182,263,DHelmetP1NoHelmet
_uti7l9nby,53,1129,408,171,254,DHelmetP1NoHelmet
_uti7l9nby,54,1091,406,163,247,DHelmetP1NoHelmet
_uti7l9nby,55,1052,403,156,241,DHelmetP1NoHelmet
_uti7l9nby,56,1018,399,148,236,DHelmetP1NoHelmet
_uti7l9nby,57,983,396,141,230,DHelmetP1NoHelmet
_uti7l9nby,58,951,394,136,223,DHelmetP1NoHelmet
_uti7l9nby,59,919,392,131,217,DHelmetP1NoHelmet
_uti7l9nby,60,890,391,126,210,DHelmetP1NoHelmet
_uti7l9nby,61,862,390,121,203,DHelmetP1NoHelmet
_uti7l9nby,62,833,389,116,197,DHelmetP1NoHelmet
_uti7l9nby,63,806,386,113,193,DHelmetP1NoHelmet
_uti7l9nby,64,779,383,110,190,DHelmetP1NoHelmet
_uti7l9nby,65,752,381,107,186,DHelmetP1NoHelmet
_uti7l9nby,66,728,379,105,183,DHelmetP1NoHelmet
_uti7l9nby,67,705,377,101,180,DHelmetP1NoHelmet
_uti7l9nby,68,682,375,98,177,DHelmetP1NoHelmet
_uti7l9nby,69,660,374,95,172,DHelmetP1NoHelmet
_uti7l9nby,70,638,372,93,169,DHelmetP1NoHelmet
_uti7l9nby,71,618,370,89,166,DHelmetP1NoHelmet
_uti7l9nby,72,597,369,87,162,DHelmetP1NoHelmet
_uti7l9nby,73,578,368,88,159,DHelmetP1NoHelmet
_uti7l9nby,74,559,367,89,156,DHelmetP1NoHelmet
_uti7l9nby,75,543,366,92,153,DHelmetP1NoHelmet
_uti7l9nby,76,528,365,94,150,DHelmetP1NoHelmet
_uti7l9nby,77,514,364,89,147,DHelmetP1NoHelmet
_uti7l9nby,78,500,364,84,144,DHelmetP1NoHelmet
_uti7l9nby,79,486,363,79,141,DHelmetP1NoHelmet
_uti7l9nby,80,472,363,74,137,DHelmetP1NoHelmet
_uti7l9nby,81,458,362,69,135,DHelmetP1NoHelmet
_uti7l9nby,82,445,360,77,133,DHelmetP1NoHelmet
_uti7l9nby,83,432,358,74,131,DHelmetP1NoHelmet
_uti7l9nby,84,419,356,72,130,DHelmetP1NoHelmet
_uti7l9nby,85,406,354,69,128,DHelmetP1NoHelmet
_uti7l9nby,86,395,353,68,127,DHelmetP1NoHelmet
_uti7l9nby,87,384,353,67,125,DHelmetP1NoHelmet
_uti7l9nby,88,373,352,66,124,DHelmetP1NoHelmet
_uti7l9nby,89,362,352,65,122,DHelmetP1NoHelmet
_uti7l9nby,90,352,351,63,121,DHelmetP1NoHelmet
_uti7l9nby,91,341,351,62,119,DHelmetP1NoHelmet
_1ysueptzi,40,1756,440,164,288,DHelmet
_1ysueptzi,41,1710,439,210,286,DHelmet
_1ysueptzi,42,1664,435,240,286,DHelmet
_1ysueptzi,43,1621,432,239,283,DHelmet
_1ysueptzi,44,1577,428,225,274,DHelmet
_1ysueptzi,45,1537,425,210,265,DHelmet
_1ysueptzi,46,1496,424,196,255,DHelmet
_1ysueptzi,47,1471,422,182,246,DHelmet
_1ysueptzi,48,1422,420,188,245,DHelmet
_1ysueptzi,49,1387,417,182,239,DHelmet
_1ysueptzi,50,1353,417,177,230,DHelmet
_1ysueptzi,51,1315,413,177,230,DHelmet
_1ysueptzi,52,1286,410,168,225,DHelmet
_1ysueptzi,53,1252,409,164,220,DHelmet
_1ysueptzi,54,1222,407,158,216,DHelmet
_1ysueptzi,55,1189,407,158,212,DHelmet
_1ysueptzi,56,1157,405,158,208,DHelmet
_1ysueptzi,57,1128,402,154,205,DHelmet
_1ysueptzi,58,1100,398,149,203,DHelmet
_1ysueptzi,59,1073,396,144,200,DHelmet
_1ysueptzi,60,1046,394,139,197,DHelmet
_1ysueptzi,61,1019,393,135,194,DHelmet
_1ysueptzi,62,992,391,132,192,DHelmet
_1ysueptzi,63,967,390,129,187,DHelmet
_1ysueptzi,64,942,388,125,184,DHelmet
_1ysueptzi,65,917,386,122,182,DHelmet
_1ysueptzi,66,892,385,120,178,DHelmet
_1ysueptzi,67,870,383,116,176,DHelmet
_1ysueptzi,68,847,382,114,173,DHelmet
_1ysueptzi,69,826,380,110,170,DHelmet
_1ysueptzi,70,806,379,105,166,DHelmet
_1ysueptzi,71,785,377,103,165,DHelmet
_1ysueptzi,72,765,376,100,163,DHelmet
_1ysueptzi,73,747,374,97,161,DHelmet
_1ysueptzi,74,730,372,93,159,DHelmet
_1ysueptzi,75,712,372,91,155,DHelmet
_1ysueptzi,76,695,371,88,152,DHelmet
_1ysueptzi,77,679,369,85,151,DHelmet
_1ysueptzi,78,663,367,83,150,DHelmet
_1ysueptzi,79,647,366,81,148,DHelmet
_1ysueptzi,80,631,365,79,146,DHelmet
_1ysueptzi,81,613,364,79,144,DHelmet
_1ysueptzi,82,596,362,77,143,DHelmet
_1ysueptzi,83,580,361,75,140,DHelmet
_1ysueptzi,84,563,361,73,137,DHelmet
_tr6xxydxz,56,1730,430,190,290,DNoHelmet
_tr6xxydxz,57,1682,429,238,290,DNoHelmet
_tr6xxydxz,58,1636,426,259,282,DNoHelmet
_tr6xxydxz,59,1593,424,247,277,DNoHelmet
_tr6xxydxz,60,1548,423,240,270,DNoHelmet
_tr6xxydxz,61,1506,420,233,264,DNoHelmet
_tr6xxydxz,62,1465,418,226,259,DNoHelmet
_tr6xxydxz,63,1428,416,218,254,DNoHelmet
_tr6xxydxz,64,1391,414,211,249,DNoHelmet
_tr6xxydxz,65,1356,412,204,244,DNoHelmet
_tr6xxydxz,66,1322,410,196,239,DNoHelmet
_tr6xxydxz,67,1291,408,188,234,DNoHelmet
_tr6xxydxz,68,1260,406,181,229,DNoHelmet
_tr6xxydxz,69,1231,404,174,225,DNoHelmet
_tr6xxydxz,70,1202,403,166,220,DNoHelmet
_tr6xxydxz,71,1176,402,159,215,DNoHelmet
_tr6xxydxz,72,1150,402,151,210,DNoHelmet
_tr6xxydxz,73,1129,400,148,207,DNoHelmet
_tr6xxydxz,74,1108,397,145,205,DNoHelmet
_tr6xxydxz,75,1087,395,142,202,DNoHelmet
_tr6xxydxz,76,1066,393,139,200,DNoHelmet
_tr6xxydxz,77,1045,391,136,197,DNoHelmet
_tr6xxydxz,78,1024,389,133,194,DNoHelmet
_tr6xxydxz,79,1003,387,130,191,DNoHelmet
_tr6xxydxz,80,981,385,127,189,DNoHelmet
_tr6xxydxz,81,959,384,124,186,DNoHelmet
_tr6xxydxz,82,937,382,121,184,DNoHelmet
_tr6xxydxz,83,915,381,118,181,DNoHelmet
_tr6xxydxz,84,893,379,115,179,DNoHelmet
_tr6xxydxz,85,871,378,112,176,DNoHelmet
_tr6xxydxz,86,855,377,109,173,DNoHelmet
_tr6xxydxz,87,839,376,106,171,DNoHelmet
_tr6xxydxz,88,824,375,103,168,DNoHelmet
_tr6xxydxz,89,807,374,102,166,DNoHelmet
_tr6xxydxz,90,791,373,100,163,DNoHelmet
_tr6xxydxz,91,775,372,98,161,DNoHelmet
_tr6xxydxz,92,759,371,96,159,DNoHelmet
_tr6xxydxz,93,743,370,94,157,DNoHelmet
_tr6xxydxz,94,727,368,92,156,DNoHelmet
_tr6xxydxz,95,711,367,91,154,DNoHelmet
_tr6xxydxz,96,695,366,89,152,DNoHelmet
_tr6xxydxz,97,682,365,87,151,DNoHelmet
_tr6xxydxz,98,669,364,85,149,DNoHelmet
_tr6xxydxz,99,656,362,83,148,DNoHelmet
_tr6xxydxz,100,643,361,81,146,DNoHelmet
