track_id,frame_id,x,y,w,h,label
_1n2zcsvu3,1,104,615,356,464,DHelmet
_1n2zcsvu3,2,145,619,363,461,DHelmet
_1n2zcsvu3,3,186,623,371,457,DHelmet
_1n2zcsvu3,4,227,626,378,454,DHelmet
_1n2zcsvu3,5,267,630,387,450,DHelmet
_1n2zcsvu3,6,306,632,396,448,DHelmet
_1n2zcsvu3,7,345,633,405,447,DHelmet
_1n2zcsvu3,8,384,635,415,445,DHelmet
_1n2zcsvu3,9,423,637,424,443,DHelmet
_1n2zcsvu3,10,462,638,434,442,DHelmet
_1n2zcsvu3,11,497,641,438,439,DHelmet
_1n2zcsvu3,12,532,643,442,437,DHelmet
_1n2zcsvu3,13,568,645,445,435,DHelmet
_1n2zcsvu3,14,603,648,449,432,DHelmet
_1n2zcsvu3,15,638,650,453,430,DHelmet
_1n2zcsvu3,16,671,653,458,427,DHelmet
_1n2zcsvu3,17,704,656,463,424,DHelmet
_1n2zcsvu3,18,737,659,468,421,DHelmet
_1n2zcsvu3,19,769,662,474,418,DHelmet
_1n2zcsvu3,20,802,665,479,414,DHelmet
_1n2zcsvu3,21,835,668,484,411,DHelmet
_1n2zcsvu3,22,863,670,502,409,DHelmet
_1n2zcsvu3,23,892,673,518,407,DHelmet
_1n2zcsvu3,24,920,676,536,404,DHelmet
_1n2zcsvu3,25,949,678,553,402,DHelmet
_1n2zcsvu3,26,977,681,571,399,DHelmet
_1n2zcsvu3,27,1006,684,588,396,DHelmet
_1n2zcsvu3,28,1034,686,606,394,DHelmet
_1n2zcsvu3,29,1061,687,613,393,DHelmet
_1n2zcsvu3,30,1088,689,621,391,DHelmet
_1n2zcsvu3,31,1112,690,628,390,DHelmet
_1n2zcsvu3,32,1136,691,636,389,DHelmet
_1n2zcsvu3,33,1160,692,643,388,DHelmet
_1n2zcsvu3,34,1183,693,652,387,DHelmet
_1n2zcsvu3,35,1194,694,659,386,DHelmet
_1n2zcsvu3,36,1205,695,667,385,DHelmet
_1n2zcsvu3,37,1216,696,674,384,DHelmet
_1n2zcsvu3,38,1227,697,682,383,DHelmet
_1n2zcsvu3,39,1235,699,676,381,DHelmet
_1n2zcsvu3,40,1243,701,669,379,DHelmet
_1n2zcsvu3,41,1251,703,663,377,DHelmet
_1n2zcsvu3,42,1259,705,657,375,DHelmet
_1n2zcsvu3,43,1267,707,651,373,DHelmet
_1n2zcsvu3,44,1275,709,645,371,DHelmet
_1n2zcsvu3,45,1276,709,644,371,DHelmet
_1n2zcsvu3,46,1277,709,643,371,DHelmet
_1n2zcsvu3,47,1278,709,642,371,DHelmet
_1n2zcsvu3,48,1279,709,641,371,DHelmet
_1n2zcsvu3,49,1279,709,641,371,DHelmet
_1n2zcsvu3,50,1280,709,640,371,DHelmet
_1n2zcsvu3,51,1281,709,639,371,DHelmet
_1n2zcsvu3,52,1282,709,638,371,DHelmet
_1n2zcsvu3,53,1281,709,639,371,DHelmet
_1n2zcsvu3,54,1280,709,640,371,DHelmet
_1n2zcsvu3,55,1279,709,641,371,DHelmet
_1n2zcsvu3,56,1278,709,642,371,DHelmet
_1n2zcsvu3,57,1277,709,643,371,DHelmet
_1n2zcsvu3,58,1276,709,644,371,DHelmet
_1n2zcsvu3,59,1275,709,645,371,DHelmet
_1n2zcsvu3,60,1274,709,646,371,DHelmet
_1n2zcsvu3,61,1273,709,647,371,DHelmet
_1n2zcsvu3,62,1272,709,648,371,DHelmet
_1n2zcsvu3,63,1271,709,649,371,DHelmet
_1n2zcsvu3,64,1270,709,650,371,DHelmet
_1n2zcsvu3,65,1269,709,651,371,DHelmet
_1n2zcsvu3,66,1268,709,652,371,DHelmet
_1n2zcsvu3,67,1269,709,651,371,DHelmet
_1n2zcsvu3,68,1271,709,649,371,DHelmet
_1n2zcsvu3,69,1272,709,648,371,DHelmet
_1n2zcsvu3,70,1273,709,647,371,DHelmet
_1n2zcsvu3,71,1275,709,645,371,DHelmet
_1n2zcsvu3,72,1276,709,644,371,DHelmet
_1n2zcsvu3,73,1277,709,643,371,DHelmet
_1n2zcsvu3,74,1279,709,641,371,DHelmet
_1n2zcsvu3,75,1280,709,640,371,DHelmet
_1n2zcsvu3,76,1281,709,639,371,DHelmet
_1n2zcsvu3,77,1292,709,628,371,DHelmet
_1n2zcsvu3,78,1303,709,617,371,DHelmet
_1n2zcsvu3,79,1314,709,606,371,DHelmet
_1n2zcsvu3,80,1325,709,595,371,DHelmet
_1n2zcsvu3,81,1343,712,577,368,DHelmet
_1n2zcsvu3,82,1360,714,560,366,DHelmet
_1n2zcsvu3,83,1378,717,542,363,DHelmet
_1n2zcsvu3,84,1402,719,518,361,DHelmet
_1n2zcsvu3,85,1426,722,494,358,DHelmet
_1n2zcsvu3,86,1453,724,467,356,DHelmet
_1n2zcsvu3,87,1480,727,440,353,DHelmet
_1n2zcsvu3,88,1522,729,398,351,DHelmet
_1n2zcsvu3,89,1565,732,355,348,DHelmet
_1n2zcsvu3,90,1607,735,313,345,DHelmet
_1n2zcsvu3,91,1654,737,266,343,DHelmet
_1n2zcsvu3,92,1701,850,219,230,DHelmet
_1n2zcsvu3,93,1750,1054,170,26,DHelmet
_6hf54s3oc,35,4,547,109,256,DHelmet
_6hf54s3oc,36,4,547,148,265,DHelmet
_6hf54s3oc,37,8,549,187,271,DHelmet
_6hf54s3oc,38,42,551,194,276,DHelmet
_6hf54s3oc,39,77,553,201,282,DHelmet
_6hf54s3oc,40,111,555,208,287,DHelmet
_6hf54s3oc,41,152,557,219,293,DHelmet
_6hf54s3oc,42,194,558,228,299,DHelmet
_6hf54s3oc,43,235,560,239,304,DHelmet
_6hf54s3oc,44,277,561,248,311,DHelmet
_6hf54s3oc,45,318,563,259,316,DHelmet
_6hf54s3oc,46,360,565,268,321,DHelmet
_6hf54s3oc,47,410,566,277,329,DHelmet
_6hf54s3oc,48,460,568,286,335,DHelmet
_6hf54s3oc,49,510,569,295,342,DHelmet
_6hf54s3oc,50,561,571,303,348,DHelmet
_6hf54s3oc,51,611,572,312,356,DHelmet
_6hf54s3oc,52,661,574,320,362,DHelmet
_6hf54s3oc,53,711,577,330,368,DHelmet
_6hf54s3oc,54,761,579,339,375,DHelmet
_6hf54s3oc,55,812,582,347,381,DHelmet
_6hf54s3oc,56,862,585,356,387,DHelmet
_6hf54s3oc,57,910,586,365,396,DHelmet
_6hf54s3oc,58,957,588,375,404,DHelmet
_6hf54s3oc,59,1005,590,384,412,DHelmet
_6hf54s3oc,60,1053,591,393,421,DHelmet
_6hf54s3oc,61,1102,594,405,429,DHelmet
_6hf54s3oc,62,1151,597,417,437,DHelmet
_6hf54s3oc,63,1201,599,429,445,DHelmet
_6hf54s3oc,64,1250,602,441,453,DHelmet
_6hf54s3oc,65,1296,604,458,460,DHelmet
_6hf54s3oc,66,1342,606,475,466,DHelmet
_6hf54s3oc,67,1394,610,475,466,DHelmet
_6hf54s3oc,68,1447,614,473,466,DHelmet
_6hf54s3oc,69,1509,615,411,465,DHelmet
_6hf54s3oc,70,1571,615,349,465,DHelmet
_6hf54s3oc,71,1594,623,326,457,DHelmet
_6hf54s3oc,72,1640,621,280,459,DHelmet
_6hf54s3oc,73,1686,619,234,461,DHelmet
