track_id,frame_id,x,y,w,h,label
_jln7rr9f7,1,320,359,133,186,DHelmetP1Helmet
_jln7rr9f7,2,335,360,136,190,DHelmetP1Helmet
_jln7rr9f7,3,350,361,139,195,DHelmetP1Helmet
_jln7rr9f7,4,365,362,142,199,DHelmetP1Helmet
_jln7rr9f7,5,380,363,145,203,DHelmetP1Helmet
_jln7rr9f7,6,401,364,148,208,DHelmetP1Helmet
_jln7rr9f7,7,422,366,150,212,DHelmetP1Helmet
_jln7rr9f7,8,443,367,152,217,DHelmetP1Helmet
_jln7rr9f7,9,464,368,155,221,DHelmetP1Helmet
_jln7rr9f7,10,485,369,157,226,DHelmetP1Helmet
_jln7rr9f7,11,508,372,162,231,DHelmetP1Helmet
_jln7rr9f7,12,531,374,166,238,DHelmetP1Helmet
_jln7rr9f7,13,554,377,171,243,DHelmetP1Helmet
_jln7rr9f7,14,577,380,176,248,DHelmetP1Helmet
_jln7rr9f7,15,600,382,180,255,DHelmetP1Helmet
_jln7rr9f7,16,627,385,186,261,DHelmetP1Helmet
_jln7rr9f7,17,654,388,192,268,DHelmetP1Helmet
_jln7rr9f7,18,681,391,198,275,DHelmetP1Helmet
_jln7rr9f7,19,708,394,204,282,DHelmetP1Helmet
_jln7rr9f7,20,736,397,211,291,DHelmetP1Helmet
_jln7rr9f7,21,764,400,218,299,DHelmetP1Helmet
_jln7rr9f7,22,793,403,223,308,DHelmetP1Helmet
_jln7rr9f7,23,864,406,187,318,DHelmetP1Helmet
_jln7rr9f7,24,883,410,210,326,DHelmetP1Helmet
_jln7rr9f7,25,902,413,234,335,DHelmetP1Helmet
_jln7rr9f7,26,921,417,257,342,DHelmetP1Helmet
_jln7rr9f7,27,956,420,270,354,DHelmetP1Helmet
_jln7rr9f7,28,991,424,284,365,DHelmetP1Helmet
_jln7rr9f7,29,1026,428,297,375,DHelmetP1Helmet
_jln7rr9f7,30,1065,431,311,390,DHelmetP1Helmet
_jln7rr9f7,31,1105,435,323,405,DHelmetP1Helmet
_jln7rr9f7,32,1144,439,337,419,DHelmetP1Helmet
_jln7rr9f7,33,1190,444,354,435,DHelmetP1Helmet
_jln7rr9f7,34,1236,448,372,452,DHelmetP1Helmet
_jln7rr9f7,35,1282,453,390,467,DHelmetP1Helmet
_jln7rr9f7,36,1333,457,417,485,DHelmetP1Helmet
_jln7rr9f7,37,1384,462,445,502,DHelmetP1Helmet
_jln7rr9f7,38,1447,460,469,528,DHelmetP1Helmet
_jln7rr9f7,39,1504,467,416,545,DHelmetP1Helmet
_jln7rr9f7,40,1579,476,341,536,DHelmetP1Helmet
_odjw3j12e,1,73,345,75,132,DNoHelmetP1NoHelmet
_odjw3j12e,2,82,346,75,133,DNoHelmetP1NoHelmet
_odjw3j12e,3,92,347,75,134,DNoHelmetP1NoHelmet
_odjw3j12e,4,101,348,75,135,DNoHelmetP1NoHelmet
_odjw3j12e,5,110,348,76,137,DNoHelmetP1NoHelmet
_odjw3j12e,6,119,349,76,138,DNoHelmetP1NoHelmet
_odjw3j12e,7,128,350,78,141,DNoHelmetP1NoHelmet
_odjw3j12e,8,138,350,79,145,DNoHelmetP1NoHelmet
_odjw3j12e,9,147,351,81,147,DNoHelmetP1NoHelmet
_odjw3j12e,10,157,352,82,150,DNoHelmetP1NoHelmet
_odjw3j12e,11,166,352,84,154,DNoHelmetP1NoHelmet
_odjw3j12e,12,176,353,85,156,DNoHelmetP1NoHelmet
_odjw3j12e,13,186,354,87,158,DNoHelmetP1NoHelmet
_odjw3j12e,14,196,355,88,159,DNoHelmetP1NoHelmet
_odjw3j12e,15,206,355,89,162,DNoHelmetP1NoHelmet
_odjw3j12e,16,216,356,90,164,DNoHelmetP1NoHelmet
_odjw3j12e,17,226,357,91,166,DNoHelmetP1NoHelmet
_odjw3j12e,18,236,357,93,168,DNoHelmetP1NoHelmet
_odjw3j12e,19,248,358,94,171,DNoHelmetP1NoHelmet
_odjw3j12e,20,259,359,96,173,DNoHelmetP1NoHelmet
_odjw3j12e,21,271,360,97,176,DNoHelmetP1NoHelmet
_odjw3j12e,22,282,361,99,178,DNoHelmetP1NoHelmet
_odjw3j12e,23,293,362,101,181,DNoHelmetP1NoHelmet
_odjw3j12e,24,309,363,101,184,DNoHelmetP1NoHelmet
_odjw3j12e,25,324,365,102,186,DNoHelmetP1NoHelmet
_odjw3j12e,26,339,366,104,189,DNoHelmetP1NoHelmet
_odjw3j12e,27,354,367,105,193,DNoHelmetP1NoHelmet
_odjw3j12e,28,370,368,105,196,DNoHelmetP1NoHelmet
_odjw3j12e,29,386,370,107,199,DNoHelmetP1NoHelmet
_odjw3j12e,30,402,371,109,203,DNoHelmetP1NoHelmet
_odjw3j12e,31,418,373,112,207,DNoHelmetP1NoHelmet
_odjw3j12e,32,435,374,113,211,DNoHelmetP1NoHelmet
_odjw3j12e,33,451,376,115,214,DNoHelmetP1NoHelmet
_odjw3j12e,34,467,377,118,219,DNoHelmetP1NoHelmet
_odjw3j12e,35,485,379,120,222,DNoHelmetP1NoHelmet
_odjw3j12e,36,504,380,121,227,DNoHelmetP1NoHelmet
_odjw3j12e,37,522,382,124,231,DNoHelmetP1NoHelmet
_odjw3j12e,38,541,383,125,236,DNoHelmetP1NoHelmet
_odjw3j12e,39,559,385,127,240,DNoHelmetP1NoHelmet
_odjw3j12e,40,578,386,129,244,DNoHelmetP1NoHelmet
_odjw3j12e,41,598,388,132,250,DNoHelmetP1NoHelmet
_odjw3j12e,42,617,390,137,255,DNoHelmetP1NoHelmet
_odjw3j12e,43,637,392,140,261,DNoHelmetP1NoHelmet
_odjw3j12e,44,657,394,144,267,DNoHelmetP1NoHelmet
_odjw3j12e,45,677,396,148,272,DNoHelmetP1NoHelmet
_odjw3j12e,46,697,398,151,278,DNoHelmetP1NoHelmet
_odjw3j12e,47,716,400,156,283,DNoHelmetP1NoHelmet
_odjw3j12e,48,739,403,159,290,DNoHelmetP1NoHelmet
_odjw3j12e,49,762,406,162,297,DNoHelmetP1NoHelmet
_odjw3j12e,50,785,409,165,303,DNoHelmetP1NoHelmet
_odjw3j12e,51,808,412,169,310,DNoHelmetP1NoHelmet
_odjw3j12e,52,831,414,172,317,DNoHelmetP1NoHelmet
_odjw3j12e,53,854,417,175,324,DNoHelmetP1NoHelmet
_odjw3j12e,54,877,420,178,331,DNoHelmetP1NoHelmet
_odjw3j12e,55,902,423,188,338,DNoHelmetP1NoHelmet
_odjw3j12e,56,927,425,197,346,DNoHelmetP1NoHelmet
_odjw3j12e,57,953,428,205,354,DNoHelmetP1NoHelmet
_odjw3j12e,58,978,430,215,362,DNoHelmetP1NoHelmet
_odjw3j12e,59,1004,432,223,371,DNoHelmetP1NoHelmet
_odjw3j12e,60,1029,435,232,378,DNoHelmetP1NoHelmet
_odjw3j12e,61,1060,438,245,389,DNoHelmetP1NoHelmet
_odjw3j12e,62,1091,441,258,399,DNoHelmetP1NoHelmet
_odjw3j12e,63,1122,444,271,409,DNoHelmetP1NoHelmet
_odjw3j12e,64,1154,447,283,420,DNoHelmetP1NoHelmet
_odjw3j12e,65,1191,451,300,432,DNoHelmetP1NoHelmet
_odjw3j12e,66,1228,455,317,445,DNoHelmetP1NoHelmet
_odjw3j12e,67,1265,459,333,458,DNoHelmetP1NoHelmet
_odjw3j12e,68,1302,463,350,471,DNoHelmetP1NoHelmet
_odjw3j12e,69,1345,467,366,484,DNoHelmetP1NoHelmet
_odjw3j12e,70,1388,471,383,497,DNoHelmetP1NoHelmet
_odjw3j12e,71,1431,475,400,510,DNoHelmetP1NoHelmet
_odjw3j12e,72,1475,479,415,523,DNoHelmetP1NoHelmet
_odjw3j12e,73,1517,480,403,543,DNoHelmetP1NoHelmet
_odjw3j12e,74,1566,487,354,548,DNoHelmetP1NoHelmet
_odjw3j12e,75,1625,491,295,503,DNoHelmetP1NoHelmet
_odjw3j12e,76,1667,498,253,510,DNoHelmetP1NoHelmet
_odjw3j12e,77,1725,507,195,505,DNoHelmetP1NoHelmet
_odjw3j12e,78,1778,508,142,527,DNoHelmetP1NoHelmet
_odjw3j12e,79,1844,598,76,437,DNoHelmetP1NoHelmet
_135hqjk2o,8,2,364,88,240,DNoHelmet
_135hqjk2o,9,2,367,118,253,DNoHelmet
_135hqjk2o,10,24,369,125,267,DNoHelmet
_135hqjk2o,11,51,375,131,284,DNoHelmet
_135hqjk2o,12,79,380,137,302,DNoHelmet
_135hqjk2o,13,106,386,143,319,DNoHelmet
_135hqjk2o,14,141,393,157,342,DNoHelmet
_135hqjk2o,15,175,401,172,364,DNoHelmet
_135hqjk2o,16,209,408,187,387,DNoHelmet
_135hqjk2o,17,256,416,203,420,DNoHelmet
_135hqjk2o,18,303,425,220,452,DNoHelmet
_135hqjk2o,19,361,434,244,499,DNoHelmet
_135hqjk2o,20,420,442,268,547,DNoHelmet
_135hqjk2o,21,492,451,298,609,DNoHelmet
_135hqjk2o,22,585,467,336,612,DNoHelmet
_135hqjk2o,23,686,486,393,594,DNoHelmet
_135hqjk2o,24,812,507,449,573,DNoHelmet
_135hqjk2o,25,1002,538,501,541,DNoHelmet
_135hqjk2o,26,1220,582,610,498,DNoHelmet
_jgij4kuj7,39,2,411,111,346,DNoHelmet
_jgij4kuj7,40,3,421,148,373,DNoHelmet
_jgij4kuj7,41,3,430,187,402,DNoHelmet
_jgij4kuj7,42,19,440,209,429,DNoHelmet
_jgij4kuj7,43,53,451,234,466,DNoHelmet
_jgij4kuj7,44,87,461,258,504,DNoHelmet
_jgij4kuj7,45,134,474,287,549,DNoHelmet
_jgij4kuj7,46,182,487,315,593,DNoHelmet
_jgij4kuj7,47,245,500,347,580,DNoHelmet
_jgij4kuj7,48,318,522,394,558,DNoHelmet
_jgij4kuj7,49,411,547,454,533,DNoHelmet
_jgij4kuj7,50,565,581,486,499,DNoHelmet
_jgij4kuj7,51,710,621,581,459,DNoHelmet
_jgij4kuj7,52,965,681,649,399,DNoHelmet
_jgij4kuj7,53,1341,760,395,320,DNoHelmet
