track_id,frame_id,x,y,w,h,label
_kg5efv0qj,1,1049,649,476,431,DHelmet
_kg5efv0qj,2,1049,649,476,431,DHelmet
_kg5efv0qj,3,1049,649,476,431,DHelmet
_kg5efv0qj,4,1049,649,476,431,DHelmet
_kg5efv0qj,5,1049,649,476,431,DHelmet
_kg5efv0qj,6,1049,649,476,431,DHelmet
_kg5efv0qj,7,1049,649,476,431,DHelmet
_kg5efv0qj,8,1049,649,476,431,DHelmet
_kg5efv0qj,9,1049,649,476,431,DHelmet
_kg5efv0qj,10,1049,649,476,431,DHelmet
_kg5efv0qj,11,1049,649,476,431,DHelmet
_kg5efv0qj,12,1049,649,476,431,DHelmet
_kg5efv0qj,13,1049,649,476,431,DHelmet
_kg5efv0qj,14,1049,649,476,431,DHelmet
_kg5efv0qj,15,1049,649,476,431,DHelmet
_kg5efv0qj,16,1049,649,476,431,DHelmet
_kg5efv0qj,17,1049,649,476,431,DHelmet
_kg5efv0qj,18,1049,649,476,431,DHelmet
_kg5efv0qj,19,1049,649,477,431,DHelmet
_kg5efv0qj,20,1049,649,477,431,DHelmet
_kg5efv0qj,21,1049,649,477,431,DHelmet
_kg5efv0qj,22,1049,649,477,431,DHelmet
_kg5efv0qj,23,1049,649,477,431,DHelmet
_kg5efv0qj,24,1049,649,477,431,DHelmet
_kg5efv0qj,25,1049,649,477,431,DHelmet
_kg5efv0qj,26,1049,649,477,431,DHelmet
_kg5efv0qj,27,1049,649,477,431,DHelmet
_kg5efv0qj,28,1049,649,477,431,DHelmet
_kg5efv0qj,29,1049,649,477,431,DHelmet
_kg5efv0qj,30,1049,649,477,431,DHelmet
_kg5efv0qj,31,1049,649,477,431,DHelmet
_kg5efv0qj,32,1049,649,477,431,DHelmet
_kg5efv0qj,33,1049,649,477,431,DHelmet
_kg5efv0qj,34,1049,649,477,431,DHelmet
_kg5efv0qj,35,1049,649,477,431,DHelmet
_kg5efv0qj,36,1050,649,478,431,DHelmet
_kg5efv0qj,37,1051,649,478,431,DHelmet
_kg5efv0qj,38,1052,648,479,432,DHelmet
_kg5efv0qj,39,1053,648,479,432,DHelmet
_kg5efv0qj,40,1055,648,479,432,DHelmet
_kg5efv0qj,41,1056,648,479,432,DHelmet
_kg5efv0qj,42,1058,648,481,432,DHelmet
_kg5efv0qj,43,1060,648,482,432,DHelmet
_kg5efv0qj,44,1062,648,484,432,DHelmet
_kg5efv0qj,45,1064,648,485,432,DHelmet
_kg5efv0qj,46,1066,648,487,432,DHelmet
_kg5efv0qj,47,1068,648,488,432,DHelmet
_kg5efv0qj,48,1070,648,490,432,DHelmet
_kg5efv0qj,49,1072,648,492,432,DHelmet
_kg5efv0qj,50,1074,648,493,432,DHelmet
_kg5efv0qj,51,1076,648,495,432,DHelmet
_kg5efv0qj,52,1078,648,496,432,DHelmet
_kg5efv0qj,53,1078,648,496,432,DHelmet
_kg5efv0qj,54,1078,648,496,432,DHelmet
_kg5efv0qj,55,1078,648,497,432,DHelmet
_kg5efv0qj,56,1078,648,497,432,DHelmet
_kg5efv0qj,57,1078,648,497,432,DHelmet
_kg5efv0qj,58,1078,648,497,432,DHelmet
_kg5efv0qj,59,1078,648,497,432,DHelmet
_kg5efv0qj,60,1078,649,497,431,DHelmet
_kg5efv0qj,61,1078,649,497,431,DHelmet
_kg5efv0qj,62,1078,649,497,431,DHelmet
_kg5efv0qj,63,1078,649,497,431,DHelmet
_kg5efv0qj,64,1078,649,498,431,DHelmet
_kg5efv0qj,65,1078,649,498,431,DHelmet
_kg5efv0qj,66,1078,649,498,431,DHelmet
_kg5efv0qj,67,1078,649,498,431,DHelmet
_kg5efv0qj,68,1078,649,498,431,DHelmet
_kg5efv0qj,69,1078,649,498,431,DHelmet
_kg5efv0qj,70,1078,649,498,431,DHelmet
_kg5efv0qj,71,1078,649,498,431,DHelmet
_kg5efv0qj,72,1078,649,498,431,DHelmet
_kg5efv0qj,73,1078,649,499,431,DHelmet
_kg5efv0qj,74,1078,649,499,431,DHelmet
_kg5efv0qj,75,1078,649,499,431,DHelmet
_kg5efv0qj,76,1078,649,499,431,DHelmet
_kg5efv0qj,77,1078,649,499,431,DHelmet
_kg5efv0qj,78,1078,649,499,431,DHelmet
_kg5efv0qj,79,1078,649,499,431,DHelmet
_kg5efv0qj,80,1078,649,499,431,DHelmet
_kg5efv0qj,81,1078,649,500,431,DHelmet
_kg5efv0qj,82,1078,649,500,431,DHelmet
_kg5efv0qj,83,1078,650,500,430,DHelmet
_kg5efv0qj,84,1078,650,500,430,DHelmet
_kg5efv0qj,85,1078,650,500,430,DHelmet
_kg5efv0qj,86,1078,650,500,430,DHelmet
_kg5efv0qj,87,1077,650,501,430,DHelmet
_kg5efv0qj,88,1077,650,501,430,DHelmet
_kg5efv0qj,89,1077,650,501,430,DHelmet
_kg5efv0qj,90,1077,650,502,430,DHelmet
_kg5efv0qj,91,1077,650,502,430,DHelmet
_kg5efv0qj,92,1077,650,502,430,DHelmet
_kg5efv0qj,93,1077,650,502,430,DHelmet
_kg5efv0qj,94,1077,650,502,430,DHelmet
_kg5efv0qj,95,1077,650,502,430,DHelmet
_kg5efv0qj,96,1077,650,502,430,DHelmet
_kg5efv0qj,97,1077,650,502,430,DHelmet
_kg5efv0qj,98,1077,650,502,430,DHelmet
_kg5efv0qj,99,1077,650,503,430,DHelmet
_kg5efv0qj,100,1077,650,503,430,DHelmet
_xyws9scrv,1,500,625,380,454,DHelmetP1Helmet
_xyws9scrv,2,545,628,395,451,DHelmetP1Helmet
_xyws9scrv,3,590,632,409,447,DHelmetP1Helmet
_xyws9scrv,4,636,636,423,443,DHelmetP1Helmet
_xyws9scrv,5,691,640,435,440,DHelmetP1Helmet
_xyws9scrv,6,747,644,446,436,DHelmetP1Helmet
_xyws9scrv,7,803,648,457,432,DHelmetP1Helmet
_xyws9scrv,8,872,654,463,426,DHelmetP1Helmet
_xyws9scrv,9,940,660,470,420,DHelmetP1Helmet
_xyws9scrv,10,1009,666,476,414,DHelmetP1Helmet
_xyws9scrv,11,1098,673,496,407,DHelmetP1Helmet
_xyws9scrv,12,1187,680,517,400,DHelmetP1Helmet
_xyws9scrv,13,1277,686,537,394,DHelmetP1Helmet
_xyws9scrv,14,1390,696,530,384,DHelmetP1Helmet
_xyws9scrv,15,1509,705,411,375,DHelmetP1Helmet
