track_id,frame_id,x,y,w,h,label
_bayf39q8z,1,146,380,50,95,DNoHelmetP0NoHelmetP1NoHelmet
_bayf39q8z,2,151,380,51,98,DNoHelmetP0NoHelmetP1NoHelmet
_bayf39q8z,3,156,380,52,101,DNoHelmetP0NoHelmetP1NoHelmet
_bayf39q8z,4,161,380,52,103,DNoHelmetP0NoHelmetP1NoHelmet
_bayf39q8z,5,166,380,53,106,DNoHelmetP0NoHelmetP1NoHelmet
_bayf39q8z,6,170,380,54,108,DNoHelmetP0NoHelmetP1NoHelmet
_bayf39q8z,7,175,381,55,109,DNoHelmetP0NoHelmetP1NoHelmet
_bayf39q8z,8,179,382,56,110,DNoHelmetP0NoHelmetP1NoHelmet
_bayf39q8z,9,184,382,56,112,DNoHelmetP0NoHelmetP1NoHelmet
_bayf39q8z,10,189,383,58,112,DNoHelmetP0NoHelmetP1NoHelmet
_bayf39q8z,11,195,384,59,113,DNoHelmetP0NoHelmetP1NoHelmet
_bayf39q8z,12,200,385,60,113,DNoHelmetP0NoHelmetP1NoHelmet
_bayf39q8z,13,205,386,62,114,DNoHelmetP0NoHelmetP1NoHelmet
_bayf39q8z,14,212,387,62,115,DNoHelmetP0NoHelmetP1NoHelmet
_bayf39q8z,15,219,387,63,117,DNoHelmetP0NoHelmetP1NoHelmet
_bayf39q8z,16,225,388,64,118,DNoHelmetP0NoHelmetP1NoHelmet
_bayf39q8z,17,232,388,64,120,DNoHelmetP0NoHelmetP1NoHelmet
_bayf39q8z,18,238,389,65,122,DNoHelmetP0NoHelmetP1NoHelmet
_bayf39q8z,19,245,390,65,124,DNoHelmetP0NoHelmetP1NoHelmet
_bayf39q8z,20,251,391,65,126,DNoHelmetP0NoHelmetP1NoHelmet
_bayf39q8z,21,257,391,66,130,DNoHelmetP0NoHelmetP1NoHelmet
_bayf39q8z,22,265,392,67,132,DNoHelmetP0NoHelmetP1NoHelmet
_bayf39q8z,23,273,394,69,133,DNoHelmetP0NoHelmetP1NoHelmet
_bayf39q8z,24,281,395,70,136,DNoHelmetP0NoHelmetP1NoHelmet
_bayf39q8z,25,289,396,71,138,DNoHelmetP0NoHelmetP1NoHelmet
_bayf39q8z,26,300,397,74,141,DNoHelmetP0NoHelmetP1NoHelmet
_bayf39q8z,27,311,397,76,144,DNoHelmetP0NoHelmetP1NoHelmet
_bayf39q8z,28,323,398,78,146,DNoHelmetP0NoHelmetP1NoHelmet
_bayf39q8z,29,334,398,80,149,DNoHelmetP0NoHelmetP1NoHelmet
_bayf39q8z,30,347,399,81,152,DNoHelmetP0NoHelmetP1NoHelmet
_bayf39q8z,31,361,400,81,156,DNoHelmetP0NoHelmetP1NoHelmet
_bayf39q8z,32,375,401,81,159,DNoHelmetP0NoHelmetP1NoHelmet
_bayf39q8z,33,388,402,82,162,DNoHelmetP0NoHelmetP1NoHelmet
_bayf39q8z,34,403,404,85,165,DNoHelmetP0NoHelmetP1NoHelmet
_bayf39q8z,35,419,407,88,168,DNoHelmetP0NoHelmetP1NoHelmet
_bayf39q8z,36,434,409,92,171,DNoHelmetP0NoHelmetP1NoHelmet
_bayf39q8z,37,449,411,96,174,DNoHelmetP0NoHelmetP1NoHelmet
_bayf39q8z,38,468,413,96,178,DNoHelmetP0NoHelmetP1NoHelmet
_bayf39q8z,39,486,415,96,183,DNoHelmetP0NoHelmetP1NoHelmet
_bayf39q8z,40,504,417,97,187,DNoHelmetP0NoHelmetP1NoHelmet
_bayf39q8z,41,522,419,98,191,DNoHelmetP0NoHelmetP1NoHelmet
_bayf39q8z,42,542,422,101,196,DNoHelmetP0NoHelmetP1NoHelmet
_bayf39q8z,43,561,424,105,201,DNoHelmetP0NoHelmetP1NoHelmet
_bayf39q8z,44,581,427,108,206,DNoHelmetP0NoHelmetP1NoHelmet
_bayf39q8z,45,600,430,112,211,DNoHelmetP0NoHelmetP1NoHelmet
_bayf39q8z,46,624,432,115,221,DNoHelmetP0NoHelmetP1NoHelmet
_bayf39q8z,47,648,434,118,231,DNoHelmetP0NoHelmetP1NoHelmet
_bayf39q8z,48,672,436,120,240,DNoHelmetP0NoHelmetP1NoHelmet
_bayf39q8z,49,696,438,123,250,DNoHelmetP0NoHelmetP1NoHelmet
_bayf39q8z,50,722,444,127,257,DNoHelmetP0NoHelmetP1NoHelmet
_bayf39q8z,51,748,449,131,264,DNoHelmetP0NoHelmetP1NoHelmet
_bayf39q8z,52,775,455,134,271,DNoHelmetP0NoHelmetP1NoHelmet
_bayf39q8z,53,807,459,146,281,DNoHelmetP0NoHelmetP1NoHelmet
_bayf39q8z,54,840,464,158,290,DNoHelmetP0NoHelmetP1NoHelmet
_bayf39q8z,55,873,468,169,300,DNoHelmetP0NoHelmetP1NoHelmet
_bayf39q8z,56,906,473,180,310,DNoHelmetP0NoHelmetP1NoHelmet
_bayf39q8z,57,950,479,185,324,DNoHelmetP0NoHelmetP1NoHelmet
_bayf39q8z,58,993,486,192,337,DNoHelmetP0NoHelmetP1NoHelmet
_bayf39q8z,59,1037,492,197,351,DNoHelmetP0NoHelmetP1NoHelmet
_bayf39q8z,60,1085,498,217,367,DNoHelmetP0NoHelmetP1NoHelmet
_bayf39q8z,61,1133,505,236,382,DNoHelmetP0NoHelmetP1NoHelmet
_bayf39q8z,62,1182,511,254,398,DNoHelmetP0NoHelmetP1NoHelmet
_bayf39q8z,63,1244,517,278,421,DNoHelmetP0NoHelmetP1NoHelmet
_bayf39q8z,64,1306,524,302,443,DNoHelmetP0NoHelmetP1NoHelmet
_bayf39q8z,65,1376,531,332,471,DNoHelmetP0NoHelmetP1NoHelmet
_bayf39q8z,66,1446,538,363,500,DNoHelmetP0NoHelmetP1NoHelmet
_bayf39q8z,67,1525,550,395,526,DNoHelmetP0NoHelmetP1NoHelmet
_bayf39q8z,68,1614,563,306,513,DNoHelmetP0NoHelmetP1NoHelmet
_bayf39q8z,69,1705,575,215,501,DNoHelmetP0NoHelmetP1NoHelmet
_de0uu9g7l,1,32,366,33,76,DHelmet
_de0uu9g7l,2,35,366,33,77,DHelmet
_de0uu9g7l,3,37,366,35,79,DHelmet
_de0uu9g7l,4,40,366,35,80,DHelmet
_de0uu9g7l,5,43,367,35,80,DHelmet
_de0uu9g7l,6,45,367,36,81,DHelmet
_de0uu9g7l,7,48,367,37,83,DHelmet
_de0uu9g7l,8,51,368,38,83,DHelmet
_de0uu9g7l,9,53,368,39,84,DHelmet
_de0uu9g7l,10,56,369,40,84,DHelmet
_de0uu9g7l,11,59,369,41,85,DHelmet
_de0uu9g7l,12,62,370,41,85,DHelmet
_de0uu9g7l,13,64,370,43,87,DHelmet
_de0uu9g7l,14,67,371,44,87,DHelmet
_de0uu9g7l,15,71,371,44,89,DHelmet
_de0uu9g7l,16,74,371,45,91,DHelmet
_de0uu9g7l,17,77,372,47,92,DHelmet
_de0uu9g7l,18,80,372,48,94,DHelmet
_de0uu9g7l,19,84,373,48,95,DHelmet
_de0uu9g7l,20,87,373,49,96,DHelmet
_de0uu9g7l,21,89,373,50,98,DHelmet
_de0uu9g7l,22,91,374,51,98,DHelmet
_de0uu9g7l,23,93,374,53,100,DHelmet
_de0uu9g7l,24,95,375,54,100,DHelmet
_de0uu9g7l,25,97,375,55,101,DHelmet
_de0uu9g7l,26,99,376,56,102,DHelmet
_de0uu9g7l,27,101,376,57,103,DHelmet
_de0uu9g7l,28,103,377,58,104,DHelmet
_de0uu9g7l,29,105,377,59,105,DHelmet
_de0uu9g7l,30,106,378,59,107,DHelmet
_de0uu9g7l,31,107,379,58,109,DHelmet
_de0uu9g7l,32,108,379,58,112,DHelmet
_de0uu9g7l,33,108,380,59,114,DHelmet
_de0uu9g7l,34,109,381,58,116,DHelmet
_de0uu9g7l,35,110,381,58,119,DHelmet
_de0uu9g7l,36,111,382,57,119,DHelmet
_de0uu9g7l,37,111,382,58,121,DHelmet
_de0uu9g7l,38,112,382,58,123,DHelmet
_de0uu9g7l,39,112,383,59,124,DHelmet
_de0uu9g7l,40,113,384,60,127,DHelmet
_de0uu9g7l,41,113,385,62,130,DHelmet
_de0uu9g7l,42,113,386,63,133,DHelmet
_de0uu9g7l,43,113,387,65,135,DHelmet
_de0uu9g7l,44,113,388,67,138,DHelmet
_de0uu9g7l,45,116,389,69,142,DHelmet
_de0uu9g7l,46,119,390,70,145,DHelmet
_de0uu9g7l,47,122,391,71,148,DHelmet
_de0uu9g7l,48,125,392,72,152,DHelmet
_de0uu9g7l,49,128,393,74,155,DHelmet
_de0uu9g7l,50,135,394,76,160,DHelmet
_de0uu9g7l,51,141,395,80,165,DHelmet
_de0uu9g7l,52,148,397,82,169,DHelmet
_de0uu9g7l,53,154,398,86,174,DHelmet
_de0uu9g7l,54,163,399,88,179,DHelmet
_de0uu9g7l,55,172,400,91,184,DHelmet
_de0uu9g7l,56,180,401,95,189,DHelmet
_de0uu9g7l,57,194,402,97,195,DHelmet
_de0uu9g7l,58,207,403,100,200,DHelmet
_de0uu9g7l,59,221,404,102,205,DHelmet
_de0uu9g7l,60,234,405,106,210,DHelmet
_de0uu9g7l,61,255,409,111,216,DHelmet
_de0uu9g7l,62,277,413,115,223,DHelmet
_de0uu9g7l,63,298,417,119,230,DHelmet
_de0uu9g7l,64,320,420,123,237,DHelmet
_de0uu9g7l,65,345,423,128,248,DHelmet
_de0uu9g7l,66,371,426,132,258,DHelmet
_de0uu9g7l,67,397,429,136,269,DHelmet
_de0uu9g7l,68,422,432,141,280,DHelmet
_de0uu9g7l,69,454,436,148,293,DHelmet
_de0uu9g7l,70,486,441,155,305,DHelmet
_de0uu9g7l,71,518,446,161,317,DHelmet
_de0uu9g7l,72,551,450,167,331,DHelmet
_de0uu9g7l,73,590,457,177,345,DHelmet
_de0uu9g7l,74,629,464,186,359,DHelmet
_de0uu9g7l,75,668,471,196,373,DHelmet
_de0uu9g7l,76,718,477,212,395,DHelmet
_de0uu9g7l,77,767,483,230,416,DHelmet
_de0uu9g7l,78,816,488,247,439,DHelmet
_de0uu9g7l,79,874,497,274,466,DHelmet
_de0uu9g7l,80,932,505,301,495,DHelmet
_de0uu9g7l,81,1001,514,328,522,DHelmet
_de0uu9g7l,82,1081,523,362,555,DHelmet
_de0uu9g7l,83,1159,538,407,542,DHelmet
_de0uu9g7l,84,1248,546,455,534,DHelmet
_de0uu9g7l,85,1351,559,488,521,DHelmet
_de0uu9g7l,86,1460,578,460,502,DHelmet
_de0uu9g7l,87,1584,599,336,481,DHelmet
_0tfa7jbm4,1,58,369,44,86,DHelmetP1Helmet
_0tfa7jbm4,2,61,370,46,87,DHelmetP1Helmet
_0tfa7jbm4,3,65,370,46,89,DHelmetP1Helmet
_0tfa7jbm4,4,69,371,46,90,DHelmetP1Helmet
_0tfa7jbm4,5,73,372,46,90,DHelmetP1Helmet
_0tfa7jbm4,6,76,372,47,92,DHelmetP1Helmet
_0tfa7jbm4,7,81,372,48,93,DHelmetP1Helmet
_0tfa7jbm4,8,86,372,48,94,DHelmetP1Helmet
_0tfa7jbm4,9,91,372,48,95,DHelmetP1Helmet
_0tfa7jbm4,10,96,371,48,97,DHelmetP1Helmet
_0tfa7jbm4,11,101,371,49,98,DHelmetP1Helmet
_0tfa7jbm4,12,106,372,49,99,DHelmetP1Helmet
_0tfa7jbm4,13,111,373,49,100,DHelmetP1Helmet
_0tfa7jbm4,14,116,374,49,102,DHelmetP1Helmet
_0tfa7jbm4,15,121,375,50,103,DHelmetP1Helmet
_0tfa7jbm4,16,125,375,50,104,DHelmetP1Helmet
_0tfa7jbm4,17,130,376,50,104,DHelmetP1Helmet
_0tfa7jbm4,18,134,376,51,105,DHelmetP1Helmet
_0tfa7jbm4,19,139,377,50,105,DHelmetP1Helmet
_0tfa7jbm4,20,143,377,51,106,DHelmetP1Helmet
_0tfa7jbm4,21,148,377,50,107,DHelmetP1Helmet
_0tfa7jbm4,22,151,378,51,108,DHelmetP1Helmet
_0tfa7jbm4,23,154,379,52,109,DHelmetP1Helmet
_0tfa7jbm4,24,158,379,52,111,DHelmetP1Helmet
_0tfa7jbm4,25,161,380,53,113,DHelmetP1Helmet
_0tfa7jbm4,26,165,380,53,115,DHelmetP1Helmet
_0tfa7jbm4,27,168,381,54,116,DHelmetP1Helmet
_0tfa7jbm4,28,172,381,54,118,DHelmetP1Helmet
_0tfa7jbm4,29,175,382,55,118,DHelmetP1Helmet
_0tfa7jbm4,30,177,383,57,118,DHelmetP1Helmet
_0tfa7jbm4,31,180,383,58,119,DHelmetP1Helmet
_0tfa7jbm4,32,183,384,58,119,DHelmetP1Helmet
_0tfa7jbm4,33,186,384,59,120,DHelmetP1Helmet
_0tfa7jbm4,34,188,385,61,120,DHelmetP1Helmet
_0tfa7jbm4,35,191,385,61,123,DHelmetP1Helmet
_0tfa7jbm4,36,194,384,61,126,DHelmetP1Helmet
_0tfa7jbm4,37,198,384,61,129,DHelmetP1Helmet
_0tfa7jbm4,38,201,384,61,131,DHelmetP1Helmet
_0tfa7jbm4,39,204,384,62,134,DHelmetP1Helmet
_0tfa7jbm4,40,207,384,62,136,DHelmetP1Helmet
_0tfa7jbm4,41,211,386,64,137,DHelmetP1Helmet
_0tfa7jbm4,42,216,387,64,139,DHelmetP1Helmet
_0tfa7jbm4,43,220,388,66,140,DHelmetP1Helmet
_0tfa7jbm4,44,225,390,67,141,DHelmetP1Helmet
_0tfa7jbm4,45,229,391,69,143,DHelmetP1Helmet
_0tfa7jbm4,46,234,393,70,143,DHelmetP1Helmet
_0tfa7jbm4,47,241,392,71,147,DHelmetP1Helmet
_0tfa7jbm4,48,248,392,72,150,DHelmetP1Helmet
_0tfa7jbm4,49,255,392,73,153,DHelmetP1Helmet
_0tfa7jbm4,50,262,392,74,156,DHelmetP1Helmet
_0tfa7jbm4,51,269,392,75,158,DHelmetP1Helmet
_0tfa7jbm4,52,276,392,76,161,DHelmetP1Helmet
_0tfa7jbm4,53,284,393,78,163,DHelmetP1Helmet
_0tfa7jbm4,54,293,394,79,165,DHelmetP1Helmet
_0tfa7jbm4,55,302,395,80,167,DHelmetP1Helmet
_0tfa7jbm4,56,311,396,81,169,DHelmetP1Helmet
_0tfa7jbm4,57,320,397,82,171,DHelmetP1Helmet
_0tfa7jbm4,58,329,398,83,173,DHelmetP1Helmet
_0tfa7jbm4,59,338,399,84,176,DHelmetP1Helmet
_0tfa7jbm4,60,347,400,85,178,DHelmetP1Helmet
_0tfa7jbm4,61,358,401,84,180,DHelmetP1Helmet
_0tfa7jbm4,62,369,402,83,182,DHelmetP1Helmet
_0tfa7jbm4,63,381,402,81,185,DHelmetP1Helmet
_0tfa7jbm4,64,392,403,80,187,DHelmetP1Helmet
_0tfa7jbm4,65,404,403,77,190,DHelmetP1Helmet
_0tfa7jbm4,66,411,405,81,191,DHelmetP1Helmet
_0tfa7jbm4,67,418,406,84,193,DHelmetP1Helmet
_0tfa7jbm4,68,425,407,87,194,DHelmetP1Helmet
_0tfa7jbm4,69,431,409,92,195,DHelmetP1Helmet
_0tfa7jbm4,70,438,410,95,197,DHelmetP1Helmet
_0tfa7jbm4,71,450,411,98,202,DHelmetP1Helmet
_0tfa7jbm4,72,461,412,101,207,DHelmetP1Helmet
_0tfa7jbm4,73,473,413,104,212,DHelmetP1Helmet
_0tfa7jbm4,74,484,414,108,217,DHelmetP1Helmet
_0tfa7jbm4,75,496,416,111,221,DHelmetP1Helmet
_0tfa7jbm4,76,508,417,115,226,DHelmetP1Helmet
_0tfa7jbm4,77,520,419,119,230,DHelmetP1Helmet
_0tfa7jbm4,78,533,421,123,234,DHelmetP1Helmet
_0tfa7jbm4,79,545,423,127,238,DHelmetP1Helmet
_0tfa7jbm4,80,558,425,131,243,DHelmetP1Helmet
_0tfa7jbm4,81,573,426,134,248,DHelmetP1Helmet
_0tfa7jbm4,82,588,427,137,254,DHelmetP1Helmet
_0tfa7jbm4,83,602,428,141,260,DHelmetP1Helmet
_0tfa7jbm4,84,617,429,144,266,DHelmetP1Helmet
_0tfa7jbm4,85,636,432,146,270,DHelmetP1Helmet
_0tfa7jbm4,86,656,434,146,276,DHelmetP1Helmet
_0tfa7jbm4,87,675,437,147,280,DHelmetP1Helmet
_0tfa7jbm4,88,694,439,149,285,DHelmetP1Helmet
_0tfa7jbm4,89,712,441,153,291,DHelmetP1Helmet
_0tfa7jbm4,90,731,444,156,296,DHelmetP1Helmet
_0tfa7jbm4,91,749,446,161,301,DHelmetP1Helmet
_0tfa7jbm4,92,768,449,164,306,DHelmetP1Helmet
_0tfa7jbm4,93,788,451,169,314,DHelmetP1Helmet
_0tfa7jbm4,94,807,453,174,323,DHelmetP1Helmet
_0tfa7jbm4,95,827,455,178,331,DHelmetP1Helmet
_0tfa7jbm4,96,847,457,183,340,DHelmetP1Helmet
_0tfa7jbm4,97,869,460,191,349,DHelmetP1Helmet
_0tfa7jbm4,98,891,463,200,358,DHelmetP1Helmet
_0tfa7jbm4,99,913,465,208,368,DHelmetP1Helmet
_0tfa7jbm4,100,935,468,217,376,DHelmetP1Helmet
