track_id,frame_id,x,y,w,h,label
_cbxfganll,1,648,408,168,338,DHelmet
_cbxfganll,2,686,412,179,353,DHelmet
_cbxfganll,3,724,416,190,367,DHelmet
_cbxfganll,4,762,420,201,381,DHelmet
_cbxfganll,5,806,424,211,399,DHelmet
_cbxfganll,6,851,429,220,415,DHelmet
_cbxfganll,7,895,434,230,431,DHelmet
_cbxfganll,8,946,439,251,453,DHelmet
_cbxfganll,9,997,445,271,475,DHelmet
_cbxfganll,10,1048,450,292,497,DHelmet
_cbxfganll,11,1109,456,313,521,DHelmet
_cbxfganll,12,1170,461,333,546,DHelmet
_cbxfganll,13,1231,471,366,572,DHelmet
_cbxfganll,14,1293,480,398,599,DHelmet
_cbxfganll,15,1364,490,437,590,DHelmet
_cbxfganll,16,1442,499,470,581,DHelmet
_cbxfganll,17,1525,510,395,570,DHelmet
_cbxfganll,18,1610,518,310,562,DHelmet
_zqq6xgx6u,1,312,393,171,297,DHelmet
_zqq6xgx6u,2,327,395,173,303,DHelmet
_zqq6xgx6u,3,341,397,175,308,DHelmet
_zqq6xgx6u,4,356,399,176,314,DHelmet
_zqq6xgx6u,5,370,401,178,319,DHelmet
_zqq6xgx6u,6,385,403,181,325,DHelmet
_zqq6xgx6u,7,399,405,185,331,DHelmet
_zqq6xgx6u,8,413,407,189,337,DHelmet
_zqq6xgx6u,9,427,409,193,342,DHelmet
_zqq6xgx6u,10,441,410,197,349,DHelmet
_zqq6xgx6u,11,458,413,202,356,DHelmet
_zqq6xgx6u,12,475,416,208,363,DHelmet
_zqq6xgx6u,13,491,418,214,370,DHelmet
_zqq6xgx6u,14,508,421,220,377,DHelmet
_zqq6xgx6u,15,530,423,226,385,DHelmet
_zqq6xgx6u,16,552,426,232,393,DHelmet
_zqq6xgx6u,17,573,429,239,400,DHelmet
_zqq6xgx6u,18,595,431,245,408,DHelmet
_zqq6xgx6u,19,621,434,254,418,DHelmet
_zqq6xgx6u,20,647,436,262,429,DHelmet
_zqq6xgx6u,21,673,438,271,440,DHelmet
_zqq6xgx6u,22,699,441,280,450,DHelmet
_zqq6xgx6u,23,725,443,288,461,DHelmet
_zqq6xgx6u,24,755,446,297,474,DHelmet
_zqq6xgx6u,25,786,450,304,486,DHelmet
_zqq6xgx6u,26,816,454,313,498,DHelmet
_zqq6xgx6u,27,847,457,320,510,DHelmet
_zqq6xgx6u,28,877,461,336,527,DHelmet
_zqq6xgx6u,29,907,464,352,544,DHelmet
_zqq6xgx6u,30,938,468,367,560,DHelmet
_zqq6xgx6u,31,974,471,384,577,DHelmet
_zqq6xgx6u,32,1011,475,400,593,DHelmet
_zqq6xgx6u,33,1044,483,428,597,DHelmet
_zqq6xgx6u,34,1085,484,453,596,DHelmet
_zqq6xgx6u,35,1129,488,479,592,DHelmet
_zqq6xgx6u,36,1170,494,509,586,DHelmet
_zqq6xgx6u,37,1213,498,532,582,DHelmet
_zqq6xgx6u,38,1273,504,537,575,DHelmet
_zqq6xgx6u,39,1329,511,535,568,DHelmet
_zqq6xgx6u,40,1384,518,534,561,DHelmet
_zqq6xgx6u,41,1460,531,458,548,DHelmet
_zqq6xgx6u,42,1587,535,331,544,DHelmet
_zqq6xgx6u,43,1736,543,184,536,DHelmet
_zqq6xgx6u,44,1602,553,318,526,DHelmet
_ylko3r9zl,1,4,345,76,187,DHelmet
_ylko3r9zl,2,7,347,83,189,DHelmet
_ylko3r9zl,3,11,349,90,192,DHelmet
_ylko3r9zl,4,14,351,98,194,DHelmet
_ylko3r9zl,5,22,351,100,201,DHelmet
_ylko3r9zl,6,29,352,104,207,DHelmet
_ylko3r9zl,7,37,353,106,213,DHelmet
_ylko3r9zl,8,44,353,109,220,DHelmet
_ylko3r9zl,9,52,354,111,227,DHelmet
_ylko3r9zl,10,60,354,114,234,DHelmet
_ylko3r9zl,11,68,355,116,240,DHelmet
_ylko3r9zl,12,76,357,118,248,DHelmet
_ylko3r9zl,13,83,359,122,256,DHelmet
_ylko3r9zl,14,90,361,126,264,DHelmet
_ylko3r9zl,15,98,363,129,271,DHelmet
_ylko3r9zl,16,106,366,134,281,DHelmet
_ylko3r9zl,17,114,370,138,290,DHelmet
_ylko3r9zl,18,122,373,143,300,DHelmet
_ylko3r9zl,19,130,377,148,309,DHelmet
_ylko3r9zl,20,142,379,153,324,DHelmet
_ylko3r9zl,21,153,382,159,338,DHelmet
_ylko3r9zl,22,164,384,165,353,DHelmet
_ylko3r9zl,23,175,386,171,368,DHelmet
_ylko3r9zl,24,192,392,179,384,DHelmet
_ylko3r9zl,25,209,398,187,401,DHelmet
_ylko3r9zl,26,226,404,195,417,DHelmet
_ylko3r9zl,27,243,410,203,433,DHelmet
_ylko3r9zl,28,266,414,218,458,DHelmet
_ylko3r9zl,29,289,418,234,483,DHelmet
_ylko3r9zl,30,312,422,249,508,DHelmet
_ylko3r9zl,31,348,428,265,532,DHelmet
_ylko3r9zl,32,385,433,280,558,DHelmet
_ylko3r9zl,33,431,440,299,591,DHelmet
_ylko3r9zl,34,477,447,318,624,DHelmet
_ylko3r9zl,35,534,455,344,621,DHelmet
_ylko3r9zl,36,590,463,371,617,DHelmet
_ylko3r9zl,37,664,474,411,606,DHelmet
_ylko3r9zl,38,738,486,451,594,DHelmet
_ylko3r9zl,39,832,498,485,582,DHelmet
_ylko3r9zl,40,926,511,518,569,DHelmet
_ylko3r9zl,41,1063,535,562,545,DHelmet
_ylko3r9zl,42,1201,559,605,521,DHelmet
_ylko3r9zl,43,1359,582,561,498,DHelmet
_dvmcwppcy,69,3,412,108,430,DHelmet
_dvmcwppcy,70,2,418,137,452,DHelmet
_dvmcwppcy,71,2,424,166,474,DHelmet
_dvmcwppcy,72,2,431,202,500,DHelmet
_dvmcwppcy,73,1,438,240,527,DHelmet
_dvmcwppcy,74,35,445,250,563,DHelmet
_dvmcwppcy,75,65,451,271,606,DHelmet
_dvmcwppcy,76,95,457,292,622,DHelmet
_dvmcwppcy,77,139,467,306,613,DHelmet
_dvmcwppcy,78,190,481,330,599,DHelmet
_dvmcwppcy,79,237,496,366,584,DHelmet
_dvmcwppcy,80,291,512,408,568,DHelmet
_dvmcwppcy,81,384,534,439,546,DHelmet
_dvmcwppcy,82,467,557,494,523,DHelmet
_dvmcwppcy,83,569,589,521,490,DHelmet
_dvmcwppcy,84,716,628,585,452,DHelmet
