track_id,frame_id,x,y,w,h,label
_26oac6dm3,1,1259,628,493,452,DNoHelmet
_26oac6dm3,2,1267,629,493,451,DNoHelmet
_26oac6dm3,3,1275,629,492,451,DNoHelmet
_26oac6dm3,4,1283,629,492,451,DNoHelmet
_26oac6dm3,5,1291,630,492,450,DNoHelmet
_26oac6dm3,6,1299,630,492,450,DNoHelmet
_26oac6dm3,7,1307,630,491,450,DNoHelmet
_26oac6dm3,8,1315,631,491,449,DNoHelmet
_26oac6dm3,9,1323,631,491,449,DNoHelmet
_26oac6dm3,10,1331,631,491,449,DNoHelmet
_26oac6dm3,11,1339,632,490,447,DNoHelmet
_26oac6dm3,12,1344,632,490,447,DNoHelmet
_26oac6dm3,13,1349,632,489,447,DNoHelmet
_26oac6dm3,14,1353,633,489,446,DNoHelmet
_26oac6dm3,15,1358,633,489,446,DNoHelmet
_26oac6dm3,16,1363,634,488,445,DNoHelmet
_26oac6dm3,17,1367,634,488,445,DNoHelmet
_26oac6dm3,18,1372,634,488,445,DNoHelmet
_26oac6dm3,19,1376,635,488,444,DNoHelmet
_26oac6dm3,20,1381,635,487,444,DNoHelmet
_26oac6dm3,21,1383,635,483,445,DNoHelmet
_26oac6dm3,22,1385,635,479,445,DNoHelmet
_26oac6dm3,23,1388,635,473,445,DNoHelmet
_26oac6dm3,24,1390,636,469,444,DNoHelmet
_26oac6dm3,25,1392,636,464,444,DNoHelmet
_26oac6dm3,26,1394,636,460,444,DNoHelmet
_26oac6dm3,27,1396,636,456,444,DNoHelmet
_26oac6dm3,28,1398,636,451,444,DNoHelmet
_26oac6dm3,29,1401,636,446,444,DNoHelmet
_26oac6dm3,30,1413,637,442,443,DNoHelmet
_26oac6dm3,31,1426,637,437,443,DNoHelmet
_26oac6dm3,32,1438,637,433,443,DNoHelmet
_26oac6dm3,33,1451,637,428,443,DNoHelmet
_26oac6dm3,34,1464,637,423,443,DNoHelmet
_26oac6dm3,35,1476,637,419,443,DNoHelmet
_26oac6dm3,36,1489,637,414,443,DNoHelmet
_26oac6dm3,37,1501,638,410,442,DNoHelmet
_26oac6dm3,38,1510,638,402,442,DNoHelmet
_26oac6dm3,39,1518,639,395,441,DNoHelmet
_26oac6dm3,40,1526,640,389,440,DNoHelmet
_26oac6dm3,41,1535,641,381,439,DNoHelmet
_26oac6dm3,42,1543,642,374,438,DNoHelmet
_26oac6dm3,43,1551,643,367,437,DNoHelmet
_26oac6dm3,44,1560,643,359,437,DNoHelmet
_26oac6dm3,45,1568,644,352,436,DNoHelmet
_26oac6dm3,46,1572,645,348,435,DNoHelmet
_26oac6dm3,47,1577,645,343,435,DNoHelmet
_26oac6dm3,48,1581,645,339,435,DNoHelmet
_26oac6dm3,49,1585,646,335,434,DNoHelmet
_26oac6dm3,50,1589,646,331,434,DNoHelmet
_26oac6dm3,51,1594,647,326,433,DNoHelmet
_26oac6dm3,52,1598,647,322,433,DNoHelmet
_26oac6dm3,53,1602,647,318,433,DNoHelmet
_26oac6dm3,54,1606,648,314,432,DNoHelmet
_26oac6dm3,55,1611,648,309,432,DNoHelmet
_26oac6dm3,56,1615,649,305,431,DNoHelmet
_26oac6dm3,57,1619,649,301,431,DNoHelmet
_26oac6dm3,58,1623,649,297,431,DNoHelmet
_26oac6dm3,59,1628,650,292,430,DNoHelmet
_26oac6dm3,60,1632,650,288,430,DNoHelmet
_26oac6dm3,61,1636,651,284,429,DNoHelmet
_26oac6dm3,62,1640,651,280,429,DNoHelmet
_axrekvl30,1,880,656,482,424,DHelmet
_axrekvl30,2,879,656,483,424,DHelmet
_axrekvl30,3,879,656,484,424,DHelmet
_axrekvl30,4,879,656,484,424,DHelmet
_axrekvl30,5,879,656,485,424,DHelmet
_axrekvl30,6,878,656,486,424,DHelmet
_axrekvl30,7,878,655,487,425,DHelmet
_axrekvl30,8,878,655,487,425,DHelmet
_axrekvl30,9,878,655,488,425,DHelmet
_axrekvl30,10,877,655,489,425,DHelmet
_axrekvl30,11,877,655,490,425,DHelmet
_axrekvl30,12,877,655,490,425,DHelmet
_axrekvl30,13,877,655,491,425,DHelmet
_axrekvl30,14,876,654,492,426,DHelmet
_axrekvl30,15,876,654,493,426,DHelmet
_axrekvl30,16,876,654,493,426,DHelmet
_axrekvl30,17,876,654,494,426,DHelmet
_axrekvl30,18,875,654,495,426,DHelmet
_axrekvl30,19,875,654,496,426,DHelmet
_axrekvl30,20,875,653,496,426,DHelmet
_axrekvl30,21,875,653,497,426,DHelmet
_axrekvl30,22,875,653,497,426,DHelmet
_axrekvl30,23,874,653,499,426,DHelmet
_axrekvl30,24,874,653,499,426,DHelmet
_axrekvl30,25,874,652,500,427,DHelmet
_axrekvl30,26,874,652,501,427,DHelmet
_axrekvl30,27,874,651,501,429,DHelmet
_axrekvl30,28,874,651,502,429,DHelmet
_axrekvl30,29,873,650,504,430,DHelmet
_axrekvl30,30,873,650,504,430,DHelmet
_axrekvl30,31,873,649,505,431,DHelmet
_axrekvl30,32,873,648,506,432,DHelmet
_axrekvl30,33,873,648,506,432,DHelmet
_axrekvl30,34,873,647,507,433,DHelmet
_axrekvl30,35,878,648,508,432,DHelmet
_axrekvl30,36,883,648,508,432,DHelmet
_axrekvl30,37,888,648,509,432,DHelmet
_axrekvl30,38,893,648,510,432,DHelmet
_axrekvl30,39,898,648,511,432,DHelmet
_axrekvl30,40,903,649,511,431,DHelmet
_axrekvl30,41,908,649,512,431,DHelmet
_axrekvl30,42,913,649,513,431,DHelmet
_axrekvl30,43,918,649,514,431,DHelmet
_axrekvl30,44,923,649,514,431,DHelmet
_axrekvl30,45,928,650,515,429,DHelmet
_axrekvl30,46,927,650,518,429,DHelmet
_axrekvl30,47,927,650,519,429,DHelmet
_axrekvl30,48,926,650,521,429,DHelmet
_axrekvl30,49,926,650,523,429,DHelmet
_axrekvl30,50,925,651,525,428,DHelmet
_axrekvl30,51,925,651,526,428,DHelmet
_axrekvl30,52,924,651,529,428,DHelmet
_axrekvl30,53,923,651,531,428,DHelmet
_axrekvl30,54,923,652,532,427,DHelmet
_axrekvl30,55,923,652,532,427,DHelmet
_axrekvl30,56,924,652,530,427,DHelmet
_axrekvl30,57,924,652,530,427,DHelmet
_axrekvl30,58,925,652,529,427,DHelmet
_axrekvl30,59,925,652,528,427,DHelmet
_axrekvl30,60,926,653,527,426,DHelmet
_axrekvl30,61,926,653,526,426,DHelmet
_axrekvl30,62,927,653,525,426,DHelmet
_axrekvl30,63,927,653,524,426,DHelmet
_axrekvl30,64,927,653,524,426,DHelmet
_axrekvl30,65,928,653,523,426,DHelmet
_axrekvl30,66,928,654,522,425,DHelmet
_axrekvl30,67,936,655,526,425,DHelmet
_axrekvl30,68,944,656,530,424,DHelmet
_axrekvl30,69,951,657,535,423,DHelmet
_axrekvl30,70,959,659,539,421,DHelmet
_axrekvl30,71,967,660,543,420,DHelmet
_axrekvl30,72,974,661,548,419,DHelmet
_axrekvl30,73,982,662,552,418,DHelmet
_axrekvl30,74,990,663,556,417,DHelmet
_axrekvl30,75,1014,666,564,414,DHelmet
_axrekvl30,76,1039,668,570,412,DHelmet
_axrekvl30,77,1063,670,578,410,DHelmet
_axrekvl30,78,1088,672,584,408,DHelmet
_axrekvl30,79,1128,675,594,405,DHelmet
_axrekvl30,80,1169,677,602,403,DHelmet
_axrekvl30,81,1210,680,610,400,DHelmet
_axrekvl30,82,1251,683,618,397,DHelmet
_axrekvl30,83,1291,686,627,393,DHelmet
_axrekvl30,84,1358,688,561,391,DHelmet
_axrekvl30,85,1424,691,496,388,DHelmet
_axrekvl30,86,1491,694,429,385,DHelmet
_axrekvl30,87,1557,696,363,383,DHelmet
