track_id,frame_id,x,y,w,h,label
_wsu7yuget,18,3,498,86,247,DHelmetP1Helmet
_wsu7yuget,19,1,495,110,256,DHelmetP1Helmet
_wsu7yuget,20,4,493,130,265,DHelmetP1Helmet
_wsu7yuget,21,8,492,150,273,DHelmetP1Helmet
_wsu7yuget,22,20,491,161,280,DHelmetP1Helmet
_wsu7yuget,23,41,492,166,285,DHelmetP1Helmet
_wsu7yuget,24,62,493,171,290,DHelmetP1Helmet
_wsu7yuget,25,84,494,175,296,DHelmetP1Helmet
_wsu7yuget,26,108,496,180,300,DHelmetP1Helmet
_wsu7yuget,27,132,498,184,305,DHelmetP1Helmet
_wsu7yuget,28,155,500,190,310,DHelmetP1Helmet
_wsu7yuget,29,180,503,192,316,DHelmetP1Helmet
_wsu7yuget,30,205,506,195,322,DHelmetP1Helmet
_wsu7yuget,31,229,508,199,328,DHelmetP1Helmet
_wsu7yuget,32,255,508,205,336,DHelmetP1Helmet
_wsu7yuget,33,280,508,211,343,DHelmetP1Helmet
_wsu7yuget,34,306,508,217,351,DHelmetP1Helmet
_wsu7yuget,35,333,510,228,358,DHelmetP1Helmet
_wsu7yuget,36,361,511,238,367,DHelmetP1Helmet
_wsu7yuget,37,388,513,249,374,DHelmetP1Helmet
_wsu7yuget,38,418,515,256,383,DHelmetP1Helmet
_wsu7yuget,39,448,518,263,391,DHelmetP1Helmet
_wsu7yuget,40,478,520,270,399,DHelmetP1Helmet
_wsu7yuget,41,510,523,275,406,DHelmetP1Helmet
_wsu7yuget,42,542,525,281,414,DHelmetP1Helmet
_wsu7yuget,43,573,528,287,421,DHelmetP1Helmet
_wsu7yuget,44,606,528,300,432,DHelmetP1Helmet
_wsu7yuget,45,639,528,313,443,DHelmetP1Helmet
_wsu7yuget,46,672,529,326,453,DHelmetP1Helmet
_wsu7yuget,47,709,532,340,464,DHelmetP1Helmet
_wsu7yuget,48,747,536,352,474,DHelmetP1Helmet
_wsu7yuget,49,786,538,367,487,DHelmetP1Helmet
_wsu7yuget,50,825,540,382,499,DHelmetP1Helmet
_wsu7yuget,51,864,542,397,512,DHelmetP1Helmet
_wsu7yuget,52,903,545,412,523,DHelmetP1Helmet
_wsu7yuget,53,945,547,425,533,DHelmetP1Helmet
_wsu7yuget,54,989,551,442,529,DHelmetP1Helmet
_wsu7yuget,55,1032,553,463,527,DHelmetP1Helmet
_wsu7yuget,56,1082,555,485,525,DHelmetP1Helmet
_wsu7yuget,57,1132,558,507,522,DHelmetP1Helmet
_wsu7yuget,58,1182,561,528,519,DHelmetP1Helmet
_wsu7yuget,59,1232,564,550,516,DHelmetP1Helmet
_wsu7yuget,60,1282,567,572,513,DHelmetP1Helmet
_wsu7yuget,61,1332,570,588,510,DHelmetP1Helmet
_wsu7yuget,62,1382,572,538,508,DHelmetP1Helmet
_wsu7yuget,63,1432,575,488,505,DHelmetP1Helmet
_wsu7yuget,64,1488,577,432,503,DHelmetP1Helmet
_wsu7yuget,65,1544,579,376,501,DHelmetP1Helmet
_wsu7yuget,66,1600,581,320,499,DHelmetP1Helmet
_e05oilk6x,30,0,494,97,272,DHelmet
_e05oilk6x,31,0,494,122,279,DHelmet
_e05oilk6x,32,1,496,149,283,DHelmet
_e05oilk6x,33,4,498,174,287,DHelmet
_e05oilk6x,34,27,498,178,293,DHelmet
_e05oilk6x,35,49,498,183,299,DHelmet
_e05oilk6x,36,74,499,189,303,DHelmet
_e05oilk6x,37,99,500,195,306,DHelmet
_e05oilk6x,38,123,501,203,310,DHelmet
_e05oilk6x,39,148,502,209,314,DHelmet
_e05oilk6x,40,175,504,213,319,DHelmet
_e05oilk6x,41,202,506,218,325,DHelmet
_e05oilk6x,42,229,507,222,331,DHelmet
_e05oilk6x,43,256,509,226,336,DHelmet
_e05oilk6x,44,284,511,230,341,DHelmet
_e05oilk6x,45,313,512,233,347,DHelmet
_e05oilk6x,46,341,513,237,352,DHelmet
_e05oilk6x,47,370,515,241,358,DHelmet
_e05oilk6x,48,400,516,245,365,DHelmet
_e05oilk6x,49,429,517,250,372,DHelmet
_e05oilk6x,50,458,518,255,378,DHelmet
_e05oilk6x,51,489,519,264,385,DHelmet
_e05oilk6x,52,520,520,274,392,DHelmet
_e05oilk6x,53,551,521,283,400,DHelmet
_e05oilk6x,54,581,522,293,407,DHelmet
_e05oilk6x,55,616,524,305,414,DHelmet
_e05oilk6x,56,651,526,316,421,DHelmet
_e05oilk6x,57,686,528,327,429,DHelmet
_e05oilk6x,58,723,530,340,437,DHelmet
_e05oilk6x,59,760,532,352,445,DHelmet
_e05oilk6x,60,797,534,365,454,DHelmet
_e05oilk6x,61,839,535,377,462,DHelmet
_e05oilk6x,62,881,537,390,470,DHelmet
_e05oilk6x,63,923,538,402,479,DHelmet
_e05oilk6x,64,964,539,416,487,DHelmet
_e05oilk6x,65,1005,541,431,493,DHelmet
_e05oilk6x,66,1046,542,445,501,DHelmet
_e05oilk6x,67,1087,543,456,511,DHelmet
_e05oilk6x,68,1128,545,467,520,DHelmet
_e05oilk6x,69,1170,546,477,529,DHelmet
_e05oilk6x,70,1212,548,489,528,DHelmet
_e05oilk6x,71,1254,551,502,526,DHelmet
_e05oilk6x,72,1297,553,514,525,DHelmet
_e05oilk6x,73,1339,555,527,524,DHelmet
_e05oilk6x,74,1384,557,534,523,DHelmet
_e05oilk6x,75,1429,559,491,521,DHelmet
_e05oilk6x,76,1473,563,447,517,DHelmet
_e05oilk6x,77,1517,566,403,514,DHelmet
_e05oilk6x,78,1566,568,354,512,DHelmet
_e05oilk6x,79,1615,570,305,510,DHelmet
