track_id,frame_id,x,y,w,h,label
_1u6fy2r6v,1,553,368,87,180,DNoHelmet
_1u6fy2r6v,2,560,369,89,182,DNoHelmet
_1u6fy2r6v,3,567,370,91,183,DNoHelmet
_1u6fy2r6v,4,574,370,92,186,DNoHelmet
_1u6fy2r6v,5,581,371,94,188,DNoHelmet
_1u6fy2r6v,6,588,372,96,190,DNoHelmet
_1u6fy2r6v,7,594,373,98,191,DNoHelmet
_1u6fy2r6v,8,600,373,99,193,DNoHelmet
_1u6fy2r6v,9,607,374,100,195,DNoHelmet
_1u6fy2r6v,10,613,374,101,197,DNoHelmet
_1u6fy2r6v,11,619,375,103,198,DNoHelmet
_1u6fy2r6v,12,625,376,104,200,DNoHelmet
_1u6fy2r6v,13,631,377,105,200,DNoHelmet
_1u6fy2r6v,14,638,377,105,202,DNoHelmet
_1u6fy2r6v,15,645,378,105,202,DNoHelmet
_1u6fy2r6v,16,651,379,105,203,DNoHelmet
_1u6fy2r6v,17,658,380,105,203,DNoHelmet
_1u6fy2r6v,18,664,381,106,204,DNoHelmet
_1u6fy2r6v,19,671,381,106,205,DNoHelmet
_1u6fy2r6v,20,677,381,107,207,DNoHelmet
_1u6fy2r6v,21,683,381,107,209,DNoHelmet
_1u6fy2r6v,22,689,381,108,211,DNoHelmet
_1u6fy2r6v,23,696,382,108,212,DNoHelmet
_1u6fy2r6v,24,702,382,109,213,DNoHelmet
_1u6fy2r6v,25,708,382,110,215,DNoHelmet
_1u6fy2r6v,26,714,382,111,217,DNoHelmet
_1u6fy2r6v,27,720,383,111,218,DNoHelmet
_1u6fy2r6v,28,726,384,111,219,DNoHelmet
_1u6fy2r6v,29,731,385,112,220,DNoHelmet
_1u6fy2r6v,30,737,385,112,222,DNoHelmet
_1u6fy2r6v,31,742,386,114,223,DNoHelmet
_1u6fy2r6v,32,748,387,114,224,DNoHelmet
_1u6fy2r6v,33,754,388,114,225,DNoHelmet
_1u6fy2r6v,34,759,389,115,226,DNoHelmet
_1u6fy2r6v,35,765,389,115,229,DNoHelmet
_1u6fy2r6v,36,771,390,119,230,DNoHelmet
_1u6fy2r6v,37,778,391,121,231,DNoHelmet
_1u6fy2r6v,38,785,391,124,233,DNoHelmet
_1u6fy2r6v,39,791,392,128,234,DNoHelmet
_1u6fy2r6v,40,798,393,130,236,DNoHelmet
_1u6fy2r6v,41,804,393,134,238,DNoHelmet
_1u6fy2r6v,42,811,394,136,239,DNoHelmet
_1u6fy2r6v,43,818,395,139,240,DNoHelmet
_1u6fy2r6v,44,824,395,143,242,DNoHelmet
_1u6fy2r6v,45,831,396,145,244,DNoHelmet
_1u6fy2r6v,46,838,396,148,246,DNoHelmet
_1u6fy2r6v,47,844,397,151,247,DNoHelmet
_1u6fy2r6v,48,853,398,154,248,DNoHelmet
_1u6fy2r6v,49,862,399,157,250,DNoHelmet
_1u6fy2r6v,50,872,399,159,252,DNoHelmet
_1u6fy2r6v,51,881,400,162,253,DNoHelmet
_1u6fy2r6v,52,890,401,164,254,DNoHelmet
_1u6fy2r6v,53,899,401,167,256,DNoHelmet
_1u6fy2r6v,54,908,402,170,258,DNoHelmet
_1u6fy2r6v,55,919,403,172,259,DNoHelmet
_1u6fy2r6v,56,929,403,176,261,DNoHelmet
_1u6fy2r6v,57,940,404,178,263,DNoHelmet
_1u6fy2r6v,58,950,405,181,264,DNoHelmet
_1u6fy2r6v,59,960,405,184,267,DNoHelmet
_1u6fy2r6v,60,971,406,187,268,DNoHelmet
_1u6fy2r6v,61,981,407,190,269,DNoHelmet
_1u6fy2r6v,62,996,408,195,272,DNoHelmet
_1u6fy2r6v,63,1011,409,201,274,DNoHelmet
_1u6fy2r6v,64,1026,410,206,276,DNoHelmet
_1u6fy2r6v,65,1041,411,212,278,DNoHelmet
_1u6fy2r6v,66,1056,412,217,280,DNoHelmet
_1u6fy2r6v,67,1080,414,224,283,DNoHelmet
_1u6fy2r6v,68,1103,416,232,285,DNoHelmet
_1u6fy2r6v,69,1127,418,239,287,DNoHelmet
_1u6fy2r6v,70,1150,420,247,289,DNoHelmet
_1u6fy2r6v,71,1174,422,254,292,DNoHelmet
_1u6fy2r6v,72,1198,424,262,294,DNoHelmet
_1u6fy2r6v,73,1233,425,272,299,DNoHelmet
_1u6fy2r6v,74,1269,426,282,304,DNoHelmet
_1u6fy2r6v,75,1305,428,291,308,DNoHelmet
_1u6fy2r6v,76,1341,429,301,314,DNoHelmet
_1u6fy2r6v,77,1376,430,312,319,DNoHelmet
_1u6fy2r6v,78,1417,431,321,324,DNoHelmet
_1u6fy2r6v,79,1458,432,331,329,DNoHelmet
_1u6fy2r6v,80,1499,433,340,334,DNoHelmet
_1u6fy2r6v,81,1546,436,344,341,DNoHelmet
_1u6fy2r6v,82,1590,439,307,336,DNoHelmet
_1u6fy2r6v,83,1639,442,270,334,DNoHelmet
_1u6fy2r6v,84,1689,445,231,332,DNoHelmet
_1u6fy2r6v,85,1741,450,179,327,DNoHelmet
_cyqln7jlw,1,381,363,105,205,DNoHelmet
_cyqln7jlw,2,387,363,107,207,DNoHelmet
_cyqln7jlw,3,394,363,108,210,DNoHelmet
_cyqln7jlw,4,400,364,111,212,DNoHelmet
_cyqln7jlw,5,406,364,113,214,DNoHelmet
_cyqln7jlw,6,412,365,115,216,DNoHelmet
_cyqln7jlw,7,420,365,117,218,DNoHelmet
_cyqln7jlw,8,428,365,118,220,DNoHelmet
_cyqln7jlw,9,436,365,120,222,DNoHelmet
_cyqln7jlw,10,444,365,122,224,DNoHelmet
_cyqln7jlw,11,452,365,124,226,DNoHelmet
_cyqln7jlw,12,460,365,126,228,DNoHelmet
_cyqln7jlw,13,467,366,127,229,DNoHelmet
_cyqln7jlw,14,474,366,129,230,DNoHelmet
_cyqln7jlw,15,482,367,129,231,DNoHelmet
_cyqln7jlw,16,489,367,130,233,DNoHelmet
_cyqln7jlw,17,496,368,132,233,DNoHelmet
_cyqln7jlw,18,503,368,133,235,DNoHelmet
_cyqln7jlw,19,509,369,133,236,DNoHelmet
_cyqln7jlw,20,516,370,132,237,DNoHelmet
_cyqln7jlw,21,522,371,133,238,DNoHelmet
_cyqln7jlw,22,529,372,132,240,DNoHelmet
_cyqln7jlw,23,535,372,132,242,DNoHelmet
_cyqln7jlw,24,541,373,132,243,DNoHelmet
_cyqln7jlw,25,548,374,131,245,DNoHelmet
_cyqln7jlw,26,554,375,131,246,DNoHelmet
_cyqln7jlw,27,559,375,131,248,DNoHelmet
_cyqln7jlw,28,565,376,130,249,DNoHelmet
_cyqln7jlw,29,570,377,129,250,DNoHelmet
_cyqln7jlw,30,576,377,128,252,DNoHelmet
_cyqln7jlw,31,581,378,127,254,DNoHelmet
_cyqln7jlw,32,586,379,127,255,DNoHelmet
_cyqln7jlw,33,592,379,126,257,DNoHelmet
_cyqln7jlw,34,597,380,125,258,DNoHelmet
_cyqln7jlw,35,603,381,124,259,DNoHelmet
_cyqln7jlw,36,608,381,127,262,DNoHelmet
_cyqln7jlw,37,613,382,131,263,DNoHelmet
_cyqln7jlw,38,618,383,134,265,DNoHelmet
_cyqln7jlw,39,623,384,138,266,DNoHelmet
_cyqln7jlw,40,628,385,141,268,DNoHelmet
_cyqln7jlw,41,633,385,145,270,DNoHelmet
_cyqln7jlw,42,639,386,147,271,DNoHelmet
_cyqln7jlw,43,644,387,151,273,DNoHelmet
_cyqln7jlw,44,649,388,154,274,DNoHelmet
_cyqln7jlw,45,654,389,158,276,DNoHelmet
_cyqln7jlw,46,659,390,161,277,DNoHelmet
_cyqln7jlw,47,664,390,165,280,DNoHelmet
_cyqln7jlw,48,673,391,167,282,DNoHelmet
_cyqln7jlw,49,682,391,170,285,DNoHelmet
_cyqln7jlw,50,691,392,172,287,DNoHelmet
_cyqln7jlw,51,700,392,174,290,DNoHelmet
_cyqln7jlw,52,709,392,176,292,DNoHelmet
_cyqln7jlw,53,718,393,179,294,DNoHelmet
_cyqln7jlw,54,727,393,181,297,DNoHelmet
_cyqln7jlw,55,736,394,183,298,DNoHelmet
_cyqln7jlw,56,745,395,186,299,DNoHelmet
_cyqln7jlw,57,755,397,187,299,DNoHelmet
_cyqln7jlw,58,764,398,189,300,DNoHelmet
_cyqln7jlw,59,774,399,190,301,DNoHelmet
_cyqln7jlw,60,783,400,193,302,DNoHelmet
_cyqln7jlw,61,793,401,194,303,DNoHelmet
_cyqln7jlw,62,803,402,197,305,DNoHelmet
_cyqln7jlw,63,814,402,198,308,DNoHelmet
_cyqln7jlw,64,824,403,201,310,DNoHelmet
_cyqln7jlw,65,835,404,202,312,DNoHelmet
_cyqln7jlw,66,846,405,204,313,DNoHelmet
_cyqln7jlw,67,856,406,207,316,DNoHelmet
_cyqln7jlw,68,867,407,210,319,DNoHelmet
_cyqln7jlw,69,878,407,212,323,DNoHelmet
_cyqln7jlw,70,889,408,215,325,DNoHelmet
_cyqln7jlw,71,900,409,217,328,DNoHelmet
_cyqln7jlw,72,911,410,219,331,DNoHelmet
_cyqln7jlw,73,921,411,226,332,DNoHelmet
_cyqln7jlw,74,932,412,233,334,DNoHelmet
_cyqln7jlw,75,942,413,240,336,DNoHelmet
_cyqln7jlw,76,953,413,246,338,DNoHelmet
_cyqln7jlw,77,963,414,253,340,DNoHelmet
_cyqln7jlw,78,973,414,255,343,DNoHelmet
_cyqln7jlw,79,983,414,256,346,DNoHelmet
_cyqln7jlw,80,993,414,258,349,DNoHelmet
_cyqln7jlw,81,1003,414,259,352,DNoHelmet
_cyqln7jlw,82,1014,415,257,355,DNoHelmet
_cyqln7jlw,83,1026,416,253,358,DNoHelmet
_cyqln7jlw,84,1037,417,250,361,DNoHelmet
_cyqln7jlw,85,1047,418,246,364,DNoHelmet
_cyqln7jlw,86,1057,419,243,367,DNoHelmet
_cyqln7jlw,87,1067,420,240,370,DNoHelmet
_cyqln7jlw,88,1077,421,236,373,DNoHelmet
_cyqln7jlw,89,1088,422,236,376,DNoHelmet
_cyqln7jlw,90,1098,423,237,379,DNoHelmet
_cyqln7jlw,91,1108,424,237,382,DNoHelmet
_cyqln7jlw,92,1118,425,242,385,DNoHelmet
_cyqln7jlw,93,1127,426,247,388,DNoHelmet
_cyqln7jlw,94,1136,427,252,391,DNoHelmet
_cyqln7jlw,95,1148,428,259,394,DNoHelmet
_cyqln7jlw,96,1160,429,266,398,DNoHelmet
_cyqln7jlw,97,1172,430,272,401,DNoHelmet
_cyqln7jlw,98,1183,431,279,405,DNoHelmet
_cyqln7jlw,99,1195,432,285,408,DNoHelmet
_cyqln7jlw,100,1206,433,292,412,DNoHelmet
_onrcx2ls2,53,2,373,79,236,DHelmet
_onrcx2ls2,54,2,375,96,241,DHelmet
_onrcx2ls2,55,2,375,112,250,DHelmet
_onrcx2ls2,56,12,376,122,262,DHelmet
_onrcx2ls2,57,21,377,133,273,DHelmet
_onrcx2ls2,58,35,381,139,281,DHelmet
_onrcx2ls2,59,49,384,145,290,DHelmet
_onrcx2ls2,60,63,388,151,299,DHelmet
_onrcx2ls2,61,77,391,157,308,DHelmet
_onrcx2ls2,62,96,396,163,320,DHelmet
_onrcx2ls2,63,116,400,168,332,DHelmet
_onrcx2ls2,64,135,404,174,344,DHelmet
_onrcx2ls2,65,154,408,181,357,DHelmet
_onrcx2ls2,66,174,412,186,369,DHelmet
_onrcx2ls2,67,196,416,195,386,DHelmet
_onrcx2ls2,68,218,419,205,403,DHelmet
_onrcx2ls2,69,240,423,215,420,DHelmet
_onrcx2ls2,70,262,426,224,438,DHelmet
_onrcx2ls2,71,290,432,235,458,DHelmet
_onrcx2ls2,72,319,438,245,479,DHelmet
_onrcx2ls2,73,348,445,255,499,DHelmet
_onrcx2ls2,74,381,449,269,526,DHelmet
_onrcx2ls2,75,414,453,282,553,DHelmet
_onrcx2ls2,76,447,458,296,580,DHelmet
_onrcx2ls2,77,487,467,316,585,DHelmet
_onrcx2ls2,78,527,477,336,589,DHelmet
_onrcx2ls2,79,567,487,356,593,DHelmet
_onrcx2ls2,80,617,494,384,586,DHelmet
_onrcx2ls2,81,666,500,413,580,DHelmet
_onrcx2ls2,82,721,518,457,562,DHelmet
_onrcx2ls2,83,810,527,471,553,DHelmet
_onrcx2ls2,84,884,545,520,535,DHelmet
_onrcx2ls2,85,958,562,591,518,DHelmet
_onrcx2ls2,86,1036,581,577,499,DHelmet
_onrcx2ls2,87,1164,599,606,481,DHelmet
_onrcx2ls2,88,1275,627,645,453,DHelmet
