track_id,frame_id,x,y,w,h,label
_s8352t6p8,1,2,605,235,449,DNoHelmet
_s8352t6p8,2,3,606,280,452,DNoHelmet
_s8352t6p8,3,3,608,325,455,DNoHelmet
_s8352t6p8,4,7,609,340,458,DNoHelmet
_s8352t6p8,5,24,610,342,460,DNoHelmet
_s8352t6p8,6,40,612,345,462,DNoHelmet
_s8352t6p8,7,57,613,348,465,DNoHelmet
_s8352t6p8,8,66,615,352,463,DNoHelmet
_s8352t6p8,9,76,616,354,463,DNoHelmet
_s8352t6p8,10,85,617,358,462,DNoHelmet
_s8352t6p8,11,86,617,362,462,DNoHelmet
_s8352t6p8,12,87,618,365,460,DNoHelmet
_s8352t6p8,13,85,617,364,462,DNoHelmet
_s8352t6p8,14,83,617,364,462,DNoHelmet
_s8352t6p8,15,81,616,363,464,DNoHelmet
_s8352t6p8,16,79,616,363,464,DNoHelmet
_s8352t6p8,17,77,615,362,465,DNoHelmet
_s8352t6p8,18,75,615,362,465,DNoHelmet
_s8352t6p8,19,73,614,361,466,DNoHelmet
_s8352t6p8,20,73,614,361,466,DNoHelmet
_s8352t6p8,21,73,614,361,466,DNoHelmet
_s8352t6p8,22,73,614,361,466,DNoHelmet
_s8352t6p8,23,73,614,361,466,DNoHelmet
_s8352t6p8,24,73,614,361,466,DNoHelmet
_s8352t6p8,25,73,614,361,466,DNoHelmet
_s8352t6p8,26,73,614,361,466,DNoHelmet
_s8352t6p8,27,73,614,361,466,DNoHelmet
_s8352t6p8,28,72,614,362,466,DNoHelmet
_s8352t6p8,29,72,614,362,466,DNoHelmet
_s8352t6p8,30,72,614,362,466,DNoHelmet
_s8352t6p8,31,72,614,362,466,DNoHelmet
_s8352t6p8,32,72,614,362,466,DNoHelmet
_s8352t6p8,33,72,614,362,466,DNoHelmet
_s8352t6p8,34,72,614,362,466,DNoHelmet
_s8352t6p8,35,72,614,362,466,DNoHelmet
_s8352t6p8,36,72,614,362,466,DNoHelmet
_s8352t6p8,37,71,614,363,466,DNoHelmet
_s8352t6p8,38,71,614,363,466,DNoHelmet
_s8352t6p8,39,71,614,363,466,DNoHelmet
_s8352t6p8,40,71,614,363,466,DNoHelmet
_s8352t6p8,41,71,614,363,466,DNoHelmet
_s8352t6p8,42,71,614,363,466,DNoHelmet
_s8352t6p8,43,71,615,364,465,DNoHelmet
_s8352t6p8,44,72,615,363,465,DNoHelmet
_s8352t6p8,45,72,615,364,465,DNoHelmet
_s8352t6p8,46,73,615,363,465,DNoHelmet
_s8352t6p8,47,73,615,364,465,DNoHelmet
_s8352t6p8,48,74,615,364,465,DNoHelmet
_s8352t6p8,49,74,615,364,465,DNoHelmet
_s8352t6p8,50,75,615,364,465,DNoHelmet
_s8352t6p8,51,75,616,364,464,DNoHelmet
_s8352t6p8,52,76,616,364,464,DNoHelmet
_s8352t6p8,53,76,616,365,464,DNoHelmet
_s8352t6p8,54,76,616,365,464,DNoHelmet
_s8352t6p8,55,77,616,365,464,DNoHelmet
_s8352t6p8,56,77,616,365,464,DNoHelmet
_s8352t6p8,57,78,616,365,464,DNoHelmet
_s8352t6p8,58,78,616,365,464,DNoHelmet
_s8352t6p8,59,79,617,365,463,DNoHelmet
_s8352t6p8,60,79,617,366,463,DNoHelmet
_s8352t6p8,61,80,617,365,463,DNoHelmet
_s8352t6p8,62,80,617,366,463,DNoHelmet
_s8352t6p8,63,81,617,365,463,DNoHelmet
_s8352t6p8,64,81,617,366,463,DNoHelmet
_s8352t6p8,65,81,617,366,463,DNoHelmet
_s8352t6p8,66,82,618,366,462,DNoHelmet
_s8352t6p8,67,82,618,366,462,DNoHelmet
_s8352t6p8,68,82,618,366,462,DNoHelmet
_s8352t6p8,69,82,618,366,462,DNoHelmet
_s8352t6p8,70,83,618,365,462,DNoHelmet
_s8352t6p8,71,83,618,365,462,DNoHelmet
_s8352t6p8,72,83,618,365,462,DNoHelmet
_s8352t6p8,73,83,618,365,462,DNoHelmet
_s8352t6p8,74,83,618,365,462,DNoHelmet
_s8352t6p8,75,84,618,364,462,DNoHelmet
_s8352t6p8,76,84,618,364,462,DNoHelmet
_s8352t6p8,77,84,618,364,462,DNoHelmet
_s8352t6p8,78,84,618,364,462,DNoHelmet
_s8352t6p8,79,84,618,364,462,DNoHelmet
_s8352t6p8,80,84,619,364,461,DNoHelmet
_s8352t6p8,81,85,619,363,461,DNoHelmet
_s8352t6p8,82,85,619,363,461,DNoHelmet
_s8352t6p8,83,85,619,363,461,DNoHelmet
_s8352t6p8,84,85,619,363,461,DNoHelmet
_s8352t6p8,85,85,619,363,461,DNoHelmet
_s8352t6p8,86,86,619,362,461,DNoHelmet
_s8352t6p8,87,86,619,362,461,DNoHelmet
_s8352t6p8,88,86,619,362,461,DNoHelmet
_s8352t6p8,89,86,619,362,461,DNoHelmet
_s8352t6p8,90,86,619,362,461,DNoHelmet
_s8352t6p8,91,86,619,362,461,DNoHelmet
_s8352t6p8,92,87,619,361,461,DNoHelmet
_s8352t6p8,93,87,619,360,461,DNoHelmet
_s8352t6p8,94,91,620,364,460,DNoHelmet
_s8352t6p8,95,96,620,366,460,DNoHelmet
_s8352t6p8,96,100,620,369,460,DNoHelmet
_s8352t6p8,97,104,620,373,460,DNoHelmet
_s8352t6p8,98,109,620,375,460,DNoHelmet
_s8352t6p8,99,113,621,378,458,DNoHelmet
_s8352t6p8,100,118,621,380,458,DNoHelmet
_8dzteh8bq,35,2,546,151,302,DNoHelmetP1NoHelmet
_8dzteh8bq,36,2,552,190,299,DNoHelmetP1NoHelmet
_8dzteh8bq,37,17,555,213,299,DNoHelmetP1NoHelmet
_8dzteh8bq,38,50,556,219,301,DNoHelmetP1NoHelmet
_8dzteh8bq,39,82,556,225,304,DNoHelmetP1NoHelmet
_8dzteh8bq,40,115,557,231,307,DNoHelmetP1NoHelmet
_8dzteh8bq,41,146,558,237,315,DNoHelmetP1NoHelmet
_8dzteh8bq,42,177,560,244,322,DNoHelmetP1NoHelmet
_8dzteh8bq,43,208,561,250,330,DNoHelmetP1NoHelmet
_8dzteh8bq,44,239,563,257,337,DNoHelmetP1NoHelmet
_8dzteh8bq,45,270,564,263,345,DNoHelmetP1NoHelmet
_8dzteh8bq,46,301,566,270,353,DNoHelmetP1NoHelmet
_8dzteh8bq,47,328,567,275,356,DNoHelmetP1NoHelmet
_8dzteh8bq,48,355,568,281,359,DNoHelmetP1NoHelmet
_8dzteh8bq,49,382,569,286,362,DNoHelmetP1NoHelmet
_8dzteh8bq,50,408,570,286,365,DNoHelmetP1NoHelmet
_8dzteh8bq,51,435,571,286,369,DNoHelmetP1NoHelmet
_8dzteh8bq,52,461,572,289,371,DNoHelmetP1NoHelmet
_8dzteh8bq,53,479,572,292,375,DNoHelmetP1NoHelmet
_8dzteh8bq,54,496,573,295,378,DNoHelmetP1NoHelmet
_8dzteh8bq,55,511,573,297,380,DNoHelmetP1NoHelmet
_8dzteh8bq,56,525,574,300,382,DNoHelmetP1NoHelmet
_8dzteh8bq,57,539,575,302,384,DNoHelmetP1NoHelmet
_8dzteh8bq,58,553,575,305,387,DNoHelmetP1NoHelmet
_8dzteh8bq,59,567,576,307,389,DNoHelmetP1NoHelmet
_8dzteh8bq,60,581,577,310,391,DNoHelmetP1NoHelmet
_8dzteh8bq,61,596,577,312,393,DNoHelmetP1NoHelmet
_8dzteh8bq,62,610,578,314,395,DNoHelmetP1NoHelmet
_8dzteh8bq,63,624,579,317,397,DNoHelmetP1NoHelmet
_8dzteh8bq,64,638,579,319,400,DNoHelmetP1NoHelmet
_8dzteh8bq,65,648,580,318,399,DNoHelmetP1NoHelmet
_8dzteh8bq,66,658,580,317,399,DNoHelmetP1NoHelmet
_8dzteh8bq,67,668,581,315,399,DNoHelmetP1NoHelmet
_8dzteh8bq,68,678,581,314,399,DNoHelmetP1NoHelmet
_8dzteh8bq,69,688,581,312,399,DNoHelmetP1NoHelmet
_8dzteh8bq,70,698,582,311,398,DNoHelmetP1NoHelmet
_8dzteh8bq,71,708,582,309,399,DNoHelmetP1NoHelmet
_8dzteh8bq,72,718,583,308,398,DNoHelmetP1NoHelmet
_8dzteh8bq,73,729,583,305,398,DNoHelmetP1NoHelmet
_8dzteh8bq,74,739,583,304,398,DNoHelmetP1NoHelmet
_8dzteh8bq,75,747,583,301,403,DNoHelmetP1NoHelmet
_8dzteh8bq,76,756,583,296,408,DNoHelmetP1NoHelmet
_8dzteh8bq,77,764,583,293,412,DNoHelmetP1NoHelmet
_8dzteh8bq,78,773,583,288,417,DNoHelmetP1NoHelmet
_8dzteh8bq,79,782,583,284,421,DNoHelmetP1NoHelmet
_8dzteh8bq,80,790,583,281,426,DNoHelmetP1NoHelmet
_8dzteh8bq,81,799,583,276,431,DNoHelmetP1NoHelmet
_8dzteh8bq,82,800,583,278,430,DNoHelmetP1NoHelmet
_8dzteh8bq,83,802,584,279,428,DNoHelmetP1NoHelmet
_8dzteh8bq,84,804,584,280,427,DNoHelmetP1NoHelmet
_8dzteh8bq,85,805,584,281,427,DNoHelmetP1NoHelmet
_8dzteh8bq,86,807,584,282,426,DNoHelmetP1NoHelmet
_8dzteh8bq,87,808,584,284,425,DNoHelmetP1NoHelmet
_8dzteh8bq,88,810,584,285,425,DNoHelmetP1NoHelmet
_8dzteh8bq,89,811,585,287,423,DNoHelmetP1NoHelmet
_8dzteh8bq,90,813,585,288,422,DNoHelmetP1NoHelmet
_8dzteh8bq,91,815,585,288,422,DNoHelmetP1NoHelmet
_8dzteh8bq,92,816,585,290,421,DNoHelmetP1NoHelmet
_8dzteh8bq,93,818,585,291,420,DNoHelmetP1NoHelmet
_8dzteh8bq,94,819,585,293,419,DNoHelmetP1NoHelmet
_8dzteh8bq,95,821,586,294,418,DNoHelmetP1NoHelmet
_8dzteh8bq,96,822,586,296,417,DNoHelmetP1NoHelmet
_8dzteh8bq,97,824,586,296,416,DNoHelmetP1NoHelmet
_8dzteh8bq,98,826,586,297,416,DNoHelmetP1NoHelmet
_8dzteh8bq,99,826,586,307,416,DNoHelmetP1NoHelmet
_8dzteh8bq,100,826,586,317,416,DNoHelmetP1NoHelmet
_dausuju8d,52,3,601,135,326,DHelmet
_dausuju8d,53,2,601,165,328,DHelmet
_dausuju8d,54,2,600,193,332,DHelmet
_dausuju8d,55,2,600,221,335,DHelmet
_dausuju8d,56,3,600,249,338,DHelmet
_dausuju8d,57,5,600,275,341,DHelmet
_dausuju8d,58,25,599,283,345,DHelmet
_dausuju8d,59,55,600,287,352,DHelmet
_dausuju8d,60,84,600,292,361,DHelmet
_dausuju8d,61,114,600,296,369,DHelmet
_dausuju8d,62,143,601,301,376,DHelmet
_dausuju8d,63,172,601,305,385,DHelmet
_dausuju8d,64,202,601,301,387,DHelmet
_dausuju8d,65,231,602,297,389,DHelmet
_dausuju8d,66,261,602,292,392,DHelmet
_dausuju8d,67,268,602,297,391,DHelmet
_dausuju8d,68,275,602,301,391,DHelmet
_dausuju8d,69,282,602,296,391,DHelmet
_dausuju8d,70,289,602,291,391,DHelmet
_dausuju8d,71,296,602,287,392,DHelmet
_dausuju8d,72,295,602,286,392,DHelmet
_dausuju8d,73,294,603,286,391,DHelmet
_dausuju8d,74,293,603,286,391,DHelmet
_dausuju8d,75,293,603,285,391,DHelmet
_dausuju8d,76,292,603,284,391,DHelmet
_dausuju8d,77,291,603,284,391,DHelmet
_dausuju8d,78,291,603,283,391,DHelmet
_dausuju8d,79,290,603,283,391,DHelmet
_dausuju8d,80,289,603,282,391,DHelmet
_dausuju8d,81,288,603,282,392,DHelmet
_dausuju8d,82,288,603,281,392,DHelmet
_dausuju8d,83,287,603,281,392,DHelmet
_dausuju8d,84,286,603,280,392,DHelmet
_dausuju8d,85,286,603,279,392,DHelmet
_dausuju8d,86,285,603,279,392,DHelmet
_dausuju8d,87,287,603,277,392,DHelmet
_dausuju8d,88,288,603,277,392,DHelmet
_dausuju8d,89,290,603,275,392,DHelmet
_dausuju8d,90,291,603,275,391,DHelmet
_dausuju8d,91,293,603,273,391,DHelmet
_dausuju8d,92,295,603,272,391,DHelmet
_dausuju8d,93,296,603,271,391,DHelmet
_dausuju8d,94,298,603,270,391,DHelmet
_dausuju8d,95,300,603,268,391,DHelmet
_dausuju8d,96,301,602,268,392,DHelmet
_dausuju8d,97,303,602,266,392,DHelmet
_dausuju8d,98,304,602,266,392,DHelmet
_dausuju8d,99,306,602,264,392,DHelmet
_dausuju8d,100,308,602,263,392,DHelmet
_yovqd67mx,60,5,545,129,308,DNoHelmet
_yovqd67mx,61,2,545,142,308,DNoHelmet
_yovqd67mx,62,2,545,159,309,DNoHelmet
_yovqd67mx,63,2,545,176,311,DNoHelmet
_yovqd67mx,64,2,546,194,311,DNoHelmet
_yovqd67mx,65,14,549,196,310,DNoHelmet
_yovqd67mx,66,26,553,199,308,DNoHelmet
_yovqd67mx,67,38,553,201,301,DNoHelmet
_yovqd67mx,68,51,552,202,296,DNoHelmet
_yovqd67mx,69,63,552,205,289,DNoHelmet
_yovqd67mx,70,75,552,207,283,DNoHelmet
_yovqd67mx,71,88,552,209,277,DNoHelmet
_yovqd67mx,72,100,551,211,271,DNoHelmet
_yovqd67mx,73,112,552,217,276,DNoHelmet
_yovqd67mx,74,124,553,223,280,DNoHelmet
_yovqd67mx,75,136,553,229,286,DNoHelmet
_yovqd67mx,76,147,554,236,291,DNoHelmet
_yovqd67mx,77,159,555,242,295,DNoHelmet
_yovqd67mx,78,171,555,248,301,DNoHelmet
_yovqd67mx,79,183,556,254,306,DNoHelmet
_yovqd67mx,80,194,557,262,310,DNoHelmet
_yovqd67mx,81,206,557,268,316,DNoHelmet
_yovqd67mx,82,218,558,274,321,DNoHelmet
_yovqd67mx,83,230,559,280,325,DNoHelmet
_yovqd67mx,84,241,559,287,331,DNoHelmet
_yovqd67mx,85,253,560,293,335,DNoHelmet
_yovqd67mx,86,265,561,299,340,DNoHelmet
_yovqd67mx,87,277,562,305,345,DNoHelmet
_yovqd67mx,88,301,563,310,349,DNoHelmet
_yovqd67mx,89,336,563,315,352,DNoHelmet
_yovqd67mx,90,372,563,319,356,DNoHelmet
_yovqd67mx,91,407,562,324,360,DNoHelmet
_yovqd67mx,92,442,562,329,364,DNoHelmet
_yovqd67mx,93,480,562,334,367,DNoHelmet
_yovqd67mx,94,514,563,309,366,DNoHelmet
_yovqd67mx,95,549,563,283,365,DNoHelmet
_yovqd67mx,96,600,569,232,359,DNoHelmet
_yovqd67mx,97,652,575,180,353,DNoHelmet
_yovqd67mx,98,697,569,179,359,DNoHelmet
_yovqd67mx,99,749,569,187,359,DNoHelmet
