track_id,frame_id,x,y,w,h,label
_fp8id975a,16,5,499,114,258,DHelmet
_fp8id975a,17,15,499,150,269,DHelmet
_fp8id975a,18,54,500,157,278,DHelmet
_fp8id975a,19,100,502,163,289,DHelmet
_fp8id975a,20,146,505,169,299,DHelmet
_fp8id975a,21,192,507,175,310,DHelmet
_fp8id975a,22,242,511,185,320,DHelmet
_fp8id975a,23,292,514,195,331,DHelmet
_fp8id975a,24,341,518,206,341,DHelmet
_fp8id975a,25,397,521,218,355,DHelmet
_fp8id975a,26,452,525,232,368,DHelmet
_fp8id975a,27,508,528,244,382,DHelmet
_fp8id975a,28,568,532,260,397,DHelmet
_fp8id975a,29,629,535,275,413,DHelmet
_fp8id975a,30,690,538,289,429,DHelmet
_fp8id975a,31,753,543,309,445,DHelmet
_fp8id975a,32,815,547,331,463,DHelmet
_fp8id975a,33,885,550,351,481,DHelmet
_fp8id975a,34,954,552,372,499,DHelmet
_fp8id975a,35,1030,556,399,510,DHelmet
_fp8id975a,36,1106,559,427,521,DHelmet
_fp8id975a,37,1188,567,459,513,DHelmet
_fp8id975a,38,1279,572,491,508,DHelmet
_fp8id975a,39,1371,577,535,503,DHelmet
_fp8id975a,40,1472,583,448,497,DHelmet
_fp8id975a,41,1586,594,334,486,DHelmet
_gpytzd4zg,44,3,481,84,219,DHelmetP1Helmet
_gpytzd4zg,45,4,483,113,226,DHelmetP1Helmet
_gpytzd4zg,46,18,483,125,230,DHelmetP1Helmet
_gpytzd4zg,47,46,483,129,239,DHelmetP1Helmet
_gpytzd4zg,48,73,484,133,247,DHelmetP1Helmet
_gpytzd4zg,49,101,485,136,255,DHelmetP1Helmet
_gpytzd4zg,50,131,488,145,259,DHelmetP1Helmet
_gpytzd4zg,51,161,490,153,264,DHelmetP1Helmet
_gpytzd4zg,52,191,492,162,270,DHelmetP1Helmet
_gpytzd4zg,53,227,495,166,277,DHelmetP1Helmet
_gpytzd4zg,54,263,498,171,283,DHelmetP1Helmet
_gpytzd4zg,55,299,501,176,290,DHelmetP1Helmet
_gpytzd4zg,56,336,502,182,300,DHelmetP1Helmet
_gpytzd4zg,57,373,503,187,310,DHelmetP1Helmet
_gpytzd4zg,58,410,504,193,320,DHelmetP1Helmet
_gpytzd4zg,59,450,506,202,329,DHelmetP1Helmet
_gpytzd4zg,60,491,508,210,338,DHelmetP1Helmet
_gpytzd4zg,61,532,510,218,347,DHelmetP1Helmet
_gpytzd4zg,62,576,513,230,358,DHelmetP1Helmet
_gpytzd4zg,63,621,515,241,370,DHelmetP1Helmet
_gpytzd4zg,64,665,517,253,382,DHelmetP1Helmet
_gpytzd4zg,65,714,520,266,393,DHelmetP1Helmet
_gpytzd4zg,66,762,523,281,404,DHelmetP1Helmet
_gpytzd4zg,67,810,526,295,415,DHelmetP1Helmet
_gpytzd4zg,68,864,528,311,430,DHelmetP1Helmet
_gpytzd4zg,69,917,530,329,445,DHelmetP1Helmet
_gpytzd4zg,70,971,533,345,459,DHelmetP1Helmet
_gpytzd4zg,71,1030,536,364,474,DHelmetP1Helmet
_gpytzd4zg,72,1089,539,382,489,DHelmetP1Helmet
_gpytzd4zg,73,1149,542,402,508,DHelmetP1Helmet
_gpytzd4zg,74,1210,545,422,526,DHelmetP1Helmet
_gpytzd4zg,75,1275,551,438,527,DHelmetP1Helmet
_gpytzd4zg,76,1336,555,464,525,DHelmetP1Helmet
_gpytzd4zg,77,1408,557,480,523,DHelmetP1Helmet
_gpytzd4zg,78,1472,559,448,521,DHelmetP1Helmet
_gpytzd4zg,79,1542,564,378,516,DHelmetP1Helmet
_gpytzd4zg,80,1612,569,308,511,DHelmetP1Helmet
_fg64ya59e,68,4,493,75,258,DHelmet
_fg64ya59e,69,1,493,104,264,DHelmet
_fg64ya59e,70,4,495,129,273,DHelmet
_fg64ya59e,71,16,497,144,277,DHelmet
_fg64ya59e,72,28,499,160,281,DHelmet
_fg64ya59e,73,57,501,162,286,DHelmet
_fg64ya59e,74,86,503,165,292,DHelmet
_fg64ya59e,75,113,506,170,300,DHelmet
_fg64ya59e,76,140,508,176,309,DHelmet
_fg64ya59e,77,167,510,181,318,DHelmet
_fg64ya59e,78,199,512,186,326,DHelmet
_fg64ya59e,79,231,514,191,334,DHelmet
_fg64ya59e,80,263,516,196,342,DHelmet
_fg64ya59e,81,298,518,206,352,DHelmet
_fg64ya59e,82,333,520,215,362,DHelmet
_fg64ya59e,83,369,522,224,372,DHelmet
_fg64ya59e,84,408,525,238,383,DHelmet
_fg64ya59e,85,448,527,251,395,DHelmet
_fg64ya59e,86,487,530,265,405,DHelmet
_fg64ya59e,87,532,533,283,417,DHelmet
_fg64ya59e,88,577,536,301,430,DHelmet
_fg64ya59e,89,622,539,318,442,DHelmet
_fg64ya59e,90,670,541,336,455,DHelmet
_fg64ya59e,91,718,544,353,468,DHelmet
_fg64ya59e,92,771,546,370,482,DHelmet
_fg64ya59e,93,823,548,388,496,DHelmet
_fg64ya59e,94,876,551,405,508,DHelmet
_fg64ya59e,95,932,555,422,514,DHelmet
_fg64ya59e,96,988,560,438,519,DHelmet
_fg64ya59e,97,1045,563,459,517,DHelmet
_fg64ya59e,98,1102,565,480,515,DHelmet
_fg64ya59e,99,1159,569,502,511,DHelmet
_fg64ya59e,100,1215,567,525,513,DHelmet
_sxinvq22o,72,2,488,60,218,DHelmet
_sxinvq22o,73,3,488,88,224,DHelmet
_sxinvq22o,74,3,488,118,230,DHelmet
_sxinvq22o,75,22,489,129,233,DHelmet
_sxinvq22o,76,41,491,140,234,DHelmet
_sxinvq22o,77,72,490,144,241,DHelmet
_sxinvq22o,78,103,489,149,247,DHelmet
_sxinvq22o,79,133,491,154,253,DHelmet
_sxinvq22o,80,163,492,158,259,DHelmet
_sxinvq22o,81,193,494,163,265,DHelmet
_sxinvq22o,82,227,496,171,270,DHelmet
_sxinvq22o,83,260,497,179,276,DHelmet
_sxinvq22o,84,294,499,187,282,DHelmet
_sxinvq22o,85,330,499,191,287,DHelmet
_sxinvq22o,86,367,500,195,291,DHelmet
_sxinvq22o,87,403,500,199,296,DHelmet
_sxinvq22o,88,444,502,204,301,DHelmet
_sxinvq22o,89,484,505,209,304,DHelmet
_sxinvq22o,90,525,507,214,308,DHelmet
_sxinvq22o,91,569,509,224,318,DHelmet
_sxinvq22o,92,614,511,232,328,DHelmet
_sxinvq22o,93,658,513,242,337,DHelmet
_sxinvq22o,94,705,514,254,349,DHelmet
_sxinvq22o,95,752,516,265,359,DHelmet
_sxinvq22o,96,799,518,276,369,DHelmet
_sxinvq22o,97,849,520,288,380,DHelmet
_sxinvq22o,98,900,522,298,390,DHelmet
_sxinvq22o,99,950,523,310,401,DHelmet
_sxinvq22o,100,1000,525,322,411,DHelmet
_r7kfcyr0h,97,3,511,88,274,DHelmetP1NoHelmet
_r7kfcyr0h,98,3,511,115,282,DHelmetP1NoHelmet
_r7kfcyr0h,99,2,511,143,289,DHelmetP1NoHelmet
_r7kfcyr0h,100,9,511,167,297,DHelmetP1NoHelmet
