track_id,frame_id,x,y,w,h,label
_ncetsvu0n,1,1129,380,148,225,DHelmetP1NoHelmet
_ncetsvu0n,2,1130,380,149,225,DHelmetP1NoHelmet
_ncetsvu0n,3,1131,380,150,225,DHelmetP1NoHelmet
_ncetsvu0n,4,1132,381,152,224,DHelmetP1NoHelmet
_ncetsvu0n,5,1133,381,153,224,DHelmetP1NoHelmet
_ncetsvu0n,6,1134,381,154,224,DHelmetP1NoHelmet
_ncetsvu0n,7,1134,381,154,224,DHelmetP1NoHelmet
_ncetsvu0n,8,1134,381,155,225,DHelmetP1NoHelmet
_ncetsvu0n,9,1135,381,154,225,DHelmetP1NoHelmet
_ncetsvu0n,10,1135,381,155,225,DHelmetP1NoHelmet
_ncetsvu0n,11,1135,381,155,226,DHelmetP1NoHelmet
_ncetsvu0n,12,1135,380,155,227,DHelmetP1NoHelmet
_ncetsvu0n,13,1135,380,156,227,DHelmetP1NoHelmet
_ncetsvu0n,14,1135,381,156,226,DHelmetP1NoHelmet
_ncetsvu0n,15,1135,381,156,226,DHelmetP1NoHelmet
_ncetsvu0n,16,1135,381,156,226,DHelmetP1NoHelmet
_ncetsvu0n,17,1135,381,156,225,DHelmetP1NoHelmet
_ncetsvu0n,18,1134,381,157,225,DHelmetP1NoHelmet
_ncetsvu0n,19,1134,380,156,227,DHelmetP1NoHelmet
_ncetsvu0n,20,1134,380,155,227,DHelmetP1NoHelmet
_ncetsvu0n,21,1134,379,154,229,DHelmetP1NoHelmet
_ncetsvu0n,22,1134,378,152,230,DHelmetP1NoHelmet
_ncetsvu0n,23,1134,377,151,232,DHelmetP1NoHelmet
_ncetsvu0n,24,1133,378,152,230,DHelmetP1NoHelmet
_ncetsvu0n,25,1133,378,152,230,DHelmetP1NoHelmet
_ncetsvu0n,26,1132,378,153,229,DHelmetP1NoHelmet
_ncetsvu0n,27,1131,378,154,229,DHelmetP1NoHelmet
_ncetsvu0n,28,1130,378,155,228,DHelmetP1NoHelmet
_ncetsvu0n,29,1130,378,155,228,DHelmetP1NoHelmet
_ncetsvu0n,30,1129,378,156,228,DHelmetP1NoHelmet
_ncetsvu0n,31,1129,378,155,228,DHelmetP1NoHelmet
_ncetsvu0n,32,1128,378,156,228,DHelmetP1NoHelmet
_ncetsvu0n,33,1127,378,157,228,DHelmetP1NoHelmet
_ncetsvu0n,34,1127,377,156,229,DHelmetP1NoHelmet
_ncetsvu0n,35,1126,378,157,229,DHelmetP1NoHelmet
_ncetsvu0n,36,1126,378,157,229,DHelmetP1NoHelmet
_ncetsvu0n,37,1126,378,157,230,DHelmetP1NoHelmet
_ncetsvu0n,38,1125,378,158,231,DHelmetP1NoHelmet
_ncetsvu0n,39,1125,378,158,231,DHelmetP1NoHelmet
_ncetsvu0n,40,1125,378,159,231,DHelmetP1NoHelmet
_ncetsvu0n,41,1126,378,159,230,DHelmetP1NoHelmet
_ncetsvu0n,42,1127,378,159,230,DHelmetP1NoHelmet
_ncetsvu0n,43,1128,378,158,230,DHelmetP1NoHelmet
_ncetsvu0n,44,1128,379,159,228,DHelmetP1NoHelmet
_ncetsvu0n,45,1132,379,159,229,DHelmetP1NoHelmet
_ncetsvu0n,46,1135,380,160,228,DHelmetP1NoHelmet
_ncetsvu0n,47,1138,381,161,227,DHelmetP1NoHelmet
_ncetsvu0n,48,1142,382,161,227,DHelmetP1NoHelmet
_ncetsvu0n,49,1145,383,162,226,DHelmetP1NoHelmet
_ncetsvu0n,50,1148,383,163,226,DHelmetP1NoHelmet
_ncetsvu0n,51,1157,383,164,228,DHelmetP1NoHelmet
_ncetsvu0n,52,1165,383,167,231,DHelmetP1NoHelmet
_ncetsvu0n,53,1173,383,169,233,DHelmetP1NoHelmet
_ncetsvu0n,54,1181,383,172,235,DHelmetP1NoHelmet
_ncetsvu0n,55,1189,383,175,237,DHelmetP1NoHelmet
_ncetsvu0n,56,1197,383,177,239,DHelmetP1NoHelmet
_ncetsvu0n,57,1215,383,183,242,DHelmetP1NoHelmet
_ncetsvu0n,58,1233,384,189,245,DHelmetP1NoHelmet
_ncetsvu0n,59,1251,384,195,249,DHelmetP1NoHelmet
_ncetsvu0n,60,1269,385,201,251,DHelmetP1NoHelmet
_ncetsvu0n,61,1286,385,208,255,DHelmetP1NoHelmet
_ncetsvu0n,62,1304,386,214,258,DHelmetP1NoHelmet
_ncetsvu0n,63,1332,388,220,259,DHelmetP1NoHelmet
_ncetsvu0n,64,1359,389,226,262,DHelmetP1NoHelmet
_ncetsvu0n,65,1386,391,233,264,DHelmetP1NoHelmet
_ncetsvu0n,66,1413,393,239,266,DHelmetP1NoHelmet
_ncetsvu0n,67,1447,395,242,270,DHelmetP1NoHelmet
_ncetsvu0n,68,1481,396,244,275,DHelmetP1NoHelmet
_ncetsvu0n,69,1514,397,247,280,DHelmetP1NoHelmet
_ncetsvu0n,70,1550,399,250,285,DHelmetP1NoHelmet
_ncetsvu0n,71,1586,400,252,290,DHelmetP1NoHelmet
_ncetsvu0n,72,1627,405,253,293,DHelmetP1NoHelmet
_ncetsvu0n,73,1669,409,251,297,DHelmetP1NoHelmet
_ncetsvu0n,74,1709,411,211,299,DHelmetP1NoHelmet
_ncetsvu0n,75,1754,415,166,295,DHelmetP1NoHelmet
_av6a6e3dk,48,1829,419,91,140,DNoHelmet
_av6a6e3dk,49,1781,413,131,147,DNoHelmet
_av6a6e3dk,50,1733,415,125,142,DNoHelmet
_av6a6e3dk,51,1687,413,121,139,DNoHelmet
_av6a6e3dk,52,1642,410,116,136,DNoHelmet
_av6a6e3dk,53,1597,408,112,133,DNoHelmet
_av6a6e3dk,54,1551,406,108,129,DNoHelmet
_av6a6e3dk,55,1511,404,104,127,DNoHelmet
_av6a6e3dk,56,1471,402,100,125,DNoHelmet
_av6a6e3dk,57,1431,400,96,123,DNoHelmet
_av6a6e3dk,58,1391,398,93,121,DNoHelmet
_av6a6e3dk,59,1356,396,90,120,DNoHelmet
_av6a6e3dk,60,1321,394,87,118,DNoHelmet
_av6a6e3dk,61,1286,392,85,117,DNoHelmet
_av6a6e3dk,62,1251,391,82,114,DNoHelmet
_av6a6e3dk,63,1216,389,79,113,DNoHelmet
_av6a6e3dk,64,1186,387,76,111,DNoHelmet
_av6a6e3dk,65,1155,386,74,109,DNoHelmet
_av6a6e3dk,66,1125,384,71,107,DNoHelmet
_av6a6e3dk,67,1094,382,70,106,DNoHelmet
_av6a6e3dk,68,1064,381,67,103,DNoHelmet
_av6a6e3dk,69,1037,380,66,101,DNoHelmet
_av6a6e3dk,70,1010,378,64,99,DNoHelmet
_av6a6e3dk,71,983,377,63,97,DNoHelmet
_av6a6e3dk,72,956,376,62,95,DNoHelmet
_av6a6e3dk,73,929,375,61,92,DNoHelmet
_av6a6e3dk,74,907,374,59,91,DNoHelmet
_av6a6e3dk,75,884,372,58,91,DNoHelmet
_av6a6e3dk,76,861,371,57,89,DNoHelmet
_av6a6e3dk,77,839,369,55,89,DNoHelmet
_av6a6e3dk,78,816,368,53,88,DNoHelmet
_av6a6e3dk,79,794,367,51,87,DNoHelmet
_av6a6e3dk,80,774,365,50,86,DNoHelmet
_av6a6e3dk,81,753,364,50,85,DNoHelmet
_av6a6e3dk,82,733,363,49,84,DNoHelmet
_av6a6e3dk,83,713,361,47,83,DNoHelmet
_av6a6e3dk,84,693,360,46,82,DNoHelmet
_2joxrubmm,1,170,353,97,183,DHelmetP1Helmet
_2joxrubmm,2,185,353,100,186,DHelmetP1Helmet
_2joxrubmm,3,201,354,103,189,DHelmetP1Helmet
_2joxrubmm,4,217,356,105,191,DHelmetP1Helmet
_2joxrubmm,5,236,357,106,194,DHelmetP1Helmet
_2joxrubmm,6,255,357,108,199,DHelmetP1Helmet
_2joxrubmm,7,274,358,109,203,DHelmetP1Helmet
_2joxrubmm,8,293,359,111,206,DHelmetP1Helmet
_2joxrubmm,9,312,359,112,211,DHelmetP1Helmet
_2joxrubmm,10,333,360,116,215,DHelmetP1Helmet
_2joxrubmm,11,354,360,120,220,DHelmetP1Helmet
_2joxrubmm,12,375,361,125,224,DHelmetP1Helmet
_2joxrubmm,13,396,361,129,229,DHelmetP1Helmet
_2joxrubmm,14,417,362,133,233,DHelmetP1Helmet
_2joxrubmm,15,442,363,136,239,DHelmetP1Helmet
_2joxrubmm,16,468,365,138,244,DHelmetP1Helmet
_2joxrubmm,17,493,367,142,249,DHelmetP1Helmet
_2joxrubmm,18,518,369,145,254,DHelmetP1Helmet
_2joxrubmm,19,543,371,148,259,DHelmetP1Helmet
_2joxrubmm,20,568,373,152,264,DHelmetP1Helmet
_2joxrubmm,21,596,375,154,270,DHelmetP1Helmet
_2joxrubmm,22,624,378,156,275,DHelmetP1Helmet
_2joxrubmm,23,651,381,160,281,DHelmetP1Helmet
_2joxrubmm,24,679,383,162,287,DHelmetP1Helmet
_2joxrubmm,25,707,386,165,292,DHelmetP1Helmet
_2joxrubmm,26,738,388,171,301,DHelmetP1Helmet
_2joxrubmm,27,768,391,179,308,DHelmetP1Helmet
_2joxrubmm,28,799,393,185,317,DHelmetP1Helmet
_2joxrubmm,29,830,395,192,326,DHelmetP1Helmet
_2joxrubmm,30,861,398,199,334,DHelmetP1Helmet
_2joxrubmm,31,898,401,209,342,DHelmetP1Helmet
_2joxrubmm,32,934,404,220,351,DHelmetP1Helmet
_2joxrubmm,33,971,407,230,360,DHelmetP1Helmet
_2joxrubmm,34,1008,410,240,368,DHelmetP1Helmet
_2joxrubmm,35,1054,414,253,381,DHelmetP1Helmet
_2joxrubmm,36,1100,418,265,393,DHelmetP1Helmet
_2joxrubmm,37,1146,421,278,406,DHelmetP1Helmet
_2joxrubmm,38,1192,425,290,418,DHelmetP1Helmet
_2joxrubmm,39,1245,428,312,435,DHelmetP1Helmet
_2joxrubmm,40,1298,430,333,453,DHelmetP1Helmet
_2joxrubmm,41,1350,433,355,471,DHelmetP1Helmet
_2joxrubmm,42,1417,440,376,489,DHelmetP1Helmet
_2joxrubmm,43,1483,447,398,506,DHelmetP1Helmet
_2joxrubmm,44,1551,450,369,534,DHelmetP1Helmet
_2joxrubmm,45,1625,452,295,532,DHelmetP1Helmet
_2joxrubmm,46,1702,462,218,522,DHelmetP1Helmet
_x1ve40gs1,45,4,359,75,206,DHelmet
_x1ve40gs1,46,5,363,92,208,DHelmet
_x1ve40gs1,47,2,365,114,216,DHelmet
_x1ve40gs1,48,14,367,118,224,DHelmet
_x1ve40gs1,49,30,368,121,232,DHelmet
_x1ve40gs1,50,47,369,124,241,DHelmet
_x1ve40gs1,51,64,371,126,248,DHelmet
_x1ve40gs1,52,83,375,132,257,DHelmet
_x1ve40gs1,53,103,379,137,266,DHelmet
_x1ve40gs1,54,122,383,144,275,DHelmet
_x1ve40gs1,55,142,387,149,284,DHelmet
_x1ve40gs1,56,162,391,154,293,DHelmet
_x1ve40gs1,57,187,395,163,307,DHelmet
_x1ve40gs1,58,213,399,172,322,DHelmet
_x1ve40gs1,59,239,403,181,336,DHelmet
_x1ve40gs1,60,265,407,189,351,DHelmet
_x1ve40gs1,61,302,413,199,369,DHelmet
_x1ve40gs1,62,339,419,210,387,DHelmet
_x1ve40gs1,63,376,425,220,405,DHelmet
_x1ve40gs1,64,413,430,231,425,DHelmet
_x1ve40gs1,65,466,439,250,457,DHelmet
_x1ve40gs1,66,520,447,268,491,DHelmet
_x1ve40gs1,67,574,456,286,524,DHelmet
_x1ve40gs1,68,627,464,305,557,DHelmet
_x1ve40gs1,69,681,472,323,591,DHelmet
_x1ve40gs1,70,753,482,364,598,DHelmet
_x1ve40gs1,71,835,494,418,585,DHelmet
_x1ve40gs1,72,927,516,455,564,DHelmet
_x1ve40gs1,73,1042,538,487,542,DHelmet
_x1ve40gs1,74,1168,562,564,518,DHelmet
_x1ve40gs1,75,1353,590,567,490,DHelmet
