track_id,frame_id,x,y,w,h,label
_n3r9gbm6y,88,1790,414,130,149,DHelmet
_n3r9gbm6y,89,1724,409,128,147,DHelmet
_n3r9gbm6y,90,1666,408,122,141,DHelmet
_n3r9gbm6y,91,1608,408,115,135,DHelmet
_n3r9gbm6y,92,1557,405,110,133,DHelmet
_n3r9gbm6y,93,1506,403,105,130,DHelmet
_n3r9gbm6y,94,1455,401,100,127,DHelmet
_n3r9gbm6y,95,1411,398,95,125,DHelmet
_n3r9gbm6y,96,1366,396,90,122,DHelmet
_n3r9gbm6y,97,1324,394,87,120,DHelmet
_n3r9gbm6y,98,1282,392,84,118,DHelmet
_n3r9gbm6y,99,1245,391,79,114,DHelmet
_n3r9gbm6y,100,1207,389,76,112,DHelmet
_eyfxpay0c,1,507,457,209,424,DNoHelmet
_eyfxpay0c,2,572,468,238,462,DNoHelmet
_eyfxpay0c,3,636,478,268,502,DNoHelmet
_eyfxpay0c,4,701,489,297,541,DNoHelmet
_eyfxpay0c,5,766,499,327,580,DNoHelmet
_eyfxpay0c,6,864,518,383,562,DNoHelmet
_eyfxpay0c,7,977,536,447,544,DNoHelmet
_eyfxpay0c,8,1116,562,529,518,DNoHelmet
_eyfxpay0c,9,1280,594,640,485,DNoHelmet
_eyfxpay0c,10,1508,640,412,439,DNoHelmet
_ny4gjx2ps,1,534,382,124,179,DHelmet
_ny4gjx2ps,2,543,385,133,245,DHelmet
_ny4gjx2ps,3,552,387,130,272,DHelmet
_ny4gjx2ps,4,562,389,131,281,DHelmet
_ny4gjx2ps,5,571,392,133,290,DHelmet
_ny4gjx2ps,6,580,394,136,295,DHelmet
_ny4gjx2ps,7,589,396,138,301,DHelmet
_ny4gjx2ps,8,600,397,139,307,DHelmet
_ny4gjx2ps,9,610,399,141,312,DHelmet
_ny4gjx2ps,10,621,400,156,320,DHelmet
_ny4gjx2ps,11,632,400,171,329,DHelmet
_ny4gjx2ps,12,654,404,178,336,DHelmet
_ny4gjx2ps,13,675,408,186,343,DHelmet
_ny4gjx2ps,14,696,412,194,350,DHelmet
_ny4gjx2ps,15,726,415,201,361,DHelmet
_ny4gjx2ps,16,756,418,209,371,DHelmet
_ny4gjx2ps,17,786,422,216,381,DHelmet
_ny4gjx2ps,18,826,426,227,395,DHelmet
_ny4gjx2ps,19,866,430,238,408,DHelmet
_ny4gjx2ps,20,905,434,250,422,DHelmet
_ny4gjx2ps,21,953,439,271,438,DHelmet
_ny4gjx2ps,22,1001,443,293,455,DHelmet
_ny4gjx2ps,23,1060,448,320,478,DHelmet
_ny4gjx2ps,24,1118,453,349,500,DHelmet
_ny4gjx2ps,25,1190,462,377,525,DHelmet
_ny4gjx2ps,26,1262,470,406,551,DHelmet
_ny4gjx2ps,27,1352,479,442,583,DHelmet
_ny4gjx2ps,28,1445,489,475,591,DHelmet
_ny4gjx2ps,29,1550,503,370,577,DHelmet
_ny4gjx2ps,30,1672,514,248,566,DHelmet
_nb0vglgc0,3,0,357,66,172,DHelmetP1Helmet
_nb0vglgc0,4,0,357,73,177,DHelmetP1Helmet
_nb0vglgc0,5,0,357,79,181,DHelmetP1Helmet
_nb0vglgc0,6,0,357,87,188,DHelmetP1Helmet
_nb0vglgc0,7,5,357,89,195,DHelmetP1Helmet
_nb0vglgc0,8,4,361,101,197,DHelmetP1Helmet
_nb0vglgc0,9,3,365,112,200,DHelmetP1Helmet
_nb0vglgc0,10,8,366,117,207,DHelmetP1Helmet
_nb0vglgc0,11,12,368,123,214,DHelmetP1Helmet
_nb0vglgc0,12,22,369,126,223,DHelmetP1Helmet
_nb0vglgc0,13,33,371,129,231,DHelmetP1Helmet
_nb0vglgc0,14,41,374,138,238,DHelmetP1Helmet
_nb0vglgc0,15,49,377,147,244,DHelmetP1Helmet
_nb0vglgc0,16,62,377,151,256,DHelmetP1Helmet
_nb0vglgc0,17,76,378,155,267,DHelmetP1Helmet
_nb0vglgc0,18,91,382,162,279,DHelmetP1Helmet
_nb0vglgc0,19,107,387,168,290,DHelmetP1Helmet
_nb0vglgc0,20,122,392,178,303,DHelmetP1Helmet
_nb0vglgc0,21,137,397,189,316,DHelmetP1Helmet
_nb0vglgc0,22,160,400,195,332,DHelmetP1Helmet
_nb0vglgc0,23,184,404,201,346,DHelmetP1Helmet
_nb0vglgc0,24,209,410,211,364,DHelmetP1Helmet
_nb0vglgc0,25,234,416,221,382,DHelmetP1Helmet
_nb0vglgc0,26,264,421,233,403,DHelmetP1Helmet
_nb0vglgc0,27,294,427,246,424,DHelmetP1Helmet
_nb0vglgc0,28,328,435,262,453,DHelmetP1Helmet
_nb0vglgc0,29,361,442,280,484,DHelmetP1Helmet
_nb0vglgc0,30,408,450,300,520,DHelmetP1Helmet
_nb0vglgc0,31,455,458,321,557,DHelmetP1Helmet
_nb0vglgc0,32,502,470,357,608,DHelmetP1Helmet
_nb0vglgc0,33,569,476,386,604,DHelmetP1Helmet
_nb0vglgc0,34,640,495,425,585,DHelmetP1Helmet
_nb0vglgc0,35,728,512,484,568,DHelmetP1Helmet
_nb0vglgc0,36,832,530,543,550,DHelmetP1Helmet
_nb0vglgc0,37,963,555,633,525,DHelmetP1Helmet
_nb0vglgc0,38,1134,588,749,492,DHelmetP1Helmet
_nb0vglgc0,39,1356,632,564,448,DHelmetP1Helmet
_wrlmzwdhd,15,18,342,59,102,DHelmetP1Helmet
_wrlmzwdhd,16,23,343,59,104,DHelmetP1Helmet
_wrlmzwdhd,17,29,345,59,105,DHelmetP1Helmet
_wrlmzwdhd,18,35,346,58,106,DHelmetP1Helmet
_wrlmzwdhd,19,40,346,61,109,DHelmetP1Helmet
_wrlmzwdhd,20,46,345,62,113,DHelmetP1Helmet
_wrlmzwdhd,21,51,345,64,115,DHelmetP1Helmet
_wrlmzwdhd,22,56,345,67,118,DHelmetP1Helmet
_wrlmzwdhd,23,62,345,68,120,DHelmetP1Helmet
_wrlmzwdhd,24,69,346,68,121,DHelmetP1Helmet
_wrlmzwdhd,25,75,347,69,122,DHelmetP1Helmet
_wrlmzwdhd,26,81,348,70,124,DHelmetP1Helmet
_wrlmzwdhd,27,88,348,70,127,DHelmetP1Helmet
_wrlmzwdhd,28,94,348,72,130,DHelmetP1Helmet
_wrlmzwdhd,29,101,348,73,133,DHelmetP1Helmet
_wrlmzwdhd,30,107,348,75,136,DHelmetP1Helmet
_wrlmzwdhd,31,115,348,76,139,DHelmetP1Helmet
_wrlmzwdhd,32,122,348,77,142,DHelmetP1Helmet
_wrlmzwdhd,33,130,347,78,146,DHelmetP1Helmet
_wrlmzwdhd,34,138,347,79,149,DHelmetP1Helmet
_wrlmzwdhd,35,146,349,82,151,DHelmetP1Helmet
_wrlmzwdhd,36,154,351,84,153,DHelmetP1Helmet
_wrlmzwdhd,37,162,354,87,154,DHelmetP1Helmet
_wrlmzwdhd,38,170,356,90,156,DHelmetP1Helmet
_wrlmzwdhd,39,182,355,91,162,DHelmetP1Helmet
_wrlmzwdhd,40,194,355,92,168,DHelmetP1Helmet
_wrlmzwdhd,41,205,356,95,170,DHelmetP1Helmet
_wrlmzwdhd,42,216,357,99,173,DHelmetP1Helmet
_wrlmzwdhd,43,231,358,102,177,DHelmetP1Helmet
_wrlmzwdhd,44,246,358,105,183,DHelmetP1Helmet
_wrlmzwdhd,45,261,360,109,186,DHelmetP1Helmet
_wrlmzwdhd,46,276,362,113,190,DHelmetP1Helmet
_wrlmzwdhd,47,296,364,114,195,DHelmetP1Helmet
_wrlmzwdhd,48,316,367,116,199,DHelmetP1Helmet
_wrlmzwdhd,49,337,368,119,204,DHelmetP1Helmet
_wrlmzwdhd,50,358,369,121,209,DHelmetP1Helmet
_wrlmzwdhd,51,381,369,126,218,DHelmetP1Helmet
_wrlmzwdhd,52,405,370,130,225,DHelmetP1Helmet
_wrlmzwdhd,53,431,373,136,229,DHelmetP1Helmet
_wrlmzwdhd,54,457,376,142,234,DHelmetP1Helmet
_wrlmzwdhd,55,489,378,147,246,DHelmetP1Helmet
_wrlmzwdhd,56,520,379,154,259,DHelmetP1Helmet
_wrlmzwdhd,57,554,384,160,267,DHelmetP1Helmet
_wrlmzwdhd,58,589,389,164,274,DHelmetP1Helmet
_wrlmzwdhd,59,630,393,176,285,DHelmetP1Helmet
_wrlmzwdhd,60,672,397,187,295,DHelmetP1Helmet
_wrlmzwdhd,61,719,402,197,308,DHelmetP1Helmet
_wrlmzwdhd,62,767,406,205,322,DHelmetP1Helmet
_wrlmzwdhd,63,821,414,215,334,DHelmetP1Helmet
_wrlmzwdhd,64,875,421,225,347,DHelmetP1Helmet
_wrlmzwdhd,65,940,426,243,369,DHelmetP1Helmet
_wrlmzwdhd,66,1006,431,259,391,DHelmetP1Helmet
_wrlmzwdhd,67,1071,435,277,414,DHelmetP1Helmet
_wrlmzwdhd,68,1151,442,305,439,DHelmetP1Helmet
_wrlmzwdhd,69,1240,452,343,472,DHelmetP1Helmet
_wrlmzwdhd,70,1338,461,397,511,DHelmetP1Helmet
_wrlmzwdhd,71,1453,470,453,551,DHelmetP1Helmet
_wrlmzwdhd,72,1588,482,332,514,DHelmetP1Helmet
_wjujjtf2t,47,0,363,78,201,DHelmetP1Helmet
_wjujjtf2t,48,1,365,98,209,DHelmetP1Helmet
_wjujjtf2t,49,8,367,111,217,DHelmetP1Helmet
_wjujjtf2t,50,28,372,113,229,DHelmetP1Helmet
_wjujjtf2t,51,47,374,119,241,DHelmetP1Helmet
_wjujjtf2t,52,70,379,123,252,DHelmetP1Helmet
_wjujjtf2t,53,96,382,131,268,DHelmetP1Helmet
_wjujjtf2t,54,123,386,138,283,DHelmetP1Helmet
_wjujjtf2t,55,158,393,147,300,DHelmetP1Helmet
_wjujjtf2t,56,194,400,155,317,DHelmetP1Helmet
_wjujjtf2t,57,238,406,167,340,DHelmetP1Helmet
_wjujjtf2t,58,282,412,179,362,DHelmetP1Helmet
_wjujjtf2t,59,341,422,195,390,DHelmetP1Helmet
_wjujjtf2t,60,400,431,212,420,DHelmetP1Helmet
_wjujjtf2t,61,480,443,238,459,DHelmetP1Helmet
_wjujjtf2t,62,561,455,264,499,DHelmetP1Helmet
_wjujjtf2t,63,658,467,310,556,DHelmetP1Helmet
_wjujjtf2t,64,792,477,363,603,DHelmetP1Helmet
_wjujjtf2t,65,943,496,454,584,DHelmetP1Helmet
_wjujjtf2t,66,1142,528,565,552,DHelmetP1Helmet
_wjujjtf2t,67,1402,563,518,517,DHelmetP1Helmet
