track_id,frame_id,x,y,w,h,label
_q208surp7,1,710,530,269,360,DHelmet
_q208surp7,2,790,535,291,378,DHelmet
_q208surp7,3,876,540,314,396,DHelmet
_q208surp7,4,970,545,337,414,DHelmet
_q208surp7,5,1069,549,370,438,DHelmet
_q208surp7,6,1182,553,409,467,DHelmet
_q208surp7,7,1295,558,448,494,DHelmet
_q208surp7,8,1425,567,495,512,DHelmet
_q208surp7,9,1560,579,360,500,DHelmet
_2gy3geefe,35,435,450,79,146,DHelmet
_2gy3geefe,36,452,447,103,165,DHelmet
_2gy3geefe,37,483,445,114,174,DHelmet
_2gy3geefe,38,520,447,124,176,DHelmet
_2gy3geefe,39,557,450,133,178,DHelmet
_2gy3geefe,40,600,451,139,181,DHelmet
_2gy3geefe,41,644,452,143,184,DHelmet
_2gy3geefe,42,694,454,148,187,DHelmet
_2gy3geefe,43,745,455,152,191,DHelmet
_2gy3geefe,44,798,456,161,196,DHelmet
_2gy3geefe,45,851,458,169,201,DHelmet
_2gy3geefe,46,912,458,177,208,DHelmet
_2gy3geefe,47,973,459,185,213,DHelmet
_2gy3geefe,48,1044,460,193,218,DHelmet
_2gy3geefe,49,1115,462,201,222,DHelmet
_2gy3geefe,50,1194,462,214,232,DHelmet
_2gy3geefe,51,1273,463,226,240,DHelmet
_2gy3geefe,52,1365,464,244,250,DHelmet
_2gy3geefe,53,1457,466,262,260,DHelmet
_2gy3geefe,54,1560,468,281,274,DHelmet
_2gy3geefe,55,1674,468,246,283,DHelmet
_5j4l05yfu,43,31,444,73,115,DHelmet
_5j4l05yfu,44,47,443,75,121,DHelmet
_5j4l05yfu,45,63,441,77,128,DHelmet
_5j4l05yfu,46,76,442,82,129,DHelmet
_5j4l05yfu,47,90,443,87,129,DHelmet
_5j4l05yfu,48,108,443,92,130,DHelmet
_5j4l05yfu,49,126,444,97,129,DHelmet
_5j4l05yfu,50,148,444,97,130,DHelmet
_5j4l05yfu,51,171,443,95,132,DHelmet
_5j4l05yfu,52,194,443,94,133,DHelmet
_5j4l05yfu,53,215,442,98,137,DHelmet
_5j4l05yfu,54,237,441,101,142,DHelmet
_5j4l05yfu,55,261,441,102,143,DHelmet
_5j4l05yfu,56,286,441,103,143,DHelmet
_5j4l05yfu,57,310,441,104,144,DHelmet
_5j4l05yfu,58,337,442,105,146,DHelmet
_5j4l05yfu,59,363,443,106,149,DHelmet
_5j4l05yfu,60,389,444,108,151,DHelmet
_5j4l05yfu,61,418,445,111,152,DHelmet
_5j4l05yfu,62,447,445,113,154,DHelmet
_5j4l05yfu,63,476,445,116,156,DHelmet
_5j4l05yfu,64,510,445,117,159,DHelmet
_5j4l05yfu,65,543,445,119,161,DHelmet
_5j4l05yfu,66,577,445,119,163,DHelmet
_5j4l05yfu,67,611,447,125,166,DHelmet
_5j4l05yfu,68,646,449,129,168,DHelmet
_5j4l05yfu,69,681,451,133,170,DHelmet
_5j4l05yfu,70,722,451,137,173,DHelmet
_5j4l05yfu,71,762,452,143,175,DHelmet
_5j4l05yfu,72,802,452,148,178,DHelmet
_5j4l05yfu,73,843,452,152,182,DHelmet
_5j4l05yfu,74,889,452,158,186,DHelmet
_5j4l05yfu,75,936,451,164,191,DHelmet
_5j4l05yfu,76,982,451,171,195,DHelmet
_5j4l05yfu,77,1037,452,176,198,DHelmet
_5j4l05yfu,78,1091,454,181,200,DHelmet
_5j4l05yfu,79,1145,455,187,204,DHelmet
_5j4l05yfu,80,1207,455,195,209,DHelmet
_5j4l05yfu,81,1268,456,203,213,DHelmet
_5j4l05yfu,82,1329,456,212,218,DHelmet
_5j4l05yfu,83,1399,457,220,223,DHelmet
_5j4l05yfu,84,1469,457,229,229,DHelmet
_5j4l05yfu,85,1539,458,237,234,DHelmet
_5j4l05yfu,86,1619,458,248,242,DHelmet
_5j4l05yfu,87,1701,460,219,250,DHelmet
_5j4l05yfu,88,1788,462,132,248,DHelmet
_vl2qxp6n9,59,3,502,107,268,DHelmet
_vl2qxp6n9,60,11,506,161,283,DHelmet
_vl2qxp6n9,61,75,509,177,297,DHelmet
_vl2qxp6n9,62,138,512,194,312,DHelmet
_vl2qxp6n9,63,218,518,214,331,DHelmet
_vl2qxp6n9,64,297,524,235,350,DHelmet
_vl2qxp6n9,65,377,530,255,368,DHelmet
_vl2qxp6n9,66,481,534,280,395,DHelmet
_vl2qxp6n9,67,585,539,304,420,DHelmet
_vl2qxp6n9,68,712,548,341,446,DHelmet
_vl2qxp6n9,69,840,557,377,473,DHelmet
_vl2qxp6n9,70,999,564,438,490,DHelmet
_vl2qxp6n9,71,1157,571,500,508,DHelmet
_vl2qxp6n9,72,1345,579,575,501,DHelmet
_vl2qxp6n9,73,1570,602,350,478,DHelmet
_ibtlana9c,94,5,512,103,261,DHelmet
_ibtlana9c,95,2,512,148,274,DHelmet
_ibtlana9c,96,33,512,160,286,DHelmet
_ibtlana9c,97,73,516,172,294,DHelmet
_ibtlana9c,98,112,520,184,302,DHelmet
_ibtlana9c,99,164,523,194,316,DHelmet
_ibtlana9c,100,215,526,204,330,DHelmet
_85yhf50gm,64,1,458,53,145,DHelmet
_85yhf50gm,65,1,458,73,142,DHelmet
_85yhf50gm,66,7,458,76,144,DHelmet
_85yhf50gm,67,14,458,77,147,DHelmet
_85yhf50gm,68,20,458,80,149,DHelmet
_85yhf50gm,69,32,457,82,152,DHelmet
_85yhf50gm,70,43,457,85,153,DHelmet
_85yhf50gm,71,55,457,88,155,DHelmet
_85yhf50gm,72,67,456,90,158,DHelmet
_85yhf50gm,73,79,456,93,160,DHelmet
_85yhf50gm,74,93,457,95,162,DHelmet
_85yhf50gm,75,107,458,98,165,DHelmet
_85yhf50gm,76,122,460,99,166,DHelmet
_85yhf50gm,77,139,460,102,169,DHelmet
_85yhf50gm,78,156,460,104,171,DHelmet
_85yhf50gm,79,172,460,107,174,DHelmet
_85yhf50gm,80,193,460,109,177,DHelmet
_85yhf50gm,81,214,461,111,179,DHelmet
_85yhf50gm,82,234,461,115,182,DHelmet
_85yhf50gm,83,255,461,117,185,DHelmet
_85yhf50gm,84,275,461,120,188,DHelmet
_85yhf50gm,85,300,462,123,190,DHelmet
_85yhf50gm,86,325,462,126,193,DHelmet
_85yhf50gm,87,350,462,129,196,DHelmet
_85yhf50gm,88,378,463,132,199,DHelmet
_85yhf50gm,89,406,464,134,202,DHelmet
_85yhf50gm,90,433,466,138,204,DHelmet
_85yhf50gm,91,464,466,140,209,DHelmet
_85yhf50gm,92,494,467,144,213,DHelmet
_85yhf50gm,93,524,468,147,217,DHelmet
_85yhf50gm,94,560,469,150,222,DHelmet
_85yhf50gm,95,596,471,153,226,DHelmet
_85yhf50gm,96,632,472,155,231,DHelmet
_85yhf50gm,97,672,474,163,236,DHelmet
_85yhf50gm,98,713,476,170,240,DHelmet
_85yhf50gm,99,754,477,177,246,DHelmet
_85yhf50gm,100,795,479,184,251,DHelmet
_br92qcs1l,76,4,491,75,225,DHelmet
_br92qcs1l,77,4,491,121,239,DHelmet
_br92qcs1l,78,39,492,133,252,DHelmet
_br92qcs1l,79,81,494,139,264,DHelmet
_br92qcs1l,80,136,497,150,276,DHelmet
_br92qcs1l,81,191,501,162,287,DHelmet
_br92qcs1l,82,246,504,173,299,DHelmet
_br92qcs1l,83,317,509,189,315,DHelmet
_br92qcs1l,84,389,513,204,332,DHelmet
_br92qcs1l,85,460,518,220,347,DHelmet
_br92qcs1l,86,551,524,245,368,DHelmet
_br92qcs1l,87,642,530,270,390,DHelmet
_br92qcs1l,88,759,536,309,416,DHelmet
_br92qcs1l,89,876,541,347,443,DHelmet
_br92qcs1l,90,993,547,386,469,DHelmet
_br92qcs1l,91,1149,556,446,492,DHelmet
_br92qcs1l,92,1306,565,505,515,DHelmet
_br92qcs1l,93,1491,579,429,501,DHelmet
