track_id,frame_id,x,y,w,h,label
_uz09a00d7,1,665,408,184,338,DHelmet
_uz09a00d7,2,733,415,202,359,DHelmet
_uz09a00d7,3,802,422,218,380,DHelmet
_uz09a00d7,4,871,430,235,401,DHelmet
_uz09a00d7,5,958,440,264,429,DHelmet
_uz09a00d7,6,1045,451,293,456,DHelmet
_uz09a00d7,7,1153,461,338,500,DHelmet
_uz09a00d7,8,1262,471,382,544,DHelmet
_uz09a00d7,9,1389,487,446,592,DHelmet
_uz09a00d7,10,1536,504,384,576,DHelmet
_rda7a0n8s,1,172,371,108,214,DHelmet
_rda7a0n8s,2,197,373,112,226,DHelmet
_rda7a0n8s,3,221,376,118,236,DHelmet
_rda7a0n8s,4,245,378,123,247,DHelmet
_rda7a0n8s,5,277,383,127,262,DHelmet
_rda7a0n8s,6,309,387,131,277,DHelmet
_rda7a0n8s,7,340,392,136,291,DHelmet
_rda7a0n8s,8,372,397,140,305,DHelmet
_rda7a0n8s,9,412,403,152,325,DHelmet
_rda7a0n8s,10,451,410,164,345,DHelmet
_rda7a0n8s,11,490,417,177,364,DHelmet
_rda7a0n8s,12,530,424,189,383,DHelmet
_rda7a0n8s,13,588,432,207,414,DHelmet
_rda7a0n8s,14,647,440,224,445,DHelmet
_rda7a0n8s,15,706,448,241,476,DHelmet
_rda7a0n8s,16,785,458,276,521,DHelmet
_rda7a0n8s,17,864,468,312,567,DHelmet
_rda7a0n8s,18,965,479,367,601,DHelmet
_rda7a0n8s,19,1079,499,438,581,DHelmet
_rda7a0n8s,20,1219,518,509,562,DHelmet
_rda7a0n8s,21,1386,542,534,537,DHelmet
_nl4ki60as,1,3,344,80,173,DHelmet
_nl4ki60as,2,9,344,91,180,DHelmet
_nl4ki60as,3,24,345,93,185,DHelmet
_nl4ki60as,4,39,346,94,191,DHelmet
_nl4ki60as,5,54,347,96,196,DHelmet
_nl4ki60as,6,71,348,100,203,DHelmet
_nl4ki60as,7,89,350,102,210,DHelmet
_nl4ki60as,8,106,351,106,217,DHelmet
_nl4ki60as,9,124,352,108,224,DHelmet
_nl4ki60as,10,144,355,114,231,DHelmet
_nl4ki60as,11,163,357,120,240,DHelmet
_nl4ki60as,12,183,359,126,248,DHelmet
_nl4ki60as,13,203,361,132,256,DHelmet
_nl4ki60as,14,229,365,136,266,DHelmet
_nl4ki60as,15,255,368,140,278,DHelmet
_nl4ki60as,16,281,372,145,288,DHelmet
_nl4ki60as,17,306,376,150,298,DHelmet
_nl4ki60as,18,339,378,159,315,DHelmet
_nl4ki60as,19,372,381,167,331,DHelmet
_nl4ki60as,20,405,384,175,347,DHelmet
_nl4ki60as,21,438,387,184,363,DHelmet
_nl4ki60as,22,475,392,196,380,DHelmet
_nl4ki60as,23,512,397,208,397,DHelmet
_nl4ki60as,24,559,402,218,419,DHelmet
_nl4ki60as,25,605,407,229,441,DHelmet
_nl4ki60as,26,658,413,249,467,DHelmet
_nl4ki60as,27,711,419,269,492,DHelmet
_nl4ki60as,28,776,424,293,526,DHelmet
_nl4ki60as,29,842,429,316,560,DHelmet
_nl4ki60as,30,918,440,353,594,DHelmet
_nl4ki60as,31,994,451,389,628,DHelmet
_nl4ki60as,32,1083,455,435,625,DHelmet
_nl4ki60as,33,1180,466,487,614,DHelmet
_nl4ki60as,34,1289,478,533,602,DHelmet
_nl4ki60as,35,1412,495,508,585,DHelmet
_nl4ki60as,36,1563,511,357,569,DHelmet
_gdzi4s677,17,1754,411,166,205,DHelmet
_gdzi4s677,18,1666,406,159,197,DHelmet
_gdzi4s677,19,1584,401,149,190,DHelmet
_gdzi4s677,20,1502,396,140,182,DHelmet
_gdzi4s677,21,1432,392,132,175,DHelmet
_gdzi4s677,22,1363,387,123,169,DHelmet
_gdzi4s677,23,1305,385,114,162,DHelmet
_gdzi4s677,24,1246,383,106,156,DHelmet
_gdzi4s677,25,1195,381,100,150,DHelmet
_gdzi4s677,26,1143,378,96,145,DHelmet
_gdzi4s677,27,1100,376,90,139,DHelmet
_gdzi4s677,28,1057,374,84,134,DHelmet
_gdzi4s677,29,1018,374,80,128,DHelmet
_gdzi4s677,30,979,375,75,121,DHelmet
_gdzi4s677,31,939,375,71,115,DHelmet
_gdzi4s677,32,907,374,69,111,DHelmet
_gdzi4s677,33,874,373,68,108,DHelmet
_gdzi4s677,34,841,371,66,105,DHelmet
_gdzi4s677,35,814,369,64,104,DHelmet
_gdzi4s677,36,787,366,62,103,DHelmet
_gdzi4s677,37,761,364,61,102,DHelmet
_gdzi4s677,38,736,362,58,101,DHelmet
_gdzi4s677,39,714,361,57,98,DHelmet
_gdzi4s677,40,692,361,56,95,DHelmet
_gdzi4s677,41,671,360,56,93,DHelmet
_gdzi4s677,42,650,359,55,90,DHelmet
_gdzi4s677,43,629,359,54,87,DHelmet
_gdzi4s677,44,610,357,53,87,DHelmet
_gdzi4s677,45,592,355,52,86,DHelmet
_gdzi4s677,46,575,353,50,86,DHelmet
_gdzi4s677,47,558,352,49,85,DHelmet
_txg8lk0ld,31,1799,415,121,165,DHelmetP1NoHelmet
_txg8lk0ld,32,1745,411,157,165,DHelmetP1NoHelmet
_txg8lk0ld,33,1695,408,155,164,DHelmetP1NoHelmet
_txg8lk0ld,34,1645,406,152,161,DHelmetP1NoHelmet
_txg8lk0ld,35,1595,404,149,159,DHelmetP1NoHelmet
_txg8lk0ld,36,1553,402,143,154,DHelmetP1NoHelmet
_txg8lk0ld,37,1512,400,136,148,DHelmetP1NoHelmet
_txg8lk0ld,38,1471,397,129,144,DHelmetP1NoHelmet
_txg8lk0ld,39,1432,396,125,141,DHelmetP1NoHelmet
_txg8lk0ld,40,1394,394,119,138,DHelmetP1NoHelmet
_txg8lk0ld,41,1356,392,114,136,DHelmetP1NoHelmet
_txg8lk0ld,42,1321,391,111,132,DHelmetP1NoHelmet
_txg8lk0ld,43,1287,390,106,129,DHelmetP1NoHelmet
_txg8lk0ld,44,1253,389,101,125,DHelmetP1NoHelmet
_txg8lk0ld,45,1218,388,97,122,DHelmetP1NoHelmet
_txg8lk0ld,46,1188,386,94,120,DHelmetP1NoHelmet
_txg8lk0ld,47,1158,384,91,118,DHelmetP1NoHelmet
_txg8lk0ld,48,1128,382,89,117,DHelmetP1NoHelmet
_txg8lk0ld,49,1097,380,87,115,DHelmetP1NoHelmet
_txg8lk0ld,50,1069,379,85,113,DHelmetP1NoHelmet
_txg8lk0ld,51,1042,379,82,110,DHelmetP1NoHelmet
_txg8lk0ld,52,1014,378,81,109,DHelmetP1NoHelmet
_txg8lk0ld,53,986,377,79,107,DHelmetP1NoHelmet
_txg8lk0ld,54,962,376,77,105,DHelmetP1NoHelmet
_txg8lk0ld,55,937,374,75,104,DHelmetP1NoHelmet
_txg8lk0ld,56,912,373,74,102,DHelmetP1NoHelmet
_txg8lk0ld,57,888,371,71,102,DHelmetP1NoHelmet
_txg8lk0ld,58,864,370,71,100,DHelmetP1NoHelmet
_txg8lk0ld,59,841,369,70,99,DHelmetP1NoHelmet
_txg8lk0ld,60,818,368,68,98,DHelmetP1NoHelmet
_txg8lk0ld,61,795,367,67,96,DHelmetP1NoHelmet
_txg8lk0ld,62,771,366,67,95,DHelmetP1NoHelmet
_txg8lk0ld,63,751,365,66,93,DHelmetP1NoHelmet
_txg8lk0ld,64,731,363,65,93,DHelmetP1NoHelmet
_txg8lk0ld,65,711,362,63,91,DHelmetP1NoHelmet
_txg8lk0ld,66,691,361,62,89,DHelmetP1NoHelmet
_txg8lk0ld,67,672,360,62,88,DHelmetP1NoHelmet
_txg8lk0ld,68,654,359,61,87,DHelmetP1NoHelmet
_txg8lk0ld,69,636,358,60,86,DHelmetP1NoHelmet
_txg8lk0ld,70,619,357,59,85,DHelmetP1NoHelmet
_txg8lk0ld,71,602,356,57,84,DHelmetP1NoHelmet
_txg8lk0ld,72,585,355,56,83,DHelmetP1NoHelmet
_txg8lk0ld,73,567,354,56,81,DHelmetP1NoHelmet
_txg8lk0ld,74,553,354,55,81,DHelmetP1NoHelmet
_txg8lk0ld,75,539,353,54,81,DHelmetP1NoHelmet
_txg8lk0ld,76,525,352,53,81,DHelmetP1NoHelmet
_txg8lk0ld,77,511,352,52,81,DHelmetP1NoHelmet
_w1hwglr0a,10,3,340,60,110,DHelmet
_w1hwglr0a,11,15,340,65,115,DHelmet
_w1hwglr0a,12,28,340,68,119,DHelmet
_w1hwglr0a,13,40,340,73,124,DHelmet
_w1hwglr0a,14,55,341,75,126,DHelmet
_w1hwglr0a,15,70,343,78,127,DHelmet
_w1hwglr0a,16,85,345,81,128,DHelmet
_w1hwglr0a,17,102,346,83,132,DHelmet
_w1hwglr0a,18,119,347,85,136,DHelmet
_w1hwglr0a,19,135,348,88,140,DHelmet
_w1hwglr0a,20,155,349,88,145,DHelmet
_w1hwglr0a,21,174,349,90,151,DHelmet
_w1hwglr0a,22,194,350,90,156,DHelmet
_w1hwglr0a,23,215,351,93,161,DHelmet
_w1hwglr0a,24,237,352,95,166,DHelmet
_w1hwglr0a,25,258,353,98,171,DHelmet
_w1hwglr0a,26,280,353,99,178,DHelmet
_w1hwglr0a,27,304,356,103,183,DHelmet
_w1hwglr0a,28,328,358,107,190,DHelmet
_w1hwglr0a,29,352,361,111,196,DHelmet
_w1hwglr0a,30,376,363,114,203,DHelmet
_w1hwglr0a,31,409,365,118,211,DHelmet
_w1hwglr0a,32,441,368,122,217,DHelmet
_w1hwglr0a,33,473,370,126,225,DHelmet
_w1hwglr0a,34,506,372,130,233,DHelmet
_w1hwglr0a,35,543,376,133,244,DHelmet
_w1hwglr0a,36,581,379,136,255,DHelmet
_w1hwglr0a,37,618,383,140,266,DHelmet
_w1hwglr0a,38,665,387,146,278,DHelmet
_w1hwglr0a,39,711,392,153,289,DHelmet
_w1hwglr0a,40,757,396,160,300,DHelmet
_w1hwglr0a,41,815,402,164,312,DHelmet
_w1hwglr0a,42,873,407,167,324,DHelmet
_w1hwglr0a,43,944,414,167,337,DHelmet
_w1hwglr0a,44,1015,420,166,350,DHelmet
_w1hwglr0a,45,1086,426,166,364,DHelmet
_w1hwglr0a,46,1080,429,252,337,DHelmet
_w1hwglr0a,47,1144,433,280,288,DHelmet
_w1hwglr0a,48,1219,441,292,324,DHelmet
_w1hwglr0a,49,1303,448,268,373,DHelmet
_w1hwglr0a,50,1386,456,246,420,DHelmet
_w1hwglr0a,51,1484,463,292,447,DHelmet
_w1hwglr0a,52,1582,471,338,473,DHelmet
_325yl5hzk,15,2,350,69,162,DHelmet
_325yl5hzk,16,7,352,80,166,DHelmet
_325yl5hzk,17,20,354,84,169,DHelmet
_325yl5hzk,18,32,356,88,173,DHelmet
_325yl5hzk,19,50,358,91,179,DHelmet
_325yl5hzk,20,67,360,95,185,DHelmet
_325yl5hzk,21,85,362,98,191,DHelmet
_325yl5hzk,22,103,363,101,198,DHelmet
_325yl5hzk,23,120,365,104,205,DHelmet
_325yl5hzk,24,138,366,107,213,DHelmet
_325yl5hzk,25,158,369,111,220,DHelmet
_325yl5hzk,26,177,371,116,228,DHelmet
_325yl5hzk,27,197,374,120,235,DHelmet
_325yl5hzk,28,220,376,125,244,DHelmet
_325yl5hzk,29,243,378,130,253,DHelmet
_325yl5hzk,30,266,380,134,263,DHelmet
_325yl5hzk,31,293,385,141,273,DHelmet
_325yl5hzk,32,319,390,149,284,DHelmet
_325yl5hzk,33,346,395,156,295,DHelmet
_325yl5hzk,34,376,398,164,308,DHelmet
_325yl5hzk,35,406,402,173,321,DHelmet
_325yl5hzk,36,441,406,182,335,DHelmet
_325yl5hzk,37,477,411,190,348,DHelmet
_325yl5hzk,38,519,417,203,364,DHelmet
_325yl5hzk,39,561,424,216,379,DHelmet
_325yl5hzk,40,603,430,229,396,DHelmet
_325yl5hzk,41,658,435,253,419,DHelmet
_325yl5hzk,42,712,440,279,443,DHelmet
_325yl5hzk,43,767,446,303,466,DHelmet
_325yl5hzk,44,838,453,338,495,DHelmet
_325yl5hzk,45,908,461,374,523,DHelmet
_325yl5hzk,46,999,470,417,556,DHelmet
_325yl5hzk,47,1089,479,461,588,DHelmet
_325yl5hzk,48,1192,492,517,587,DHelmet
_325yl5hzk,49,1307,502,580,578,DHelmet
_325yl5hzk,50,1436,518,484,562,DHelmet
_325yl5hzk,51,1580,528,340,552,DHelmet
_3490pghp4,60,1786,415,134,160,DNoHelmetP1NoHelmet
_3490pghp4,61,1734,408,147,161,DNoHelmetP1NoHelmet
_3490pghp4,62,1688,406,141,158,DNoHelmetP1NoHelmet
_3490pghp4,63,1641,404,135,155,DNoHelmetP1NoHelmet
_3490pghp4,64,1595,402,129,151,DNoHelmetP1NoHelmet
_3490pghp4,65,1549,400,123,148,DNoHelmetP1NoHelmet
_3490pghp4,66,1510,399,119,144,DNoHelmetP1NoHelmet
_3490pghp4,67,1472,398,114,141,DNoHelmetP1NoHelmet
_3490pghp4,68,1434,397,109,137,DNoHelmetP1NoHelmet
_3490pghp4,69,1396,397,103,132,DNoHelmetP1NoHelmet
_3490pghp4,70,1357,396,99,128,DNoHelmetP1NoHelmet
_3490pghp4,71,1324,394,96,127,DNoHelmetP1NoHelmet
_3490pghp4,72,1291,392,93,125,DNoHelmetP1NoHelmet
_3490pghp4,73,1259,391,89,122,DNoHelmetP1NoHelmet
_3490pghp4,74,1226,389,85,120,DNoHelmetP1NoHelmet
_3490pghp4,75,1196,388,84,118,DNoHelmetP1NoHelmet
_3490pghp4,76,1167,387,82,115,DNoHelmetP1NoHelmet
_3490pghp4,77,1138,386,80,113,DNoHelmetP1NoHelmet
_3490pghp4,78,1109,385,78,110,DNoHelmetP1NoHelmet
_3490pghp4,79,1080,383,76,109,DNoHelmetP1NoHelmet
_3490pghp4,80,1053,382,74,107,DNoHelmetP1NoHelmet
_3490pghp4,81,1027,380,72,105,DNoHelmetP1NoHelmet
_3490pghp4,82,1001,379,70,103,DNoHelmetP1NoHelmet
_3490pghp4,83,975,377,68,102,DNoHelmetP1NoHelmet
_3490pghp4,84,951,376,67,101,DNoHelmetP1NoHelmet
_3490pghp4,85,928,375,66,99,DNoHelmetP1NoHelmet
_3490pghp4,86,905,374,64,98,DNoHelmetP1NoHelmet
_3490pghp4,87,881,373,64,97,DNoHelmetP1NoHelmet
_3490pghp4,88,861,372,62,95,DNoHelmetP1NoHelmet
_3490pghp4,89,840,371,62,94,DNoHelmetP1NoHelmet
_3490pghp4,90,820,370,60,93,DNoHelmetP1NoHelmet
_3490pghp4,91,799,368,59,92,DNoHelmetP1NoHelmet
_3490pghp4,92,780,367,58,91,DNoHelmetP1NoHelmet
_3490pghp4,93,761,366,57,90,DNoHelmetP1NoHelmet
_3490pghp4,94,743,365,55,88,DNoHelmetP1NoHelmet
_3490pghp4,95,724,364,54,87,DNoHelmetP1NoHelmet
_3490pghp4,96,707,363,53,86,DNoHelmetP1NoHelmet
_3490pghp4,97,691,362,52,84,DNoHelmetP1NoHelmet
_3490pghp4,98,674,361,51,83,DNoHelmetP1NoHelmet
_3490pghp4,99,657,360,50,82,DNoHelmetP1NoHelmet
_3490pghp4,100,641,359,49,80,DNoHelmetP1NoHelmet
