track_id,frame_id,x,y,w,h,label
_ggkk20ij4,1,58,350,83,150,DHelmetP1Helmet
_ggkk20ij4,2,67,351,86,153,DHelmetP1Helmet
_ggkk20ij4,3,77,352,87,156,DHelmetP1Helmet
_ggkk20ij4,4,87,353,88,159,DHelmetP1Helmet
_ggkk20ij4,5,99,354,89,161,DHelmetP1Helmet
_ggkk20ij4,6,111,355,89,163,DHelmetP1Helmet
_ggkk20ij4,7,123,355,90,167,DHelmetP1Helmet
_ggkk20ij4,8,134,357,93,168,DHelmetP1Helmet
_ggkk20ij4,9,145,358,96,171,DHelmetP1Helmet
_ggkk20ij4,10,156,359,98,173,DHelmetP1Helmet
_ggkk20ij4,11,170,359,98,179,DHelmetP1Helmet
_ggkk20ij4,12,183,359,98,184,DHelmetP1Helmet
_ggkk20ij4,13,196,359,99,190,DHelmetP1Helmet
_ggkk20ij4,14,209,361,101,193,DHelmetP1Helmet
_ggkk20ij4,15,222,362,104,196,DHelmetP1Helmet
_ggkk20ij4,16,235,363,106,200,DHelmetP1Helmet
_ggkk20ij4,17,247,364,109,204,DHelmetP1Helmet
_ggkk20ij4,18,262,366,111,207,DHelmetP1Helmet
_ggkk20ij4,19,277,368,113,211,DHelmetP1Helmet
_ggkk20ij4,20,291,370,115,215,DHelmetP1Helmet
_ggkk20ij4,21,306,371,117,220,DHelmetP1Helmet
_ggkk20ij4,22,322,373,119,223,DHelmetP1Helmet
_ggkk20ij4,23,338,374,121,228,DHelmetP1Helmet
_ggkk20ij4,24,354,376,124,231,DHelmetP1Helmet
_ggkk20ij4,25,370,378,126,235,DHelmetP1Helmet
_ggkk20ij4,26,388,379,129,242,DHelmetP1Helmet
_ggkk20ij4,27,406,380,131,250,DHelmetP1Helmet
_ggkk20ij4,28,424,382,133,256,DHelmetP1Helmet
_ggkk20ij4,29,442,383,136,264,DHelmetP1Helmet
_ggkk20ij4,30,461,388,140,267,DHelmetP1Helmet
_ggkk20ij4,31,481,392,143,272,DHelmetP1Helmet
_ggkk20ij4,32,500,397,148,276,DHelmetP1Helmet
_ggkk20ij4,33,519,401,152,280,DHelmetP1Helmet
_ggkk20ij4,34,542,403,158,288,DHelmetP1Helmet
_ggkk20ij4,35,564,405,166,296,DHelmetP1Helmet
_ggkk20ij4,36,586,407,173,303,DHelmetP1Helmet
_ggkk20ij4,37,608,409,180,311,DHelmetP1Helmet
_ggkk20ij4,38,640,412,190,319,DHelmetP1Helmet
_ggkk20ij4,39,671,414,200,328,DHelmetP1Helmet
_ggkk20ij4,40,703,417,210,335,DHelmetP1Helmet
_ggkk20ij4,41,734,420,220,343,DHelmetP1Helmet
_ggkk20ij4,42,771,422,230,354,DHelmetP1Helmet
_ggkk20ij4,43,807,424,242,364,DHelmetP1Helmet
_ggkk20ij4,44,843,426,253,375,DHelmetP1Helmet
_ggkk20ij4,45,886,431,263,386,DHelmetP1Helmet
_ggkk20ij4,46,930,436,271,397,DHelmetP1Helmet
_ggkk20ij4,47,973,440,281,409,DHelmetP1Helmet
_ggkk20ij4,48,1016,445,290,420,DHelmetP1Helmet
_ggkk20ij4,49,1065,449,310,437,DHelmetP1Helmet
_ggkk20ij4,50,1114,454,329,452,DHelmetP1Helmet
_ggkk20ij4,51,1163,458,349,469,DHelmetP1Helmet
_ggkk20ij4,52,1218,463,373,488,DHelmetP1Helmet
_ggkk20ij4,53,1272,468,399,508,DHelmetP1Helmet
_ggkk20ij4,54,1339,475,424,527,DHelmetP1Helmet
_ggkk20ij4,55,1406,481,449,547,DHelmetP1Helmet
_ggkk20ij4,56,1474,490,446,565,DHelmetP1Helmet
_ggkk20ij4,57,1549,498,371,557,DHelmetP1Helmet
_ggkk20ij4,58,1625,506,295,549,DHelmetP1Helmet
_lu0m1rfso,42,2,339,55,107,DNoHelmet
_lu0m1rfso,43,12,340,56,109,DNoHelmet
_lu0m1rfso,44,20,341,60,111,DNoHelmet
_lu0m1rfso,45,28,341,63,114,DNoHelmet
_lu0m1rfso,46,36,342,66,116,DNoHelmet
_lu0m1rfso,47,49,343,65,118,DNoHelmet
_lu0m1rfso,48,61,344,64,121,DNoHelmet
_lu0m1rfso,49,74,344,62,124,DNoHelmet
_lu0m1rfso,50,86,345,64,127,DNoHelmet
_lu0m1rfso,51,97,346,68,129,DNoHelmet
_lu0m1rfso,52,109,347,70,132,DNoHelmet
_lu0m1rfso,53,122,347,72,135,DNoHelmet
_lu0m1rfso,54,136,347,73,138,DNoHelmet
_lu0m1rfso,55,149,347,76,141,DNoHelmet
_lu0m1rfso,56,164,348,79,145,DNoHelmet
_lu0m1rfso,57,180,350,80,147,DNoHelmet
_lu0m1rfso,58,195,351,83,151,DNoHelmet
_lu0m1rfso,59,210,353,86,153,DNoHelmet
_lu0m1rfso,60,229,354,86,157,DNoHelmet
_lu0m1rfso,61,248,354,87,162,DNoHelmet
_lu0m1rfso,62,266,355,88,166,DNoHelmet
_lu0m1rfso,63,288,357,90,169,DNoHelmet
_lu0m1rfso,64,310,358,92,173,DNoHelmet
_lu0m1rfso,65,332,360,94,176,DNoHelmet
_lu0m1rfso,66,357,362,97,182,DNoHelmet
_lu0m1rfso,67,382,364,101,188,DNoHelmet
_lu0m1rfso,68,407,367,105,194,DNoHelmet
_lu0m1rfso,69,432,369,108,200,DNoHelmet
_lu0m1rfso,70,463,371,113,206,DNoHelmet
_lu0m1rfso,71,495,373,117,212,DNoHelmet
_lu0m1rfso,72,527,375,120,218,DNoHelmet
_lu0m1rfso,73,563,378,126,227,DNoHelmet
_lu0m1rfso,74,599,381,132,236,DNoHelmet
_lu0m1rfso,75,643,386,140,246,DNoHelmet
_lu0m1rfso,76,687,390,147,257,DNoHelmet
_lu0m1rfso,77,730,394,156,268,DNoHelmet
_lu0m1rfso,78,786,399,166,279,DNoHelmet
_lu0m1rfso,79,841,404,177,291,DNoHelmet
_lu0m1rfso,80,896,409,188,303,DNoHelmet
_lu0m1rfso,81,969,415,206,321,DNoHelmet
_lu0m1rfso,82,1042,422,225,339,DNoHelmet
_lu0m1rfso,83,1115,429,243,356,DNoHelmet
_lu0m1rfso,84,1205,437,273,379,DNoHelmet
_lu0m1rfso,85,1295,445,303,402,DNoHelmet
_lu0m1rfso,86,1408,452,347,435,DNoHelmet
_lu0m1rfso,87,1521,460,391,468,DNoHelmet
_lu0m1rfso,88,1659,473,261,438,DNoHelmet
_95ib0duz2,67,1823,418,97,154,DHelmetP1Helmet
_95ib0duz2,68,1780,416,140,156,DHelmetP1Helmet
_95ib0duz2,69,1739,413,138,154,DHelmetP1Helmet
_95ib0duz2,70,1697,411,136,151,DHelmetP1Helmet
_95ib0duz2,71,1658,409,134,148,DHelmetP1Helmet
_95ib0duz2,72,1619,406,131,146,DHelmetP1Helmet
_95ib0duz2,73,1582,406,127,142,DHelmetP1Helmet
_95ib0duz2,74,1544,405,124,139,DHelmetP1Helmet
_95ib0duz2,75,1509,404,120,135,DHelmetP1Helmet
_95ib0duz2,76,1474,402,116,133,DHelmetP1Helmet
_95ib0duz2,77,1439,401,112,130,DHelmetP1Helmet
_95ib0duz2,78,1408,399,109,128,DHelmetP1Helmet
_95ib0duz2,79,1376,398,106,126,DHelmetP1Helmet
_95ib0duz2,80,1345,396,103,124,DHelmetP1Helmet
_95ib0duz2,81,1314,394,100,122,DHelmetP1Helmet
_95ib0duz2,82,1286,393,97,120,DHelmetP1Helmet
_95ib0duz2,83,1258,392,95,118,DHelmetP1Helmet
_95ib0duz2,84,1230,390,92,117,DHelmetP1Helmet
_95ib0duz2,85,1203,389,89,115,DHelmetP1Helmet
_95ib0duz2,86,1177,388,88,112,DHelmetP1Helmet
_95ib0duz2,87,1152,387,85,110,DHelmetP1Helmet
_95ib0duz2,88,1127,385,83,109,DHelmetP1Helmet
_95ib0duz2,89,1104,384,81,107,DHelmetP1Helmet
_95ib0duz2,90,1081,383,80,105,DHelmetP1Helmet
_95ib0duz2,91,1057,382,79,103,DHelmetP1Helmet
_95ib0duz2,92,1034,380,77,101,DHelmetP1Helmet
_95ib0duz2,93,1014,379,74,101,DHelmetP1Helmet
_95ib0duz2,94,993,379,72,99,DHelmetP1Helmet
_95ib0duz2,95,972,378,70,98,DHelmetP1Helmet
_95ib0duz2,96,951,377,68,97,DHelmetP1Helmet
_95ib0duz2,97,932,375,66,97,DHelmetP1Helmet
_95ib0duz2,98,913,374,65,95,DHelmetP1Helmet
_95ib0duz2,99,894,373,63,94,DHelmetP1Helmet
_95ib0duz2,100,875,371,62,94,DHelmetP1Helmet
_dorjtp6mk,44,3,361,57,190,DHelmet
_dorjtp6mk,45,4,361,67,194,DHelmet
_dorjtp6mk,46,4,361,78,198,DHelmet
_dorjtp6mk,47,5,361,89,203,DHelmet
_dorjtp6mk,48,6,362,100,207,DHelmet
_dorjtp6mk,49,15,363,103,212,DHelmet
_dorjtp6mk,50,24,363,105,217,DHelmet
_dorjtp6mk,51,36,365,108,220,DHelmet
_dorjtp6mk,52,48,366,110,225,DHelmet
_dorjtp6mk,53,60,367,112,229,DHelmet
_dorjtp6mk,54,72,369,114,232,DHelmet
_dorjtp6mk,55,84,371,118,237,DHelmet
_dorjtp6mk,56,97,373,121,243,DHelmet
_dorjtp6mk,57,110,374,124,249,DHelmet
_dorjtp6mk,58,123,376,126,254,DHelmet
_dorjtp6mk,59,136,378,129,259,DHelmet
_dorjtp6mk,60,153,381,131,264,DHelmet
_dorjtp6mk,61,169,383,134,270,DHelmet
_dorjtp6mk,62,185,385,137,276,DHelmet
_dorjtp6mk,63,202,388,139,281,DHelmet
_dorjtp6mk,64,218,390,142,287,DHelmet
_dorjtp6mk,65,240,393,149,295,DHelmet
_dorjtp6mk,66,262,395,157,303,DHelmet
_dorjtp6mk,67,284,397,164,311,DHelmet
_dorjtp6mk,68,307,400,171,318,DHelmet
_dorjtp6mk,69,329,402,178,326,DHelmet
_dorjtp6mk,70,356,406,181,334,DHelmet
_dorjtp6mk,71,383,409,184,343,DHelmet
_dorjtp6mk,72,410,412,187,351,DHelmet
_dorjtp6mk,73,437,416,190,359,DHelmet
_dorjtp6mk,74,467,419,200,371,DHelmet
_dorjtp6mk,75,497,422,210,383,DHelmet
_dorjtp6mk,76,527,425,220,396,DHelmet
_dorjtp6mk,77,565,429,230,409,DHelmet
_dorjtp6mk,78,603,433,240,422,DHelmet
_dorjtp6mk,79,641,436,250,436,DHelmet
_dorjtp6mk,80,684,441,267,451,DHelmet
_dorjtp6mk,81,726,447,284,465,DHelmet
_dorjtp6mk,82,769,452,301,480,DHelmet
_dorjtp6mk,83,819,457,323,501,DHelmet
_dorjtp6mk,84,869,462,345,522,DHelmet
_dorjtp6mk,85,926,467,370,543,DHelmet
_dorjtp6mk,86,983,472,395,564,DHelmet
_dorjtp6mk,87,1050,479,424,580,DHelmet
_dorjtp6mk,88,1117,486,453,594,DHelmet
_dorjtp6mk,89,1186,496,494,584,DHelmet
_dorjtp6mk,90,1270,504,519,576,DHelmet
_dorjtp6mk,91,1354,518,561,562,DHelmet
_dorjtp6mk,92,1450,526,470,554,DHelmet
_dorjtp6mk,93,1549,541,371,539,DHelmet
_3mkunv11r,88,6,339,56,112,DHelmetP1Helmet
_3mkunv11r,89,17,342,59,113,DHelmetP1Helmet
_3mkunv11r,90,29,342,60,116,DHelmetP1Helmet
_3mkunv11r,91,41,342,62,119,DHelmetP1Helmet
_3mkunv11r,92,53,342,64,123,DHelmetP1Helmet
_3mkunv11r,93,67,343,66,125,DHelmetP1Helmet
_3mkunv11r,94,82,343,67,128,DHelmetP1Helmet
_3mkunv11r,95,96,343,70,131,DHelmetP1Helmet
_3mkunv11r,96,111,343,71,134,DHelmetP1Helmet
_3mkunv11r,97,127,344,73,137,DHelmetP1Helmet
_3mkunv11r,98,144,346,75,139,DHelmetP1Helmet
_3mkunv11r,99,160,347,77,143,DHelmetP1Helmet
_3mkunv11r,100,177,349,78,145,DHelmetP1Helmet
_j7b7t6tyh,61,1,341,59,114,DHelmet
_j7b7t6tyh,62,13,341,60,118,DHelmet
_j7b7t6tyh,63,25,342,61,120,DHelmet
_j7b7t6tyh,64,39,342,62,122,DHelmet
_j7b7t6tyh,65,52,343,64,123,DHelmet
_j7b7t6tyh,66,65,343,66,125,DHelmet
_j7b7t6tyh,67,78,344,68,126,DHelmet
_j7b7t6tyh,68,92,344,69,128,DHelmet
_j7b7t6tyh,69,106,345,69,131,DHelmet
_j7b7t6tyh,70,120,345,70,134,DHelmet
_j7b7t6tyh,71,134,346,70,137,DHelmet
_j7b7t6tyh,72,148,347,71,140,DHelmet
_j7b7t6tyh,73,162,348,71,142,DHelmet
_j7b7t6tyh,74,176,349,73,144,DHelmet
_j7b7t6tyh,75,191,350,74,146,DHelmet
_j7b7t6tyh,76,205,350,76,150,DHelmet
_j7b7t6tyh,77,220,351,76,152,DHelmet
_j7b7t6tyh,78,235,352,77,154,DHelmet
_j7b7t6tyh,79,251,353,79,157,DHelmet
_j7b7t6tyh,80,267,355,81,160,DHelmet
_j7b7t6tyh,81,283,356,83,163,DHelmet
_j7b7t6tyh,82,299,357,85,167,DHelmet
_j7b7t6tyh,83,316,358,87,170,DHelmet
_j7b7t6tyh,84,333,360,90,173,DHelmet
_j7b7t6tyh,85,349,361,93,176,DHelmet
_j7b7t6tyh,86,366,362,95,180,DHelmet
_j7b7t6tyh,87,386,363,98,185,DHelmet
_j7b7t6tyh,88,406,364,100,191,DHelmet
_j7b7t6tyh,89,426,364,102,197,DHelmet
_j7b7t6tyh,90,447,365,103,203,DHelmet
_j7b7t6tyh,91,468,367,106,207,DHelmet
_j7b7t6tyh,92,490,368,107,212,DHelmet
_j7b7t6tyh,93,512,369,108,218,DHelmet
_j7b7t6tyh,94,534,371,110,222,DHelmet
_j7b7t6tyh,95,558,373,114,229,DHelmet
_j7b7t6tyh,96,581,376,119,235,DHelmet
_j7b7t6tyh,97,604,379,125,241,DHelmet
_j7b7t6tyh,98,631,381,130,248,DHelmet
_j7b7t6tyh,99,658,384,134,254,DHelmet
_j7b7t6tyh,100,685,386,139,261,DHelmet
_hsuge6vn5,72,5,337,53,108,DHelmet
_hsuge6vn5,73,16,337,57,112,DHelmet
_hsuge6vn5,74,31,338,59,114,DHelmet
_hsuge6vn5,75,45,340,62,115,DHelmet
_hsuge6vn5,76,60,342,64,116,DHelmet
_hsuge6vn5,77,75,344,66,117,DHelmet
_hsuge6vn5,78,93,345,67,120,DHelmet
_hsuge6vn5,79,111,346,68,123,DHelmet
_hsuge6vn5,80,130,347,69,125,DHelmet
_hsuge6vn5,81,148,348,70,128,DHelmet
_hsuge6vn5,82,170,349,74,132,DHelmet
_hsuge6vn5,83,192,350,77,135,DHelmet
_hsuge6vn5,84,213,351,82,139,DHelmet
_hsuge6vn5,85,240,351,85,143,DHelmet
_hsuge6vn5,86,267,350,89,147,DHelmet
_hsuge6vn5,87,294,350,93,151,DHelmet
_hsuge6vn5,88,327,353,89,153,DHelmet
_hsuge6vn5,89,361,355,85,156,DHelmet
_hsuge6vn5,90,395,358,80,158,DHelmet
_hsuge6vn5,91,441,360,85,166,DHelmet
_hsuge6vn5,92,488,362,88,174,DHelmet
_hsuge6vn5,93,535,364,92,182,DHelmet
_hsuge6vn5,94,581,366,96,190,DHelmet
_hsuge6vn5,95,628,368,99,198,DHelmet
_hsuge6vn5,96,674,372,114,207,DHelmet
_hsuge6vn5,97,721,376,129,216,DHelmet
_hsuge6vn5,98,768,380,143,224,DHelmet
_hsuge6vn5,99,830,384,153,234,DHelmet
_hsuge6vn5,100,892,388,163,244,DHelmet
