track_id,frame_id,x,y,w,h,label
_781k5q2km,1,113,359,83,174,DHelmet
_781k5q2km,2,119,360,86,178,DHelmet
_781k5q2km,3,126,361,88,182,DHelmet
_781k5q2km,4,133,362,90,186,DHelmet
_781k5q2km,5,140,363,92,190,DHelmet
_781k5q2km,6,147,364,93,194,DHelmet
_781k5q2km,7,153,366,96,196,DHelmet
_781k5q2km,8,160,367,98,200,DHelmet
_781k5q2km,9,167,369,99,203,DHelmet
_781k5q2km,10,174,371,102,205,DHelmet
_781k5q2km,11,182,372,103,209,DHelmet
_781k5q2km,12,190,374,104,212,DHelmet
_781k5q2km,13,197,376,107,214,DHelmet
_781k5q2km,14,208,377,108,219,DHelmet
_781k5q2km,15,219,379,110,223,DHelmet
_781k5q2km,16,229,380,113,228,DHelmet
_781k5q2km,17,240,382,115,231,DHelmet
_781k5q2km,18,251,383,116,236,DHelmet
_781k5q2km,19,263,384,120,242,DHelmet
_781k5q2km,20,276,385,122,247,DHelmet
_781k5q2km,21,289,385,125,254,DHelmet
_781k5q2km,22,301,386,128,259,DHelmet
_781k5q2km,23,314,387,131,265,DHelmet
_781k5q2km,24,327,391,133,270,DHelmet
_781k5q2km,25,341,395,134,275,DHelmet
_781k5q2km,26,355,399,136,281,DHelmet
_781k5q2km,27,368,402,138,287,DHelmet
_781k5q2km,28,382,406,139,292,DHelmet
_781k5q2km,29,396,408,143,301,DHelmet
_781k5q2km,30,411,410,146,309,DHelmet
_781k5q2km,31,426,412,149,317,DHelmet
_781k5q2km,32,440,414,153,326,DHelmet
_781k5q2km,33,456,416,157,335,DHelmet
_781k5q2km,34,471,419,162,344,DHelmet
_781k5q2km,35,487,421,165,353,DHelmet
_781k5q2km,36,503,424,169,361,DHelmet
_781k5q2km,37,518,426,174,371,DHelmet
_781k5q2km,38,537,430,178,383,DHelmet
_781k5q2km,39,556,434,181,395,DHelmet
_781k5q2km,40,575,438,184,406,DHelmet
_781k5q2km,41,595,441,187,419,DHelmet
_781k5q2km,42,614,445,190,431,DHelmet
_781k5q2km,43,633,449,194,443,DHelmet
_781k5q2km,44,649,453,200,456,DHelmet
_781k5q2km,45,666,457,204,470,DHelmet
_781k5q2km,46,682,460,210,484,DHelmet
_781k5q2km,47,724,464,192,429,DHelmet
_781k5q2km,48,766,468,174,373,DHelmet
_781k5q2km,49,741,472,223,380,DHelmet
_781k5q2km,50,755,476,238,432,DHelmet
_781k5q2km,51,769,479,253,486,DHelmet
_781k5q2km,52,783,483,268,539,DHelmet
_781k5q2km,53,796,487,284,591,DHelmet
_781k5q2km,54,813,491,298,589,DHelmet
_781k5q2km,55,834,496,310,584,DHelmet
_781k5q2km,56,854,502,323,578,DHelmet
_781k5q2km,57,877,508,337,572,DHelmet
_781k5q2km,58,900,514,351,566,DHelmet
_781k5q2km,59,926,520,366,560,DHelmet
_781k5q2km,60,951,526,382,553,DHelmet
_781k5q2km,61,977,532,397,548,DHelmet
_781k5q2km,62,1002,539,413,541,DHelmet
_781k5q2km,63,1038,546,424,534,DHelmet
_781k5q2km,64,1074,553,436,527,DHelmet
_781k5q2km,65,1107,560,459,520,DHelmet
_781k5q2km,66,1139,567,484,513,DHelmet
_781k5q2km,67,1178,577,504,503,DHelmet
_781k5q2km,68,1217,586,524,494,DHelmet
_781k5q2km,69,1261,597,552,483,DHelmet
_781k5q2km,70,1305,608,580,472,DHelmet
_781k5q2km,71,1353,619,550,461,DHelmet
_781k5q2km,72,1400,630,520,450,DHelmet
_781k5q2km,73,1455,645,465,435,DHelmet
_781k5q2km,74,1509,660,411,420,DHelmet
_y5718pyyv,15,2,342,58,113,DHelmetP1Helmet
_y5718pyyv,16,8,343,61,115,DHelmetP1Helmet
_y5718pyyv,17,15,343,63,117,DHelmetP1Helmet
_y5718pyyv,18,22,344,65,118,DHelmetP1Helmet
_y5718pyyv,19,28,345,68,120,DHelmetP1Helmet
_y5718pyyv,20,37,345,69,123,DHelmetP1Helmet
_y5718pyyv,21,46,346,70,125,DHelmetP1Helmet
_y5718pyyv,22,55,346,72,128,DHelmetP1Helmet
_y5718pyyv,23,63,347,74,129,DHelmetP1Helmet
_y5718pyyv,24,73,348,75,132,DHelmetP1Helmet
_y5718pyyv,25,83,349,75,134,DHelmetP1Helmet
_y5718pyyv,26,93,350,76,137,DHelmetP1Helmet
_y5718pyyv,27,104,351,75,139,DHelmetP1Helmet
_y5718pyyv,28,115,352,78,142,DHelmetP1Helmet
_y5718pyyv,29,127,352,79,147,DHelmetP1Helmet
_y5718pyyv,30,139,353,81,150,DHelmetP1Helmet
_y5718pyyv,31,151,353,82,154,DHelmetP1Helmet
_y5718pyyv,32,165,354,85,154,DHelmetP1Helmet
_y5718pyyv,33,179,355,87,154,DHelmetP1Helmet
_y5718pyyv,34,193,356,90,154,DHelmetP1Helmet
_y5718pyyv,35,207,357,92,155,DHelmetP1Helmet
_y5718pyyv,36,222,358,94,155,DHelmetP1Helmet
_y5718pyyv,37,240,359,97,162,DHelmetP1Helmet
_y5718pyyv,38,259,361,98,169,DHelmetP1Helmet
_y5718pyyv,39,277,362,101,177,DHelmetP1Helmet
_y5718pyyv,40,296,364,103,183,DHelmetP1Helmet
_y5718pyyv,41,314,365,106,191,DHelmetP1Helmet
_y5718pyyv,42,336,367,108,196,DHelmetP1Helmet
_y5718pyyv,43,358,369,111,202,DHelmetP1Helmet
_y5718pyyv,44,380,371,113,207,DHelmetP1Helmet
_y5718pyyv,45,401,373,117,212,DHelmetP1Helmet
_y5718pyyv,46,427,375,120,220,DHelmetP1Helmet
_y5718pyyv,47,453,377,123,228,DHelmetP1Helmet
_y5718pyyv,48,479,379,126,235,DHelmetP1Helmet
_y5718pyyv,49,505,381,130,243,DHelmetP1Helmet
_y5718pyyv,50,534,385,135,250,DHelmetP1Helmet
_y5718pyyv,51,562,389,141,257,DHelmetP1Helmet
_y5718pyyv,52,591,393,146,264,DHelmetP1Helmet
_y5718pyyv,53,620,397,152,271,DHelmetP1Helmet
_y5718pyyv,54,656,399,158,283,DHelmetP1Helmet
_y5718pyyv,55,691,401,165,295,DHelmetP1Helmet
_y5718pyyv,56,727,404,171,306,DHelmetP1Helmet
_y5718pyyv,57,765,409,178,313,DHelmetP1Helmet
_y5718pyyv,58,804,414,184,320,DHelmetP1Helmet
_y5718pyyv,59,842,419,191,327,DHelmetP1Helmet
_y5718pyyv,60,885,423,200,329,DHelmetP1Helmet
_y5718pyyv,61,927,427,210,331,DHelmetP1Helmet
_y5718pyyv,62,970,431,219,332,DHelmetP1Helmet
_y5718pyyv,63,1020,435,239,361,DHelmetP1Helmet
_y5718pyyv,64,1071,440,258,390,DHelmetP1Helmet
_y5718pyyv,65,1121,444,277,419,DHelmetP1Helmet
_y5718pyyv,66,1177,450,301,437,DHelmetP1Helmet
_y5718pyyv,67,1233,455,325,456,DHelmetP1Helmet
_y5718pyyv,68,1289,460,348,474,DHelmetP1Helmet
_y5718pyyv,69,1354,465,374,494,DHelmetP1Helmet
_y5718pyyv,70,1419,471,399,513,DHelmetP1Helmet
_y5718pyyv,71,1489,479,431,534,DHelmetP1Helmet
_y5718pyyv,72,1566,487,354,508,DHelmetP1Helmet
_y5718pyyv,73,1642,495,278,490,DHelmetP1Helmet
_b0aa1wx7x,23,3,388,82,305,DHelmet
_b0aa1wx7x,24,2,391,102,319,DHelmet
_b0aa1wx7x,25,2,394,121,333,DHelmet
_b0aa1wx7x,26,1,397,142,347,DHelmet
_b0aa1wx7x,27,2,401,162,356,DHelmet
_b0aa1wx7x,28,2,404,184,366,DHelmet
_b0aa1wx7x,29,23,408,184,375,DHelmet
_b0aa1wx7x,30,42,411,192,391,DHelmet
_b0aa1wx7x,31,61,415,199,407,DHelmet
_b0aa1wx7x,32,81,418,205,424,DHelmet
_b0aa1wx7x,33,100,422,213,439,DHelmet
_b0aa1wx7x,34,122,426,222,459,DHelmet
_b0aa1wx7x,35,144,430,232,479,DHelmet
_b0aa1wx7x,36,165,434,242,499,DHelmet
_b0aa1wx7x,37,187,438,252,519,DHelmet
_b0aa1wx7x,38,212,442,267,544,DHelmet
_b0aa1wx7x,39,237,447,283,568,DHelmet
_b0aa1wx7x,40,262,451,299,593,DHelmet
_b0aa1wx7x,41,287,456,315,618,DHelmet
_b0aa1wx7x,42,318,463,323,614,DHelmet
_b0aa1wx7x,43,349,471,332,609,DHelmet
_b0aa1wx7x,44,386,479,351,601,DHelmet
_b0aa1wx7x,45,424,488,369,592,DHelmet
_b0aa1wx7x,46,465,501,404,579,DHelmet
_b0aa1wx7x,47,507,514,437,566,DHelmet
_b0aa1wx7x,48,573,524,459,556,DHelmet
_b0aa1wx7x,49,640,535,481,545,DHelmet
_b0aa1wx7x,50,711,558,522,522,DHelmet
_b0aa1wx7x,51,782,581,563,499,DHelmet
_b0aa1wx7x,52,873,607,629,473,DHelmet
_b0aa1wx7x,53,963,633,696,447,DHelmet
_b0aa1wx7x,54,1119,669,754,411,DHelmet
_kyjxog6pw,55,1,358,55,176,DNoHelmetP1NoHelmet
_kyjxog6pw,56,5,359,60,178,DNoHelmetP1NoHelmet
_kyjxog6pw,57,1,359,73,183,DNoHelmetP1NoHelmet
_kyjxog6pw,58,3,359,80,187,DNoHelmetP1NoHelmet
_kyjxog6pw,59,1,359,91,192,DNoHelmetP1NoHelmet
_kyjxog6pw,60,9,361,94,198,DNoHelmetP1NoHelmet
_kyjxog6pw,61,16,363,98,204,DNoHelmetP1NoHelmet
_kyjxog6pw,62,24,365,102,210,DNoHelmetP1NoHelmet
_kyjxog6pw,63,31,367,106,216,DNoHelmetP1NoHelmet
_kyjxog6pw,64,39,369,109,222,DNoHelmetP1NoHelmet
_kyjxog6pw,65,49,371,112,227,DNoHelmetP1NoHelmet
_kyjxog6pw,66,60,374,114,231,DNoHelmetP1NoHelmet
_kyjxog6pw,67,71,376,117,236,DNoHelmetP1NoHelmet
_kyjxog6pw,68,81,378,120,242,DNoHelmetP1NoHelmet
_kyjxog6pw,69,92,380,124,251,DNoHelmetP1NoHelmet
_kyjxog6pw,70,103,383,128,259,DNoHelmetP1NoHelmet
_kyjxog6pw,71,113,385,133,268,DNoHelmetP1NoHelmet
_kyjxog6pw,72,124,387,137,278,DNoHelmetP1NoHelmet
_kyjxog6pw,73,138,391,140,285,DNoHelmetP1NoHelmet
_kyjxog6pw,74,153,394,143,294,DNoHelmetP1NoHelmet
_kyjxog6pw,75,167,397,146,303,DNoHelmetP1NoHelmet
_kyjxog6pw,76,181,401,150,311,DNoHelmetP1NoHelmet
_kyjxog6pw,77,196,404,155,321,DNoHelmetP1NoHelmet
_kyjxog6pw,78,211,407,161,331,DNoHelmetP1NoHelmet
_kyjxog6pw,79,226,409,167,343,DNoHelmetP1NoHelmet
_kyjxog6pw,80,241,412,173,353,DNoHelmetP1NoHelmet
_kyjxog6pw,81,259,416,179,366,DNoHelmetP1NoHelmet
_kyjxog6pw,82,277,419,186,379,DNoHelmetP1NoHelmet
_kyjxog6pw,83,295,423,192,392,DNoHelmetP1NoHelmet
_kyjxog6pw,84,313,426,199,406,DNoHelmetP1NoHelmet
_kyjxog6pw,85,333,431,207,421,DNoHelmetP1NoHelmet
_kyjxog6pw,86,353,436,215,436,DNoHelmetP1NoHelmet
_kyjxog6pw,87,373,441,223,451,DNoHelmetP1NoHelmet
_kyjxog6pw,88,393,446,231,466,DNoHelmetP1NoHelmet
_kyjxog6pw,89,417,450,241,490,DNoHelmetP1NoHelmet
_kyjxog6pw,90,441,454,250,514,DNoHelmetP1NoHelmet
_kyjxog6pw,91,468,458,260,538,DNoHelmetP1NoHelmet
_kyjxog6pw,92,496,463,270,561,DNoHelmetP1NoHelmet
_kyjxog6pw,93,523,467,280,585,DNoHelmetP1NoHelmet
_kyjxog6pw,94,556,473,294,594,DNoHelmetP1NoHelmet
_kyjxog6pw,95,589,480,308,600,DNoHelmetP1NoHelmet
_kyjxog6pw,96,624,490,328,590,DNoHelmetP1NoHelmet
_kyjxog6pw,97,659,499,349,581,DNoHelmetP1NoHelmet
_kyjxog6pw,98,703,508,368,572,DNoHelmetP1NoHelmet
_kyjxog6pw,99,747,518,387,562,DNoHelmetP1NoHelmet
_kyjxog6pw,100,793,528,436,552,DNoHelmetP1NoHelmet
_721js05an,63,2,345,44,148,DHelmet
_721js05an,64,4,345,54,151,DHelmet
_721js05an,65,1,345,69,155,DHelmet
_721js05an,66,7,346,73,156,DHelmet
_721js05an,67,13,348,77,157,DHelmet
_721js05an,68,19,350,81,158,DHelmet
_721js05an,69,27,351,84,160,DHelmet
_721js05an,70,36,353,86,161,DHelmet
_721js05an,71,45,354,87,164,DHelmet
_721js05an,72,54,355,89,166,DHelmet
_721js05an,73,62,355,91,170,DHelmet
_721js05an,74,71,355,92,175,DHelmet
_721js05an,75,80,356,93,178,DHelmet
_721js05an,76,89,356,93,183,DHelmet
_721js05an,77,97,356,95,187,DHelmet
_721js05an,78,108,357,96,190,DHelmet
_721js05an,79,118,358,99,193,DHelmet
_721js05an,80,129,359,100,195,DHelmet
_721js05an,81,140,360,102,198,DHelmet
_721js05an,82,150,361,104,201,DHelmet
_721js05an,83,162,362,105,205,DHelmet
_721js05an,84,174,363,106,210,DHelmet
_721js05an,85,186,365,107,213,DHelmet
_721js05an,86,198,366,107,218,DHelmet
_721js05an,87,211,367,110,223,DHelmet
_721js05an,88,224,368,112,228,DHelmet
_721js05an,89,237,369,114,233,DHelmet
_721js05an,90,250,370,116,239,DHelmet
_721js05an,91,264,372,120,243,DHelmet
_721js05an,92,279,374,123,248,DHelmet
_721js05an,93,293,375,128,254,DHelmet
_721js05an,94,307,377,132,259,DHelmet
_721js05an,95,324,379,137,266,DHelmet
_721js05an,96,342,381,141,273,DHelmet
_721js05an,97,359,384,146,279,DHelmet
_721js05an,98,381,386,152,286,DHelmet
_721js05an,99,403,388,157,293,DHelmet
_721js05an,100,426,390,161,300,DHelmet
_aksnito9v,74,1,341,45,142,DHelmet
_aksnito9v,75,0,341,52,144,DHelmet
_aksnito9v,76,0,341,59,146,DHelmet
_aksnito9v,77,1,341,64,148,DHelmet
_aksnito9v,78,6,342,65,150,DHelmet
_aksnito9v,79,10,343,68,151,DHelmet
_aksnito9v,80,15,344,69,153,DHelmet
_aksnito9v,81,19,345,72,155,DHelmet
_aksnito9v,82,24,346,73,156,DHelmet
_aksnito9v,83,30,347,75,159,DHelmet
_aksnito9v,84,35,347,77,162,DHelmet
_aksnito9v,85,41,348,79,165,DHelmet
_aksnito9v,86,49,348,81,169,DHelmet
_aksnito9v,87,57,349,83,171,DHelmet
_aksnito9v,88,65,349,85,175,DHelmet
_aksnito9v,89,73,350,87,178,DHelmet
_aksnito9v,90,80,351,89,181,DHelmet
_aksnito9v,91,88,352,91,183,DHelmet
_aksnito9v,92,95,353,93,186,DHelmet
_aksnito9v,93,104,353,95,190,DHelmet
_aksnito9v,94,113,354,96,193,DHelmet
_aksnito9v,95,122,355,98,196,DHelmet
_aksnito9v,96,131,356,99,199,DHelmet
_aksnito9v,97,140,357,102,202,DHelmet
_aksnito9v,98,149,358,104,205,DHelmet
_aksnito9v,99,159,359,106,208,DHelmet
_aksnito9v,100,168,359,109,212,DHelmet
