track_id,frame_id,x,y,w,h,label
_g2th743dk,1,982,487,274,314,DHelmetP1NoHelmet
_g2th743dk,2,1052,488,288,326,DHelmetP1NoHelmet
_g2th743dk,3,1123,490,304,336,DHelmetP1NoHelmet
_g2th743dk,4,1195,492,319,345,DHelmetP1NoHelmet
_g2th743dk,5,1272,494,326,358,DHelmetP1NoHelmet
_g2th743dk,6,1349,496,332,372,DHelmetP1NoHelmet
_g2th743dk,7,1430,498,251,370,DHelmetP1NoHelmet
_g2th743dk,8,1517,495,164,373,DHelmetP1NoHelmet
_5jl3kpdle,6,0,494,118,240,DNoHelmetP1NoHelmet
_5jl3kpdle,7,1,497,123,240,DNoHelmetP1NoHelmet
_5jl3kpdle,8,2,497,130,243,DNoHelmetP1NoHelmet
_5jl3kpdle,9,2,497,140,245,DNoHelmetP1NoHelmet
_5jl3kpdle,10,3,497,149,248,DNoHelmetP1NoHelmet
_5jl3kpdle,11,3,497,156,251,DNoHelmetP1NoHelmet
_5jl3kpdle,12,2,497,164,254,DNoHelmetP1NoHelmet
_5jl3kpdle,13,2,497,170,256,DNoHelmetP1NoHelmet
_5jl3kpdle,14,2,497,177,259,DNoHelmetP1NoHelmet
_5jl3kpdle,15,3,497,184,262,DNoHelmetP1NoHelmet
_5jl3kpdle,16,4,498,191,264,DNoHelmetP1NoHelmet
_5jl3kpdle,17,4,498,198,266,DNoHelmetP1NoHelmet
_5jl3kpdle,18,4,498,206,269,DNoHelmetP1NoHelmet
_5jl3kpdle,19,3,498,215,272,DNoHelmetP1NoHelmet
_5jl3kpdle,20,2,498,223,275,DNoHelmetP1NoHelmet
_5jl3kpdle,21,8,499,228,278,DNoHelmetP1NoHelmet
_5jl3kpdle,22,14,500,233,280,DNoHelmetP1NoHelmet
_5jl3kpdle,23,20,501,237,283,DNoHelmetP1NoHelmet
_5jl3kpdle,24,32,502,238,285,DNoHelmetP1NoHelmet
_5jl3kpdle,25,44,504,238,285,DNoHelmetP1NoHelmet
_5jl3kpdle,26,56,505,238,287,DNoHelmetP1NoHelmet
_5jl3kpdle,27,68,506,239,288,DNoHelmetP1NoHelmet
_5jl3kpdle,28,80,507,239,290,DNoHelmetP1NoHelmet
_5jl3kpdle,29,92,508,239,291,DNoHelmetP1NoHelmet
_5jl3kpdle,30,105,509,243,293,DNoHelmetP1NoHelmet
_5jl3kpdle,31,117,509,247,295,DNoHelmetP1NoHelmet
_5jl3kpdle,32,130,509,251,297,DNoHelmetP1NoHelmet
_5jl3kpdle,33,143,510,254,299,DNoHelmetP1NoHelmet
_5jl3kpdle,34,155,510,259,301,DNoHelmetP1NoHelmet
_5jl3kpdle,35,166,511,262,302,DNoHelmetP1NoHelmet
_5jl3kpdle,36,177,511,264,305,DNoHelmetP1NoHelmet
_5jl3kpdle,37,187,511,268,307,DNoHelmetP1NoHelmet
_5jl3kpdle,38,198,512,270,308,DNoHelmetP1NoHelmet
_5jl3kpdle,39,209,512,273,311,DNoHelmetP1NoHelmet
_5jl3kpdle,40,219,512,277,313,DNoHelmetP1NoHelmet
_5jl3kpdle,41,226,512,277,313,DNoHelmetP1NoHelmet
_5jl3kpdle,42,233,512,278,313,DNoHelmetP1NoHelmet
_5jl3kpdle,43,239,511,279,314,DNoHelmetP1NoHelmet
_5jl3kpdle,44,242,512,280,314,DNoHelmetP1NoHelmet
_5jl3kpdle,45,244,512,281,315,DNoHelmetP1NoHelmet
_5jl3kpdle,46,246,512,282,316,DNoHelmetP1NoHelmet
_5jl3kpdle,47,246,513,281,315,DNoHelmetP1NoHelmet
_5jl3kpdle,48,245,513,281,316,DNoHelmetP1NoHelmet
_5jl3kpdle,49,245,513,281,316,DNoHelmetP1NoHelmet
_5jl3kpdle,50,245,513,280,317,DNoHelmetP1NoHelmet
_5jl3kpdle,51,244,514,280,316,DNoHelmetP1NoHelmet
_5jl3kpdle,52,244,514,279,317,DNoHelmetP1NoHelmet
_5jl3kpdle,53,244,514,278,317,DNoHelmetP1NoHelmet
_5jl3kpdle,54,243,514,279,317,DNoHelmetP1NoHelmet
_5jl3kpdle,55,243,514,280,318,DNoHelmetP1NoHelmet
_5jl3kpdle,56,243,514,281,318,DNoHelmetP1NoHelmet
_5jl3kpdle,57,243,515,282,318,DNoHelmetP1NoHelmet
_5jl3kpdle,58,243,515,283,318,DNoHelmetP1NoHelmet
_5jl3kpdle,59,242,515,284,318,DNoHelmetP1NoHelmet
_5jl3kpdle,60,245,515,285,319,DNoHelmetP1NoHelmet
_5jl3kpdle,61,248,515,285,319,DNoHelmetP1NoHelmet
_5jl3kpdle,62,251,515,286,320,DNoHelmetP1NoHelmet
_5jl3kpdle,63,254,515,286,320,DNoHelmetP1NoHelmet
_5jl3kpdle,64,257,515,287,320,DNoHelmetP1NoHelmet
_5jl3kpdle,65,260,516,287,320,DNoHelmetP1NoHelmet
_5jl3kpdle,66,263,516,288,320,DNoHelmetP1NoHelmet
_5jl3kpdle,67,266,516,288,321,DNoHelmetP1NoHelmet
_5jl3kpdle,68,268,516,290,321,DNoHelmetP1NoHelmet
_5jl3kpdle,69,276,516,288,322,DNoHelmetP1NoHelmet
_5jl3kpdle,70,283,517,287,321,DNoHelmetP1NoHelmet
_5jl3kpdle,71,290,517,286,322,DNoHelmetP1NoHelmet
_5jl3kpdle,72,297,518,284,322,DNoHelmetP1NoHelmet
_5jl3kpdle,73,305,518,282,322,DNoHelmetP1NoHelmet
_5jl3kpdle,74,312,518,281,323,DNoHelmetP1NoHelmet
_5jl3kpdle,75,319,519,280,323,DNoHelmetP1NoHelmet
_5jl3kpdle,76,326,519,279,323,DNoHelmetP1NoHelmet
_5jl3kpdle,77,336,519,281,327,DNoHelmetP1NoHelmet
_5jl3kpdle,78,346,519,283,330,DNoHelmetP1NoHelmet
_5jl3kpdle,79,356,519,284,333,DNoHelmetP1NoHelmet
_5jl3kpdle,80,366,520,286,335,DNoHelmetP1NoHelmet
_5jl3kpdle,81,376,520,287,339,DNoHelmetP1NoHelmet
_5jl3kpdle,82,386,520,289,342,DNoHelmetP1NoHelmet
_5jl3kpdle,83,402,521,290,345,DNoHelmetP1NoHelmet
_5jl3kpdle,84,417,522,293,348,DNoHelmetP1NoHelmet
_5jl3kpdle,85,433,523,294,351,DNoHelmetP1NoHelmet
_5jl3kpdle,86,449,523,295,355,DNoHelmetP1NoHelmet
_5jl3kpdle,87,464,524,298,358,DNoHelmetP1NoHelmet
_5jl3kpdle,88,480,525,299,361,DNoHelmetP1NoHelmet
_5jl3kpdle,89,495,526,302,364,DNoHelmetP1NoHelmet
_5jl3kpdle,90,511,527,303,367,DNoHelmetP1NoHelmet
_5jl3kpdle,91,531,529,305,373,DNoHelmetP1NoHelmet
_5jl3kpdle,92,550,531,308,378,DNoHelmetP1NoHelmet
_5jl3kpdle,93,570,532,310,385,DNoHelmetP1NoHelmet
_5jl3kpdle,94,591,534,319,390,DNoHelmetP1NoHelmet
_5jl3kpdle,95,613,536,330,395,DNoHelmetP1NoHelmet
_5jl3kpdle,96,636,538,340,401,DNoHelmetP1NoHelmet
_5jl3kpdle,97,667,539,351,407,DNoHelmetP1NoHelmet
_5jl3kpdle,98,698,541,361,412,DNoHelmetP1NoHelmet
_5jl3kpdle,99,729,543,372,418,DNoHelmetP1NoHelmet
_5jl3kpdle,100,760,545,382,423,DNoHelmetP1NoHelmet
_m51edctq1,60,337,483,151,212,DNoHelmetP1NoHelmet
_m51edctq1,61,366,484,154,217,DNoHelmetP1NoHelmet
_m51edctq1,62,394,484,159,224,DNoHelmetP1NoHelmet
_m51edctq1,63,422,485,163,229,DNoHelmetP1NoHelmet
_m51edctq1,64,451,486,166,235,DNoHelmetP1NoHelmet
_m51edctq1,65,481,487,169,240,DNoHelmetP1NoHelmet
_m51edctq1,66,510,488,172,246,DNoHelmetP1NoHelmet
_m51edctq1,67,540,489,174,252,DNoHelmetP1NoHelmet
_m51edctq1,68,570,490,176,257,DNoHelmetP1NoHelmet
_m51edctq1,69,597,491,181,263,DNoHelmetP1NoHelmet
_m51edctq1,70,624,493,186,269,DNoHelmetP1NoHelmet
_m51edctq1,71,652,495,190,274,DNoHelmetP1NoHelmet
_m51edctq1,72,679,496,195,281,DNoHelmetP1NoHelmet
_m51edctq1,73,707,497,200,288,DNoHelmetP1NoHelmet
_m51edctq1,74,735,498,204,296,DNoHelmetP1NoHelmet
_m51edctq1,75,763,499,208,303,DNoHelmetP1NoHelmet
_m51edctq1,76,793,502,214,309,DNoHelmetP1NoHelmet
_m51edctq1,77,823,504,220,316,DNoHelmetP1NoHelmet
_m51edctq1,78,853,506,227,323,DNoHelmetP1NoHelmet
_m51edctq1,79,883,509,233,329,DNoHelmetP1NoHelmet
_m51edctq1,80,914,511,238,336,DNoHelmetP1NoHelmet
_m51edctq1,81,944,514,245,342,DNoHelmetP1NoHelmet
_m51edctq1,82,974,516,251,349,DNoHelmetP1NoHelmet
_m51edctq1,83,1012,518,264,360,DNoHelmetP1NoHelmet
_m51edctq1,84,1050,520,278,370,DNoHelmetP1NoHelmet
_m51edctq1,85,1089,522,290,381,DNoHelmetP1NoHelmet
_m51edctq1,86,1127,524,303,391,DNoHelmetP1NoHelmet
_m51edctq1,87,1165,525,317,402,DNoHelmetP1NoHelmet
_m51edctq1,88,1203,527,330,413,DNoHelmetP1NoHelmet
_m51edctq1,89,1255,529,348,428,DNoHelmetP1NoHelmet
_m51edctq1,90,1308,532,366,442,DNoHelmetP1NoHelmet
_m51edctq1,91,1361,534,384,457,DNoHelmetP1NoHelmet
_m51edctq1,92,1413,536,402,472,DNoHelmetP1NoHelmet
_m51edctq1,93,1473,545,429,482,DNoHelmetP1NoHelmet
_m51edctq1,94,1543,545,377,505,DNoHelmetP1NoHelmet
_m51edctq1,95,1616,551,304,499,DNoHelmetP1NoHelmet
_m51edctq1,96,1690,557,230,493,DNoHelmetP1NoHelmet
