track_id,frame_id,x,y,w,h,label
_ivvmxbscy,1,1217,420,93,116,DNoHelmetP1NoHelmet
_ivvmxbscy,2,1196,419,94,115,DNoHelmetP1NoHelmet
_ivvmxbscy,3,1174,418,97,115,DNoHelmetP1NoHelmet
_ivvmxbscy,4,1153,417,99,114,DNoHelmetP1NoHelmet
_ivvmxbscy,5,1132,415,100,115,DNoHelmetP1NoHelmet
_ivvmxbscy,6,1111,414,102,114,DNoHelmetP1NoHelmet
_ivvmxbscy,7,1089,413,104,113,DNoHelmetP1NoHelmet
_ivvmxbscy,8,1066,412,107,112,DNoHelmetP1NoHelmet
_ivvmxbscy,9,1044,411,109,111,DNoHelmetP1NoHelmet
_ivvmxbscy,10,1022,410,111,109,DNoHelmetP1NoHelmet
_ivvmxbscy,11,1000,409,114,108,DNoHelmetP1NoHelmet
_ivvmxbscy,12,977,408,117,107,DNoHelmetP1NoHelmet
_ivvmxbscy,13,955,406,118,108,DNoHelmetP1NoHelmet
_ivvmxbscy,14,933,405,119,108,DNoHelmetP1NoHelmet
_ivvmxbscy,15,911,404,120,108,DNoHelmetP1NoHelmet
_ivvmxbscy,16,889,402,121,108,DNoHelmetP1NoHelmet
_ivvmxbscy,17,866,401,123,108,DNoHelmetP1NoHelmet
_ivvmxbscy,18,844,400,124,108,DNoHelmetP1NoHelmet
_ivvmxbscy,19,822,399,124,107,DNoHelmetP1NoHelmet
_ivvmxbscy,20,800,399,125,106,DNoHelmetP1NoHelmet
_ivvmxbscy,21,777,398,126,106,DNoHelmetP1NoHelmet
_ivvmxbscy,22,755,397,127,105,DNoHelmetP1NoHelmet
_ivvmxbscy,23,735,395,125,106,DNoHelmetP1NoHelmet
_ivvmxbscy,24,715,394,122,106,DNoHelmetP1NoHelmet
_ivvmxbscy,25,694,392,121,108,DNoHelmetP1NoHelmet
_ivvmxbscy,26,675,391,119,108,DNoHelmetP1NoHelmet
_ivvmxbscy,27,656,391,118,108,DNoHelmetP1NoHelmet
_ivvmxbscy,28,637,390,117,109,DNoHelmetP1NoHelmet
_ivvmxbscy,29,618,389,115,109,DNoHelmetP1NoHelmet
_ivvmxbscy,30,599,389,114,109,DNoHelmetP1NoHelmet
_ivvmxbscy,31,580,388,112,110,DNoHelmetP1NoHelmet
_ivvmxbscy,32,561,387,111,110,DNoHelmetP1NoHelmet
_ivvmxbscy,33,542,387,110,110,DNoHelmetP1NoHelmet
_ivvmxbscy,34,525,385,109,112,DNoHelmetP1NoHelmet
_ivvmxbscy,35,508,383,108,114,DNoHelmetP1NoHelmet
_ivvmxbscy,36,491,381,107,117,DNoHelmetP1NoHelmet
_ivvmxbscy,37,480,382,103,117,DNoHelmetP1NoHelmet
_ivvmxbscy,38,468,383,100,117,DNoHelmetP1NoHelmet
_ivvmxbscy,39,457,384,95,118,DNoHelmetP1NoHelmet
_ivvmxbscy,40,448,384,90,118,DNoHelmetP1NoHelmet
_ivvmxbscy,41,439,384,85,118,DNoHelmetP1NoHelmet
_ivvmxbscy,42,432,384,84,121,DNoHelmetP1NoHelmet
_ivvmxbscy,43,426,384,81,124,DNoHelmetP1NoHelmet
_ivvmxbscy,44,419,385,80,125,DNoHelmetP1NoHelmet
_ivvmxbscy,45,413,385,78,128,DNoHelmetP1NoHelmet
_ivvmxbscy,46,407,385,76,130,DNoHelmetP1NoHelmet
_ivvmxbscy,47,405,386,75,131,DNoHelmetP1NoHelmet
_ivvmxbscy,48,403,386,74,132,DNoHelmetP1NoHelmet
_ivvmxbscy,49,401,386,72,133,DNoHelmetP1NoHelmet
_ivvmxbscy,50,399,387,71,134,DNoHelmetP1NoHelmet
_ivvmxbscy,51,402,387,72,136,DNoHelmetP1NoHelmet
_ivvmxbscy,52,405,387,73,139,DNoHelmetP1NoHelmet
_ivvmxbscy,53,408,387,74,142,DNoHelmetP1NoHelmet
_ivvmxbscy,54,411,387,75,144,DNoHelmetP1NoHelmet
_ivvmxbscy,55,414,387,76,147,DNoHelmetP1NoHelmet
_ivvmxbscy,56,421,387,77,150,DNoHelmetP1NoHelmet
_ivvmxbscy,57,427,387,78,153,DNoHelmetP1NoHelmet
_ivvmxbscy,58,433,388,80,155,DNoHelmetP1NoHelmet
_ivvmxbscy,59,439,388,82,158,DNoHelmetP1NoHelmet
_ivvmxbscy,60,448,389,83,160,DNoHelmetP1NoHelmet
_ivvmxbscy,61,457,389,84,163,DNoHelmetP1NoHelmet
_ivvmxbscy,62,465,390,86,166,DNoHelmetP1NoHelmet
_ivvmxbscy,63,474,391,87,168,DNoHelmetP1NoHelmet
_ivvmxbscy,64,483,392,88,171,DNoHelmetP1NoHelmet
_ivvmxbscy,65,495,393,91,175,DNoHelmetP1NoHelmet
_ivvmxbscy,66,507,394,95,179,DNoHelmetP1NoHelmet
_ivvmxbscy,67,519,395,98,183,DNoHelmetP1NoHelmet
_ivvmxbscy,68,531,396,101,187,DNoHelmetP1NoHelmet
_ivvmxbscy,69,548,398,103,190,DNoHelmetP1NoHelmet
_ivvmxbscy,70,564,399,106,194,DNoHelmetP1NoHelmet
_ivvmxbscy,71,580,401,108,197,DNoHelmetP1NoHelmet
_ivvmxbscy,72,597,403,110,201,DNoHelmetP1NoHelmet
_ivvmxbscy,73,613,405,113,204,DNoHelmetP1NoHelmet
_ivvmxbscy,74,634,406,116,211,DNoHelmetP1NoHelmet
_ivvmxbscy,75,656,408,119,217,DNoHelmetP1NoHelmet
_ivvmxbscy,76,677,410,122,223,DNoHelmetP1NoHelmet
_ivvmxbscy,77,699,412,124,229,DNoHelmetP1NoHelmet
_ivvmxbscy,78,723,414,127,235,DNoHelmetP1NoHelmet
_ivvmxbscy,79,746,415,132,242,DNoHelmetP1NoHelmet
_ivvmxbscy,80,773,418,135,248,DNoHelmetP1NoHelmet
_ivvmxbscy,81,801,421,138,255,DNoHelmetP1NoHelmet
_ivvmxbscy,82,828,424,141,261,DNoHelmetP1NoHelmet
_ivvmxbscy,83,857,427,147,272,DNoHelmetP1NoHelmet
_ivvmxbscy,84,886,431,153,281,DNoHelmetP1NoHelmet
_ivvmxbscy,85,915,434,159,292,DNoHelmetP1NoHelmet
_ivvmxbscy,86,950,438,168,302,DNoHelmetP1NoHelmet
_ivvmxbscy,87,985,442,178,313,DNoHelmetP1NoHelmet
_ivvmxbscy,88,1020,446,187,323,DNoHelmetP1NoHelmet
_ivvmxbscy,89,1064,450,204,335,DNoHelmetP1NoHelmet
_ivvmxbscy,90,1107,454,221,348,DNoHelmetP1NoHelmet
_ivvmxbscy,91,1151,458,237,360,DNoHelmetP1NoHelmet
_ivvmxbscy,92,1204,462,258,376,DNoHelmetP1NoHelmet
_ivvmxbscy,93,1257,466,279,393,DNoHelmetP1NoHelmet
_ivvmxbscy,94,1319,469,300,410,DNoHelmetP1NoHelmet
_ivvmxbscy,95,1382,473,320,426,DNoHelmetP1NoHelmet
_ivvmxbscy,96,1449,479,345,452,DNoHelmetP1NoHelmet
_ivvmxbscy,97,1517,484,368,478,DNoHelmetP1NoHelmet
_ivvmxbscy,98,1587,492,333,499,DNoHelmetP1NoHelmet
_ivvmxbscy,99,1666,492,254,499,DNoHelmetP1NoHelmet
