track_id,frame_id,x,y,w,h,label
_r1qw56z5i,68,0,607,180,372,DHelmet
_r1qw56z5i,69,2,611,205,373,DHelmet
_r1qw56z5i,70,5,615,230,374,DHelmet
_r1qw56z5i,71,10,615,253,383,DHelmet
_r1qw56z5i,72,14,615,277,391,DHelmet
_r1qw56z5i,73,39,617,288,396,DHelmet
_r1qw56z5i,74,64,618,299,403,DHelmet
_r1qw56z5i,75,89,619,310,410,DHelmet
_r1qw56z5i,76,114,621,321,415,DHelmet
_r1qw56z5i,77,144,621,334,422,DHelmet
_r1qw56z5i,78,174,621,346,428,DHelmet
_r1qw56z5i,79,204,622,358,433,DHelmet
_r1qw56z5i,80,234,622,370,440,DHelmet
_r1qw56z5i,81,266,625,382,441,DHelmet
_r1qw56z5i,82,299,628,393,442,DHelmet
_r1qw56z5i,83,331,631,405,444,DHelmet
_r1qw56z5i,84,364,634,415,445,DHelmet
_r1qw56z5i,85,400,636,419,443,DHelmet
_r1qw56z5i,86,436,637,422,443,DHelmet
_r1qw56z5i,87,472,639,425,441,DHelmet
_r1qw56z5i,88,508,641,429,439,DHelmet
_r1qw56z5i,89,545,642,431,438,DHelmet
_r1qw56z5i,90,575,644,437,436,DHelmet
_r1qw56z5i,91,605,645,442,435,DHelmet
_r1qw56z5i,92,635,646,448,434,DHelmet
_r1qw56z5i,93,666,648,453,432,DHelmet
_r1qw56z5i,94,696,649,458,431,DHelmet
_r1qw56z5i,95,724,651,462,429,DHelmet
_r1qw56z5i,96,752,654,465,426,DHelmet
_r1qw56z5i,97,779,656,470,424,DHelmet
_r1qw56z5i,98,807,659,474,421,DHelmet
_r1qw56z5i,99,835,661,477,419,DHelmet
_r1qw56z5i,100,863,664,481,416,DHelmet
_303by4c3w,32,1,565,109,323,DHelmet
_303by4c3w,33,2,567,148,327,DHelmet
_303by4c3w,34,3,569,186,332,DHelmet
_303by4c3w,35,30,568,201,342,DHelmet
_303by4c3w,36,57,567,215,352,DHelmet
_303by4c3w,37,88,570,224,356,DHelmet
_303by4c3w,38,119,572,232,361,DHelmet
_303by4c3w,39,151,575,240,365,DHelmet
_303by4c3w,40,182,577,249,370,DHelmet
_303by4c3w,41,213,579,257,376,DHelmet
_303by4c3w,42,245,580,265,383,DHelmet
_303by4c3w,43,278,581,273,389,DHelmet
_303by4c3w,44,311,582,280,396,DHelmet
_303by4c3w,45,344,583,287,403,DHelmet
_303by4c3w,46,377,584,294,410,DHelmet
_303by4c3w,47,409,584,302,418,DHelmet
_303by4c3w,48,442,585,309,425,DHelmet
_303by4c3w,49,475,586,316,432,DHelmet
_303by4c3w,50,513,588,328,437,DHelmet
_303by4c3w,51,551,591,339,442,DHelmet
_303by4c3w,52,589,593,350,448,DHelmet
_303by4c3w,53,627,596,361,453,DHelmet
_303by4c3w,54,666,598,371,459,DHelmet
_303by4c3w,55,704,601,382,463,DHelmet
_303by4c3w,56,748,602,394,466,DHelmet
_303by4c3w,57,792,603,407,468,DHelmet
_303by4c3w,58,835,604,420,470,DHelmet
_303by4c3w,59,879,605,433,472,DHelmet
_303by4c3w,60,923,606,445,474,DHelmet
_303by4c3w,61,968,609,461,471,DHelmet
_303by4c3w,62,1014,611,475,469,DHelmet
_303by4c3w,63,1059,614,491,466,DHelmet
_303by4c3w,64,1104,617,506,463,DHelmet
_303by4c3w,65,1151,620,522,460,DHelmet
_303by4c3w,66,1198,623,537,457,DHelmet
_303by4c3w,67,1245,626,552,454,DHelmet
_303by4c3w,68,1293,629,566,451,DHelmet
_303by4c3w,69,1335,627,583,453,DHelmet
_303by4c3w,70,1382,631,538,449,DHelmet
_303by4c3w,71,1428,634,492,446,DHelmet
_303by4c3w,72,1471,636,449,444,DHelmet
_303by4c3w,73,1513,638,407,442,DHelmet
_303by4c3w,74,1556,640,364,440,DHelmet
_303by4c3w,75,1600,643,320,437,DHelmet
_303by4c3w,76,1645,646,275,434,DHelmet
_hyr0f6scr,45,1,595,157,408,DHelmet
_hyr0f6scr,46,0,599,193,404,DHelmet
_hyr0f6scr,47,4,599,223,411,DHelmet
_hyr0f6scr,48,1,599,262,421,DHelmet
_hyr0f6scr,49,4,602,296,428,DHelmet
_hyr0f6scr,50,31,605,307,431,DHelmet
_hyr0f6scr,51,62,606,316,440,DHelmet
_hyr0f6scr,52,94,607,324,448,DHelmet
_hyr0f6scr,53,128,609,334,455,DHelmet
_hyr0f6scr,54,162,611,343,461,DHelmet
_hyr0f6scr,55,197,613,352,467,DHelmet
_hyr0f6scr,56,235,616,361,464,DHelmet
_hyr0f6scr,57,273,619,370,461,DHelmet
_hyr0f6scr,58,311,622,379,458,DHelmet
_hyr0f6scr,59,350,625,387,455,DHelmet
_hyr0f6scr,60,388,627,395,453,DHelmet
_hyr0f6scr,61,431,630,411,450,DHelmet
_hyr0f6scr,62,474,632,427,448,DHelmet
_hyr0f6scr,63,516,634,443,446,DHelmet
_hyr0f6scr,64,559,636,459,444,DHelmet
_hyr0f6scr,65,607,638,471,442,DHelmet
_hyr0f6scr,66,656,641,482,439,DHelmet
_hyr0f6scr,67,703,642,493,438,DHelmet
_hyr0f6scr,68,751,642,503,438,DHelmet
_hyr0f6scr,69,799,646,520,434,DHelmet
_hyr0f6scr,70,848,650,535,430,DHelmet
_hyr0f6scr,71,896,654,551,426,DHelmet
_hyr0f6scr,72,946,655,564,425,DHelmet
_hyr0f6scr,73,996,656,577,424,DHelmet
_hyr0f6scr,74,1045,660,582,420,DHelmet
_hyr0f6scr,75,1095,664,586,416,DHelmet
_hyr0f6scr,76,1155,669,577,411,DHelmet
_hyr0f6scr,77,1216,673,566,407,DHelmet
_hyr0f6scr,78,1277,678,556,402,DHelmet
_hyr0f6scr,79,1328,682,549,398,DHelmet
_hyr0f6scr,80,1380,685,540,395,DHelmet
_hyr0f6scr,81,1440,689,480,391,DHelmet
_hyr0f6scr,82,1497,690,423,390,DHelmet
_hyr0f6scr,83,1555,692,365,388,DHelmet
