track_id,frame_id,x,y,w,h,label
_c9ob0my0m,1,1004,386,134,229,DNoHelmet
_c9ob0my0m,2,938,392,144,242,DNoHelmet
_c9ob0my0m,3,873,398,154,255,DNoHelmet
_c9ob0my0m,4,794,407,166,269,DNoHelmet
_c9ob0my0m,5,716,416,177,283,DNoHelmet
_c9ob0my0m,6,612,427,199,303,DNoHelmet
_c9ob0my0m,7,508,437,221,324,DNoHelmet
_c9ob0my0m,8,370,447,256,351,DNoHelmet
_c9ob0my0m,9,232,456,290,380,DNoHelmet
_c9ob0my0m,10,54,473,336,411,DNoHelmet
_c9ob0my0m,11,3,489,240,384,DNoHelmet
_hrlwkumsw,1,1189,359,122,248,DHelmet
_hrlwkumsw,2,1136,366,130,257,DHelmet
_hrlwkumsw,3,1074,372,142,274,DHelmet
_hrlwkumsw,4,1013,378,154,291,DHelmet
_hrlwkumsw,5,939,386,167,307,DHelmet
_hrlwkumsw,6,864,394,181,324,DHelmet
_hrlwkumsw,7,761,402,204,348,DHelmet
_hrlwkumsw,8,657,410,229,372,DHelmet
_hrlwkumsw,9,512,420,268,409,DHelmet
_hrlwkumsw,10,367,430,308,445,DHelmet
_hrlwkumsw,11,173,445,367,493,DHelmet
_hrlwkumsw,12,3,464,378,556,DHelmet
_2dkh7mp47,1,1532,327,73,145,DHelmetP1Helmet
_2dkh7mp47,2,1510,330,77,148,DHelmetP1Helmet
_2dkh7mp47,3,1488,334,80,151,DHelmetP1Helmet
_2dkh7mp47,4,1467,337,83,154,DHelmetP1Helmet
_2dkh7mp47,5,1442,338,86,159,DHelmetP1Helmet
_2dkh7mp47,6,1418,339,89,165,DHelmetP1Helmet
_2dkh7mp47,7,1394,339,92,172,DHelmetP1Helmet
_2dkh7mp47,8,1366,344,94,176,DHelmetP1Helmet
_2dkh7mp47,9,1338,349,97,180,DHelmetP1Helmet
_2dkh7mp47,10,1310,354,100,183,DHelmetP1Helmet
_2dkh7mp47,11,1274,356,103,191,DHelmetP1Helmet
_2dkh7mp47,12,1238,358,106,198,DHelmetP1Helmet
_2dkh7mp47,13,1202,359,109,206,DHelmetP1Helmet
_2dkh7mp47,14,1157,363,115,216,DHelmetP1Helmet
_2dkh7mp47,15,1112,367,121,225,DHelmetP1Helmet
_2dkh7mp47,16,1067,371,126,235,DHelmetP1Helmet
_2dkh7mp47,17,1013,377,131,245,DHelmetP1Helmet
_2dkh7mp47,18,950,382,143,260,DHelmetP1Helmet
_2dkh7mp47,19,888,388,154,274,DHelmetP1Helmet
_2dkh7mp47,20,808,398,169,287,DHelmetP1Helmet
_2dkh7mp47,21,729,408,182,300,DHelmetP1Helmet
_2dkh7mp47,22,629,417,203,320,DHelmetP1Helmet
_2dkh7mp47,23,529,426,224,340,DHelmetP1Helmet
_2dkh7mp47,24,404,433,260,369,DHelmetP1Helmet
_2dkh7mp47,25,260,441,296,398,DHelmetP1Helmet
_2dkh7mp47,26,95,457,332,427,DHelmetP1Helmet
_2dkh7mp47,27,0,468,283,459,DHelmetP1Helmet
