track_id,frame_id,x,y,w,h,label
_p1dx3qeu1,1,1537,616,383,463,DNoHelmetP1NoHelmet
_6509lis39,1,1026,405,117,170,DNoHelmet
_6509lis39,2,1026,405,117,170,DNoHelmet
_6509lis39,3,1026,405,117,170,DNoHelmet
_6509lis39,4,1026,405,117,170,DNoHelmet
_6509lis39,5,1026,405,117,170,DNoHelmet
_6509lis39,6,1026,405,117,170,DNoHelmet
_6509lis39,7,1026,405,117,170,DNoHelmet
_6509lis39,8,1026,405,117,170,DNoHelmet
_6509lis39,9,1026,405,117,170,DNoHelmet
_6509lis39,10,1026,405,117,170,DNoHelmet
_6509lis39,11,1026,405,117,170,DNoHelmet
_6509lis39,12,1026,405,117,170,DNoHelmet
_6509lis39,13,1026,405,118,170,DNoHelmet
_6509lis39,14,1026,405,118,170,DNoHelmet
_6509lis39,15,1026,405,118,170,DNoHelmet
_6509lis39,16,1026,405,118,170,DNoHelmet
_6509lis39,17,1026,405,118,170,DNoHelmet
_6509lis39,18,1026,405,118,170,DNoHelmet
_6509lis39,19,1026,405,118,170,DNoHelmet
_6509lis39,20,1026,405,118,170,DNoHelmet
_6509lis39,21,1026,405,118,170,DNoHelmet
_6509lis39,22,1026,405,118,170,DNoHelmet
_6509lis39,23,1026,405,118,170,DNoHelmet
_6509lis39,24,1026,405,118,170,DNoHelmet
_6509lis39,25,1026,405,118,170,DNoHelmet
_6509lis39,26,1026,405,118,170,DNoHelmet
_6509lis39,27,1026,405,118,170,DNoHelmet
_6509lis39,28,1026,405,118,170,DNoHelmet
_6509lis39,29,1026,405,118,170,DNoHelmet
_6509lis39,30,1026,405,118,170,DNoHelmet
_6509lis39,31,1026,405,118,170,DNoHelmet
_6509lis39,32,1026,405,118,170,DNoHelmet
_6509lis39,33,1026,405,118,170,DNoHelmet
_6509lis39,34,1026,405,118,170,DNoHelmet
_6509lis39,35,1026,405,118,170,DNoHelmet
_6509lis39,36,1026,405,118,170,DNoHelmet
_6509lis39,37,1026,405,119,170,DNoHelmet
_6509lis39,38,1026,405,119,170,DNoHelmet
_6509lis39,39,1026,405,119,170,DNoHelmet
_6509lis39,40,1026,405,119,170,DNoHelmet
_6509lis39,41,1026,405,119,170,DNoHelmet
_6509lis39,42,1026,405,119,170,DNoHelmet
_6509lis39,43,1026,405,119,170,DNoHelmet
_6509lis39,44,1026,405,119,170,DNoHelmet
_6509lis39,45,1026,405,119,170,DNoHelmet
_6509lis39,46,1026,405,119,170,DNoHelmet
_6509lis39,47,1026,405,119,170,DNoHelmet
_6509lis39,48,1026,405,119,170,DNoHelmet
_6509lis39,49,1026,405,119,170,DNoHelmet
_6509lis39,50,1026,405,119,170,DNoHelmet
_6509lis39,51,1026,405,119,170,DNoHelmet
_6509lis39,52,1026,405,119,170,DNoHelmet
_6509lis39,53,1026,405,119,170,DNoHelmet
_6509lis39,54,1026,405,119,170,DNoHelmet
_6509lis39,55,1026,405,119,170,DNoHelmet
_6509lis39,56,1026,405,119,170,DNoHelmet
_6509lis39,57,1026,405,119,170,DNoHelmet
_6509lis39,58,1026,405,119,170,DNoHelmet
_6509lis39,59,1026,405,119,170,DNoHelmet
_6509lis39,60,1026,405,119,170,DNoHelmet
_6509lis39,61,1026,405,119,170,DNoHelmet
_6509lis39,62,1026,405,120,170,DNoHelmet
_6509lis39,63,1026,405,120,170,DNoHelmet
_6509lis39,64,1026,405,120,170,DNoHelmet
_6509lis39,65,1026,405,120,170,DNoHelmet
_6509lis39,66,1026,405,120,170,DNoHelmet
_6509lis39,67,1026,405,120,170,DNoHelmet
_6509lis39,68,1026,405,120,170,DNoHelmet
_6509lis39,69,1026,405,120,170,DNoHelmet
_6509lis39,70,1026,405,120,170,DNoHelmet
_6509lis39,71,1026,405,120,170,DNoHelmet
_6509lis39,72,1026,405,120,170,DNoHelmet
_6509lis39,73,1026,405,120,170,DNoHelmet
_6509lis39,74,1026,405,120,170,DNoHelmet
_6509lis39,75,1026,405,120,170,DNoHelmet
_6509lis39,76,1026,405,120,170,DNoHelmet
_6509lis39,77,1026,405,120,170,DNoHelmet
_6509lis39,78,1026,405,120,170,DNoHelmet
_6509lis39,79,1026,405,120,170,DNoHelmet
_6509lis39,80,1026,405,120,170,DNoHelmet
_6509lis39,81,1026,405,120,170,DNoHelmet
_6509lis39,82,1026,405,120,170,DNoHelmet
_6509lis39,83,1026,405,120,170,DNoHelmet
_6509lis39,84,1026,405,120,170,DNoHelmet
_6509lis39,85,1026,405,120,170,DNoHelmet
_6509lis39,86,1026,405,121,170,DNoHelmet
_6509lis39,87,1026,405,121,170,DNoHelmet
_6509lis39,88,1026,405,121,170,DNoHelmet
_6509lis39,89,1026,405,121,170,DNoHelmet
_6509lis39,90,1026,405,121,170,DNoHelmet
_6509lis39,91,1026,405,121,170,DNoHelmet
_6509lis39,92,1026,405,121,170,DNoHelmet
_6509lis39,93,1026,405,121,170,DNoHelmet
_6509lis39,94,1026,405,121,170,DNoHelmet
_6509lis39,95,1026,405,121,170,DNoHelmet
_6509lis39,96,1026,405,121,170,DNoHelmet
_6509lis39,97,1026,405,121,170,DNoHelmet
_6509lis39,98,1026,405,121,170,DNoHelmet
_6509lis39,99,1026,405,121,170,DNoHelmet
_6509lis39,100,1026,405,121,170,DNoHelmet
_s8rw6vx5h,1,840,400,114,155,DNoHelmet
_s8rw6vx5h,2,840,400,114,155,DNoHelmet
_s8rw6vx5h,3,839,400,115,155,DNoHelmet
_s8rw6vx5h,4,839,400,115,155,DNoHelmet
_s8rw6vx5h,5,839,400,115,155,DNoHelmet
_s8rw6vx5h,6,839,400,115,155,DNoHelmet
_s8rw6vx5h,7,839,400,115,155,DNoHelmet
_s8rw6vx5h,8,839,400,115,155,DNoHelmet
_s8rw6vx5h,9,839,400,115,155,DNoHelmet
_s8rw6vx5h,10,839,400,115,155,DNoHelmet
_s8rw6vx5h,11,839,400,115,155,DNoHelmet
_s8rw6vx5h,12,839,400,115,155,DNoHelmet
_s8rw6vx5h,13,839,400,115,155,DNoHelmet
_s8rw6vx5h,14,839,400,115,155,DNoHelmet
_s8rw6vx5h,15,839,400,115,155,DNoHelmet
_s8rw6vx5h,16,839,400,115,155,DNoHelmet
_s8rw6vx5h,17,839,400,115,155,DNoHelmet
_s8rw6vx5h,18,839,400,115,155,DNoHelmet
_s8rw6vx5h,19,839,400,114,155,DNoHelmet
_s8rw6vx5h,20,839,400,114,155,DNoHelmet
_s8rw6vx5h,21,839,400,114,155,DNoHelmet
_s8rw6vx5h,22,839,400,114,155,DNoHelmet
_s8rw6vx5h,23,839,400,114,155,DNoHelmet
_s8rw6vx5h,24,839,400,114,155,DNoHelmet
_s8rw6vx5h,25,839,400,114,155,DNoHelmet
_s8rw6vx5h,26,839,400,114,155,DNoHelmet
_s8rw6vx5h,27,839,400,114,155,DNoHelmet
_s8rw6vx5h,28,839,400,114,155,DNoHelmet
_s8rw6vx5h,29,839,400,114,155,DNoHelmet
_s8rw6vx5h,30,839,400,114,155,DNoHelmet
_s8rw6vx5h,31,839,400,114,155,DNoHelmet
_s8rw6vx5h,32,839,400,114,155,DNoHelmet
_s8rw6vx5h,33,839,400,114,155,DNoHelmet
_s8rw6vx5h,34,839,400,114,155,DNoHelmet
_s8rw6vx5h,35,839,400,114,155,DNoHelmet
_s8rw6vx5h,36,839,400,114,155,DNoHelmet
_s8rw6vx5h,37,839,400,114,155,DNoHelmet
_s8rw6vx5h,38,839,400,114,155,DNoHelmet
_s8rw6vx5h,39,839,400,114,155,DNoHelmet
_s8rw6vx5h,40,839,400,114,155,DNoHelmet
_s8rw6vx5h,41,839,400,114,155,DNoHelmet
_s8rw6vx5h,42,839,400,114,155,DNoHelmet
_s8rw6vx5h,43,839,400,114,155,DNoHelmet
_s8rw6vx5h,44,839,400,114,155,DNoHelmet
_s8rw6vx5h,45,839,400,114,155,DNoHelmet
_s8rw6vx5h,46,839,400,114,155,DNoHelmet
_s8rw6vx5h,47,839,400,114,155,DNoHelmet
_s8rw6vx5h,48,839,400,114,155,DNoHelmet
_s8rw6vx5h,49,839,400,114,155,DNoHelmet
_s8rw6vx5h,50,839,400,114,155,DNoHelmet
_s8rw6vx5h,51,839,400,114,155,DNoHelmet
_s8rw6vx5h,52,839,400,114,155,DNoHelmet
_s8rw6vx5h,53,839,400,114,155,DNoHelmet
_s8rw6vx5h,54,839,400,114,155,DNoHelmet
_s8rw6vx5h,55,839,400,114,155,DNoHelmet
_s8rw6vx5h,56,839,400,114,155,DNoHelmet
_s8rw6vx5h,57,839,400,114,155,DNoHelmet
_s8rw6vx5h,58,839,400,114,155,DNoHelmet
_s8rw6vx5h,59,839,400,114,155,DNoHelmet
_s8rw6vx5h,60,839,400,114,155,DNoHelmet
_s8rw6vx5h,61,839,400,114,155,DNoHelmet
_s8rw6vx5h,62,839,400,114,155,DNoHelmet
_s8rw6vx5h,63,839,400,114,155,DNoHelmet
_s8rw6vx5h,64,839,400,114,155,DNoHelmet
_s8rw6vx5h,65,839,400,114,155,DNoHelmet
_s8rw6vx5h,66,839,400,114,155,DNoHelmet
_s8rw6vx5h,67,839,400,114,155,DNoHelmet
_s8rw6vx5h,68,839,400,114,155,DNoHelmet
_s8rw6vx5h,69,839,400,114,155,DNoHelmet
_s8rw6vx5h,70,839,400,114,155,DNoHelmet
_s8rw6vx5h,71,839,400,114,155,DNoHelmet
_s8rw6vx5h,72,839,400,114,155,DNoHelmet
_s8rw6vx5h,73,839,400,114,155,DNoHelmet
_s8rw6vx5h,74,839,400,114,155,DNoHelmet
_s8rw6vx5h,75,839,400,114,155,DNoHelmet
_s8rw6vx5h,76,838,400,115,155,DNoHelmet
_s8rw6vx5h,77,838,400,115,155,DNoHelmet
_s8rw6vx5h,78,838,400,115,155,DNoHelmet
_s8rw6vx5h,79,838,400,115,155,DNoHelmet
_s8rw6vx5h,80,838,400,115,155,DNoHelmet
_s8rw6vx5h,81,838,400,115,155,DNoHelmet
_s8rw6vx5h,82,838,400,115,155,DNoHelmet
_s8rw6vx5h,83,838,400,115,155,DNoHelmet
_s8rw6vx5h,84,838,400,115,155,DNoHelmet
_s8rw6vx5h,85,838,400,115,155,DNoHelmet
_s8rw6vx5h,86,838,400,115,155,DNoHelmet
_s8rw6vx5h,87,838,400,115,155,DNoHelmet
_s8rw6vx5h,88,838,400,115,155,DNoHelmet
_s8rw6vx5h,89,838,400,115,155,DNoHelmet
_s8rw6vx5h,90,838,400,115,155,DNoHelmet
_s8rw6vx5h,91,838,400,115,155,DNoHelmet
_s8rw6vx5h,92,838,400,114,155,DNoHelmet
_s8rw6vx5h,93,838,400,114,155,DNoHelmet
_s8rw6vx5h,94,838,400,114,155,DNoHelmet
_s8rw6vx5h,95,838,400,114,155,DNoHelmet
_s8rw6vx5h,96,838,400,114,155,DNoHelmet
_s8rw6vx5h,97,838,400,114,155,DNoHelmet
_s8rw6vx5h,98,838,400,114,155,DNoHelmet
_s8rw6vx5h,99,838,400,114,155,DNoHelmet
_s8rw6vx5h,100,838,400,114,155,DNoHelmet
_o5zn6ktik,10,811,373,59,91,DHelmet
_o5zn6ktik,11,809,373,61,92,DHelmet
_o5zn6ktik,12,808,373,62,93,DHelmet
_o5zn6ktik,13,806,373,64,94,DHelmet
_o5zn6ktik,14,805,373,65,95,DHelmet
_o5zn6ktik,15,803,373,67,96,DHelmet
_o5zn6ktik,16,801,373,69,97,DHelmet
_o5zn6ktik,17,800,373,70,98,DHelmet
_o5zn6ktik,18,798,373,72,99,DHelmet
_o5zn6ktik,19,797,373,73,100,DHelmet
_o5zn6ktik,20,795,373,75,101,DHelmet
_o5zn6ktik,21,795,373,75,101,DHelmet
_o5zn6ktik,22,795,373,75,101,DHelmet
_o5zn6ktik,23,795,373,74,101,DHelmet
_o5zn6ktik,24,795,373,74,101,DHelmet
_o5zn6ktik,25,795,373,74,101,DHelmet
_o5zn6ktik,26,795,373,74,101,DHelmet
_o5zn6ktik,27,795,373,74,101,DHelmet
_o5zn6ktik,28,795,373,74,101,DHelmet
_o5zn6ktik,29,795,373,74,101,DHelmet
_o5zn6ktik,30,795,373,73,101,DHelmet
_o5zn6ktik,31,795,373,73,101,DHelmet
_o5zn6ktik,32,795,373,73,101,DHelmet
_o5zn6ktik,33,795,373,73,101,DHelmet
_o5zn6ktik,34,795,373,73,101,DHelmet
_o5zn6ktik,35,795,373,73,101,DHelmet
_o5zn6ktik,36,795,373,72,101,DHelmet
_o5zn6ktik,37,795,373,72,101,DHelmet
_o5zn6ktik,38,795,373,72,101,DHelmet
_o5zn6ktik,39,795,373,72,101,DHelmet
_o5zn6ktik,40,795,373,72,101,DHelmet
_o5zn6ktik,41,795,373,72,101,DHelmet
_o5zn6ktik,42,795,373,72,101,DHelmet
_o5zn6ktik,43,795,373,71,102,DHelmet
_o5zn6ktik,44,795,373,71,102,DHelmet
_o5zn6ktik,45,795,373,71,102,DHelmet
_o5zn6ktik,46,795,373,71,102,DHelmet
_o5zn6ktik,47,795,373,71,102,DHelmet
_o5zn6ktik,48,795,373,71,102,DHelmet
_o5zn6ktik,49,795,373,70,102,DHelmet
_o5zn6ktik,50,795,373,70,102,DHelmet
_o5zn6ktik,51,795,373,70,102,DHelmet
_o5zn6ktik,52,795,373,70,102,DHelmet
_o5zn6ktik,53,795,373,70,102,DHelmet
_o5zn6ktik,54,795,373,70,102,DHelmet
_o5zn6ktik,55,795,373,70,102,DHelmet
_o5zn6ktik,56,795,373,69,102,DHelmet
_o5zn6ktik,57,795,373,69,102,DHelmet
_o5zn6ktik,58,795,373,69,102,DHelmet
_o5zn6ktik,59,795,373,69,102,DHelmet
_o5zn6ktik,60,795,373,69,102,DHelmet
_o5zn6ktik,61,795,373,69,102,DHelmet
_o5zn6ktik,62,795,373,69,102,DHelmet
_o5zn6ktik,63,795,373,68,102,DHelmet
_o5zn6ktik,64,795,373,68,102,DHelmet
_o5zn6ktik,65,795,373,68,102,DHelmet
_o5zn6ktik,66,795,373,68,102,DHelmet
_o5zn6ktik,67,795,373,68,102,DHelmet
_o5zn6ktik,68,795,373,68,102,DHelmet
_o5zn6ktik,69,795,373,67,102,DHelmet
_o5zn6ktik,70,794,373,68,102,DHelmet
_o5zn6ktik,71,794,373,68,102,DHelmet
_o5zn6ktik,72,794,373,68,102,DHelmet
_o5zn6ktik,73,794,373,68,103,DHelmet
_o5zn6ktik,74,794,373,68,103,DHelmet
_o5zn6ktik,75,794,373,68,103,DHelmet
_o5zn6ktik,76,794,373,67,103,DHelmet
_o5zn6ktik,77,794,373,67,103,DHelmet
_o5zn6ktik,78,794,373,67,103,DHelmet
_o5zn6ktik,79,794,373,67,103,DHelmet
_o5zn6ktik,80,794,373,67,103,DHelmet
_o5zn6ktik,81,794,373,67,103,DHelmet
_o5zn6ktik,82,794,373,66,103,DHelmet
_o5zn6ktik,83,793,373,67,103,DHelmet
_o5zn6ktik,84,793,373,67,103,DHelmet
_o5zn6ktik,85,793,373,67,103,DHelmet
_o5zn6ktik,86,793,373,67,103,DHelmet
_o5zn6ktik,87,793,373,67,103,DHelmet
_o5zn6ktik,88,793,373,67,103,DHelmet
_o5zn6ktik,89,793,373,66,103,DHelmet
_o5zn6ktik,90,793,373,66,103,DHelmet
_o5zn6ktik,91,793,373,66,103,DHelmet
_o5zn6ktik,92,793,373,66,103,DHelmet
_o5zn6ktik,93,793,373,66,103,DHelmet
_o5zn6ktik,94,793,373,66,103,DHelmet
_o5zn6ktik,95,793,373,65,103,DHelmet
_o5zn6ktik,96,792,373,66,103,DHelmet
_o5zn6ktik,97,792,373,66,103,DHelmet
_o5zn6ktik,98,792,373,66,103,DHelmet
_o5zn6ktik,99,792,373,66,103,DHelmet
_o5zn6ktik,100,792,373,66,103,DHelmet
_fugsuymw2,19,378,380,74,107,DNoHelmet
_fugsuymw2,20,378,380,74,107,DNoHelmet
_fugsuymw2,21,378,380,74,107,DNoHelmet
_fugsuymw2,22,378,380,74,107,DNoHelmet
_fugsuymw2,23,378,380,74,107,DNoHelmet
_fugsuymw2,24,378,380,74,107,DNoHelmet
_fugsuymw2,25,378,380,74,107,DNoHelmet
_fugsuymw2,26,378,380,74,107,DNoHelmet
_fugsuymw2,27,378,380,74,107,DNoHelmet
_fugsuymw2,28,378,380,74,107,DNoHelmet
_fugsuymw2,29,378,380,74,107,DNoHelmet
_fugsuymw2,30,378,380,74,107,DNoHelmet
_fugsuymw2,31,378,380,75,107,DNoHelmet
_fugsuymw2,32,378,380,75,107,DNoHelmet
_fugsuymw2,33,378,380,75,107,DNoHelmet
_fugsuymw2,34,378,380,75,107,DNoHelmet
_fugsuymw2,35,378,380,75,107,DNoHelmet
_fugsuymw2,36,378,380,75,107,DNoHelmet
_fugsuymw2,37,378,380,75,107,DNoHelmet
_fugsuymw2,38,378,380,75,107,DNoHelmet
_fugsuymw2,39,378,380,75,107,DNoHelmet
_fugsuymw2,40,378,380,75,107,DNoHelmet
_fugsuymw2,41,378,380,75,107,DNoHelmet
_fugsuymw2,42,378,380,75,107,DNoHelmet
_fugsuymw2,43,378,380,75,107,DNoHelmet
_fugsuymw2,44,378,380,75,107,DNoHelmet
_fugsuymw2,45,378,380,75,107,DNoHelmet
_fugsuymw2,46,378,380,75,107,DNoHelmet
_fugsuymw2,47,378,380,75,107,DNoHelmet
_fugsuymw2,48,378,380,75,107,DNoHelmet
_fugsuymw2,49,378,380,75,107,DNoHelmet
_fugsuymw2,50,378,380,75,107,DNoHelmet
_fugsuymw2,51,378,380,75,107,DNoHelmet
_fugsuymw2,52,378,380,75,107,DNoHelmet
_fugsuymw2,53,378,380,75,107,DNoHelmet
_fugsuymw2,54,378,380,75,107,DNoHelmet
_fugsuymw2,55,378,380,75,107,DNoHelmet
_fugsuymw2,56,378,380,75,107,DNoHelmet
_fugsuymw2,57,378,380,75,107,DNoHelmet
_fugsuymw2,58,378,380,75,107,DNoHelmet
_fugsuymw2,59,378,380,75,107,DNoHelmet
_fugsuymw2,60,378,380,75,107,DNoHelmet
_fugsuymw2,61,378,380,76,107,DNoHelmet
_fugsuymw2,62,378,380,76,107,DNoHelmet
_fugsuymw2,63,378,380,76,107,DNoHelmet
_fugsuymw2,64,378,380,76,107,DNoHelmet
_fugsuymw2,65,378,380,76,107,DNoHelmet
_fugsuymw2,66,378,380,76,107,DNoHelmet
_fugsuymw2,67,378,380,76,107,DNoHelmet
_fugsuymw2,68,378,380,76,107,DNoHelmet
_fugsuymw2,69,378,380,76,107,DNoHelmet
_fugsuymw2,70,378,380,76,107,DNoHelmet
_fugsuymw2,71,378,380,76,107,DNoHelmet
_fugsuymw2,72,378,380,76,107,DNoHelmet
_fugsuymw2,73,378,380,76,107,DNoHelmet
_fugsuymw2,74,378,380,76,107,DNoHelmet
_fugsuymw2,75,378,380,76,107,DNoHelmet
_fugsuymw2,76,378,380,76,107,DNoHelmet
_fugsuymw2,77,378,380,76,107,DNoHelmet
_fugsuymw2,78,378,380,76,107,DNoHelmet
_fugsuymw2,79,378,380,76,107,DNoHelmet
_fugsuymw2,80,378,380,76,107,DNoHelmet
_fugsuymw2,81,378,380,76,107,DNoHelmet
_fugsuymw2,82,378,380,76,107,DNoHelmet
_fugsuymw2,83,378,380,76,107,DNoHelmet
_fugsuymw2,84,378,380,76,107,DNoHelmet
_fugsuymw2,85,378,380,76,107,DNoHelmet
_fugsuymw2,86,378,380,76,107,DNoHelmet
_fugsuymw2,87,378,380,76,107,DNoHelmet
_fugsuymw2,88,378,380,76,107,DNoHelmet
_fugsuymw2,89,378,380,76,107,DNoHelmet
_fugsuymw2,90,378,380,76,107,DNoHelmet
_fugsuymw2,91,378,380,77,107,DNoHelmet
_fugsuymw2,92,378,380,77,107,DNoHelmet
_fugsuymw2,93,378,380,77,107,DNoHelmet
_fugsuymw2,94,378,380,77,107,DNoHelmet
_fugsuymw2,95,378,380,77,107,DNoHelmet
_fugsuymw2,96,378,380,77,107,DNoHelmet
_fugsuymw2,97,378,380,77,107,DNoHelmet
_fugsuymw2,98,378,380,77,107,DNoHelmet
_fugsuymw2,99,378,380,77,107,DNoHelmet
_fugsuymw2,100,378,380,77,107,DNoHelmet
_3yos48v1g,1,489,391,60,119,DNoHelmet
_3yos48v1g,2,489,391,60,119,DNoHelmet
_3yos48v1g,3,489,391,61,119,DNoHelmet
_3yos48v1g,4,489,391,61,119,DNoHelmet
_3yos48v1g,5,489,391,61,119,DNoHelmet
_3yos48v1g,6,489,391,61,119,DNoHelmet
_3yos48v1g,7,489,391,61,119,DNoHelmet
_3yos48v1g,8,490,391,60,119,DNoHelmet
_3yos48v1g,9,490,391,60,119,DNoHelmet
_3yos48v1g,10,490,391,60,119,DNoHelmet
_3yos48v1g,11,490,391,60,119,DNoHelmet
_3yos48v1g,12,490,391,60,119,DNoHelmet
_3yos48v1g,13,490,391,60,119,DNoHelmet
_3yos48v1g,14,490,391,60,119,DNoHelmet
_3yos48v1g,15,490,391,60,119,DNoHelmet
_3yos48v1g,16,490,391,60,119,DNoHelmet
_3yos48v1g,17,490,391,60,119,DNoHelmet
_3yos48v1g,18,490,391,60,119,DNoHelmet
_3yos48v1g,19,490,391,60,119,DNoHelmet
_3yos48v1g,20,490,391,60,119,DNoHelmet
_3yos48v1g,21,490,391,60,119,DNoHelmet
_3yos48v1g,22,490,391,60,119,DNoHelmet
_3yos48v1g,23,490,391,60,119,DNoHelmet
_3yos48v1g,24,490,391,60,119,DNoHelmet
_3yos48v1g,25,490,391,60,119,DNoHelmet
_3yos48v1g,26,490,391,60,119,DNoHelmet
_3yos48v1g,27,490,391,60,119,DNoHelmet
_3yos48v1g,28,490,391,60,119,DNoHelmet
_3yos48v1g,29,490,391,60,119,DNoHelmet
_3yos48v1g,30,490,391,60,119,DNoHelmet
_3yos48v1g,31,490,391,60,119,DNoHelmet
_3yos48v1g,32,490,391,60,119,DNoHelmet
_3yos48v1g,33,490,391,60,119,DNoHelmet
_3yos48v1g,34,490,391,60,119,DNoHelmet
_3yos48v1g,35,490,391,60,119,DNoHelmet
_3yos48v1g,36,490,391,60,119,DNoHelmet
_3yos48v1g,37,490,391,60,119,DNoHelmet
_3yos48v1g,38,490,391,60,119,DNoHelmet
_3yos48v1g,39,490,391,60,119,DNoHelmet
_3yos48v1g,40,490,391,61,119,DNoHelmet
_3yos48v1g,41,490,391,61,119,DNoHelmet
_3yos48v1g,42,490,391,61,119,DNoHelmet
_3yos48v1g,43,490,391,61,119,DNoHelmet
_3yos48v1g,44,490,391,61,119,DNoHelmet
_3yos48v1g,45,491,391,60,119,DNoHelmet
_3yos48v1g,46,491,391,60,119,DNoHelmet
_3yos48v1g,47,491,391,60,119,DNoHelmet
_3yos48v1g,48,491,391,60,119,DNoHelmet
_3yos48v1g,49,491,391,60,119,DNoHelmet
_3yos48v1g,50,491,391,60,119,DNoHelmet
_3yos48v1g,51,491,391,60,119,DNoHelmet
_3yos48v1g,52,491,391,60,119,DNoHelmet
_3yos48v1g,53,491,391,60,119,DNoHelmet
_3yos48v1g,54,491,391,60,119,DNoHelmet
_3yos48v1g,55,491,391,60,119,DNoHelmet
_3yos48v1g,56,491,391,60,119,DNoHelmet
_3yos48v1g,57,491,391,60,119,DNoHelmet
_3yos48v1g,58,491,391,60,119,DNoHelmet
_3yos48v1g,59,491,391,60,119,DNoHelmet
_3yos48v1g,60,491,391,60,119,DNoHelmet
_3yos48v1g,61,491,391,60,119,DNoHelmet
_3yos48v1g,62,491,391,60,119,DNoHelmet
_3yos48v1g,63,491,391,60,119,DNoHelmet
_3yos48v1g,64,491,391,60,119,DNoHelmet
_3yos48v1g,65,491,391,60,119,DNoHelmet
_3yos48v1g,66,491,391,60,119,DNoHelmet
_3yos48v1g,67,491,391,60,119,DNoHelmet
_3yos48v1g,68,491,391,60,119,DNoHelmet
_3yos48v1g,69,491,391,60,119,DNoHelmet
_3yos48v1g,70,491,391,60,119,DNoHelmet
_3yos48v1g,71,491,391,60,119,DNoHelmet
_3yos48v1g,72,491,391,60,119,DNoHelmet
_3yos48v1g,73,491,391,60,119,DNoHelmet
_3yos48v1g,74,491,391,60,119,DNoHelmet
_3yos48v1g,75,491,391,60,119,DNoHelmet
_3yos48v1g,76,491,391,61,119,DNoHelmet
_3yos48v1g,77,491,391,61,119,DNoHelmet
_3yos48v1g,78,491,391,61,119,DNoHelmet
_3yos48v1g,79,491,391,61,119,DNoHelmet
_3yos48v1g,80,491,391,61,119,DNoHelmet
_3yos48v1g,81,492,391,60,119,DNoHelmet
_3yos48v1g,82,492,391,60,119,DNoHelmet
_3yos48v1g,83,492,391,60,119,DNoHelmet
_3yos48v1g,84,492,391,60,119,DNoHelmet
_3yos48v1g,85,492,391,60,119,DNoHelmet
_3yos48v1g,86,492,391,60,119,DNoHelmet
_3yos48v1g,87,492,391,60,119,DNoHelmet
_3yos48v1g,88,492,391,60,119,DNoHelmet
_3yos48v1g,89,492,391,60,119,DNoHelmet
_3yos48v1g,90,492,391,60,119,DNoHelmet
_3yos48v1g,91,492,391,60,119,DNoHelmet
_3yos48v1g,92,492,391,60,119,DNoHelmet
_3yos48v1g,93,492,391,60,119,DNoHelmet
_3yos48v1g,94,492,391,60,119,DNoHelmet
_3yos48v1g,95,492,391,60,119,DNoHelmet
_3yos48v1g,96,492,391,60,119,DNoHelmet
_3yos48v1g,97,492,391,60,119,DNoHelmet
_3yos48v1g,98,492,391,60,119,DNoHelmet
_3yos48v1g,99,492,391,60,119,DNoHelmet
_3yos48v1g,100,492,391,60,119,DNoHelmet
_w8vun7olp,1,200,389,64,133,DNoHelmet
_w8vun7olp,2,192,388,63,132,DNoHelmet
_w8vun7olp,3,185,388,62,129,DNoHelmet
_w8vun7olp,4,177,387,61,128,DNoHelmet
_w8vun7olp,5,170,386,59,126,DNoHelmet
_w8vun7olp,6,162,385,59,125,DNoHelmet
_w8vun7olp,7,155,384,57,123,DNoHelmet
_w8vun7olp,8,147,383,56,122,DNoHelmet
_w8vun7olp,9,140,382,55,120,DNoHelmet
_w8vun7olp,10,132,381,54,119,DNoHelmet
_w8vun7olp,11,128,380,53,117,DNoHelmet
_w8vun7olp,12,123,380,54,115,DNoHelmet
_w8vun7olp,13,119,379,54,113,DNoHelmet
_w8vun7olp,14,114,378,54,112,DNoHelmet
_w8vun7olp,15,110,377,54,110,DNoHelmet
_w8vun7olp,16,105,376,54,109,DNoHelmet
_w8vun7olp,17,101,375,54,107,DNoHelmet
_w8vun7olp,18,97,374,53,106,DNoHelmet
_w8vun7olp,19,92,373,54,104,DNoHelmet
_w8vun7olp,20,89,373,53,102,DNoHelmet
_w8vun7olp,21,85,372,53,100,DNoHelmet
_w8vun7olp,22,83,372,53,99,DNoHelmet
_w8vun7olp,23,81,372,52,98,DNoHelmet
_w8vun7olp,24,78,372,53,97,DNoHelmet
_w8vun7olp,25,75,371,52,96,DNoHelmet
_w8vun7olp,26,72,371,51,95,DNoHelmet
_w8vun7olp,27,68,370,51,94,DNoHelmet
_w8vun7olp,28,65,369,51,94,DNoHelmet
_w8vun7olp,29,61,369,51,92,DNoHelmet
_w8vun7olp,30,58,368,50,91,DNoHelmet
_w8vun7olp,31,55,368,49,90,DNoHelmet
_w8vun7olp,32,51,367,50,89,DNoHelmet
_w8vun7olp,33,48,367,49,87,DNoHelmet
_w8vun7olp,34,44,366,49,87,DNoHelmet
_w8vun7olp,35,41,365,48,86,DNoHelmet
_w8vun7olp,36,38,365,48,84,DNoHelmet
_w8vun7olp,37,35,365,46,83,DNoHelmet
_w8vun7olp,38,32,365,45,81,DNoHelmet
_w8vun7olp,39,30,365,42,79,DNoHelmet
_wn379hbgf,2,1612,433,308,402,DHelmet
_wn379hbgf,3,1501,431,291,321,DHelmet
_wn379hbgf,4,1391,430,271,238,DHelmet
_wn379hbgf,5,1298,426,253,314,DHelmet
_wn379hbgf,6,1211,422,232,326,DHelmet
_wn379hbgf,7,1138,418,212,313,DHelmet
_wn379hbgf,8,1064,415,193,299,DHelmet
_wn379hbgf,9,999,413,182,285,DHelmet
_wn379hbgf,10,933,412,172,271,DHelmet
_wn379hbgf,11,877,410,162,263,DHelmet
_wn379hbgf,12,820,408,153,254,DHelmet
_wn379hbgf,13,764,407,152,244,DHelmet
_wn379hbgf,14,708,405,150,236,DHelmet
_wn379hbgf,15,668,403,140,229,DHelmet
_wn379hbgf,16,628,400,129,223,DHelmet
_wn379hbgf,17,584,396,124,218,DHelmet
_wn379hbgf,18,558,395,109,212,DHelmet
_wn379hbgf,19,514,395,90,189,DHelmet
_wn379hbgf,20,481,394,103,195,DHelmet
_wn379hbgf,21,446,391,101,192,DHelmet
_wn379hbgf,22,423,391,90,187,DHelmet
_wn379hbgf,23,390,391,80,163,DHelmet
_wn379hbgf,24,367,390,85,182,DHelmet
_wn379hbgf,25,343,389,83,178,DHelmet
_wn379hbgf,26,319,388,81,173,DHelmet
_wn379hbgf,27,297,388,78,168,DHelmet
_wn379hbgf,28,274,387,76,164,DHelmet
_wn379hbgf,29,254,386,74,159,DHelmet
_wn379hbgf,30,234,385,72,155,DHelmet
_wn379hbgf,31,215,384,69,151,DHelmet
_wn379hbgf,32,208,383,56,131,DHelmet
_wn379hbgf,33,200,381,48,65,DHelmet
_wn379hbgf,34,172,380,69,141,DHelmet
_wn379hbgf,35,159,379,66,139,DHelmet
_wn379hbgf,36,145,377,64,138,DHelmet
_wn379hbgf,37,135,377,63,135,DHelmet
_wn379hbgf,38,125,376,61,132,DHelmet
_wn379hbgf,39,118,376,60,129,DHelmet
_wn379hbgf,40,110,377,59,125,DHelmet
_wn379hbgf,41,102,377,58,122,DHelmet
_wn379hbgf,42,94,377,57,119,DHelmet
_wn379hbgf,43,89,376,55,117,DHelmet
_wn379hbgf,44,84,375,53,115,DHelmet
_wn379hbgf,45,79,374,52,112,DHelmet
_wn379hbgf,46,74,373,50,110,DHelmet
_wn379hbgf,47,70,372,50,109,DHelmet
_wn379hbgf,48,66,371,50,108,DHelmet
_wn379hbgf,49,62,370,49,106,DHelmet
_wn379hbgf,50,58,369,49,105,DHelmet
_wn379hbgf,51,54,368,49,104,DHelmet
_wn379hbgf,52,52,367,48,102,DHelmet
_wn379hbgf,53,49,366,48,101,DHelmet
_wn379hbgf,54,46,366,48,99,DHelmet
_wn379hbgf,55,43,365,48,98,DHelmet
_wn379hbgf,56,40,364,48,96,DHelmet
_wn379hbgf,57,38,363,46,95,DHelmet
_wn379hbgf,58,35,362,45,94,DHelmet
_wn379hbgf,59,32,362,43,92,DHelmet
_wn379hbgf,60,30,361,41,91,DHelmet
_bnwjpjerm,15,1681,441,239,382,DHelmet
_bnwjpjerm,16,1560,438,342,385,DHelmet
_bnwjpjerm,17,1452,435,308,365,DHelmet
_bnwjpjerm,18,1355,432,275,345,DHelmet
_bnwjpjerm,19,1268,430,252,327,DHelmet
_bnwjpjerm,20,1182,427,229,310,DHelmet
_bnwjpjerm,21,1111,420,206,298,DHelmet
_bnwjpjerm,22,1042,422,200,283,DHelmet
_bnwjpjerm,23,998,419,163,271,DHelmet
_bnwjpjerm,24,919,418,141,239,DHelmet
_bnwjpjerm,25,865,415,159,250,DHelmet
_bnwjpjerm,26,813,413,151,243,DHelmet
_bnwjpjerm,27,786,412,122,234,DHelmet
_bnwjpjerm,28,720,411,112,207,DHelmet
_bnwjpjerm,29,680,410,128,216,DHelmet
_bnwjpjerm,30,642,407,124,212,DHelmet
_bnwjpjerm,31,603,405,120,207,DHelmet
_bnwjpjerm,32,567,402,115,202,DHelmet
_bnwjpjerm,33,532,401,109,196,DHelmet
_bnwjpjerm,34,500,399,106,190,DHelmet
_bnwjpjerm,35,469,396,101,186,DHelmet
_bnwjpjerm,36,441,396,97,182,DHelmet
_bnwjpjerm,37,413,396,93,177,DHelmet
_bnwjpjerm,38,387,395,86,169,DHelmet
_bnwjpjerm,39,360,394,81,161,DHelmet
_bnwjpjerm,40,337,393,81,161,DHelmet
_bnwjpjerm,41,315,392,79,160,DHelmet
_bnwjpjerm,42,292,391,79,160,DHelmet
_bnwjpjerm,43,274,390,76,157,DHelmet
_bnwjpjerm,44,255,390,73,152,DHelmet
_bnwjpjerm,45,237,389,69,149,DHelmet
_bnwjpjerm,46,219,388,69,146,DHelmet
_bnwjpjerm,47,202,387,67,143,DHelmet
_bnwjpjerm,48,185,386,65,139,DHelmet
_bnwjpjerm,49,171,385,65,137,DHelmet
_bnwjpjerm,50,158,384,64,134,DHelmet
_bnwjpjerm,51,144,383,64,132,DHelmet
_bnwjpjerm,52,131,382,63,130,DHelmet
_bnwjpjerm,53,121,381,63,128,DHelmet
_bnwjpjerm,54,111,380,63,126,DHelmet
_bnwjpjerm,55,101,379,62,124,DHelmet
_bnwjpjerm,56,91,378,62,122,DHelmet
_bnwjpjerm,57,84,377,59,120,DHelmet
_bnwjpjerm,58,77,376,56,118,DHelmet
_bnwjpjerm,59,70,375,54,116,DHelmet
_bnwjpjerm,60,63,374,53,114,DHelmet
_bnwjpjerm,61,56,373,53,112,DHelmet
_bnwjpjerm,62,49,372,53,110,DHelmet
_bnwjpjerm,63,44,372,54,110,DHelmet
_bnwjpjerm,64,40,372,52,108,DHelmet
_bnwjpjerm,65,36,372,51,106,DHelmet
_bnwjpjerm,66,33,371,50,104,DHelmet
_bnwjpjerm,67,30,370,49,102,DHelmet
_bnwjpjerm,68,26,370,49,102,DHelmet
_9oeh1ujf3,1,3,416,88,197,DNoHelmetP0NoHelmetP1NoHelmet
_9oeh1ujf3,2,3,420,104,200,DNoHelmetP0NoHelmetP1NoHelmet
_9oeh1ujf3,3,18,424,106,203,DNoHelmetP0NoHelmetP1NoHelmet
_9oeh1ujf3,4,34,426,109,208,DNoHelmetP0NoHelmetP1NoHelmet
_9oeh1ujf3,5,49,428,113,213,DNoHelmetP0NoHelmetP1NoHelmet
_9oeh1ujf3,6,66,429,119,221,DNoHelmetP0NoHelmetP1NoHelmet
_9oeh1ujf3,7,84,430,125,230,DNoHelmetP0NoHelmetP1NoHelmet
_9oeh1ujf3,8,107,432,130,237,DNoHelmetP0NoHelmetP1NoHelmet
_9oeh1ujf3,9,131,434,133,244,DNoHelmetP0NoHelmetP1NoHelmet
_9oeh1ujf3,10,156,438,141,250,DNoHelmetP0NoHelmetP1NoHelmet
_9oeh1ujf3,11,182,441,149,257,DNoHelmetP0NoHelmetP1NoHelmet
_9oeh1ujf3,12,215,444,152,269,DNoHelmetP0NoHelmetP1NoHelmet
_9oeh1ujf3,13,247,446,157,283,DNoHelmetP0NoHelmetP1NoHelmet
_9oeh1ujf3,14,285,450,165,295,DNoHelmetP0NoHelmetP1NoHelmet
_9oeh1ujf3,15,323,454,173,307,DNoHelmetP0NoHelmetP1NoHelmet
_9oeh1ujf3,16,371,459,182,319,DNoHelmetP0NoHelmetP1NoHelmet
_9oeh1ujf3,17,418,464,192,331,DNoHelmetP0NoHelmetP1NoHelmet
_9oeh1ujf3,18,476,468,211,350,DNoHelmetP0NoHelmetP1NoHelmet
_9oeh1ujf3,19,534,472,231,369,DNoHelmetP0NoHelmetP1NoHelmet
_9oeh1ujf3,20,592,476,251,388,DNoHelmetP0NoHelmetP1NoHelmet
_9oeh1ujf3,21,669,481,280,411,DNoHelmetP0NoHelmetP1NoHelmet
_9oeh1ujf3,22,747,487,309,433,DNoHelmetP0NoHelmetP1NoHelmet
_9oeh1ujf3,23,845,492,347,466,DNoHelmetP0NoHelmetP1NoHelmet
_9oeh1ujf3,24,943,497,385,499,DNoHelmetP0NoHelmetP1NoHelmet
_9oeh1ujf3,25,1057,503,434,541,DNoHelmetP0NoHelmetP1NoHelmet
_9oeh1ujf3,26,1192,522,495,558,DNoHelmetP0NoHelmetP1NoHelmet
_9oeh1ujf3,27,1344,531,576,549,DNoHelmetP0NoHelmetP1NoHelmet
_9oeh1ujf3,28,1522,552,398,528,DNoHelmetP0NoHelmetP1NoHelmet
_tvfez5na5,10,2,407,88,210,DHelmetP1NoHelmetP2NoHelmet
_tvfez5na5,11,1,411,114,214,DHelmetP1NoHelmetP2NoHelmet
_tvfez5na5,12,23,411,114,221,DHelmetP1NoHelmetP2NoHelmet
_tvfez5na5,13,40,407,117,233,DHelmetP1NoHelmetP2NoHelmet
_tvfez5na5,14,65,409,122,241,DHelmetP1NoHelmetP2NoHelmet
_tvfez5na5,15,89,411,127,250,DHelmetP1NoHelmetP2NoHelmet
_tvfez5na5,16,119,416,130,256,DHelmetP1NoHelmetP2NoHelmet
_tvfez5na5,17,148,420,134,263,DHelmetP1NoHelmetP2NoHelmet
_tvfez5na5,18,183,419,139,278,DHelmetP1NoHelmetP2NoHelmet
_tvfez5na5,19,217,417,144,294,DHelmetP1NoHelmetP2NoHelmet
_tvfez5na5,20,253,421,155,307,DHelmetP1NoHelmetP2NoHelmet
_tvfez5na5,21,289,424,166,320,DHelmetP1NoHelmetP2NoHelmet
_tvfez5na5,22,338,429,175,332,DHelmetP1NoHelmetP2NoHelmet
_tvfez5na5,23,387,434,184,345,DHelmetP1NoHelmetP2NoHelmet
_tvfez5na5,24,441,438,204,361,DHelmetP1NoHelmetP2NoHelmet
_tvfez5na5,25,496,442,222,377,DHelmetP1NoHelmetP2NoHelmet
_tvfez5na5,26,566,447,246,402,DHelmetP1NoHelmetP2NoHelmet
_tvfez5na5,27,636,451,269,427,DHelmetP1NoHelmetP2NoHelmet
_tvfez5na5,28,718,459,300,450,DHelmetP1NoHelmetP2NoHelmet
_tvfez5na5,29,807,466,343,480,DHelmetP1NoHelmetP2NoHelmet
_tvfez5na5,30,913,472,391,515,DHelmetP1NoHelmetP2NoHelmet
_tvfez5na5,31,1030,480,453,558,DHelmetP1NoHelmetP2NoHelmet
_tvfez5na5,32,1169,488,526,591,DHelmetP1NoHelmetP2NoHelmet
_tvfez5na5,33,1330,497,590,583,DHelmetP1NoHelmetP2NoHelmet
_tvfez5na5,34,1522,503,398,577,DHelmetP1NoHelmetP2NoHelmet
_3575oa89j,24,3,404,99,214,DNoHelmetP1NoHelmet
_3575oa89j,25,3,404,116,220,DNoHelmetP1NoHelmet
_3575oa89j,26,14,408,122,225,DNoHelmetP1NoHelmet
_3575oa89j,27,28,410,127,230,DNoHelmetP1NoHelmet
_3575oa89j,28,44,408,135,239,DNoHelmetP1NoHelmet
_3575oa89j,29,65,410,138,246,DNoHelmetP1NoHelmet
_3575oa89j,30,85,413,143,253,DNoHelmetP1NoHelmet
_3575oa89j,31,105,415,147,260,DNoHelmetP1NoHelmet
_3575oa89j,32,131,417,151,271,DNoHelmetP1NoHelmet
_3575oa89j,33,157,419,156,281,DNoHelmetP1NoHelmet
_3575oa89j,34,188,421,160,292,DNoHelmetP1NoHelmet
_3575oa89j,35,219,423,163,302,DNoHelmetP1NoHelmet
_3575oa89j,36,254,425,171,317,DNoHelmetP1NoHelmet
_3575oa89j,37,288,428,179,331,DNoHelmetP1NoHelmet
_3575oa89j,38,330,434,190,340,DNoHelmetP1NoHelmet
_3575oa89j,39,371,439,203,351,DNoHelmetP1NoHelmet
_3575oa89j,40,423,439,220,373,DNoHelmetP1NoHelmet
_3575oa89j,41,474,440,239,394,DNoHelmetP1NoHelmet
_3575oa89j,42,535,447,257,416,DNoHelmetP1NoHelmet
_3575oa89j,43,606,455,280,437,DNoHelmetP1NoHelmet
_3575oa89j,44,678,462,314,464,DNoHelmetP1NoHelmet
_3575oa89j,45,767,465,352,497,DNoHelmetP1NoHelmet
_3575oa89j,46,865,471,406,533,DNoHelmetP1NoHelmet
_3575oa89j,47,981,481,461,576,DNoHelmetP1NoHelmet
_3575oa89j,48,1117,481,529,599,DNoHelmetP1NoHelmet
_3575oa89j,49,1276,493,613,587,DNoHelmetP1NoHelmet
_3575oa89j,50,1460,507,460,573,DNoHelmetP1NoHelmet
_iok7qx3pc,69,2,397,68,156,DNoHelmetP1NoHelmet
_iok7qx3pc,70,9,399,82,159,DNoHelmetP1NoHelmet
_iok7qx3pc,71,23,401,89,162,DNoHelmetP1NoHelmet
_iok7qx3pc,72,46,401,90,169,DNoHelmetP1NoHelmet
_iok7qx3pc,73,68,402,93,174,DNoHelmetP1NoHelmet
_iok7qx3pc,74,94,406,96,176,DNoHelmetP1NoHelmet
_iok7qx3pc,75,120,409,100,180,DNoHelmetP1NoHelmet
_iok7qx3pc,76,149,409,105,187,DNoHelmetP1NoHelmet
_iok7qx3pc,77,177,409,111,194,DNoHelmetP1NoHelmet
_iok7qx3pc,78,210,411,116,201,DNoHelmetP1NoHelmet
_iok7qx3pc,79,243,412,122,209,DNoHelmetP1NoHelmet
_iok7qx3pc,80,280,415,126,218,DNoHelmetP1NoHelmet
_iok7qx3pc,81,316,418,131,227,DNoHelmetP1NoHelmet
_iok7qx3pc,82,359,422,137,237,DNoHelmetP1NoHelmet
_iok7qx3pc,83,402,426,143,248,DNoHelmetP1NoHelmet
_iok7qx3pc,84,452,428,150,261,DNoHelmetP1NoHelmet
_iok7qx3pc,85,502,429,156,276,DNoHelmetP1NoHelmet
_iok7qx3pc,86,561,432,170,294,DNoHelmetP1NoHelmet
_iok7qx3pc,87,619,435,184,313,DNoHelmetP1NoHelmet
_iok7qx3pc,88,688,444,206,332,DNoHelmetP1NoHelmet
_iok7qx3pc,89,767,453,227,351,DNoHelmetP1NoHelmet
_iok7qx3pc,90,856,453,259,385,DNoHelmetP1NoHelmet
_iok7qx3pc,91,962,458,292,418,DNoHelmetP1NoHelmet
_iok7qx3pc,92,1085,466,341,461,DNoHelmetP1NoHelmet
_iok7qx3pc,93,1231,478,404,513,DNoHelmetP1NoHelmet
_iok7qx3pc,94,1405,493,495,579,DNoHelmetP1NoHelmet
_iok7qx3pc,95,1629,509,291,556,DNoHelmetP1NoHelmet
_oqfm83fxc,79,1,424,74,235,DNoHelmet
_oqfm83fxc,80,3,426,92,246,DNoHelmet
_oqfm83fxc,81,5,429,110,256,DNoHelmet
_oqfm83fxc,82,16,431,124,268,DNoHelmet
_oqfm83fxc,83,35,432,129,281,DNoHelmet
_oqfm83fxc,84,53,434,143,302,DNoHelmet
_oqfm83fxc,85,81,440,150,317,DNoHelmet
_oqfm83fxc,86,110,446,156,332,DNoHelmet
_oqfm83fxc,87,142,453,169,353,DNoHelmet
_oqfm83fxc,88,174,459,181,374,DNoHelmet
_oqfm83fxc,89,220,469,194,396,DNoHelmet
_oqfm83fxc,90,265,479,207,418,DNoHelmet
_oqfm83fxc,91,312,480,235,459,DNoHelmet
_oqfm83fxc,92,377,492,262,499,DNoHelmet
_oqfm83fxc,93,458,504,290,540,DNoHelmet
_oqfm83fxc,94,540,523,351,557,DNoHelmet
_oqfm83fxc,95,643,533,422,547,DNoHelmet
_oqfm83fxc,96,770,544,480,536,DNoHelmet
_oqfm83fxc,97,927,568,549,512,DNoHelmet
_oqfm83fxc,98,1128,600,667,480,DNoHelmet
