track_id,frame_id,x,y,w,h,label
_jkrmyoycm,1,1726,279,70,105,DHelmetP1NoHelmet
_jkrmyoycm,2,1717,282,71,106,DHelmetP1NoHelmet
_jkrmyoycm,3,1708,284,72,109,DHelmetP1NoHelmet
_jkrmyoycm,4,1699,287,72,110,DHelmetP1NoHelmet
_jkrmyoycm,5,1690,290,73,111,DHelmetP1NoHelmet
_jkrmyoycm,6,1676,291,76,114,DHelmetP1NoHelmet
_jkrmyoycm,7,1662,293,80,116,DHelmetP1NoHelmet
_jkrmyoycm,8,1648,294,83,120,DHelmetP1NoHelmet
_jkrmyoycm,9,1633,295,83,123,DHelmetP1NoHelmet
_jkrmyoycm,10,1618,297,83,125,DHelmetP1NoHelmet
_jkrmyoycm,11,1598,298,87,129,DHelmetP1NoHelmet
_jkrmyoycm,12,1578,299,90,132,DHelmetP1NoHelmet
_jkrmyoycm,13,1558,300,94,135,DHelmetP1NoHelmet
_jkrmyoycm,14,1539,301,97,139,DHelmetP1NoHelmet
_jkrmyoycm,15,1519,303,101,141,DHelmetP1NoHelmet
_jkrmyoycm,16,1498,306,103,145,DHelmetP1NoHelmet
_jkrmyoycm,17,1477,309,106,149,DHelmetP1NoHelmet
_jkrmyoycm,18,1454,313,108,153,DHelmetP1NoHelmet
_jkrmyoycm,19,1430,316,110,157,DHelmetP1NoHelmet
_jkrmyoycm,20,1406,319,113,161,DHelmetP1NoHelmet
_jkrmyoycm,21,1376,320,116,168,DHelmetP1NoHelmet
_jkrmyoycm,22,1345,322,120,174,DHelmetP1NoHelmet
_jkrmyoycm,23,1312,324,123,182,DHelmetP1NoHelmet
_jkrmyoycm,24,1278,327,127,189,DHelmetP1NoHelmet
_jkrmyoycm,25,1240,330,130,195,DHelmetP1NoHelmet
_jkrmyoycm,26,1194,333,136,204,DHelmetP1NoHelmet
_jkrmyoycm,27,1149,336,142,213,DHelmetP1NoHelmet
_jkrmyoycm,28,1104,340,148,221,DHelmetP1NoHelmet
_jkrmyoycm,29,1054,347,154,229,DHelmetP1NoHelmet
_jkrmyoycm,30,1004,355,160,236,DHelmetP1NoHelmet
_jkrmyoycm,31,944,362,169,248,DHelmetP1NoHelmet
_jkrmyoycm,32,884,369,178,260,DHelmetP1NoHelmet
_jkrmyoycm,33,813,377,188,277,DHelmetP1NoHelmet
_jkrmyoycm,34,741,386,198,293,DHelmetP1NoHelmet
_jkrmyoycm,35,645,396,215,311,DHelmetP1NoHelmet
_jkrmyoycm,36,549,407,231,327,DHelmetP1NoHelmet
_jkrmyoycm,37,430,414,254,351,DHelmetP1NoHelmet
_jkrmyoycm,38,290,424,286,379,DHelmetP1NoHelmet
_jkrmyoycm,39,122,434,321,414,DHelmetP1NoHelmet
_jkrmyoycm,40,2,450,300,444,DHelmetP1NoHelmet
_1niqot8t5,1,1823,268,48,93,DHelmetP1Helmet
_1niqot8t5,2,1816,270,50,95,DHelmetP1Helmet
_1niqot8t5,3,1809,272,51,96,DHelmetP1Helmet
_1niqot8t5,4,1803,274,51,98,DHelmetP1Helmet
_1niqot8t5,5,1795,277,53,99,DHelmetP1Helmet
_1niqot8t5,6,1788,279,53,101,DHelmetP1Helmet
_1niqot8t5,7,1780,281,54,102,DHelmetP1Helmet
_1niqot8t5,8,1773,283,54,104,DHelmetP1Helmet
_1niqot8t5,9,1759,283,56,106,DHelmetP1Helmet
_1niqot8t5,10,1746,283,57,107,DHelmetP1Helmet
_1niqot8t5,11,1732,283,59,109,DHelmetP1Helmet
_1niqot8t5,12,1719,284,60,111,DHelmetP1Helmet
_1niqot8t5,13,1707,284,60,113,DHelmetP1Helmet
_1niqot8t5,14,1694,284,61,116,DHelmetP1Helmet
_1niqot8t5,15,1681,287,63,118,DHelmetP1Helmet
_1niqot8t5,16,1668,289,65,122,DHelmetP1Helmet
_1niqot8t5,17,1655,292,67,125,DHelmetP1Helmet
_1niqot8t5,18,1642,295,69,127,DHelmetP1Helmet
_1niqot8t5,19,1629,298,71,130,DHelmetP1Helmet
_1niqot8t5,20,1613,299,72,134,DHelmetP1Helmet
_1niqot8t5,21,1597,300,73,137,DHelmetP1Helmet
_1niqot8t5,22,1581,301,74,141,DHelmetP1Helmet
_1niqot8t5,23,1565,302,74,144,DHelmetP1Helmet
_1niqot8t5,24,1540,303,78,149,DHelmetP1Helmet
_1niqot8t5,25,1516,305,80,152,DHelmetP1Helmet
_1niqot8t5,26,1491,306,83,156,DHelmetP1Helmet
_1niqot8t5,27,1466,308,86,160,DHelmetP1Helmet
_1niqot8t5,28,1439,312,88,165,DHelmetP1Helmet
_1niqot8t5,29,1411,316,92,170,DHelmetP1Helmet
_1niqot8t5,30,1383,320,95,176,DHelmetP1Helmet
_1niqot8t5,31,1356,324,97,181,DHelmetP1Helmet
_1niqot8t5,32,1321,328,101,187,DHelmetP1Helmet
_1niqot8t5,33,1286,332,105,194,DHelmetP1Helmet
_1niqot8t5,34,1251,336,109,201,DHelmetP1Helmet
_1niqot8t5,35,1215,339,114,208,DHelmetP1Helmet
_1niqot8t5,36,1171,343,115,215,DHelmetP1Helmet
_1niqot8t5,37,1127,346,116,222,DHelmetP1Helmet
_1niqot8t5,38,1070,351,124,233,DHelmetP1Helmet
_1niqot8t5,39,1013,356,132,244,DHelmetP1Helmet
_1niqot8t5,40,947,359,141,257,DHelmetP1Helmet
_1niqot8t5,41,881,363,150,269,DHelmetP1Helmet
_1niqot8t5,42,808,372,161,284,DHelmetP1Helmet
_1niqot8t5,43,735,382,171,297,DHelmetP1Helmet
_1niqot8t5,44,643,393,193,317,DHelmetP1Helmet
_1niqot8t5,45,551,404,215,337,DHelmetP1Helmet
_1niqot8t5,46,440,416,240,362,DHelmetP1Helmet
_1niqot8t5,47,305,427,279,385,DHelmetP1Helmet
_1niqot8t5,48,145,441,325,418,DHelmetP1Helmet
_1niqot8t5,49,2,459,334,457,DHelmetP1Helmet
