track_id,frame_id,x,y,w,h,label
_bvntil9kv,5,3,534,636,546,DNoHelmetP1NoHelmet
_bvntil9kv,6,316,458,561,621,DNoHelmetP1NoHelmet
_bvntil9kv,7,626,407,432,611,DNoHelmetP1NoHelmet
_bvntil9kv,8,858,367,342,537,DNoHelmetP1NoHelmet
_bvntil9kv,9,1028,341,284,472,DNoHelmetP1NoHelmet
_bvntil9kv,10,1164,317,253,427,DNoHelmetP1NoHelmet
_bvntil9kv,11,1274,297,227,387,DNoHelmetP1NoHelmet
_bvntil9kv,12,1366,283,205,355,DNoHelmetP1NoHelmet
_bvntil9kv,13,1438,273,187,328,DNoHelmetP1NoHelmet
_bvntil9kv,14,1510,262,169,301,DNoHelmetP1NoHelmet
_bvntil9kv,15,1563,252,158,283,DNoHelmetP1NoHelmet
_bvntil9kv,16,1616,242,146,265,DNoHelmetP1NoHelmet
_bvntil9kv,17,1657,234,136,250,DNoHelmetP1NoHelmet
_bvntil9kv,18,1699,226,125,235,DNoHelmetP1NoHelmet
_bvntil9kv,19,1731,220,118,225,DNoHelmetP1NoHelmet
_bvntil9kv,20,1763,213,111,215,DNoHelmetP1NoHelmet
_bvntil9kv,21,1789,208,104,205,DNoHelmetP1NoHelmet
_bvntil9kv,22,1816,203,97,195,DNoHelmetP1NoHelmet
_bvntil9kv,23,1836,199,84,184,DNoHelmetP1NoHelmet
_bvntil9kv,24,1856,194,64,175,DNoHelmetP1NoHelmet
_bzdwa2hkh,12,5,499,480,581,DHelmet
_bzdwa2hkh,13,298,432,425,596,DHelmet
_bzdwa2hkh,14,578,385,326,515,DHelmet
_bzdwa2hkh,15,789,354,259,449,DHelmet
_bzdwa2hkh,16,950,329,215,402,DHelmet
_bzdwa2hkh,17,1083,309,177,363,DHelmet
_bzdwa2hkh,18,1191,293,156,332,DHelmet
_bzdwa2hkh,19,1278,280,141,304,DHelmet
_bzdwa2hkh,20,1354,269,129,281,DHelmet
_bzdwa2hkh,21,1415,258,120,262,DHelmet
_bzdwa2hkh,22,1476,247,111,243,DHelmet
_bzdwa2hkh,23,1522,239,105,229,DHelmet
_bzdwa2hkh,24,1568,230,100,216,DHelmet
_bzdwa2hkh,25,1603,224,97,206,DHelmet
_bzdwa2hkh,26,1639,217,94,197,DHelmet
_bzdwa2hkh,27,1671,213,88,187,DHelmet
_bzdwa2hkh,28,1703,208,83,178,DHelmet
_bzdwa2hkh,29,1728,204,79,170,DHelmet
_bzdwa2hkh,30,1752,201,76,160,DHelmet
_bzdwa2hkh,31,1774,197,73,154,DHelmet
_bzdwa2hkh,32,1796,193,69,148,DHelmet
_bzdwa2hkh,33,1813,189,67,143,DHelmet
_bzdwa2hkh,34,1831,186,64,137,DHelmet
_bzdwa2hkh,35,1848,182,62,132,DHelmet
_bzdwa2hkh,36,1863,179,57,127,DHelmet
_bzdwa2hkh,37,1879,175,41,124,DHelmet
_23nukvakf,27,1873,165,45,85,DHelmetP1Helmet
_23nukvakf,28,1864,166,44,89,DHelmetP1Helmet
_23nukvakf,29,1853,168,46,90,DHelmetP1Helmet
_23nukvakf,30,1843,169,47,92,DHelmetP1Helmet
_23nukvakf,31,1833,171,47,93,DHelmetP1Helmet
_23nukvakf,32,1823,173,48,94,DHelmetP1Helmet
_23nukvakf,33,1812,174,50,96,DHelmetP1Helmet
_23nukvakf,34,1802,176,51,97,DHelmetP1Helmet
_23nukvakf,35,1792,178,51,98,DHelmetP1Helmet
_23nukvakf,36,1780,180,52,100,DHelmetP1Helmet
_23nukvakf,37,1769,182,53,102,DHelmetP1Helmet
_23nukvakf,38,1757,184,54,105,DHelmetP1Helmet
_23nukvakf,39,1745,186,55,107,DHelmetP1Helmet
_23nukvakf,40,1730,188,56,110,DHelmetP1Helmet
_23nukvakf,41,1715,189,58,113,DHelmetP1Helmet
_23nukvakf,42,1699,190,61,117,DHelmetP1Helmet
_23nukvakf,43,1684,192,63,120,DHelmetP1Helmet
_23nukvakf,44,1666,195,64,123,DHelmetP1Helmet
_23nukvakf,45,1648,198,66,125,DHelmetP1Helmet
_23nukvakf,46,1630,201,68,128,DHelmetP1Helmet
_23nukvakf,47,1612,204,69,130,DHelmetP1Helmet
_23nukvakf,48,1593,208,70,134,DHelmetP1Helmet
_23nukvakf,49,1570,211,72,138,DHelmetP1Helmet
_23nukvakf,50,1547,215,74,142,DHelmetP1Helmet
_23nukvakf,51,1524,218,75,147,DHelmetP1Helmet
_23nukvakf,52,1496,221,79,153,DHelmetP1Helmet
_23nukvakf,53,1469,225,81,158,DHelmetP1Helmet
_23nukvakf,54,1437,228,85,164,DHelmetP1Helmet
_23nukvakf,55,1405,232,88,169,DHelmetP1Helmet
_23nukvakf,56,1369,237,92,176,DHelmetP1Helmet
_23nukvakf,57,1332,243,96,181,DHelmetP1Helmet
_23nukvakf,58,1290,248,100,188,DHelmetP1Helmet
_23nukvakf,59,1248,254,105,194,DHelmetP1Helmet
_23nukvakf,60,1198,258,110,206,DHelmetP1Helmet
_23nukvakf,61,1148,263,115,218,DHelmetP1Helmet
_23nukvakf,62,1087,273,122,226,DHelmetP1Helmet
_23nukvakf,63,1025,283,130,234,DHelmetP1Helmet
_23nukvakf,64,951,291,140,253,DHelmetP1Helmet
_23nukvakf,65,877,300,150,272,DHelmetP1Helmet
_23nukvakf,66,779,314,173,287,DHelmetP1Helmet
_23nukvakf,67,676,330,191,304,DHelmetP1Helmet
_23nukvakf,68,556,346,212,325,DHelmetP1Helmet
_23nukvakf,69,415,360,242,355,DHelmetP1Helmet
_23nukvakf,70,248,375,282,387,DHelmetP1Helmet
_23nukvakf,71,48,400,331,422,DHelmetP1Helmet
_23nukvakf,72,2,428,199,402,DHelmetP1Helmet
