track_id,frame_id,x,y,w,h,label
_60s4jru9u,1,1257,413,209,409,DHelmet
_60s4jru9u,2,1325,406,195,379,DHelmet
_60s4jru9u,3,1393,399,182,349,DHelmet
_60s4jru9u,4,1447,392,171,329,DHelmet
_60s4jru9u,5,1501,384,161,310,DHelmet
_60s4jru9u,6,1542,377,154,293,DHelmet
_60s4jru9u,7,1583,370,147,276,DHelmet
_60s4jru9u,8,1616,365,140,263,DHelmet
_60s4jru9u,9,1648,360,134,251,DHelmet
_60s4jru9u,10,1674,356,129,238,DHelmet
_60s4jru9u,11,1700,351,124,226,DHelmet
_60s4jru9u,12,1722,347,118,218,DHelmet
_60s4jru9u,13,1745,342,111,211,DHelmet
_60s4jru9u,14,1762,338,109,204,DHelmet
_60s4jru9u,15,1780,334,105,196,DHelmet
_60s4jru9u,16,1795,332,102,188,DHelmet
_60s4jru9u,17,1810,329,98,181,DHelmet
_60s4jru9u,18,1825,327,95,173,DHelmet
_60s4jru9u,19,1838,325,82,168,DHelmet
_60s4jru9u,20,1852,322,68,163,DHelmet
_60s4jru9u,21,1866,320,54,157,DHelmet
_60s4jru9u,22,1876,317,44,153,DHelmet
_60s4jru9u,23,1887,314,33,149,DHelmet
_60s4jru9u,24,1898,314,22,145,DHelmet
_wk2fwg8d8,1,1541,334,77,150,DHelmet
_wk2fwg8d8,2,1516,337,78,155,DHelmet
_wk2fwg8d8,3,1490,341,81,159,DHelmet
_wk2fwg8d8,4,1463,344,83,164,DHelmet
_wk2fwg8d8,5,1436,347,84,169,DHelmet
_wk2fwg8d8,6,1403,353,90,174,DHelmet
_wk2fwg8d8,7,1370,358,95,179,DHelmet
_wk2fwg8d8,8,1333,360,99,187,DHelmet
_wk2fwg8d8,9,1290,365,104,195,DHelmet
_wk2fwg8d8,10,1248,370,107,202,DHelmet
_wk2fwg8d8,11,1196,373,115,217,DHelmet
_wk2fwg8d8,12,1144,377,123,231,DHelmet
_wk2fwg8d8,13,1083,382,131,246,DHelmet
_wk2fwg8d8,14,1022,388,139,260,DHelmet
_wk2fwg8d8,15,944,398,152,275,DHelmet
_wk2fwg8d8,16,865,409,166,288,DHelmet
_wk2fwg8d8,17,762,418,185,311,DHelmet
_wk2fwg8d8,18,659,427,203,333,DHelmet
_wk2fwg8d8,19,523,434,238,370,DHelmet
_wk2fwg8d8,20,367,448,275,398,DHelmet
_wk2fwg8d8,21,172,466,327,443,DHelmet
_wk2fwg8d8,22,1,489,326,489,DHelmet
_wk2fwg8d8,23,2,698,123,272,DHelmet
_0nitt8g4g,1,1414,350,82,149,DHelmet
_0nitt8g4g,2,1383,354,83,153,DHelmet
_0nitt8g4g,3,1352,357,84,158,DHelmet
_0nitt8g4g,4,1321,361,88,164,DHelmet
_0nitt8g4g,5,1291,364,91,171,DHelmet
_0nitt8g4g,6,1249,368,96,177,DHelmet
_0nitt8g4g,7,1207,371,101,185,DHelmet
_0nitt8g4g,8,1166,374,105,192,DHelmet
_0nitt8g4g,9,1115,379,112,203,DHelmet
_0nitt8g4g,10,1064,385,118,212,DHelmet
_0nitt8g4g,11,1013,390,125,223,DHelmet
_0nitt8g4g,12,946,395,138,237,DHelmet
_0nitt8g4g,13,880,400,150,250,DHelmet
_0nitt8g4g,14,802,408,163,267,DHelmet
_0nitt8g4g,15,717,416,175,284,DHelmet
_0nitt8g4g,16,617,429,197,299,DHelmet
_0nitt8g4g,17,503,439,222,320,DHelmet
_0nitt8g4g,18,362,449,261,349,DHelmet
_0nitt8g4g,19,200,459,306,382,DHelmet
_0nitt8g4g,20,11,480,350,411,DHelmet
_0nitt8g4g,21,1,499,196,380,DHelmet
_ud8u9hwmk,27,1867,290,43,82,DHelmetP1NoHelmetP2NoHelmet
_ud8u9hwmk,28,1860,291,43,83,DHelmetP1NoHelmetP2NoHelmet
_ud8u9hwmk,29,1852,293,44,83,DHelmetP1NoHelmetP2NoHelmet
_ud8u9hwmk,30,1844,294,44,84,DHelmetP1NoHelmetP2NoHelmet
_ud8u9hwmk,31,1836,296,45,84,DHelmetP1NoHelmetP2NoHelmet
_ud8u9hwmk,32,1828,297,46,85,DHelmetP1NoHelmetP2NoHelmet
_ud8u9hwmk,33,1818,299,48,87,DHelmetP1NoHelmetP2NoHelmet
_ud8u9hwmk,34,1808,301,50,88,DHelmetP1NoHelmetP2NoHelmet
_ud8u9hwmk,35,1799,303,51,90,DHelmetP1NoHelmetP2NoHelmet
_ud8u9hwmk,36,1789,305,53,91,DHelmetP1NoHelmetP2NoHelmet
_ud8u9hwmk,37,1777,307,54,93,DHelmetP1NoHelmetP2NoHelmet
_ud8u9hwmk,38,1765,308,55,95,DHelmetP1NoHelmetP2NoHelmet
_ud8u9hwmk,39,1754,309,55,97,DHelmetP1NoHelmetP2NoHelmet
_ud8u9hwmk,40,1742,311,56,98,DHelmetP1NoHelmetP2NoHelmet
_ud8u9hwmk,41,1728,312,58,101,DHelmetP1NoHelmetP2NoHelmet
_ud8u9hwmk,42,1715,313,59,104,DHelmetP1NoHelmetP2NoHelmet
_ud8u9hwmk,43,1701,313,60,108,DHelmetP1NoHelmetP2NoHelmet
_ud8u9hwmk,44,1687,314,62,111,DHelmetP1NoHelmetP2NoHelmet
_ud8u9hwmk,45,1674,315,63,114,DHelmetP1NoHelmetP2NoHelmet
_ud8u9hwmk,46,1656,318,66,116,DHelmetP1NoHelmetP2NoHelmet
_ud8u9hwmk,47,1639,320,67,119,DHelmetP1NoHelmetP2NoHelmet
_ud8u9hwmk,48,1621,322,70,122,DHelmetP1NoHelmetP2NoHelmet
_ud8u9hwmk,49,1600,326,72,124,DHelmetP1NoHelmetP2NoHelmet
_ud8u9hwmk,50,1579,329,74,127,DHelmetP1NoHelmetP2NoHelmet
_ud8u9hwmk,51,1556,332,76,131,DHelmetP1NoHelmetP2NoHelmet
_ud8u9hwmk,52,1532,334,78,137,DHelmetP1NoHelmetP2NoHelmet
_ud8u9hwmk,53,1505,336,80,142,DHelmetP1NoHelmetP2NoHelmet
_ud8u9hwmk,54,1477,338,82,147,DHelmetP1NoHelmetP2NoHelmet
_ud8u9hwmk,55,1444,342,86,151,DHelmetP1NoHelmetP2NoHelmet
_ud8u9hwmk,56,1412,345,89,155,DHelmetP1NoHelmetP2NoHelmet
_ud8u9hwmk,57,1379,349,92,159,DHelmetP1NoHelmetP2NoHelmet
_ud8u9hwmk,58,1341,353,98,168,DHelmetP1NoHelmetP2NoHelmet
_ud8u9hwmk,59,1300,357,102,178,DHelmetP1NoHelmetP2NoHelmet
_ud8u9hwmk,60,1259,360,107,188,DHelmetP1NoHelmetP2NoHelmet
_ud8u9hwmk,61,1211,365,110,195,DHelmetP1NoHelmetP2NoHelmet
_ud8u9hwmk,62,1163,371,114,201,DHelmetP1NoHelmetP2NoHelmet
_ud8u9hwmk,63,1101,373,122,217,DHelmetP1NoHelmetP2NoHelmet
_ud8u9hwmk,64,1040,375,128,232,DHelmetP1NoHelmetP2NoHelmet
_ud8u9hwmk,65,961,383,139,247,DHelmetP1NoHelmetP2NoHelmet
_ud8u9hwmk,66,881,391,151,263,DHelmetP1NoHelmetP2NoHelmet
_ud8u9hwmk,67,777,400,169,283,DHelmetP1NoHelmetP2NoHelmet
_ud8u9hwmk,68,673,409,186,302,DHelmetP1NoHelmetP2NoHelmet
_ud8u9hwmk,69,543,422,215,323,DHelmetP1NoHelmetP2NoHelmet
_ud8u9hwmk,70,391,437,249,351,DHelmetP1NoHelmetP2NoHelmet
_ud8u9hwmk,71,207,445,293,392,DHelmetP1NoHelmetP2NoHelmet
_ud8u9hwmk,72,2,464,329,435,DHelmetP1NoHelmetP2NoHelmet
_ud8u9hwmk,73,2,482,132,415,DHelmetP1NoHelmetP2NoHelmet
