track_id,frame_id,x,y,w,h,label
_nfzeonl10,19,1872,276,47,84,DHelmetP1Helmet
_nfzeonl10,20,1864,276,48,88,DHelmetP1Helmet
_nfzeonl10,21,1856,276,50,91,DHelmetP1Helmet
_nfzeonl10,22,1849,277,50,93,DHelmetP1Helmet
_nfzeonl10,23,1841,277,52,97,DHelmetP1Helmet
_nfzeonl10,24,1833,279,52,97,DHelmetP1Helmet
_nfzeonl10,25,1825,281,52,98,DHelmetP1Helmet
_nfzeonl10,26,1817,282,51,100,DHelmetP1Helmet
_nfzeonl10,27,1810,284,50,100,DHelmetP1Helmet
_nfzeonl10,28,1799,286,54,101,DHelmetP1Helmet
_nfzeonl10,29,1789,287,57,104,DHelmetP1Helmet
_nfzeonl10,30,1778,288,60,106,DHelmetP1Helmet
_nfzeonl10,31,1768,289,63,108,DHelmetP1Helmet
_nfzeonl10,32,1753,291,65,110,DHelmetP1Helmet
_nfzeonl10,33,1739,293,65,113,DHelmetP1Helmet
_nfzeonl10,34,1724,295,67,115,DHelmetP1Helmet
_nfzeonl10,35,1710,298,67,117,DHelmetP1Helmet
_nfzeonl10,36,1695,300,69,119,DHelmetP1Helmet
_nfzeonl10,37,1676,302,70,123,DHelmetP1Helmet
_nfzeonl10,38,1657,304,71,126,DHelmetP1Helmet
_nfzeonl10,39,1637,305,72,131,DHelmetP1Helmet
_nfzeonl10,40,1618,307,73,134,DHelmetP1Helmet
_nfzeonl10,41,1599,309,74,137,DHelmetP1Helmet
_nfzeonl10,42,1575,312,77,141,DHelmetP1Helmet
_nfzeonl10,43,1551,315,79,144,DHelmetP1Helmet
_nfzeonl10,44,1527,318,81,147,DHelmetP1Helmet
_nfzeonl10,45,1503,321,84,151,DHelmetP1Helmet
_nfzeonl10,46,1480,323,85,155,DHelmetP1Helmet
_nfzeonl10,47,1448,326,89,161,DHelmetP1Helmet
_nfzeonl10,48,1417,329,92,166,DHelmetP1Helmet
_nfzeonl10,49,1385,332,96,172,DHelmetP1Helmet
_nfzeonl10,50,1354,335,94,172,DHelmetP1Helmet
_nfzeonl10,51,1313,340,102,186,DHelmetP1Helmet
_nfzeonl10,52,1279,346,104,188,DHelmetP1Helmet
_nfzeonl10,53,1233,348,109,198,DHelmetP1Helmet
_nfzeonl10,54,1187,349,114,209,DHelmetP1Helmet
_nfzeonl10,55,1141,351,118,219,DHelmetP1Helmet
_nfzeonl10,56,1121,359,92,160,DHelmetP1Helmet
_nfzeonl10,57,1033,367,130,236,DHelmetP1Helmet
_nfzeonl10,58,968,373,140,251,DHelmetP1Helmet
_nfzeonl10,59,903,379,143,265,DHelmetP1Helmet
_nfzeonl10,60,826,387,155,283,DHelmetP1Helmet
_nfzeonl10,61,741,395,168,302,DHelmetP1Helmet
_nfzeonl10,62,642,409,190,318,DHelmetP1Helmet
_nfzeonl10,63,526,423,210,334,DHelmetP1Helmet
_nfzeonl10,64,391,433,247,360,DHelmetP1Helmet
_nfzeonl10,65,233,439,282,398,DHelmetP1Helmet
_nfzeonl10,66,47,452,327,439,DHelmetP1Helmet
_nfzeonl10,67,3,473,210,416,DHelmetP1Helmet
_6z6zl95v3,44,34,588,643,492,DHelmetP1Helmet
_6z6zl95v3,45,414,527,479,553,DHelmetP1Helmet
_6z6zl95v3,46,682,491,379,589,DHelmetP1Helmet
_6z6zl95v3,47,885,465,306,532,DHelmetP1Helmet
_6z6zl95v3,48,1046,441,257,475,DHelmetP1Helmet
_6z6zl95v3,49,1169,422,233,430,DHelmetP1Helmet
_6z6zl95v3,50,1271,408,214,389,DHelmetP1Helmet
_6z6zl95v3,51,1359,392,192,360,DHelmetP1Helmet
_6z6zl95v3,52,1430,382,177,332,DHelmetP1Helmet
_6z6zl95v3,53,1488,374,165,309,DHelmetP1Helmet
_6z6zl95v3,54,1547,365,152,288,DHelmetP1Helmet
_6z6zl95v3,55,1592,358,142,271,DHelmetP1Helmet
_6z6zl95v3,56,1636,350,133,255,DHelmetP1Helmet
_6z6zl95v3,57,1671,345,125,241,DHelmetP1Helmet
_6z6zl95v3,58,1706,339,118,228,DHelmetP1Helmet
_6z6zl95v3,59,1736,334,113,219,DHelmetP1Helmet
_6z6zl95v3,60,1766,329,107,209,DHelmetP1Helmet
_6z6zl95v3,61,1793,325,100,201,DHelmetP1Helmet
_6z6zl95v3,62,1819,322,95,191,DHelmetP1Helmet
_6z6zl95v3,63,1838,318,82,182,DHelmetP1Helmet
_6z6zl95v3,64,1857,314,63,174,DHelmetP1Helmet
_xveeih1bf,50,1,489,480,538,DHelmetP1Helmet
_xveeih1bf,51,258,458,410,473,DHelmetP1Helmet
_xveeih1bf,52,481,430,340,428,DHelmetP1Helmet
_xveeih1bf,53,657,416,289,383,DHelmetP1Helmet
_xveeih1bf,54,808,406,248,346,DHelmetP1Helmet
_xveeih1bf,55,933,392,212,320,DHelmetP1Helmet
_xveeih1bf,56,1027,383,192,297,DHelmetP1Helmet
_xveeih1bf,57,1121,373,173,275,DHelmetP1Helmet
_xveeih1bf,58,1193,365,158,257,DHelmetP1Helmet
_xveeih1bf,59,1265,357,143,240,DHelmetP1Helmet
_xveeih1bf,60,1323,349,133,230,DHelmetP1Helmet
_xveeih1bf,61,1381,342,122,218,DHelmetP1Helmet
_xveeih1bf,62,1424,338,118,208,DHelmetP1Helmet
_xveeih1bf,63,1468,334,114,197,DHelmetP1Helmet
_xveeih1bf,64,1505,330,107,187,DHelmetP1Helmet
_xveeih1bf,65,1541,325,102,177,DHelmetP1Helmet
_xveeih1bf,66,1572,321,98,171,DHelmetP1Helmet
_xveeih1bf,67,1604,318,93,163,DHelmetP1Helmet
_xveeih1bf,68,1630,314,90,159,DHelmetP1Helmet
_xveeih1bf,69,1656,311,87,155,DHelmetP1Helmet
_xveeih1bf,70,1679,308,85,151,DHelmetP1Helmet
_xveeih1bf,71,1703,306,82,147,DHelmetP1Helmet
_xveeih1bf,72,1724,303,79,143,DHelmetP1Helmet
_xveeih1bf,73,1745,301,76,139,DHelmetP1Helmet
_xveeih1bf,74,1764,299,74,132,DHelmetP1Helmet
_xveeih1bf,75,1783,297,71,124,DHelmetP1Helmet
_xveeih1bf,76,1799,295,68,121,DHelmetP1Helmet
_xveeih1bf,77,1815,292,65,118,DHelmetP1Helmet
_xveeih1bf,78,1831,290,61,116,DHelmetP1Helmet
_xveeih1bf,79,1846,288,59,113,DHelmetP1Helmet
_xveeih1bf,80,1857,284,55,110,DHelmetP1Helmet
_xveeih1bf,81,1868,281,52,107,DHelmetP1Helmet
_f3tkpzn3r,57,4,572,570,508,DHelmet
_f3tkpzn3r,58,352,525,439,555,DHelmet
_f3tkpzn3r,59,614,486,347,515,DHelmet
_f3tkpzn3r,60,815,460,284,459,DHelmet
_f3tkpzn3r,61,973,438,229,406,DHelmet
_f3tkpzn3r,62,1101,421,194,368,DHelmet
_f3tkpzn3r,63,1203,406,168,337,DHelmet
_f3tkpzn3r,64,1288,394,152,312,DHelmet
_f3tkpzn3r,65,1354,385,141,290,DHelmet
_f3tkpzn3r,66,1419,375,130,269,DHelmet
_f3tkpzn3r,67,1468,366,121,254,DHelmet
_f3tkpzn3r,68,1516,357,112,238,DHelmet
_f3tkpzn3r,69,1553,351,107,226,DHelmet
_f3tkpzn3r,70,1590,344,102,214,DHelmet
_f3tkpzn3r,71,1622,339,96,205,DHelmet
_f3tkpzn3r,72,1653,334,90,195,DHelmet
_f3tkpzn3r,73,1678,331,90,185,DHelmet
_f3tkpzn3r,74,1704,328,89,175,DHelmet
_f3tkpzn3r,75,1725,324,87,169,DHelmet
_f3tkpzn3r,76,1747,320,83,164,DHelmet
_f3tkpzn3r,77,1766,316,80,159,DHelmet
_f3tkpzn3r,78,1785,313,76,152,DHelmet
_f3tkpzn3r,79,1801,310,73,147,DHelmet
_f3tkpzn3r,80,1817,308,69,141,DHelmet
_f3tkpzn3r,81,1833,305,66,136,DHelmet
_f3tkpzn3r,82,1849,303,63,130,DHelmet
_f3tkpzn3r,83,1860,300,60,125,DHelmet
_f3tkpzn3r,84,1877,295,43,126,DHelmet
_eznd3ckt0,73,4,561,678,519,DHelmet
_eznd3ckt0,74,345,511,539,569,DHelmet
_eznd3ckt0,75,605,478,434,546,DHelmet
_eznd3ckt0,76,803,447,366,490,DHelmet
_eznd3ckt0,77,960,434,319,432,DHelmet
_eznd3ckt0,78,1086,413,287,396,DHelmet
_eznd3ckt0,79,1191,399,265,360,DHelmet
_eznd3ckt0,80,1279,389,246,331,DHelmet
_eznd3ckt0,81,1355,379,229,309,DHelmet
_eznd3ckt0,82,1422,370,211,287,DHelmet
_eznd3ckt0,83,1474,363,199,271,DHelmet
_eznd3ckt0,84,1526,357,187,253,DHelmet
_eznd3ckt0,85,1567,350,178,240,DHelmet
_eznd3ckt0,86,1609,343,169,226,DHelmet
_eznd3ckt0,87,1642,337,162,217,DHelmet
_eznd3ckt0,88,1675,332,156,207,DHelmet
_eznd3ckt0,89,1701,327,149,199,DHelmet
_eznd3ckt0,90,1727,323,143,190,DHelmet
_eznd3ckt0,91,1754,319,135,180,DHelmet
_eznd3ckt0,92,1780,314,129,172,DHelmet
_eznd3ckt0,93,1799,311,121,167,DHelmet
_eznd3ckt0,94,1818,308,102,161,DHelmet
_eznd3ckt0,95,1838,305,82,156,DHelmet
_eznd3ckt0,96,1857,302,63,150,DHelmet
