track_id,frame_id,x,y,w,h,label
_sxbhmoezd,7,1855,274,54,91,DNoHelmetP1Helmet
_sxbhmoezd,8,1844,276,55,92,DNoHelmetP1Helmet
_sxbhmoezd,9,1834,277,56,95,DNoHelmetP1Helmet
_sxbhmoezd,10,1824,279,56,96,DNoHelmetP1Helmet
_sxbhmoezd,11,1814,281,57,98,DNoHelmetP1Helmet
_sxbhmoezd,12,1804,282,57,100,DNoHelmetP1Helmet
_sxbhmoezd,13,1793,284,59,102,DNoHelmetP1Helmet
_sxbhmoezd,14,1780,285,60,105,DNoHelmetP1Helmet
_sxbhmoezd,15,1767,287,61,107,DNoHelmetP1Helmet
_sxbhmoezd,16,1754,289,62,109,DNoHelmetP1Helmet
_sxbhmoezd,17,1741,290,63,112,DNoHelmetP1Helmet
_sxbhmoezd,18,1726,292,64,114,DNoHelmetP1Helmet
_sxbhmoezd,19,1710,293,65,116,DNoHelmetP1Helmet
_sxbhmoezd,20,1695,295,66,118,DNoHelmetP1Helmet
_sxbhmoezd,21,1680,297,67,120,DNoHelmetP1Helmet
_sxbhmoezd,22,1662,300,69,124,DNoHelmetP1Helmet
_sxbhmoezd,23,1643,302,72,128,DNoHelmetP1Helmet
_sxbhmoezd,24,1625,305,74,131,DNoHelmetP1Helmet
_sxbhmoezd,25,1604,308,76,135,DNoHelmetP1Helmet
_sxbhmoezd,26,1584,311,78,138,DNoHelmetP1Helmet
_sxbhmoezd,27,1564,314,80,141,DNoHelmetP1Helmet
_sxbhmoezd,28,1538,317,84,145,DNoHelmetP1Helmet
_sxbhmoezd,29,1513,320,87,149,DNoHelmetP1Helmet
_sxbhmoezd,30,1487,323,91,154,DNoHelmetP1Helmet
_sxbhmoezd,31,1458,326,95,158,DNoHelmetP1Helmet
_sxbhmoezd,32,1429,329,99,162,DNoHelmetP1Helmet
_sxbhmoezd,33,1394,333,102,169,DNoHelmetP1Helmet
_sxbhmoezd,34,1359,337,106,177,DNoHelmetP1Helmet
_sxbhmoezd,35,1324,341,110,185,DNoHelmetP1Helmet
_sxbhmoezd,36,1278,344,117,195,DNoHelmetP1Helmet
_sxbhmoezd,37,1232,347,124,206,DNoHelmetP1Helmet
_sxbhmoezd,38,1183,349,130,217,DNoHelmetP1Helmet
_sxbhmoezd,39,1121,357,141,230,DNoHelmetP1Helmet
_sxbhmoezd,40,1059,365,152,243,DNoHelmetP1Helmet
_sxbhmoezd,41,988,375,162,256,DNoHelmetP1Helmet
_sxbhmoezd,42,900,380,181,277,DNoHelmetP1Helmet
_sxbhmoezd,43,803,389,201,296,DNoHelmetP1Helmet
_sxbhmoezd,44,691,402,220,316,DNoHelmetP1Helmet
_sxbhmoezd,45,558,417,251,339,DNoHelmetP1Helmet
_sxbhmoezd,46,399,426,288,375,DNoHelmetP1Helmet
_sxbhmoezd,47,213,437,328,423,DNoHelmetP1Helmet
_sxbhmoezd,48,4,456,362,469,DNoHelmetP1Helmet
_g8wp1ifka,38,1857,274,57,95,DNoHelmetP1Helmet
_g8wp1ifka,39,1850,276,58,96,DNoHelmetP1Helmet
_g8wp1ifka,40,1843,277,58,98,DNoHelmetP1Helmet
_g8wp1ifka,41,1834,279,58,99,DNoHelmetP1Helmet
_g8wp1ifka,42,1825,280,59,101,DNoHelmetP1Helmet
_g8wp1ifka,43,1815,282,60,102,DNoHelmetP1Helmet
_g8wp1ifka,44,1804,283,61,104,DNoHelmetP1Helmet
_g8wp1ifka,45,1793,284,62,107,DNoHelmetP1Helmet
_g8wp1ifka,46,1782,285,64,109,DNoHelmetP1Helmet
_g8wp1ifka,47,1769,286,65,111,DNoHelmetP1Helmet
_g8wp1ifka,48,1756,287,66,113,DNoHelmetP1Helmet
_g8wp1ifka,49,1742,289,67,116,DNoHelmetP1Helmet
_g8wp1ifka,50,1729,290,68,120,DNoHelmetP1Helmet
_g8wp1ifka,51,1715,292,70,122,DNoHelmetP1Helmet
_g8wp1ifka,52,1699,294,71,126,DNoHelmetP1Helmet
_g8wp1ifka,53,1683,297,72,129,DNoHelmetP1Helmet
_g8wp1ifka,54,1666,299,74,132,DNoHelmetP1Helmet
_g8wp1ifka,55,1647,302,76,134,DNoHelmetP1Helmet
_g8wp1ifka,56,1627,305,79,136,DNoHelmetP1Helmet
_g8wp1ifka,57,1607,307,83,139,DNoHelmetP1Helmet
_g8wp1ifka,58,1583,308,87,145,DNoHelmetP1Helmet
_g8wp1ifka,59,1558,309,92,151,DNoHelmetP1Helmet
_g8wp1ifka,60,1534,310,96,156,DNoHelmetP1Helmet
_g8wp1ifka,61,1504,314,98,160,DNoHelmetP1Helmet
_g8wp1ifka,62,1474,317,101,164,DNoHelmetP1Helmet
_g8wp1ifka,63,1443,320,105,168,DNoHelmetP1Helmet
_g8wp1ifka,64,1407,321,107,179,DNoHelmetP1Helmet
_g8wp1ifka,65,1370,321,111,190,DNoHelmetP1Helmet
_g8wp1ifka,66,1332,329,114,192,DNoHelmetP1Helmet
_g8wp1ifka,67,1294,337,118,194,DNoHelmetP1Helmet
_g8wp1ifka,68,1247,339,123,202,DNoHelmetP1Helmet
_g8wp1ifka,69,1199,341,130,211,DNoHelmetP1Helmet
_g8wp1ifka,70,1143,348,137,220,DNoHelmetP1Helmet
_g8wp1ifka,71,1086,354,145,231,DNoHelmetP1Helmet
_g8wp1ifka,72,1026,361,152,241,DNoHelmetP1Helmet
_g8wp1ifka,73,956,368,165,258,DNoHelmetP1Helmet
_g8wp1ifka,74,880,371,179,276,DNoHelmetP1Helmet
_g8wp1ifka,75,797,376,195,294,DNoHelmetP1Helmet
_g8wp1ifka,76,700,389,211,311,DNoHelmetP1Helmet
_g8wp1ifka,77,595,405,231,320,DNoHelmetP1Helmet
_g8wp1ifka,78,474,415,253,344,DNoHelmetP1Helmet
_g8wp1ifka,79,331,419,289,377,DNoHelmetP1Helmet
_g8wp1ifka,80,166,429,326,409,DNoHelmetP1Helmet
_g8wp1ifka,81,3,445,345,448,DNoHelmetP1Helmet
_7i4ssq0fe,48,1857,277,55,90,DHelmet
_7i4ssq0fe,49,1849,278,55,93,DHelmet
_7i4ssq0fe,50,1840,280,57,94,DHelmet
_7i4ssq0fe,51,1831,281,59,97,DHelmet
_7i4ssq0fe,52,1822,283,61,98,DHelmet
_7i4ssq0fe,53,1814,284,62,101,DHelmet
_7i4ssq0fe,54,1804,285,62,104,DHelmet
_7i4ssq0fe,55,1794,286,62,107,DHelmet
_7i4ssq0fe,56,1784,287,63,111,DHelmet
_7i4ssq0fe,57,1774,288,63,114,DHelmet
_7i4ssq0fe,58,1759,290,67,117,DHelmet
_7i4ssq0fe,59,1745,292,70,120,DHelmet
_7i4ssq0fe,60,1731,293,73,124,DHelmet
_7i4ssq0fe,61,1717,295,76,127,DHelmet
_7i4ssq0fe,62,1702,297,80,130,DHelmet
_7i4ssq0fe,63,1683,299,82,135,DHelmet
_7i4ssq0fe,64,1664,301,84,140,DHelmet
_7i4ssq0fe,65,1645,303,86,144,DHelmet
_7i4ssq0fe,66,1624,305,89,149,DHelmet
_7i4ssq0fe,67,1604,308,90,153,DHelmet
_7i4ssq0fe,68,1578,311,94,159,DHelmet
_7i4ssq0fe,69,1551,314,100,166,DHelmet
_7i4ssq0fe,70,1524,318,105,172,DHelmet
_7i4ssq0fe,71,1492,322,109,178,DHelmet
_7i4ssq0fe,72,1460,327,114,184,DHelmet
_7i4ssq0fe,73,1423,330,118,195,DHelmet
_7i4ssq0fe,74,1386,333,122,206,DHelmet
_7i4ssq0fe,75,1337,338,127,217,DHelmet
_7i4ssq0fe,76,1288,344,131,228,DHelmet
_7i4ssq0fe,77,1234,350,134,239,DHelmet
_7i4ssq0fe,78,1170,357,147,256,DHelmet
_7i4ssq0fe,79,1099,365,159,273,DHelmet
_7i4ssq0fe,80,1015,374,167,295,DHelmet
_7i4ssq0fe,81,923,383,175,317,DHelmet
_7i4ssq0fe,82,804,392,202,348,DHelmet
_7i4ssq0fe,83,663,403,228,380,DHelmet
_7i4ssq0fe,84,487,417,277,427,DHelmet
_7i4ssq0fe,85,266,439,341,482,DHelmet
_7i4ssq0fe,86,3,470,407,553,DHelmet
