track_id,frame_id,x,y,w,h,label
_w8lcngbu6,1,1294,345,100,180,DHelmet
_w8lcngbu6,2,1258,349,104,185,DHelmet
_w8lcngbu6,3,1223,353,107,190,DHelmet
_w8lcngbu6,4,1188,356,110,196,DHelmet
_w8lcngbu6,5,1145,359,116,206,DHelmet
_w8lcngbu6,6,1102,362,123,216,DHelmet
_w8lcngbu6,7,1060,365,128,226,DHelmet
_w8lcngbu6,8,1005,371,136,236,DHelmet
_w8lcngbu6,9,951,377,143,246,DHelmet
_w8lcngbu6,10,896,382,151,256,DHelmet
_w8lcngbu6,11,825,391,162,270,DHelmet
_w8lcngbu6,12,754,400,173,283,DHelmet
_w8lcngbu6,13,683,409,185,296,DHelmet
_w8lcngbu6,14,583,417,208,316,DHelmet
_w8lcngbu6,15,483,425,232,336,DHelmet
_w8lcngbu6,16,362,434,265,361,DHelmet
_w8lcngbu6,17,221,448,304,388,DHelmet
_w8lcngbu6,18,61,462,344,415,DHelmet
_w8lcngbu6,19,3,476,266,384,DHelmet
_g1uvki6jb,1,1637,306,62,123,DNoHelmet
_g1uvki6jb,2,1622,309,63,124,DNoHelmet
_g1uvki6jb,3,1608,311,63,126,DNoHelmet
_g1uvki6jb,4,1594,313,63,128,DNoHelmet
_g1uvki6jb,5,1579,315,65,130,DNoHelmet
_g1uvki6jb,6,1561,317,66,133,DNoHelmet
_g1uvki6jb,7,1543,319,68,137,DNoHelmet
_g1uvki6jb,8,1524,320,70,141,DNoHelmet
_g1uvki6jb,9,1506,322,72,144,DNoHelmet
_g1uvki6jb,10,1485,324,73,148,DNoHelmet
_g1uvki6jb,11,1463,326,75,151,DNoHelmet
_g1uvki6jb,12,1442,328,76,155,DNoHelmet
_g1uvki6jb,13,1420,330,78,159,DNoHelmet
_g1uvki6jb,14,1391,333,82,164,DNoHelmet
_g1uvki6jb,15,1362,336,86,170,DNoHelmet
_g1uvki6jb,16,1332,340,90,174,DNoHelmet
_g1uvki6jb,17,1303,343,94,180,DNoHelmet
_g1uvki6jb,18,1269,346,97,186,DNoHelmet
_g1uvki6jb,19,1235,349,99,192,DNoHelmet
_g1uvki6jb,20,1201,353,101,197,DNoHelmet
_g1uvki6jb,21,1167,356,104,203,DNoHelmet
_g1uvki6jb,22,1122,359,109,213,DNoHelmet
_g1uvki6jb,23,1078,363,114,222,DNoHelmet
_g1uvki6jb,24,1033,366,119,232,DNoHelmet
_g1uvki6jb,25,974,371,129,244,DNoHelmet
_g1uvki6jb,26,916,376,137,256,DNoHelmet
_g1uvki6jb,27,857,380,146,269,DNoHelmet
_g1uvki6jb,28,781,391,162,280,DNoHelmet
_g1uvki6jb,29,704,401,179,292,DNoHelmet
_g1uvki6jb,30,610,408,196,312,DNoHelmet
_g1uvki6jb,31,516,414,213,332,DNoHelmet
_g1uvki6jb,32,391,424,243,356,DNoHelmet
_g1uvki6jb,33,266,434,274,379,DNoHelmet
_g1uvki6jb,34,116,448,311,402,DNoHelmet
_g1uvki6jb,35,3,462,292,430,DNoHelmet
_qpwn5i9g9,1,1756,289,57,106,DHelmet
_qpwn5i9g9,2,1746,290,56,108,DHelmet
_qpwn5i9g9,3,1736,292,56,109,DHelmet
_qpwn5i9g9,4,1726,293,56,112,DHelmet
_qpwn5i9g9,5,1716,295,56,113,DHelmet
_qpwn5i9g9,6,1706,296,56,115,DHelmet
_qpwn5i9g9,7,1692,297,58,117,DHelmet
_qpwn5i9g9,8,1679,299,59,119,DHelmet
_qpwn5i9g9,9,1666,300,60,122,DHelmet
_qpwn5i9g9,10,1653,301,61,124,DHelmet
_qpwn5i9g9,11,1639,303,63,127,DHelmet
_qpwn5i9g9,12,1625,305,64,129,DHelmet
_qpwn5i9g9,13,1611,306,66,133,DHelmet
_qpwn5i9g9,14,1597,308,67,135,DHelmet
_qpwn5i9g9,15,1580,310,69,138,DHelmet
_qpwn5i9g9,16,1562,313,71,140,DHelmet
_qpwn5i9g9,17,1545,315,73,143,DHelmet
_qpwn5i9g9,18,1527,317,75,145,DHelmet
_qpwn5i9g9,19,1507,319,76,148,DHelmet
_qpwn5i9g9,20,1486,321,79,151,DHelmet
_qpwn5i9g9,21,1466,324,80,153,DHelmet
_qpwn5i9g9,22,1442,326,83,158,DHelmet
_qpwn5i9g9,23,1418,328,86,164,DHelmet
_qpwn5i9g9,24,1395,331,88,168,DHelmet
_qpwn5i9g9,25,1368,333,92,173,DHelmet
_qpwn5i9g9,26,1342,336,94,178,DHelmet
_qpwn5i9g9,27,1315,338,97,183,DHelmet
_qpwn5i9g9,28,1283,341,100,187,DHelmet
_qpwn5i9g9,29,1251,343,103,192,DHelmet
_qpwn5i9g9,30,1214,345,108,201,DHelmet
_qpwn5i9g9,31,1177,347,114,209,DHelmet
_qpwn5i9g9,32,1135,351,121,218,DHelmet
_qpwn5i9g9,33,1094,355,127,227,DHelmet
_qpwn5i9g9,34,1045,361,133,235,DHelmet
_qpwn5i9g9,35,996,366,139,243,DHelmet
_qpwn5i9g9,36,939,371,146,252,DHelmet
_qpwn5i9g9,37,874,376,157,267,DHelmet
_qpwn5i9g9,38,810,381,167,282,DHelmet
_qpwn5i9g9,39,729,390,185,294,DHelmet
_qpwn5i9g9,40,648,399,203,307,DHelmet
_qpwn5i9g9,41,548,407,222,324,DHelmet
_qpwn5i9g9,42,447,415,242,341,DHelmet
_qpwn5i9g9,43,321,424,273,366,DHelmet
_qpwn5i9g9,44,195,434,304,389,DHelmet
_qpwn5i9g9,45,43,447,335,414,DHelmet
_qpwn5i9g9,46,3,462,249,382,DHelmet
_sp71kkfb1,18,1857,278,53,81,DHelmetP1Helmet
_sp71kkfb1,19,1851,280,51,82,DHelmetP1Helmet
_sp71kkfb1,20,1844,281,50,84,DHelmetP1Helmet
_sp71kkfb1,21,1838,283,48,85,DHelmetP1Helmet
_sp71kkfb1,22,1831,284,48,87,DHelmetP1Helmet
_sp71kkfb1,23,1823,285,48,89,DHelmetP1Helmet
_sp71kkfb1,24,1814,286,49,90,DHelmetP1Helmet
_sp71kkfb1,25,1805,286,50,92,DHelmetP1Helmet
_sp71kkfb1,26,1796,287,51,94,DHelmetP1Helmet
_sp71kkfb1,27,1786,288,54,96,DHelmetP1Helmet
_sp71kkfb1,28,1776,289,56,98,DHelmetP1Helmet
_sp71kkfb1,29,1765,290,59,100,DHelmetP1Helmet
_sp71kkfb1,30,1755,291,62,102,DHelmetP1Helmet
_sp71kkfb1,31,1745,292,64,103,DHelmetP1Helmet
_sp71kkfb1,32,1733,294,65,105,DHelmetP1Helmet
_sp71kkfb1,33,1721,295,66,108,DHelmetP1Helmet
_sp71kkfb1,34,1709,297,67,110,DHelmetP1Helmet
_sp71kkfb1,35,1697,299,69,111,DHelmetP1Helmet
_sp71kkfb1,36,1683,300,70,114,DHelmetP1Helmet
_sp71kkfb1,37,1669,302,70,116,DHelmetP1Helmet
_sp71kkfb1,38,1656,303,70,120,DHelmetP1Helmet
_sp71kkfb1,39,1642,305,71,122,DHelmetP1Helmet
_sp71kkfb1,40,1624,308,72,125,DHelmetP1Helmet
_sp71kkfb1,41,1605,311,74,127,DHelmetP1Helmet
_sp71kkfb1,42,1587,314,75,130,DHelmetP1Helmet
_sp71kkfb1,43,1568,316,77,134,DHelmetP1Helmet
_sp71kkfb1,44,1550,319,78,137,DHelmetP1Helmet
_sp71kkfb1,45,1525,322,82,140,DHelmetP1Helmet
_sp71kkfb1,46,1501,324,84,145,DHelmetP1Helmet
_sp71kkfb1,47,1477,327,87,148,DHelmetP1Helmet
_sp71kkfb1,48,1452,330,90,151,DHelmetP1Helmet
_sp71kkfb1,49,1428,333,93,154,DHelmetP1Helmet
_sp71kkfb1,50,1397,333,96,164,DHelmetP1Helmet
_sp71kkfb1,51,1366,334,99,173,DHelmetP1Helmet
_sp71kkfb1,52,1336,335,101,181,DHelmetP1Helmet
_sp71kkfb1,53,1296,341,106,186,DHelmetP1Helmet
_sp71kkfb1,54,1257,347,111,190,DHelmetP1Helmet
_sp71kkfb1,55,1218,353,115,194,DHelmetP1Helmet
_sp71kkfb1,56,1168,356,122,206,DHelmetP1Helmet
_sp71kkfb1,57,1118,358,128,218,DHelmetP1Helmet
_sp71kkfb1,58,1069,361,134,229,DHelmetP1Helmet
_sp71kkfb1,59,1007,370,142,240,DHelmetP1Helmet
_sp71kkfb1,60,945,378,151,251,DHelmetP1Helmet
_sp71kkfb1,61,865,382,164,269,DHelmetP1Helmet
_sp71kkfb1,62,786,385,175,289,DHelmetP1Helmet
_sp71kkfb1,63,684,400,195,302,DHelmetP1Helmet
_sp71kkfb1,64,581,415,216,316,DHelmetP1Helmet
_sp71kkfb1,65,447,421,246,348,DHelmetP1Helmet
_sp71kkfb1,66,313,428,276,379,DHelmetP1Helmet
_sp71kkfb1,67,144,436,313,417,DHelmetP1Helmet
_sp71kkfb1,68,3,464,299,441,DHelmetP1Helmet
_8jufvdk7d,88,0,546,538,534,DHelmetP1NoHelmetP2Helmet
_8jufvdk7d,89,195,502,558,578,DHelmetP1NoHelmetP2Helmet
_8jufvdk7d,90,470,470,445,565,DHelmetP1NoHelmetP2Helmet
_8jufvdk7d,91,674,443,373,507,DHelmetP1NoHelmetP2Helmet
_8jufvdk7d,92,845,423,319,454,DHelmetP1NoHelmetP2Helmet
_8jufvdk7d,93,981,411,282,411,DHelmetP1NoHelmetP2Helmet
_8jufvdk7d,94,1091,398,255,375,DHelmetP1NoHelmetP2Helmet
_8jufvdk7d,95,1188,385,228,347,DHelmetP1NoHelmetP2Helmet
_8jufvdk7d,96,1265,378,214,320,DHelmetP1NoHelmetP2Helmet
_8jufvdk7d,97,1335,369,197,295,DHelmetP1NoHelmetP2Helmet
_8jufvdk7d,98,1392,361,186,278,DHelmetP1NoHelmetP2Helmet
_8jufvdk7d,99,1449,355,169,263,DHelmetP1NoHelmetP2Helmet
_8jufvdk7d,100,1495,349,158,248,DHelmetP1NoHelmetP2Helmet
