track_id,frame_id,x,y,w,h,label
_pfsuh9b2u,9,1876,270,38,81,DNoHelmet
_pfsuh9b2u,10,1868,272,40,82,DNoHelmet
_pfsuh9b2u,11,1860,274,42,82,DNoHelmet
_pfsuh9b2u,12,1853,276,42,83,DNoHelmet
_pfsuh9b2u,13,1843,277,43,85,DNoHelmet
_pfsuh9b2u,14,1833,278,44,87,DNoHelmet
_pfsuh9b2u,15,1823,280,45,88,DNoHelmet
_pfsuh9b2u,16,1813,281,46,90,DNoHelmet
_pfsuh9b2u,17,1803,283,45,92,DNoHelmet
_pfsuh9b2u,18,1792,285,45,94,DNoHelmet
_pfsuh9b2u,19,1781,287,45,96,DNoHelmet
_pfsuh9b2u,20,1768,289,44,98,DNoHelmet
_pfsuh9b2u,21,1755,291,44,100,DNoHelmet
_pfsuh9b2u,22,1739,293,46,103,DNoHelmet
_pfsuh9b2u,23,1723,295,47,106,DNoHelmet
_pfsuh9b2u,24,1706,298,50,108,DNoHelmet
_pfsuh9b2u,25,1690,300,52,111,DNoHelmet
_pfsuh9b2u,26,1673,302,54,114,DNoHelmet
_pfsuh9b2u,27,1657,305,56,116,DNoHelmet
_pfsuh9b2u,28,1633,307,58,119,DNoHelmet
_pfsuh9b2u,29,1606,309,63,123,DNoHelmet
_pfsuh9b2u,30,1580,311,66,128,DNoHelmet
_pfsuh9b2u,31,1554,312,70,133,DNoHelmet
_pfsuh9b2u,32,1524,316,72,138,DNoHelmet
_pfsuh9b2u,33,1495,319,74,144,DNoHelmet
_pfsuh9b2u,34,1466,322,75,150,DNoHelmet
_pfsuh9b2u,35,1437,326,77,155,DNoHelmet
_pfsuh9b2u,36,1397,330,79,161,DNoHelmet
_pfsuh9b2u,37,1358,333,81,168,DNoHelmet
_pfsuh9b2u,38,1318,337,83,174,DNoHelmet
_pfsuh9b2u,39,1278,341,86,180,DNoHelmet
_pfsuh9b2u,40,1225,346,93,190,DNoHelmet
_pfsuh9b2u,41,1172,350,100,201,DNoHelmet
_pfsuh9b2u,42,1119,354,107,211,DNoHelmet
_pfsuh9b2u,43,1053,362,115,224,DNoHelmet
_pfsuh9b2u,44,987,371,124,236,DNoHelmet
_pfsuh9b2u,45,911,378,134,253,DNoHelmet
_pfsuh9b2u,46,821,384,148,277,DNoHelmet
_pfsuh9b2u,47,715,396,169,295,DNoHelmet
_pfsuh9b2u,48,594,413,190,312,DNoHelmet
_pfsuh9b2u,49,448,425,224,343,DNoHelmet
_pfsuh9b2u,50,269,437,269,381,DNoHelmet
_pfsuh9b2u,51,49,452,329,426,DNoHelmet
_8cd858299,16,1875,282,43,91,DNoHelmet
_8cd858299,17,1856,285,49,94,DNoHelmet
_8cd858299,18,1837,288,51,98,DNoHelmet
_8cd858299,19,1818,291,53,101,DNoHelmet
_8cd858299,20,1799,294,55,105,DNoHelmet
_8cd858299,21,1779,297,58,108,DNoHelmet
_8cd858299,22,1754,302,60,111,DNoHelmet
_8cd858299,23,1729,306,63,116,DNoHelmet
_8cd858299,24,1699,310,65,120,DNoHelmet
_8cd858299,25,1670,315,67,123,DNoHelmet
_8cd858299,26,1640,319,70,128,DNoHelmet
_8cd858299,27,1602,322,74,135,DNoHelmet
_8cd858299,28,1563,324,79,143,DNoHelmet
_8cd858299,29,1521,327,82,151,DNoHelmet
_8cd858299,30,1479,330,86,158,DNoHelmet
_8cd858299,31,1430,337,89,167,DNoHelmet
_8cd858299,32,1381,345,92,174,DNoHelmet
_8cd858299,33,1324,352,95,183,DNoHelmet
_8cd858299,34,1253,359,104,198,DNoHelmet
_8cd858299,35,1181,366,114,213,DNoHelmet
_8cd858299,36,1095,376,128,230,DNoHelmet
_8cd858299,37,996,389,141,248,DNoHelmet
_8cd858299,38,875,400,163,273,DNoHelmet
_8cd858299,39,731,421,190,293,DNoHelmet
_8cd858299,40,551,434,232,330,DNoHelmet
_8cd858299,41,327,454,288,376,DNoHelmet
_8cd858299,42,31,479,372,438,DNoHelmet
_5kpqortey,27,1849,276,57,87,DNoHelmetP1NoHelmetP2NoHelmet
_5kpqortey,28,1839,278,57,88,DNoHelmetP1NoHelmetP2NoHelmet
_5kpqortey,29,1828,281,58,88,DNoHelmetP1NoHelmetP2NoHelmet
_5kpqortey,30,1817,284,59,88,DNoHelmetP1NoHelmetP2NoHelmet
_5kpqortey,31,1807,286,59,90,DNoHelmetP1NoHelmetP2NoHelmet
_5kpqortey,32,1794,289,61,91,DNoHelmetP1NoHelmetP2NoHelmet
_5kpqortey,33,1782,291,62,93,DNoHelmetP1NoHelmetP2NoHelmet
_5kpqortey,34,1770,293,63,95,DNoHelmetP1NoHelmetP2NoHelmet
_5kpqortey,35,1756,295,65,97,DNoHelmetP1NoHelmetP2NoHelmet
_5kpqortey,36,1743,297,66,99,DNoHelmetP1NoHelmetP2NoHelmet
_5kpqortey,37,1727,297,70,102,DNoHelmetP1NoHelmetP2NoHelmet
_5kpqortey,38,1711,297,74,105,DNoHelmetP1NoHelmetP2NoHelmet
_5kpqortey,39,1695,297,77,108,DNoHelmetP1NoHelmetP2NoHelmet
_5kpqortey,40,1681,299,77,111,DNoHelmetP1NoHelmetP2NoHelmet
_5kpqortey,41,1667,301,77,113,DNoHelmetP1NoHelmetP2NoHelmet
_5kpqortey,42,1652,303,78,116,DNoHelmetP1NoHelmetP2NoHelmet
_5kpqortey,43,1634,305,79,120,DNoHelmetP1NoHelmetP2NoHelmet
_5kpqortey,44,1615,307,81,125,DNoHelmetP1NoHelmetP2NoHelmet
_5kpqortey,45,1596,308,83,130,DNoHelmetP1NoHelmetP2NoHelmet
_5kpqortey,46,1575,312,86,133,DNoHelmetP1NoHelmetP2NoHelmet
_5kpqortey,47,1553,316,89,136,DNoHelmetP1NoHelmetP2NoHelmet
_5kpqortey,48,1532,319,92,139,DNoHelmetP1NoHelmetP2NoHelmet
_5kpqortey,49,1507,321,93,144,DNoHelmetP1NoHelmetP2NoHelmet
_5kpqortey,50,1483,324,94,147,DNoHelmetP1NoHelmetP2NoHelmet
_5kpqortey,51,1458,326,95,152,DNoHelmetP1NoHelmetP2NoHelmet
_5kpqortey,52,1427,329,99,158,DNoHelmetP1NoHelmetP2NoHelmet
_5kpqortey,53,1396,331,103,166,DNoHelmetP1NoHelmetP2NoHelmet
_5kpqortey,54,1365,334,107,173,DNoHelmetP1NoHelmetP2NoHelmet
_5kpqortey,55,1327,339,112,180,DNoHelmetP1NoHelmetP2NoHelmet
_5kpqortey,56,1290,344,115,187,DNoHelmetP1NoHelmetP2NoHelmet
_5kpqortey,57,1246,347,119,196,DNoHelmetP1NoHelmetP2NoHelmet
_5kpqortey,58,1202,350,123,204,DNoHelmetP1NoHelmetP2NoHelmet
_5kpqortey,59,1146,355,130,217,DNoHelmetP1NoHelmetP2NoHelmet
_5kpqortey,60,1091,359,136,231,DNoHelmetP1NoHelmetP2NoHelmet
_5kpqortey,61,1023,368,143,242,DNoHelmetP1NoHelmetP2NoHelmet
_5kpqortey,62,955,378,150,253,DNoHelmetP1NoHelmetP2NoHelmet
_5kpqortey,63,865,384,166,274,DNoHelmetP1NoHelmetP2NoHelmet
_5kpqortey,64,775,391,182,293,DNoHelmetP1NoHelmetP2NoHelmet
_5kpqortey,65,656,407,207,311,DNoHelmetP1NoHelmetP2NoHelmet
_5kpqortey,66,537,424,231,328,DNoHelmetP1NoHelmetP2NoHelmet
_5kpqortey,67,386,431,269,364,DNoHelmetP1NoHelmetP2NoHelmet
_5kpqortey,68,206,443,311,403,DNoHelmetP1NoHelmetP2NoHelmet
_5kpqortey,69,1,464,355,447,DNoHelmetP1NoHelmetP2NoHelmet
_4g2441572,42,1869,270,44,85,DHelmet
_4g2441572,43,1860,272,45,87,DHelmet
_4g2441572,44,1851,274,46,88,DHelmet
_4g2441572,45,1842,276,47,90,DHelmet
_4g2441572,46,1832,278,49,91,DHelmet
_4g2441572,47,1823,280,51,93,DHelmet
_4g2441572,48,1812,281,52,96,DHelmet
_4g2441572,49,1802,281,52,100,DHelmet
_4g2441572,50,1791,282,53,103,DHelmet
_4g2441572,51,1780,283,55,106,DHelmet
_4g2441572,52,1768,283,57,110,DHelmet
_4g2441572,53,1756,284,58,113,DHelmet
_4g2441572,54,1739,286,61,115,DHelmet
_4g2441572,55,1723,288,62,118,DHelmet
_4g2441572,56,1706,289,65,122,DHelmet
_4g2441572,57,1688,292,67,124,DHelmet
_4g2441572,58,1671,294,69,127,DHelmet
_4g2441572,59,1650,297,71,129,DHelmet
_4g2441572,60,1629,299,74,132,DHelmet
_4g2441572,61,1609,302,75,134,DHelmet
_4g2441572,62,1586,304,77,140,DHelmet
_4g2441572,63,1564,307,77,145,DHelmet
_4g2441572,64,1541,310,79,149,DHelmet
_4g2441572,65,1511,312,84,155,DHelmet
_4g2441572,66,1481,314,89,161,DHelmet
_4g2441572,67,1452,316,92,167,DHelmet
_4g2441572,68,1415,320,96,175,DHelmet
_4g2441572,69,1379,323,99,183,DHelmet
_4g2441572,70,1343,327,101,191,DHelmet
_4g2441572,71,1299,332,104,198,DHelmet
_4g2441572,72,1255,338,106,205,DHelmet
_4g2441572,73,1199,340,113,219,DHelmet
_4g2441572,74,1143,343,120,232,DHelmet
_4g2441572,75,1073,351,133,246,DHelmet
_4g2441572,76,1004,360,145,258,DHelmet
_4g2441572,77,914,368,159,278,DHelmet
_4g2441572,78,824,377,173,298,DHelmet
_4g2441572,79,711,386,197,320,DHelmet
_4g2441572,80,576,398,234,345,DHelmet
_4g2441572,81,417,412,269,374,DHelmet
_4g2441572,82,226,423,323,418,DHelmet
_4g2441572,83,1,439,378,469,DHelmet
