track_id,frame_id,x,y,w,h,label
_migpbxbzm,1,842,403,111,154,DNoHelmet
_migpbxbzm,2,842,403,111,154,DNoHelmet
_migpbxbzm,3,842,403,111,154,DNoHelmet
_migpbxbzm,4,842,403,111,154,DNoHelmet
_migpbxbzm,5,842,403,111,154,DNoHelmet
_migpbxbzm,6,842,403,111,154,DNoHelmet
_migpbxbzm,7,842,403,111,154,DNoHelmet
_migpbxbzm,8,842,403,111,154,DNoHelmet
_migpbxbzm,9,842,403,111,154,DNoHelmet
_migpbxbzm,10,842,403,111,154,DNoHelmet
_migpbxbzm,11,842,403,111,154,DNoHelmet
_migpbxbzm,12,842,403,111,154,DNoHelmet
_migpbxbzm,13,842,403,111,154,DNoHelmet
_migpbxbzm,14,842,403,111,154,DNoHelmet
_migpbxbzm,15,842,403,111,154,DNoHelmet
_migpbxbzm,16,842,403,111,154,DNoHelmet
_migpbxbzm,17,842,403,111,154,DNoHelmet
_migpbxbzm,18,842,403,111,154,DNoHelmet
_migpbxbzm,19,842,403,111,154,DNoHelmet
_migpbxbzm,20,842,403,111,154,DNoHelmet
_migpbxbzm,21,842,403,111,154,DNoHelmet
_migpbxbzm,22,842,403,111,154,DNoHelmet
_migpbxbzm,23,842,403,111,153,DNoHelmet
_migpbxbzm,24,842,403,111,153,DNoHelmet
_migpbxbzm,25,842,403,111,153,DNoHelmet
_migpbxbzm,26,842,403,111,153,DNoHelmet
_migpbxbzm,27,842,403,111,153,DNoHelmet
_migpbxbzm,28,842,403,111,153,DNoHelmet
_migpbxbzm,29,842,403,111,153,DNoHelmet
_migpbxbzm,30,842,403,111,153,DNoHelmet
_migpbxbzm,31,842,403,111,153,DNoHelmet
_migpbxbzm,32,842,403,111,153,DNoHelmet
_migpbxbzm,33,842,403,111,153,DNoHelmet
_migpbxbzm,34,842,403,111,153,DNoHelmet
_migpbxbzm,35,842,403,111,153,DNoHelmet
_migpbxbzm,36,842,403,111,153,DNoHelmet
_migpbxbzm,37,842,403,111,153,DNoHelmet
_migpbxbzm,38,842,403,111,153,DNoHelmet
_migpbxbzm,39,842,403,111,153,DNoHelmet
_migpbxbzm,40,842,403,111,153,DNoHelmet
_migpbxbzm,41,842,403,111,153,DNoHelmet
_migpbxbzm,42,842,403,111,153,DNoHelmet
_migpbxbzm,43,842,403,111,153,DNoHelmet
_migpbxbzm,44,842,403,111,153,DNoHelmet
_migpbxbzm,45,842,403,111,153,DNoHelmet
_migpbxbzm,46,842,403,111,153,DNoHelmet
_migpbxbzm,47,842,403,111,153,DNoHelmet
_migpbxbzm,48,842,403,110,153,DNoHelmet
_migpbxbzm,49,842,403,110,153,DNoHelmet
_migpbxbzm,50,842,403,110,153,DNoHelmet
_migpbxbzm,51,842,403,110,153,DNoHelmet
_migpbxbzm,52,842,403,110,153,DNoHelmet
_migpbxbzm,53,842,403,110,152,DNoHelmet
_migpbxbzm,54,842,403,110,152,DNoHelmet
_migpbxbzm,55,842,403,110,152,DNoHelmet
_migpbxbzm,56,842,403,110,152,DNoHelmet
_migpbxbzm,57,842,403,110,152,DNoHelmet
_migpbxbzm,58,842,403,110,152,DNoHelmet
_migpbxbzm,59,842,403,107,151,DNoHelmet
_migpbxbzm,60,842,403,103,149,DNoHelmet
_migpbxbzm,61,842,403,99,148,DNoHelmet
_migpbxbzm,62,842,403,95,146,DNoHelmet
_migpbxbzm,63,842,403,91,145,DNoHelmet
_migpbxbzm,64,842,403,85,145,DNoHelmet
_migpbxbzm,65,842,403,79,145,DNoHelmet
_zbulzvdyw,1,474,405,98,164,DNoHelmet
_zbulzvdyw,2,464,405,99,163,DNoHelmet
_zbulzvdyw,3,455,405,99,162,DNoHelmet
_zbulzvdyw,4,446,404,99,162,DNoHelmet
_zbulzvdyw,5,440,404,98,161,DNoHelmet
_zbulzvdyw,6,433,404,97,159,DNoHelmet
_zbulzvdyw,7,427,403,96,159,DNoHelmet
_zbulzvdyw,8,421,403,95,158,DNoHelmet
_zbulzvdyw,9,414,403,95,157,DNoHelmet
_zbulzvdyw,10,408,402,93,157,DNoHelmet
_zbulzvdyw,11,402,402,92,156,DNoHelmet
_zbulzvdyw,12,396,402,91,154,DNoHelmet
_zbulzvdyw,13,389,401,91,154,DNoHelmet
_zbulzvdyw,14,385,401,89,153,DNoHelmet
_zbulzvdyw,15,381,401,88,152,DNoHelmet
_zbulzvdyw,16,377,400,87,152,DNoHelmet
_zbulzvdyw,17,372,400,87,150,DNoHelmet
_zbulzvdyw,18,368,400,86,149,DNoHelmet
_zbulzvdyw,19,364,399,85,149,DNoHelmet
_zbulzvdyw,20,360,399,84,148,DNoHelmet
_zbulzvdyw,21,355,399,83,147,DNoHelmet
_zbulzvdyw,22,351,398,82,147,DNoHelmet
_zbulzvdyw,23,347,398,81,145,DNoHelmet
_zbulzvdyw,24,343,398,80,144,DNoHelmet
_zbulzvdyw,25,340,397,80,144,DNoHelmet
_zbulzvdyw,26,338,396,78,144,DNoHelmet
_zbulzvdyw,27,336,396,77,143,DNoHelmet
_zbulzvdyw,28,333,395,77,143,DNoHelmet
_zbulzvdyw,29,331,395,76,141,DNoHelmet
_zbulzvdyw,30,329,394,74,141,DNoHelmet
_zbulzvdyw,31,327,394,73,140,DNoHelmet
_zbulzvdyw,32,324,393,73,140,DNoHelmet
_zbulzvdyw,33,323,393,71,139,DNoHelmet
_zbulzvdyw,34,321,393,71,138,DNoHelmet
_zbulzvdyw,35,320,393,69,137,DNoHelmet
_zbulzvdyw,36,318,393,69,136,DNoHelmet
_zbulzvdyw,37,317,393,68,135,DNoHelmet
_zbulzvdyw,38,315,393,67,134,DNoHelmet
_zbulzvdyw,39,314,393,66,133,DNoHelmet
_zbulzvdyw,40,312,393,66,132,DNoHelmet
_zbulzvdyw,41,311,392,64,132,DNoHelmet
_zbulzvdyw,42,309,392,64,131,DNoHelmet
_zbulzvdyw,43,307,392,64,130,DNoHelmet
_zbulzvdyw,44,304,392,64,129,DNoHelmet
_zbulzvdyw,45,300,392,65,128,DNoHelmet
_zbulzvdyw,46,296,391,66,129,DNoHelmet
_zbulzvdyw,47,292,391,67,128,DNoHelmet
_zbulzvdyw,48,288,391,69,127,DNoHelmet
_zbulzvdyw,49,284,390,70,128,DNoHelmet
_zbulzvdyw,50,280,390,71,127,DNoHelmet
_zbulzvdyw,51,276,390,72,126,DNoHelmet
_zbulzvdyw,52,272,390,73,126,DNoHelmet
_zbulzvdyw,53,268,389,75,126,DNoHelmet
_zbulzvdyw,54,264,389,76,125,DNoHelmet
_zbulzvdyw,55,260,389,75,125,DNoHelmet
_zbulzvdyw,56,255,389,76,125,DNoHelmet
_zbulzvdyw,57,251,389,76,124,DNoHelmet
_zbulzvdyw,58,247,389,75,124,DNoHelmet
_zbulzvdyw,59,242,389,76,124,DNoHelmet
_zbulzvdyw,60,238,388,76,124,DNoHelmet
_zbulzvdyw,61,234,388,75,124,DNoHelmet
_zbulzvdyw,62,230,388,75,124,DNoHelmet
_zbulzvdyw,63,225,388,75,123,DNoHelmet
_zbulzvdyw,64,221,388,75,123,DNoHelmet
_zbulzvdyw,65,217,388,75,122,DNoHelmet
_zbulzvdyw,66,212,388,75,122,DNoHelmet
_zbulzvdyw,67,208,388,75,122,DNoHelmet
_zbulzvdyw,68,204,388,75,121,DNoHelmet
_zbulzvdyw,69,200,388,74,121,DNoHelmet
_zbulzvdyw,70,195,387,75,122,DNoHelmet
_zbulzvdyw,71,191,387,75,121,DNoHelmet
_zbulzvdyw,72,186,387,76,121,DNoHelmet
_zbulzvdyw,73,182,387,76,120,DNoHelmet
_zbulzvdyw,74,177,386,77,121,DNoHelmet
_zbulzvdyw,75,173,386,77,120,DNoHelmet
_zbulzvdyw,76,169,386,77,120,DNoHelmet
_zbulzvdyw,77,164,386,78,119,DNoHelmet
_zbulzvdyw,78,161,385,78,120,DNoHelmet
_zbulzvdyw,79,157,385,78,119,DNoHelmet
_zbulzvdyw,80,154,385,78,119,DNoHelmet
_zbulzvdyw,81,151,385,77,118,DNoHelmet
_zbulzvdyw,82,147,384,78,119,DNoHelmet
_zbulzvdyw,83,144,384,77,118,DNoHelmet
_zbulzvdyw,84,140,384,78,118,DNoHelmet
_zbulzvdyw,85,137,384,76,117,DNoHelmet
_zbulzvdyw,86,133,383,76,118,DNoHelmet
_zbulzvdyw,87,130,383,75,117,DNoHelmet
_zbulzvdyw,88,126,383,74,116,DNoHelmet
_zbulzvdyw,89,126,383,73,116,DNoHelmet
_zbulzvdyw,90,126,383,71,116,DNoHelmet
_zbulzvdyw,91,126,383,70,116,DNoHelmet
_zbulzvdyw,92,126,383,68,116,DNoHelmet
_zbulzvdyw,93,127,382,65,116,DNoHelmet
_zbulzvdyw,94,127,382,64,116,DNoHelmet
_zbulzvdyw,95,127,382,62,116,DNoHelmet
_zbulzvdyw,96,127,382,61,116,DNoHelmet
_zbulzvdyw,97,127,382,59,116,DNoHelmet
_zbulzvdyw,98,127,382,57,115,DNoHelmet
_zbulzvdyw,99,127,381,56,116,DNoHelmet
_zbulzvdyw,100,127,381,54,116,DNoHelmet
_xzhdcfci7,1,225,383,62,115,DHelmetP1NoHelmet
_xzhdcfci7,2,224,383,63,115,DHelmetP1NoHelmet
_xzhdcfci7,3,224,383,63,115,DHelmetP1NoHelmet
_xzhdcfci7,4,224,383,62,115,DHelmetP1NoHelmet
_xzhdcfci7,5,224,383,62,115,DHelmetP1NoHelmet
_xzhdcfci7,6,224,383,62,115,DHelmetP1NoHelmet
_xzhdcfci7,7,224,383,62,115,DHelmetP1NoHelmet
_xzhdcfci7,8,223,383,63,115,DHelmetP1NoHelmet
_xzhdcfci7,9,223,383,62,115,DHelmetP1NoHelmet
_xzhdcfci7,10,223,383,62,115,DHelmetP1NoHelmet
_xzhdcfci7,11,223,383,62,115,DHelmetP1NoHelmet
_xzhdcfci7,12,223,383,62,115,DHelmetP1NoHelmet
_xzhdcfci7,13,222,383,63,115,DHelmetP1NoHelmet
_xzhdcfci7,14,222,383,62,115,DHelmetP1NoHelmet
_xzhdcfci7,15,222,383,62,115,DHelmetP1NoHelmet
_xzhdcfci7,16,222,383,62,115,DHelmetP1NoHelmet
_xzhdcfci7,17,222,383,62,115,DHelmetP1NoHelmet
_xzhdcfci7,18,222,383,62,115,DHelmetP1NoHelmet
_xzhdcfci7,19,222,383,62,115,DHelmetP1NoHelmet
_xzhdcfci7,20,222,383,61,115,DHelmetP1NoHelmet
_xzhdcfci7,21,222,383,61,115,DHelmetP1NoHelmet
_xzhdcfci7,22,222,383,61,115,DHelmetP1NoHelmet
_xzhdcfci7,23,222,383,61,115,DHelmetP1NoHelmet
_xzhdcfci7,24,222,383,61,115,DHelmetP1NoHelmet
_xzhdcfci7,25,222,383,61,115,DHelmetP1NoHelmet
_xzhdcfci7,26,222,383,61,115,DHelmetP1NoHelmet
_xzhdcfci7,27,222,383,60,115,DHelmetP1NoHelmet
_xzhdcfci7,28,222,383,60,115,DHelmetP1NoHelmet
_xzhdcfci7,29,222,383,60,115,DHelmetP1NoHelmet
_xzhdcfci7,30,222,383,60,115,DHelmetP1NoHelmet
_xzhdcfci7,31,222,383,60,115,DHelmetP1NoHelmet
_xzhdcfci7,32,222,383,60,115,DHelmetP1NoHelmet
_xzhdcfci7,33,222,383,59,115,DHelmetP1NoHelmet
_xzhdcfci7,34,222,383,59,115,DHelmetP1NoHelmet
_xzhdcfci7,35,222,383,59,115,DHelmetP1NoHelmet
_xzhdcfci7,36,222,383,59,115,DHelmetP1NoHelmet
_xzhdcfci7,37,222,383,59,115,DHelmetP1NoHelmet
_xzhdcfci7,38,222,383,59,115,DHelmetP1NoHelmet
_xzhdcfci7,39,222,383,59,115,DHelmetP1NoHelmet
_xzhdcfci7,40,222,383,58,115,DHelmetP1NoHelmet
_xzhdcfci7,41,222,383,58,115,DHelmetP1NoHelmet
_xzhdcfci7,42,222,383,58,115,DHelmetP1NoHelmet
_xzhdcfci7,43,222,383,58,115,DHelmetP1NoHelmet
_xzhdcfci7,44,222,383,58,115,DHelmetP1NoHelmet
_xzhdcfci7,45,222,383,58,115,DHelmetP1NoHelmet
_xzhdcfci7,46,222,383,58,115,DHelmetP1NoHelmet
_xzhdcfci7,47,222,383,57,115,DHelmetP1NoHelmet
_xzhdcfci7,48,222,383,57,115,DHelmetP1NoHelmet
_xzhdcfci7,49,222,383,57,115,DHelmetP1NoHelmet
_xzhdcfci7,50,222,383,57,115,DHelmetP1NoHelmet
_xzhdcfci7,51,222,383,57,115,DHelmetP1NoHelmet
_xzhdcfci7,52,222,383,57,115,DHelmetP1NoHelmet
_xzhdcfci7,53,222,383,56,115,DHelmetP1NoHelmet
_xzhdcfci7,54,222,383,56,115,DHelmetP1NoHelmet
_xzhdcfci7,55,222,383,56,115,DHelmetP1NoHelmet
_xzhdcfci7,56,222,383,56,115,DHelmetP1NoHelmet
_xzhdcfci7,57,222,383,56,115,DHelmetP1NoHelmet
_xzhdcfci7,58,222,383,56,115,DHelmetP1NoHelmet
_xzhdcfci7,59,222,383,56,115,DHelmetP1NoHelmet
_xzhdcfci7,60,222,383,55,116,DHelmetP1NoHelmet
_xzhdcfci7,61,222,383,55,116,DHelmetP1NoHelmet
_xzhdcfci7,62,222,383,55,116,DHelmetP1NoHelmet
_xzhdcfci7,63,222,383,55,116,DHelmetP1NoHelmet
_xzhdcfci7,64,222,383,55,116,DHelmetP1NoHelmet
_xzhdcfci7,65,222,383,55,116,DHelmetP1NoHelmet
_xzhdcfci7,66,222,383,55,116,DHelmetP1NoHelmet
_xzhdcfci7,67,222,383,54,116,DHelmetP1NoHelmet
_xzhdcfci7,68,222,383,54,116,DHelmetP1NoHelmet
_xzhdcfci7,69,222,383,54,116,DHelmetP1NoHelmet
_xzhdcfci7,70,222,383,54,116,DHelmetP1NoHelmet
_xzhdcfci7,71,222,383,54,116,DHelmetP1NoHelmet
_xzhdcfci7,72,222,383,54,116,DHelmetP1NoHelmet
_xzhdcfci7,73,222,383,53,116,DHelmetP1NoHelmet
_xzhdcfci7,74,222,383,53,116,DHelmetP1NoHelmet
_xzhdcfci7,75,222,383,53,116,DHelmetP1NoHelmet
_xzhdcfci7,76,222,383,53,116,DHelmetP1NoHelmet
_xzhdcfci7,77,222,383,53,116,DHelmetP1NoHelmet
_xzhdcfci7,78,222,383,53,116,DHelmetP1NoHelmet
_xzhdcfci7,79,222,383,53,116,DHelmetP1NoHelmet
_xzhdcfci7,80,222,383,52,116,DHelmetP1NoHelmet
_xzhdcfci7,81,222,383,52,116,DHelmetP1NoHelmet
_xzhdcfci7,82,222,383,52,116,DHelmetP1NoHelmet
_xzhdcfci7,83,222,383,52,116,DHelmetP1NoHelmet
_xzhdcfci7,84,222,383,52,116,DHelmetP1NoHelmet
_xzhdcfci7,85,222,383,52,116,DHelmetP1NoHelmet
_xzhdcfci7,86,222,383,51,116,DHelmetP1NoHelmet
_xzhdcfci7,87,222,383,51,116,DHelmetP1NoHelmet
_xzhdcfci7,88,222,383,51,116,DHelmetP1NoHelmet
_xzhdcfci7,89,222,383,51,116,DHelmetP1NoHelmet
_xzhdcfci7,90,222,383,51,116,DHelmetP1NoHelmet
_xzhdcfci7,91,222,383,50,115,DHelmetP1NoHelmet
_xzhdcfci7,92,222,383,50,115,DHelmetP1NoHelmet
_xzhdcfci7,93,222,383,49,114,DHelmetP1NoHelmet
_xzhdcfci7,94,222,383,48,114,DHelmetP1NoHelmet
_xzhdcfci7,95,222,383,47,114,DHelmetP1NoHelmet
_xzhdcfci7,96,222,383,47,114,DHelmetP1NoHelmet
_xzhdcfci7,97,222,383,46,113,DHelmetP1NoHelmet
_xzhdcfci7,98,222,383,45,113,DHelmetP1NoHelmet
_xzhdcfci7,99,222,383,44,113,DHelmetP1NoHelmet
_xzhdcfci7,100,222,383,43,113,DHelmetP1NoHelmet
_rsth4s8aw,88,1683,447,237,422,DHelmet
_rsth4s8aw,89,1646,441,274,405,DHelmet
_rsth4s8aw,90,1610,441,280,399,DHelmet
_rsth4s8aw,91,1573,441,270,387,DHelmet
_rsth4s8aw,92,1536,440,260,377,DHelmet
_rsth4s8aw,93,1499,439,250,366,DHelmet
_rsth4s8aw,94,1462,438,240,356,DHelmet
_rsth4s8aw,95,1424,439,238,346,DHelmet
_rsth4s8aw,96,1387,439,234,337,DHelmet
_rsth4s8aw,97,1350,440,231,327,DHelmet
_rsth4s8aw,98,1314,438,229,320,DHelmet
_rsth4s8aw,99,1279,436,225,314,DHelmet
_rsth4s8aw,100,1243,433,223,309,DHelmet
_rfbvmvn2i,23,1576,445,344,443,DHelmetP1Helmet
_rfbvmvn2i,24,1491,439,372,429,DHelmetP1Helmet
_rfbvmvn2i,25,1418,438,339,406,DHelmetP1Helmet
_rfbvmvn2i,26,1348,436,313,388,DHelmetP1Helmet
_rfbvmvn2i,27,1282,435,289,371,DHelmetP1Helmet
_rfbvmvn2i,28,1227,430,263,361,DHelmetP1Helmet
_rfbvmvn2i,29,1173,428,249,345,DHelmetP1Helmet
_rfbvmvn2i,30,1126,426,233,335,DHelmetP1Helmet
_rfbvmvn2i,31,1079,424,217,324,DHelmetP1Helmet
_rfbvmvn2i,32,1039,422,207,314,DHelmetP1Helmet
_rfbvmvn2i,33,999,420,196,304,DHelmetP1Helmet
_rfbvmvn2i,34,966,419,187,296,DHelmetP1Helmet
_rfbvmvn2i,35,932,418,179,287,DHelmetP1Helmet
_rfbvmvn2i,36,898,417,171,279,DHelmetP1Helmet
_rfbvmvn2i,37,872,416,164,273,DHelmetP1Helmet
_rfbvmvn2i,38,845,414,158,268,DHelmetP1Helmet
_rfbvmvn2i,39,819,413,152,263,DHelmetP1Helmet
_rfbvmvn2i,40,793,411,145,258,DHelmetP1Helmet
_rfbvmvn2i,41,771,410,139,253,DHelmetP1Helmet
_rfbvmvn2i,42,749,408,134,248,DHelmetP1Helmet
_rfbvmvn2i,43,728,407,127,243,DHelmetP1Helmet
_rfbvmvn2i,44,706,405,121,239,DHelmetP1Helmet
_rfbvmvn2i,45,689,405,119,234,DHelmetP1Helmet
_rfbvmvn2i,46,671,404,117,230,DHelmetP1Helmet
_rfbvmvn2i,47,654,403,114,226,DHelmetP1Helmet
_rfbvmvn2i,48,636,402,113,222,DHelmetP1Helmet
_rfbvmvn2i,49,621,402,111,218,DHelmetP1Helmet
_rfbvmvn2i,50,607,401,109,215,DHelmetP1Helmet
_rfbvmvn2i,51,592,401,108,211,DHelmetP1Helmet
_rfbvmvn2i,52,577,401,106,207,DHelmetP1Helmet
_rfbvmvn2i,53,564,399,104,204,DHelmetP1Helmet
_rfbvmvn2i,54,551,398,102,201,DHelmetP1Helmet
_rfbvmvn2i,55,538,397,100,197,DHelmetP1Helmet
_rfbvmvn2i,56,524,396,99,193,DHelmetP1Helmet
_rfbvmvn2i,57,513,396,98,190,DHelmetP1Helmet
_rfbvmvn2i,58,502,396,96,188,DHelmetP1Helmet
_rfbvmvn2i,59,490,395,96,186,DHelmetP1Helmet
_rfbvmvn2i,60,479,395,94,183,DHelmetP1Helmet
_rfbvmvn2i,61,468,395,93,181,DHelmetP1Helmet
_rfbvmvn2i,62,456,395,92,178,DHelmetP1Helmet
_rfbvmvn2i,63,447,394,91,177,DHelmetP1Helmet
_rfbvmvn2i,64,438,394,90,175,DHelmetP1Helmet
_rfbvmvn2i,65,429,394,90,173,DHelmetP1Helmet
_rfbvmvn2i,66,420,394,89,171,DHelmetP1Helmet
_rfbvmvn2i,67,411,393,88,170,DHelmetP1Helmet
_rfbvmvn2i,68,402,393,87,169,DHelmetP1Helmet
_rfbvmvn2i,69,393,393,86,167,DHelmetP1Helmet
_rfbvmvn2i,70,384,393,86,165,DHelmetP1Helmet
_rfbvmvn2i,71,376,392,85,164,DHelmetP1Helmet
_rfbvmvn2i,72,368,391,85,163,DHelmetP1Helmet
_rfbvmvn2i,73,359,391,85,162,DHelmetP1Helmet
_rfbvmvn2i,74,351,390,85,161,DHelmetP1Helmet
_rfbvmvn2i,75,344,389,84,160,DHelmetP1Helmet
_rfbvmvn2i,76,337,389,84,159,DHelmetP1Helmet
_rfbvmvn2i,77,330,388,84,158,DHelmetP1Helmet
_rfbvmvn2i,78,323,387,83,157,DHelmetP1Helmet
_rfbvmvn2i,79,315,387,84,156,DHelmetP1Helmet
_rfbvmvn2i,80,308,386,83,155,DHelmetP1Helmet
_rfbvmvn2i,81,303,386,83,154,DHelmetP1Helmet
_rfbvmvn2i,82,299,386,82,154,DHelmetP1Helmet
_rfbvmvn2i,83,294,386,82,153,DHelmetP1Helmet
_rfbvmvn2i,84,289,386,81,152,DHelmetP1Helmet
_rfbvmvn2i,85,284,386,81,151,DHelmetP1Helmet
_rfbvmvn2i,86,279,386,81,151,DHelmetP1Helmet
_rfbvmvn2i,87,274,386,81,150,DHelmetP1Helmet
_rfbvmvn2i,88,269,386,80,149,DHelmetP1Helmet
_rfbvmvn2i,89,267,386,78,148,DHelmetP1Helmet
_rfbvmvn2i,90,264,386,78,147,DHelmetP1Helmet
_rfbvmvn2i,91,262,386,76,146,DHelmetP1Helmet
_rfbvmvn2i,92,259,386,75,145,DHelmetP1Helmet
_rfbvmvn2i,93,257,386,73,144,DHelmetP1Helmet
_rfbvmvn2i,94,254,386,72,143,DHelmetP1Helmet
_rfbvmvn2i,95,251,385,71,144,DHelmetP1Helmet
_rfbvmvn2i,96,247,385,70,144,DHelmetP1Helmet
_rfbvmvn2i,97,244,385,69,143,DHelmetP1Helmet
_rfbvmvn2i,98,240,384,69,144,DHelmetP1Helmet
_rfbvmvn2i,99,236,384,69,144,DHelmetP1Helmet
_rfbvmvn2i,100,233,384,67,144,DHelmetP1Helmet
_82dolwr0g,75,1633,443,287,433,DHelmet
_82dolwr0g,76,1578,441,342,435,DHelmet
_82dolwr0g,77,1528,443,364,421,DHelmet
_82dolwr0g,78,1480,439,347,414,DHelmet
_82dolwr0g,79,1434,436,328,404,DHelmet
_82dolwr0g,80,1393,436,310,394,DHelmet
_82dolwr0g,81,1353,435,300,385,DHelmet
_82dolwr0g,82,1313,433,290,377,DHelmet
_82dolwr0g,83,1273,432,280,367,DHelmet
_82dolwr0g,84,1236,431,272,360,DHelmet
_82dolwr0g,85,1200,429,263,353,DHelmet
_82dolwr0g,86,1163,428,255,346,DHelmet
_82dolwr0g,87,1130,427,249,339,DHelmet
_82dolwr0g,88,1096,427,243,332,DHelmet
_82dolwr0g,89,1063,426,237,325,DHelmet
_82dolwr0g,90,1033,424,230,320,DHelmet
_82dolwr0g,91,1002,422,225,315,DHelmet
_82dolwr0g,92,972,420,219,309,DHelmet
_82dolwr0g,93,942,418,213,304,DHelmet
_82dolwr0g,94,916,417,207,299,DHelmet
_82dolwr0g,95,890,416,202,295,DHelmet
_82dolwr0g,96,864,416,196,290,DHelmet
_82dolwr0g,97,837,415,191,285,DHelmet
_82dolwr0g,98,820,415,183,281,DHelmet
_82dolwr0g,99,802,415,176,276,DHelmet
_82dolwr0g,100,784,415,169,272,DHelmet
_qq38y1nx9,83,215,381,101,136,DNoHelmetP1NoHelmet
_qq38y1nx9,84,206,381,106,136,DNoHelmetP1NoHelmet
_qq38y1nx9,85,197,381,111,137,DNoHelmetP1NoHelmet
_qq38y1nx9,86,187,381,121,135,DNoHelmetP1NoHelmet
_qq38y1nx9,87,174,382,126,135,DNoHelmetP1NoHelmet
_qq38y1nx9,88,162,383,129,135,DNoHelmetP1NoHelmet
_qq38y1nx9,89,149,384,134,135,DNoHelmetP1NoHelmet
_qq38y1nx9,90,139,384,130,137,DNoHelmetP1NoHelmet
_qq38y1nx9,91,129,385,127,137,DNoHelmetP1NoHelmet
_qq38y1nx9,92,119,386,123,138,DNoHelmetP1NoHelmet
_qq38y1nx9,93,109,387,120,138,DNoHelmetP1NoHelmet
_qq38y1nx9,94,101,387,115,140,DNoHelmetP1NoHelmet
_qq38y1nx9,95,94,388,109,141,DNoHelmetP1NoHelmet
_qq38y1nx9,96,87,389,103,142,DNoHelmetP1NoHelmet
_qq38y1nx9,97,79,390,98,143,DNoHelmetP1NoHelmet
_qq38y1nx9,98,74,390,92,145,DNoHelmetP1NoHelmet
_qq38y1nx9,99,69,391,87,146,DNoHelmetP1NoHelmet
_qq38y1nx9,100,64,392,81,146,DNoHelmetP1NoHelmet
