track_id,frame_id,x,y,w,h,label
_fhehyjf6j,17,1863,155,47,94,DHelmet
_fhehyjf6j,18,1848,157,48,96,DHelmet
_fhehyjf6j,19,1833,159,49,98,DHelmet
_fhehyjf6j,20,1817,161,50,100,DHelmet
_fhehyjf6j,21,1801,164,51,102,DHelmet
_fhehyjf6j,22,1785,166,52,104,DHelmet
_fhehyjf6j,23,1768,169,54,107,DHelmet
_fhehyjf6j,24,1751,172,55,111,DHelmet
_fhehyjf6j,25,1733,175,58,114,DHelmet
_fhehyjf6j,26,1714,178,59,118,DHelmet
_fhehyjf6j,27,1695,180,60,122,DHelmet
_fhehyjf6j,28,1669,184,64,126,DHelmet
_fhehyjf6j,29,1644,187,67,131,DHelmet
_fhehyjf6j,30,1618,191,70,135,DHelmet
_fhehyjf6j,31,1587,195,73,140,DHelmet
_fhehyjf6j,32,1556,200,77,144,DHelmet
_fhehyjf6j,33,1526,204,79,149,DHelmet
_fhehyjf6j,34,1486,209,84,159,DHelmet
_fhehyjf6j,35,1446,215,88,167,DHelmet
_fhehyjf6j,36,1405,220,94,177,DHelmet
_fhehyjf6j,37,1357,225,98,186,DHelmet
_fhehyjf6j,38,1308,231,103,195,DHelmet
_fhehyjf6j,39,1248,238,107,207,DHelmet
_fhehyjf6j,40,1188,246,111,218,DHelmet
_fhehyjf6j,41,1108,255,121,233,DHelmet
_fhehyjf6j,42,1029,264,130,249,DHelmet
_fhehyjf6j,43,924,279,147,271,DHelmet
_fhehyjf6j,44,819,293,163,294,DHelmet
_fhehyjf6j,45,680,310,192,320,DHelmet
_fhehyjf6j,46,511,333,226,350,DHelmet
_fhehyjf6j,47,303,353,274,393,DHelmet
_fhehyjf6j,48,37,378,342,449,DHelmet
_jeutueg7x,24,1864,155,56,100,DHelmetP1Helmet
_jeutueg7x,25,1849,157,59,104,DHelmetP1Helmet
_jeutueg7x,26,1834,159,62,107,DHelmetP1Helmet
_jeutueg7x,27,1819,161,64,110,DHelmetP1Helmet
_jeutueg7x,28,1804,164,67,112,DHelmetP1Helmet
_jeutueg7x,29,1789,166,70,115,DHelmetP1Helmet
_jeutueg7x,30,1773,168,74,118,DHelmetP1Helmet
_jeutueg7x,31,1751,172,73,122,DHelmetP1Helmet
_jeutueg7x,32,1729,175,72,126,DHelmetP1Helmet
_jeutueg7x,33,1707,179,71,130,DHelmetP1Helmet
_jeutueg7x,34,1684,183,71,133,DHelmetP1Helmet
_jeutueg7x,35,1655,187,73,139,DHelmetP1Helmet
_jeutueg7x,36,1625,191,76,144,DHelmetP1Helmet
_jeutueg7x,37,1596,196,77,149,DHelmetP1Helmet
_jeutueg7x,38,1566,200,80,154,DHelmetP1Helmet
_jeutueg7x,39,1532,204,80,161,DHelmetP1Helmet
_jeutueg7x,40,1497,208,82,168,DHelmetP1Helmet
_jeutueg7x,41,1451,212,88,179,DHelmetP1Helmet
_jeutueg7x,42,1405,216,93,189,DHelmetP1Helmet
_jeutueg7x,43,1352,225,98,199,DHelmetP1Helmet
_jeutueg7x,44,1300,234,101,209,DHelmetP1Helmet
_jeutueg7x,45,1234,241,110,221,DHelmetP1Helmet
_jeutueg7x,46,1169,247,117,235,DHelmetP1Helmet
_jeutueg7x,47,1083,258,134,253,DHelmetP1Helmet
_jeutueg7x,48,996,268,151,271,DHelmetP1Helmet
_jeutueg7x,49,876,285,170,294,DHelmetP1Helmet
_jeutueg7x,50,757,301,189,318,DHelmetP1Helmet
_jeutueg7x,51,606,321,226,347,DHelmetP1Helmet
_jeutueg7x,52,420,341,259,386,DHelmetP1Helmet
_jeutueg7x,53,181,365,324,440,DHelmetP1Helmet
_jeutueg7x,54,2,397,285,456,DHelmetP1Helmet
_pp0un5qbp,49,1856,151,52,98,DHelmetP1Helmet
_pp0un5qbp,50,1842,154,53,101,DHelmetP1Helmet
_pp0un5qbp,51,1828,157,53,104,DHelmetP1Helmet
_pp0un5qbp,52,1814,160,53,106,DHelmetP1Helmet
_pp0un5qbp,53,1795,164,55,108,DHelmetP1Helmet
_pp0un5qbp,54,1776,168,58,110,DHelmetP1Helmet
_pp0un5qbp,55,1757,172,60,112,DHelmetP1Helmet
_pp0un5qbp,56,1735,174,62,118,DHelmetP1Helmet
_pp0un5qbp,57,1712,175,65,125,DHelmetP1Helmet
_pp0un5qbp,58,1690,177,67,131,DHelmetP1Helmet
_pp0un5qbp,59,1663,182,68,134,DHelmetP1Helmet
_pp0un5qbp,60,1635,187,70,137,DHelmetP1Helmet
_pp0un5qbp,61,1608,192,72,141,DHelmetP1Helmet
_pp0un5qbp,62,1574,195,78,148,DHelmetP1Helmet
_pp0un5qbp,63,1540,199,84,155,DHelmetP1Helmet
_pp0un5qbp,64,1502,205,85,160,DHelmetP1Helmet
_pp0un5qbp,65,1465,211,86,165,DHelmetP1Helmet
_pp0un5qbp,66,1416,216,92,176,DHelmetP1Helmet
_pp0un5qbp,67,1368,221,97,188,DHelmetP1Helmet
_pp0un5qbp,68,1308,230,104,198,DHelmetP1Helmet
_pp0un5qbp,69,1249,239,110,208,DHelmetP1Helmet
_pp0un5qbp,70,1172,247,118,224,DHelmetP1Helmet
_pp0un5qbp,71,1096,256,125,240,DHelmetP1Helmet
_pp0un5qbp,72,1000,265,141,258,DHelmetP1Helmet
_pp0un5qbp,73,888,279,155,281,DHelmetP1Helmet
_pp0un5qbp,74,755,297,179,305,DHelmetP1Helmet
_pp0un5qbp,75,591,321,209,331,DHelmetP1Helmet
_pp0un5qbp,76,389,344,254,373,DHelmetP1Helmet
_pp0un5qbp,77,130,366,320,429,DHelmetP1Helmet
_pp0un5qbp,78,3,398,202,422,DHelmetP1Helmet
