track_id,frame_id,x,y,w,h,label
_27lipj8im,59,23,567,566,513,DNoHelmetP1NoHelmet
_27lipj8im,60,443,512,418,563,DNoHelmetP1NoHelmet
_27lipj8im,61,735,467,326,483,DNoHelmetP1NoHelmet
_27lipj8im,62,951,438,266,421,DNoHelmetP1NoHelmet
_27lipj8im,63,1121,419,216,373,DNoHelmetP1NoHelmet
_27lipj8im,64,1252,403,185,332,DNoHelmetP1NoHelmet
_27lipj8im,65,1347,390,168,304,DNoHelmetP1NoHelmet
_27lipj8im,66,1442,377,151,276,DNoHelmetP1NoHelmet
_27lipj8im,67,1508,368,138,254,DNoHelmetP1NoHelmet
_27lipj8im,68,1573,358,127,234,DNoHelmetP1NoHelmet
_27lipj8im,69,1621,349,119,221,DNoHelmetP1NoHelmet
_27lipj8im,70,1668,340,112,208,DNoHelmetP1NoHelmet
_27lipj8im,71,1705,335,107,195,DNoHelmetP1NoHelmet
_27lipj8im,72,1742,330,101,182,DNoHelmetP1NoHelmet
_27lipj8im,73,1772,324,96,174,DNoHelmetP1NoHelmet
_27lipj8im,74,1802,318,91,165,DNoHelmetP1NoHelmet
_27lipj8im,75,1827,314,86,157,DNoHelmetP1NoHelmet
_27lipj8im,76,1848,310,72,149,DNoHelmetP1NoHelmet
_brw9i9gkn,67,2,595,550,485,DNoHelmetP0NoHelmetP1NoHelmet
_brw9i9gkn,68,178,540,601,540,DNoHelmetP0NoHelmetP1NoHelmet
_brw9i9gkn,69,514,495,447,585,DNoHelmetP0NoHelmetP1NoHelmet
_brw9i9gkn,70,741,466,363,574,DNoHelmetP0NoHelmetP1NoHelmet
_brw9i9gkn,71,908,443,309,512,DNoHelmetP0NoHelmetP1NoHelmet
_brw9i9gkn,72,1040,423,270,461,DNoHelmetP0NoHelmetP1NoHelmet
_brw9i9gkn,73,1162,408,232,418,DNoHelmetP0NoHelmetP1NoHelmet
_brw9i9gkn,74,1254,398,211,382,DNoHelmetP0NoHelmetP1NoHelmet
_brw9i9gkn,75,1331,385,195,358,DNoHelmetP0NoHelmetP1NoHelmet
_brw9i9gkn,76,1396,378,180,330,DNoHelmetP0NoHelmetP1NoHelmet
_brw9i9gkn,77,1451,369,169,311,DNoHelmetP0NoHelmetP1NoHelmet
_brw9i9gkn,78,1506,360,157,292,DNoHelmetP0NoHelmetP1NoHelmet
_brw9i9gkn,79,1549,354,149,276,DNoHelmetP0NoHelmetP1NoHelmet
_brw9i9gkn,80,1592,349,140,259,DNoHelmetP0NoHelmetP1NoHelmet
_brw9i9gkn,81,1623,343,137,246,DNoHelmetP0NoHelmetP1NoHelmet
_brw9i9gkn,82,1655,336,133,234,DNoHelmetP0NoHelmetP1NoHelmet
_brw9i9gkn,83,1685,331,125,223,DNoHelmetP0NoHelmetP1NoHelmet
_brw9i9gkn,84,1714,326,117,213,DNoHelmetP0NoHelmetP1NoHelmet
_brw9i9gkn,85,1738,322,115,205,DNoHelmetP0NoHelmetP1NoHelmet
_brw9i9gkn,86,1763,318,111,197,DNoHelmetP0NoHelmetP1NoHelmet
_brw9i9gkn,87,1783,314,109,190,DNoHelmetP0NoHelmetP1NoHelmet
_brw9i9gkn,88,1804,310,106,182,DNoHelmetP0NoHelmetP1NoHelmet
_brw9i9gkn,89,1827,310,93,170,DNoHelmetP0NoHelmetP1NoHelmet
_brw9i9gkn,90,1846,304,74,170,DNoHelmetP0NoHelmetP1NoHelmet
_dm0pmg4oc,48,1876,276,44,92,DHelmetP1Helmet
_dm0pmg4oc,49,1866,276,54,98,DHelmetP1Helmet
_dm0pmg4oc,50,1855,277,62,102,DHelmetP1Helmet
_dm0pmg4oc,51,1842,279,64,104,DHelmetP1Helmet
_dm0pmg4oc,52,1828,281,66,106,DHelmetP1Helmet
_dm0pmg4oc,53,1815,283,67,108,DHelmetP1Helmet
_dm0pmg4oc,54,1801,285,69,110,DHelmetP1Helmet
_dm0pmg4oc,55,1786,286,70,113,DHelmetP1Helmet
_dm0pmg4oc,56,1770,287,72,117,DHelmetP1Helmet
_dm0pmg4oc,57,1754,288,74,121,DHelmetP1Helmet
_dm0pmg4oc,58,1738,290,76,123,DHelmetP1Helmet
_dm0pmg4oc,59,1720,292,78,127,DHelmetP1Helmet
_dm0pmg4oc,60,1702,294,80,131,DHelmetP1Helmet
_dm0pmg4oc,61,1683,296,83,134,DHelmetP1Helmet
_dm0pmg4oc,62,1665,299,84,137,DHelmetP1Helmet
_dm0pmg4oc,63,1643,302,86,139,DHelmetP1Helmet
_dm0pmg4oc,64,1621,305,88,142,DHelmetP1Helmet
_dm0pmg4oc,65,1600,308,89,145,DHelmetP1Helmet
_dm0pmg4oc,66,1576,309,91,154,DHelmetP1Helmet
_dm0pmg4oc,67,1555,313,87,132,DHelmetP1Helmet
_dm0pmg4oc,68,1514,317,85,161,DHelmetP1Helmet
_dm0pmg4oc,69,1483,320,106,168,DHelmetP1Helmet
_dm0pmg4oc,70,1445,323,113,177,DHelmetP1Helmet
_dm0pmg4oc,71,1407,326,119,185,DHelmetP1Helmet
_dm0pmg4oc,72,1364,331,125,190,DHelmetP1Helmet
_dm0pmg4oc,73,1320,336,132,194,DHelmetP1Helmet
_dm0pmg4oc,74,1271,338,127,140,DHelmetP1Helmet
_dm0pmg4oc,75,1221,341,135,223,DHelmetP1Helmet
_dm0pmg4oc,76,1157,348,151,234,DHelmetP1Helmet
_dm0pmg4oc,77,1093,355,160,245,DHelmetP1Helmet
_dm0pmg4oc,78,1018,366,170,260,DHelmetP1Helmet
_dm0pmg4oc,79,933,367,185,283,DHelmetP1Helmet
_dm0pmg4oc,80,833,378,205,301,DHelmetP1Helmet
_dm0pmg4oc,81,717,392,225,319,DHelmetP1Helmet
_dm0pmg4oc,82,582,403,249,346,DHelmetP1Helmet
_dm0pmg4oc,83,421,413,283,380,DHelmetP1Helmet
_dm0pmg4oc,84,226,426,329,423,DHelmetP1Helmet
_dm0pmg4oc,85,1,444,382,475,DHelmetP1Helmet
_kszfttxer,99,110,544,488,536,DNoHelmet
_kszfttxer,100,478,489,358,528,DNoHelmet
_3y7e73xwf,93,1833,281,56,87,DHelmetP1Helmet
_3y7e73xwf,94,1823,282,57,89,DHelmetP1Helmet
_3y7e73xwf,95,1813,283,58,91,DHelmetP1Helmet
_3y7e73xwf,96,1803,285,59,92,DHelmetP1Helmet
_3y7e73xwf,97,1793,286,60,94,DHelmetP1Helmet
_3y7e73xwf,98,1783,288,60,95,DHelmetP1Helmet
_3y7e73xwf,99,1772,290,62,97,DHelmetP1Helmet
_3y7e73xwf,100,1762,291,62,100,DHelmetP1Helmet
_r2vpyf5eg,57,1871,276,49,106,DNoHelmetP1NoHelmet
_r2vpyf5eg,58,1854,278,59,110,DNoHelmetP1NoHelmet
_r2vpyf5eg,59,1837,280,61,112,DNoHelmetP1NoHelmet
_r2vpyf5eg,60,1821,281,61,116,DNoHelmetP1NoHelmet
_r2vpyf5eg,61,1804,283,62,118,DNoHelmetP1NoHelmet
_r2vpyf5eg,62,1783,285,64,121,DNoHelmetP1NoHelmet
_r2vpyf5eg,63,1761,288,66,124,DNoHelmetP1NoHelmet
_r2vpyf5eg,64,1740,290,68,127,DNoHelmetP1NoHelmet
_r2vpyf5eg,65,1716,294,69,129,DNoHelmetP1NoHelmet
_r2vpyf5eg,66,1692,297,70,132,DNoHelmetP1NoHelmet
_r2vpyf5eg,67,1669,301,70,134,DNoHelmetP1NoHelmet
_r2vpyf5eg,68,1647,301,66,139,DNoHelmetP1NoHelmet
_r2vpyf5eg,69,1623,309,63,137,DNoHelmetP1NoHelmet
_r2vpyf5eg,70,1586,307,72,148,DNoHelmetP1NoHelmet
_r2vpyf5eg,71,1554,311,76,153,DNoHelmetP1NoHelmet
_r2vpyf5eg,72,1522,314,80,158,DNoHelmetP1NoHelmet
_r2vpyf5eg,73,1489,317,82,164,DNoHelmetP1NoHelmet
_r2vpyf5eg,74,1456,319,85,170,DNoHelmetP1NoHelmet
_r2vpyf5eg,75,1423,322,84,167,DNoHelmetP1NoHelmet
_r2vpyf5eg,76,1379,327,92,183,DNoHelmetP1NoHelmet
_r2vpyf5eg,77,1334,335,102,186,DNoHelmetP1NoHelmet
_r2vpyf5eg,78,1286,339,106,196,DNoHelmetP1NoHelmet
_r2vpyf5eg,79,1238,343,110,205,DNoHelmetP1NoHelmet
_r2vpyf5eg,80,1179,348,117,217,DNoHelmetP1NoHelmet
_r2vpyf5eg,81,1121,353,123,228,DNoHelmetP1NoHelmet
_r2vpyf5eg,82,1049,361,133,242,DNoHelmetP1NoHelmet
_r2vpyf5eg,83,977,367,142,256,DNoHelmetP1NoHelmet
_r2vpyf5eg,84,884,376,158,273,DNoHelmetP1NoHelmet
_r2vpyf5eg,85,791,384,173,292,DNoHelmetP1NoHelmet
_r2vpyf5eg,86,678,398,194,309,DNoHelmetP1NoHelmet
_r2vpyf5eg,87,548,412,221,330,DNoHelmetP1NoHelmet
_r2vpyf5eg,88,397,422,254,361,DNoHelmetP1NoHelmet
_r2vpyf5eg,89,214,435,300,397,DNoHelmetP1NoHelmet
_r2vpyf5eg,90,1,454,349,439,DNoHelmetP1NoHelmet
_jxepqn7jg,49,1820,284,48,88,DHelmet
_jxepqn7jg,50,1813,285,47,89,DHelmet
_jxepqn7jg,51,1806,286,46,89,DHelmet
_jxepqn7jg,52,1800,287,44,90,DHelmet
_jxepqn7jg,53,1793,288,44,90,DHelmet
_jxepqn7jg,54,1784,289,40,91,DHelmet
_jxepqn7jg,55,1775,290,35,91,DHelmet
_jxepqn7jg,56,1766,291,31,92,DHelmet
_jxepqn7jg,57,1756,292,35,94,DHelmet
_jxepqn7jg,58,1747,293,38,96,DHelmet
_jxepqn7jg,59,1737,294,42,99,DHelmet
_jxepqn7jg,60,1727,295,46,101,DHelmet
_jxepqn7jg,61,1718,296,49,104,DHelmet
_jxepqn7jg,62,1708,297,53,106,DHelmet
_jxepqn7jg,63,1699,298,56,108,DHelmet
_jxepqn7jg,64,1682,299,59,114,DHelmet
_jxepqn7jg,65,1674,301,56,115,DHelmet
_jxepqn7jg,66,1658,303,56,116,DHelmet
_jxepqn7jg,67,1646,306,47,117,DHelmet
_jxepqn7jg,68,1632,307,51,120,DHelmet
_jxepqn7jg,69,1618,309,54,123,DHelmet
_jxepqn7jg,70,1604,311,58,125,DHelmet
_jxepqn7jg,71,1590,313,61,127,DHelmet
_jxepqn7jg,72,1576,314,65,131,DHelmet
_jxepqn7jg,73,1563,316,67,133,DHelmet
_jxepqn7jg,74,1543,318,72,136,DHelmet
_jxepqn7jg,75,1524,320,75,139,DHelmet
_jxepqn7jg,76,1504,323,75,138,DHelmet
_jxepqn7jg,77,1496,324,64,99,DHelmet
_jxepqn7jg,78,1466,326,77,149,DHelmet
_jxepqn7jg,79,1442,328,82,154,DHelmet
_jxepqn7jg,80,1418,330,86,159,DHelmet
_jxepqn7jg,81,1394,332,91,163,DHelmet
_jxepqn7jg,82,1367,335,93,168,DHelmet
_jxepqn7jg,83,1340,338,94,174,DHelmet
_jxepqn7jg,84,1312,340,96,180,DHelmet
_jxepqn7jg,85,1280,344,99,185,DHelmet
_jxepqn7jg,86,1247,347,103,190,DHelmet
_jxepqn7jg,87,1215,350,106,195,DHelmet
_jxepqn7jg,88,1174,353,113,204,DHelmet
_jxepqn7jg,89,1133,356,119,213,DHelmet
_jxepqn7jg,90,1092,359,125,222,DHelmet
_jxepqn7jg,91,1044,366,133,229,DHelmet
_jxepqn7jg,92,995,372,142,238,DHelmet
_jxepqn7jg,93,935,378,151,250,DHelmet
_jxepqn7jg,94,876,383,158,264,DHelmet
_jxepqn7jg,95,802,392,172,277,DHelmet
_jxepqn7jg,96,729,400,185,291,DHelmet
_jxepqn7jg,97,638,407,207,309,DHelmet
_jxepqn7jg,98,540,417,227,326,DHelmet
_jxepqn7jg,99,430,423,248,348,DHelmet
_jxepqn7jg,100,301,435,274,374,DHelmet
