track_id,frame_id,x,y,w,h,label
_fmju140ty,1,1361,243,119,186,DHelmetP1Helmet
_fmju140ty,2,1326,248,121,191,DHelmetP1Helmet
_fmju140ty,3,1291,252,124,197,DHelmetP1Helmet
_fmju140ty,4,1256,257,126,202,DHelmetP1Helmet
_fmju140ty,5,1212,261,133,212,DHelmetP1Helmet
_fmju140ty,6,1167,265,140,222,DHelmetP1Helmet
_fmju140ty,7,1122,268,148,232,DHelmetP1Helmet
_fmju140ty,8,1067,276,157,243,DHelmetP1Helmet
_fmju140ty,9,1011,283,167,255,DHelmetP1Helmet
_fmju140ty,10,955,291,177,266,DHelmetP1Helmet
_fmju140ty,11,883,299,191,282,DHelmetP1Helmet
_fmju140ty,12,812,307,204,298,DHelmetP1Helmet
_fmju140ty,13,716,321,224,315,DHelmetP1Helmet
_fmju140ty,14,621,334,243,332,DHelmetP1Helmet
_fmju140ty,15,496,343,268,361,DHelmetP1Helmet
_fmju140ty,16,371,352,293,390,DHelmetP1Helmet
_fmju140ty,17,213,366,332,422,DHelmetP1Helmet
_fmju140ty,18,23,383,381,464,DHelmetP1Helmet
_fmju140ty,19,3,406,235,450,DHelmetP1Helmet
_huhdfss73,1,1834,188,49,98,DHelmet
_huhdfss73,2,1822,190,51,99,DHelmet
_huhdfss73,3,1811,192,51,101,DHelmet
_huhdfss73,4,1799,193,52,103,DHelmet
_huhdfss73,5,1788,195,52,105,DHelmet
_huhdfss73,6,1776,197,54,106,DHelmet
_huhdfss73,7,1763,199,54,108,DHelmet
_huhdfss73,8,1750,201,55,110,DHelmet
_huhdfss73,9,1737,203,56,112,DHelmet
_huhdfss73,10,1724,205,57,113,DHelmet
_huhdfss73,11,1708,207,58,117,DHelmet
_huhdfss73,12,1692,210,59,119,DHelmet
_huhdfss73,13,1676,212,60,122,DHelmet
_huhdfss73,14,1660,215,61,124,DHelmet
_huhdfss73,15,1644,217,62,127,DHelmet
_huhdfss73,16,1624,220,65,130,DHelmet
_huhdfss73,17,1605,222,66,133,DHelmet
_huhdfss73,18,1586,224,68,137,DHelmet
_huhdfss73,19,1567,227,70,139,DHelmet
_huhdfss73,20,1544,230,72,143,DHelmet
_huhdfss73,21,1522,234,73,145,DHelmet
_huhdfss73,22,1499,237,75,149,DHelmet
_huhdfss73,23,1473,240,77,155,DHelmet
_huhdfss73,24,1446,244,80,160,DHelmet
_huhdfss73,25,1419,248,82,165,DHelmet
_huhdfss73,26,1386,252,86,172,DHelmet
_huhdfss73,27,1354,256,89,180,DHelmet
_huhdfss73,28,1315,261,95,185,DHelmet
_huhdfss73,29,1275,267,102,189,DHelmet
_huhdfss73,30,1233,270,105,199,DHelmet
_huhdfss73,31,1191,273,108,209,DHelmet
_huhdfss73,32,1140,280,115,219,DHelmet
_huhdfss73,33,1089,288,122,229,DHelmet
_huhdfss73,34,1028,296,130,240,DHelmet
_huhdfss73,35,966,304,139,251,DHelmet
_huhdfss73,36,891,314,149,266,DHelmet
_huhdfss73,37,815,325,160,280,DHelmet
_huhdfss73,38,713,337,183,298,DHelmet
_huhdfss73,39,611,350,206,316,DHelmet
_huhdfss73,40,487,361,233,341,DHelmet
_huhdfss73,41,342,377,267,369,DHelmet
_huhdfss73,42,175,395,309,400,DHelmet
_huhdfss73,43,4,416,333,439,DHelmet
_eq244tqe8,96,73,553,613,527,DHelmet
_eq244tqe8,97,481,477,442,603,DHelmet
_eq244tqe8,98,767,426,337,566,DHelmet
_eq244tqe8,99,979,389,263,492,DHelmet
_eq244tqe8,100,1139,359,216,437,DHelmet
_pr277mmzk,75,1873,181,47,109,DNoHelmet
_pr277mmzk,76,1860,182,59,111,DNoHelmet
_pr277mmzk,77,1848,182,62,118,DNoHelmet
_pr277mmzk,78,1833,186,64,120,DNoHelmet
_pr277mmzk,79,1819,189,65,123,DNoHelmet
_pr277mmzk,80,1804,192,68,125,DNoHelmet
_pr277mmzk,81,1786,194,71,130,DNoHelmet
_pr277mmzk,82,1768,196,74,134,DNoHelmet
_pr277mmzk,83,1750,197,77,140,DNoHelmet
_pr277mmzk,84,1727,202,80,143,DNoHelmet
_pr277mmzk,85,1704,206,82,148,DNoHelmet
_pr277mmzk,86,1681,211,85,151,DNoHelmet
_pr277mmzk,87,1653,215,87,156,DNoHelmet
_pr277mmzk,88,1624,219,91,162,DNoHelmet
_pr277mmzk,89,1596,223,93,167,DNoHelmet
_pr277mmzk,90,1559,227,98,175,DNoHelmet
_pr277mmzk,91,1522,231,102,183,DNoHelmet
_pr277mmzk,92,1485,235,107,191,DNoHelmet
_pr277mmzk,93,1437,240,111,202,DNoHelmet
_pr277mmzk,94,1389,245,115,212,DNoHelmet
_pr277mmzk,95,1340,250,120,222,DNoHelmet
_pr277mmzk,96,1275,258,128,236,DNoHelmet
_pr277mmzk,97,1211,266,134,249,DNoHelmet
_pr277mmzk,98,1132,276,149,266,DNoHelmet
_pr277mmzk,99,1046,287,155,254,DNoHelmet
_pr277mmzk,100,941,297,176,308,DNoHelmet
_vt1leg3i5,68,1787,196,58,96,DHelmetP1HelmetP2Helmet
_vt1leg3i5,69,1777,198,58,99,DHelmetP1HelmetP2Helmet
_vt1leg3i5,70,1767,200,58,101,DHelmetP1HelmetP2Helmet
_vt1leg3i5,71,1755,201,60,103,DHelmetP1HelmetP2Helmet
_vt1leg3i5,72,1744,203,61,104,DHelmetP1HelmetP2Helmet
_vt1leg3i5,73,1732,205,63,105,DHelmetP1HelmetP2Helmet
_vt1leg3i5,74,1719,205,64,109,DHelmetP1HelmetP2Helmet
_vt1leg3i5,75,1705,206,66,111,DHelmetP1HelmetP2Helmet
_vt1leg3i5,76,1691,207,68,114,DHelmetP1HelmetP2Helmet
_vt1leg3i5,77,1678,210,68,115,DHelmetP1HelmetP2Helmet
_vt1leg3i5,78,1665,212,69,117,DHelmetP1HelmetP2Helmet
_vt1leg3i5,79,1652,215,70,118,DHelmetP1HelmetP2Helmet
_vt1leg3i5,80,1636,217,72,121,DHelmetP1HelmetP2Helmet
_vt1leg3i5,81,1620,219,74,124,DHelmetP1HelmetP2Helmet
_vt1leg3i5,82,1604,221,76,127,DHelmetP1HelmetP2Helmet
_vt1leg3i5,83,1586,223,78,131,DHelmetP1HelmetP2Helmet
_vt1leg3i5,84,1568,226,81,133,DHelmetP1HelmetP2Helmet
_vt1leg3i5,85,1550,228,83,137,DHelmetP1HelmetP2Helmet
_vt1leg3i5,86,1529,231,85,141,DHelmetP1HelmetP2Helmet
_vt1leg3i5,87,1509,233,87,145,DHelmetP1HelmetP2Helmet
_vt1leg3i5,88,1489,236,88,149,DHelmetP1HelmetP2Helmet
_vt1leg3i5,89,1465,239,91,153,DHelmetP1HelmetP2Helmet
_vt1leg3i5,90,1441,242,94,157,DHelmetP1HelmetP2Helmet
_vt1leg3i5,91,1415,244,97,164,DHelmetP1HelmetP2Helmet
_vt1leg3i5,92,1388,246,100,170,DHelmetP1HelmetP2Helmet
_vt1leg3i5,93,1358,251,104,173,DHelmetP1HelmetP2Helmet
_vt1leg3i5,94,1328,256,98,179,DHelmetP1HelmetP2Helmet
_vt1leg3i5,95,1296,260,90,183,DHelmetP1HelmetP2Helmet
_vt1leg3i5,96,1261,264,77,190,DHelmetP1HelmetP2Helmet
_vt1leg3i5,97,1228,270,102,81,DHelmetP1HelmetP2Helmet
_vt1leg3i5,98,1219,273,87,190,DHelmetP1HelmetP2Helmet
_vt1leg3i5,99,1169,277,99,199,DHelmetP1HelmetP2Helmet
_vt1leg3i5,100,1090,284,130,220,DHelmetP1HelmetP2Helmet
