track_id,frame_id,x,y,w,h,label
_060cizq4p,1,1480,216,86,165,DHelmetP1Helmet
_060cizq4p,2,1444,221,92,169,DHelmetP1Helmet
_060cizq4p,3,1407,226,99,174,DHelmetP1Helmet
_060cizq4p,4,1367,231,102,181,DHelmetP1Helmet
_060cizq4p,5,1326,236,107,189,DHelmetP1Helmet
_060cizq4p,6,1278,243,114,197,DHelmetP1Helmet
_060cizq4p,7,1231,250,119,206,DHelmetP1Helmet
_060cizq4p,8,1173,254,126,218,DHelmetP1Helmet
_060cizq4p,9,1115,258,132,230,DHelmetP1Helmet
_060cizq4p,10,1046,267,139,242,DHelmetP1Helmet
_060cizq4p,11,977,275,145,255,DHelmetP1Helmet
_060cizq4p,12,889,285,159,274,DHelmetP1Helmet
_060cizq4p,13,800,294,173,295,DHelmetP1Helmet
_060cizq4p,14,684,310,192,316,DHelmetP1Helmet
_060cizq4p,15,567,326,211,336,DHelmetP1Helmet
_060cizq4p,16,411,341,251,364,DHelmetP1Helmet
_060cizq4p,17,227,354,298,407,DHelmetP1Helmet
_060cizq4p,18,9,377,352,452,DHelmetP1Helmet
_vt2etybvf,38,25,473,616,607,DHelmetP1Helmet
_vt2etybvf,39,384,414,484,629,DHelmetP1Helmet
_vt2etybvf,40,646,368,411,553,DHelmetP1Helmet
_vt2etybvf,41,850,342,339,479,DHelmetP1Helmet
_vt2etybvf,42,1009,317,301,427,DHelmetP1Helmet
_vt2etybvf,43,1139,303,271,380,DHelmetP1Helmet
_vt2etybvf,44,1245,284,248,349,DHelmetP1Helmet
_vt2etybvf,45,1334,271,227,323,DHelmetP1Helmet
_vt2etybvf,46,1403,262,214,299,DHelmetP1Helmet
_vt2etybvf,47,1473,252,200,276,DHelmetP1Helmet
_vt2etybvf,48,1525,244,187,258,DHelmetP1Helmet
_vt2etybvf,49,1578,236,173,240,DHelmetP1Helmet
_vt2etybvf,50,1617,228,165,230,DHelmetP1Helmet
_vt2etybvf,51,1656,220,156,219,DHelmetP1Helmet
_vt2etybvf,52,1688,215,149,208,DHelmetP1Helmet
_vt2etybvf,53,1720,210,141,197,DHelmetP1Helmet
_vt2etybvf,54,1747,206,132,187,DHelmetP1Helmet
_vt2etybvf,55,1773,201,124,179,DHelmetP1Helmet
_vt2etybvf,56,1794,197,117,169,DHelmetP1Helmet
_vt2etybvf,57,1816,194,104,163,DHelmetP1Helmet
_vt2etybvf,58,1837,191,83,156,DHelmetP1Helmet
_tgxcjolbg,42,1858,172,58,98,DHelmetP1Helmet
_tgxcjolbg,43,1848,174,60,99,DHelmetP1Helmet
_tgxcjolbg,44,1839,176,60,100,DHelmetP1Helmet
_tgxcjolbg,45,1829,177,62,102,DHelmetP1Helmet
_tgxcjolbg,46,1820,179,63,103,DHelmetP1Helmet
_tgxcjolbg,47,1810,181,64,104,DHelmetP1Helmet
_tgxcjolbg,48,1800,182,65,106,DHelmetP1Helmet
_tgxcjolbg,49,1790,184,65,106,DHelmetP1Helmet
_tgxcjolbg,50,1779,185,67,108,DHelmetP1Helmet
_tgxcjolbg,51,1765,186,67,111,DHelmetP1Helmet
_tgxcjolbg,52,1750,186,68,114,DHelmetP1Helmet
_tgxcjolbg,53,1736,187,67,117,DHelmetP1Helmet
_tgxcjolbg,54,1721,188,68,120,DHelmetP1Helmet
_tgxcjolbg,55,1714,191,68,120,DHelmetP1Helmet
_tgxcjolbg,56,1700,194,70,121,DHelmetP1Helmet
_tgxcjolbg,57,1685,196,74,123,DHelmetP1Helmet
_tgxcjolbg,58,1671,198,76,126,DHelmetP1Helmet
_tgxcjolbg,59,1656,200,79,128,DHelmetP1Helmet
_tgxcjolbg,60,1642,203,80,129,DHelmetP1Helmet
_tgxcjolbg,61,1628,205,81,132,DHelmetP1Helmet
_tgxcjolbg,62,1613,207,82,135,DHelmetP1Helmet
_tgxcjolbg,63,1599,209,83,137,DHelmetP1Helmet
_tgxcjolbg,64,1584,210,85,142,DHelmetP1Helmet
_tgxcjolbg,65,1568,211,88,146,DHelmetP1Helmet
_tgxcjolbg,66,1552,212,91,150,DHelmetP1Helmet
_tgxcjolbg,67,1534,214,93,154,DHelmetP1Helmet
_tgxcjolbg,68,1515,217,95,157,DHelmetP1Helmet
_tgxcjolbg,69,1496,219,98,162,DHelmetP1Helmet
_tgxcjolbg,70,1477,221,100,166,DHelmetP1Helmet
_tgxcjolbg,71,1459,224,102,169,DHelmetP1Helmet
_tgxcjolbg,72,1436,227,106,173,DHelmetP1Helmet
_tgxcjolbg,73,1414,230,109,178,DHelmetP1Helmet
_tgxcjolbg,74,1392,233,112,183,DHelmetP1Helmet
_tgxcjolbg,75,1370,236,115,187,DHelmetP1Helmet
_tgxcjolbg,76,1340,239,119,194,DHelmetP1Helmet
_tgxcjolbg,77,1311,242,123,201,DHelmetP1Helmet
_tgxcjolbg,78,1281,245,127,208,DHelmetP1Helmet
_tgxcjolbg,79,1252,248,131,214,DHelmetP1Helmet
_tgxcjolbg,80,1217,252,136,221,DHelmetP1Helmet
_tgxcjolbg,81,1183,257,141,228,DHelmetP1Helmet
_tgxcjolbg,82,1139,263,149,235,DHelmetP1Helmet
_tgxcjolbg,83,1095,269,156,243,DHelmetP1Helmet
_tgxcjolbg,84,1045,273,163,257,DHelmetP1Helmet
_tgxcjolbg,85,996,278,168,269,DHelmetP1Helmet
_tgxcjolbg,86,934,286,179,283,DHelmetP1Helmet
_tgxcjolbg,87,872,294,189,296,DHelmetP1Helmet
_tgxcjolbg,88,797,304,201,308,DHelmetP1Helmet
_tgxcjolbg,89,721,314,214,319,DHelmetP1Helmet
_tgxcjolbg,90,627,323,232,340,DHelmetP1Helmet
_tgxcjolbg,91,533,332,251,361,DHelmetP1Helmet
_tgxcjolbg,92,420,340,278,386,DHelmetP1Helmet
_tgxcjolbg,93,296,352,305,411,DHelmetP1Helmet
_tgxcjolbg,94,157,368,333,436,DHelmetP1Helmet
_tgxcjolbg,95,1,381,369,475,DHelmetP1Helmet
_tgxcjolbg,96,3,400,231,450,DHelmetP1Helmet
