track_id,frame_id,x,y,w,h,label
_vr3tabe3z,1,1436,288,150,305,DHelmet
_vr3tabe3z,2,1507,276,139,282,DHelmet
_vr3tabe3z,3,1578,263,128,260,DHelmet
_vr3tabe3z,4,1633,254,118,241,DHelmet
_vr3tabe3z,5,1687,244,109,222,DHelmet
_vr3tabe3z,6,1725,236,104,210,DHelmet
_vr3tabe3z,7,1762,228,99,199,DHelmet
_vr3tabe3z,8,1794,223,94,187,DHelmet
_vr3tabe3z,9,1827,218,89,175,DHelmet
_vr3tabe3z,10,1856,207,64,172,DHelmet
_gm39y76oq,29,1875,172,45,93,DHelmetP1Helmet
_gm39y76oq,30,1865,174,49,94,DHelmetP1Helmet
_gm39y76oq,31,1855,176,53,94,DHelmetP1Helmet
_gm39y76oq,32,1845,178,56,94,DHelmetP1Helmet
_gm39y76oq,33,1833,179,57,97,DHelmetP1Helmet
_gm39y76oq,34,1821,181,58,100,DHelmetP1Helmet
_gm39y76oq,35,1809,183,60,102,DHelmetP1Helmet
_gm39y76oq,36,1797,184,61,105,DHelmetP1Helmet
_gm39y76oq,37,1785,186,62,107,DHelmetP1Helmet
_gm39y76oq,38,1773,187,64,111,DHelmetP1Helmet
_gm39y76oq,39,1756,189,65,114,DHelmetP1Helmet
_gm39y76oq,40,1738,191,67,117,DHelmetP1Helmet
_gm39y76oq,41,1721,194,67,119,DHelmetP1Helmet
_gm39y76oq,42,1703,196,69,121,DHelmetP1Helmet
_gm39y76oq,43,1686,198,70,124,DHelmetP1Helmet
_gm39y76oq,44,1669,200,71,127,DHelmetP1Helmet
_gm39y76oq,45,1651,202,73,130,DHelmetP1Helmet
_gm39y76oq,46,1630,205,79,134,DHelmetP1Helmet
_gm39y76oq,47,1609,209,85,137,DHelmetP1Helmet
_gm39y76oq,48,1586,213,88,140,DHelmetP1Helmet
_gm39y76oq,49,1563,216,92,143,DHelmetP1Helmet
_gm39y76oq,50,1536,220,95,149,DHelmetP1Helmet
_gm39y76oq,51,1509,223,97,155,DHelmetP1Helmet
_gm39y76oq,52,1482,227,100,160,DHelmetP1Helmet
_gm39y76oq,53,1453,231,97,160,DHelmetP1Helmet
_gm39y76oq,54,1418,234,93,170,DHelmetP1Helmet
_gm39y76oq,55,1383,237,89,180,DHelmetP1Helmet
_gm39y76oq,56,1342,244,109,187,DHelmetP1Helmet
_gm39y76oq,57,1302,251,111,194,DHelmetP1Helmet
_gm39y76oq,58,1251,255,117,203,DHelmetP1Helmet
_gm39y76oq,59,1200,258,124,213,DHelmetP1Helmet
_gm39y76oq,60,1147,263,130,226,DHelmetP1Helmet
_gm39y76oq,61,1083,272,137,236,DHelmetP1Helmet
_gm39y76oq,62,1019,281,144,247,DHelmetP1Helmet
_gm39y76oq,63,937,288,159,267,DHelmetP1Helmet
_gm39y76oq,64,855,296,175,286,DHelmetP1Helmet
_gm39y76oq,65,750,311,191,304,DHelmetP1Helmet
_gm39y76oq,66,644,326,207,321,DHelmetP1Helmet
_gm39y76oq,67,511,338,228,350,DHelmetP1Helmet
_gm39y76oq,68,355,350,263,386,DHelmetP1Helmet
_gm39y76oq,69,170,365,303,421,DHelmetP1Helmet
_gm39y76oq,70,4,395,299,455,DHelmetP1Helmet
_65i7m445z,44,65,483,573,597,DHelmetP1Helmet
_65i7m445z,45,349,436,463,632,DHelmetP1Helmet
_65i7m445z,46,571,401,382,555,DHelmetP1Helmet
_65i7m445z,47,745,374,323,498,DHelmetP1Helmet
_65i7m445z,48,884,350,283,452,DHelmetP1Helmet
_65i7m445z,49,997,332,255,416,DHelmetP1Helmet
_65i7m445z,50,1101,317,228,379,DHelmetP1Helmet
_65i7m445z,51,1179,305,212,353,DHelmetP1Helmet
_65i7m445z,52,1256,294,197,326,DHelmetP1Helmet
_65i7m445z,53,1317,285,186,306,DHelmetP1Helmet
_65i7m445z,54,1377,275,176,287,DHelmetP1Helmet
_65i7m445z,55,1426,267,163,273,DHelmetP1Helmet
_65i7m445z,56,1475,259,150,258,DHelmetP1Helmet
_65i7m445z,57,1513,252,143,245,DHelmetP1Helmet
_65i7m445z,58,1552,246,135,232,DHelmetP1Helmet
_65i7m445z,59,1582,241,130,223,DHelmetP1Helmet
_65i7m445z,60,1612,236,126,214,DHelmetP1Helmet
_65i7m445z,61,1642,231,122,205,DHelmetP1Helmet
_65i7m445z,62,1667,227,119,196,DHelmetP1Helmet
_65i7m445z,63,1693,222,115,189,DHelmetP1Helmet
_65i7m445z,64,1718,218,112,180,DHelmetP1Helmet
_65i7m445z,65,1742,214,107,175,DHelmetP1Helmet
_65i7m445z,66,1765,210,104,169,DHelmetP1Helmet
_65i7m445z,67,1786,207,100,164,DHelmetP1Helmet
_65i7m445z,68,1807,205,97,158,DHelmetP1Helmet
_65i7m445z,69,1828,202,92,153,DHelmetP1Helmet
_65i7m445z,70,1844,201,76,147,DHelmetP1Helmet
_v8tq0tx65,56,4,557,584,523,DHelmetP1Helmet
_v8tq0tx65,57,270,490,537,590,DHelmetP1Helmet
_v8tq0tx65,58,559,437,418,609,DHelmetP1Helmet
_v8tq0tx65,59,770,399,345,538,DHelmetP1Helmet
_v8tq0tx65,60,935,369,286,483,DHelmetP1Helmet
_v8tq0tx65,61,1073,348,246,437,DHelmetP1Helmet
_v8tq0tx65,62,1183,329,210,398,DHelmetP1Helmet
_v8tq0tx65,63,1273,312,192,363,DHelmetP1Helmet
_v8tq0tx65,64,1345,302,177,337,DHelmetP1Helmet
_v8tq0tx65,65,1417,291,161,312,DHelmetP1Helmet
_v8tq0tx65,66,1469,281,151,295,DHelmetP1Helmet
_v8tq0tx65,67,1520,271,141,277,DHelmetP1Helmet
_v8tq0tx65,68,1562,262,133,263,DHelmetP1Helmet
_v8tq0tx65,69,1603,254,126,247,DHelmetP1Helmet
_v8tq0tx65,70,1637,247,119,236,DHelmetP1Helmet
_v8tq0tx65,71,1671,239,111,226,DHelmetP1Helmet
_v8tq0tx65,72,1699,233,105,217,DHelmetP1Helmet
_v8tq0tx65,73,1727,227,99,208,DHelmetP1Helmet
_v8tq0tx65,74,1749,226,97,196,DHelmetP1Helmet
_v8tq0tx65,75,1772,224,94,185,DHelmetP1Helmet
_v8tq0tx65,76,1792,219,92,178,DHelmetP1Helmet
_v8tq0tx65,77,1813,214,89,172,DHelmetP1Helmet
_v8tq0tx65,78,1829,211,87,166,DHelmetP1Helmet
_v8tq0tx65,79,1847,209,73,158,DHelmetP1Helmet
_v8tq0tx65,80,1864,207,56,149,DHelmetP1Helmet
_c47bovthg,62,63,437,543,642,DHelmetP1Helmet
_c47bovthg,63,342,392,440,569,DHelmetP1Helmet
_c47bovthg,64,564,361,359,512,DHelmetP1Helmet
_c47bovthg,65,740,340,304,460,DHelmetP1Helmet
_c47bovthg,66,885,322,256,417,DHelmetP1Helmet
_c47bovthg,67,1002,305,229,389,DHelmetP1Helmet
_c47bovthg,68,1105,292,198,360,DHelmetP1Helmet
_c47bovthg,69,1191,280,185,335,DHelmetP1Helmet
_c47bovthg,70,1266,271,168,316,DHelmetP1Helmet
_c47bovthg,71,1326,264,159,297,DHelmetP1Helmet
_c47bovthg,72,1387,257,148,278,DHelmetP1Helmet
_c47bovthg,73,1438,250,139,264,DHelmetP1Helmet
_c47bovthg,74,1489,243,130,249,DHelmetP1Helmet
_c47bovthg,75,1530,238,123,237,DHelmetP1Helmet
_c47bovthg,76,1571,233,115,224,DHelmetP1Helmet
_c47bovthg,77,1607,229,109,215,DHelmetP1Helmet
_c47bovthg,78,1642,225,105,206,DHelmetP1Helmet
_c47bovthg,79,1670,220,100,198,DHelmetP1Helmet
_c47bovthg,80,1699,215,95,191,DHelmetP1Helmet
_c47bovthg,81,1723,212,91,184,DHelmetP1Helmet
_c47bovthg,82,1748,208,86,178,DHelmetP1Helmet
_c47bovthg,83,1770,205,81,171,DHelmetP1Helmet
_c47bovthg,84,1792,202,77,164,DHelmetP1Helmet
_c47bovthg,85,1809,199,73,159,DHelmetP1Helmet
_c47bovthg,86,1826,196,69,154,DHelmetP1Helmet
_c47bovthg,87,1843,193,66,150,DHelmetP1Helmet
_c47bovthg,88,1860,190,60,145,DHelmetP1Helmet
