track_id,frame_id,x,y,w,h,label
_cnbyjvxv8,1,1194,304,181,371,DNoHelmet
_cnbyjvxv8,2,1255,295,173,352,DNoHelmet
_cnbyjvxv8,3,1317,286,165,332,DNoHelmet
_cnbyjvxv8,4,1368,278,157,316,DNoHelmet
_cnbyjvxv8,5,1420,270,149,300,DNoHelmet
_cnbyjvxv8,6,1463,264,141,285,DNoHelmet
_cnbyjvxv8,7,1505,258,134,271,DNoHelmet
_cnbyjvxv8,8,1541,252,129,262,DNoHelmet
_cnbyjvxv8,9,1576,245,125,254,DNoHelmet
_cnbyjvxv8,10,1603,240,120,244,DNoHelmet
_cnbyjvxv8,11,1630,235,116,234,DNoHelmet
_cnbyjvxv8,12,1657,230,112,224,DNoHelmet
_cnbyjvxv8,13,1684,226,107,212,DNoHelmet
_cnbyjvxv8,14,1706,222,104,207,DNoHelmet
_cnbyjvxv8,15,1727,218,101,202,DNoHelmet
_cnbyjvxv8,16,1749,214,97,197,DNoHelmet
_cnbyjvxv8,17,1770,211,94,191,DNoHelmet
_cnbyjvxv8,18,1788,208,90,185,DNoHelmet
_cnbyjvxv8,19,1805,205,87,180,DNoHelmet
_cnbyjvxv8,20,1823,202,83,175,DNoHelmet
_cnbyjvxv8,21,1838,199,76,170,DNoHelmet
_cnbyjvxv8,22,1853,197,67,165,DNoHelmet
_cnbyjvxv8,23,1867,196,53,159,DNoHelmet
_r5jz9um0x,1,709,369,314,523,DNoHelmet
_r5jz9um0x,2,832,352,278,483,DNoHelmet
_r5jz9um0x,3,954,334,242,444,DNoHelmet
_r5jz9um0x,4,1046,321,221,418,DNoHelmet
_r5jz9um0x,5,1138,308,200,393,DNoHelmet
_r5jz9um0x,6,1209,297,185,371,DNoHelmet
_r5jz9um0x,7,1280,286,170,350,DNoHelmet
_r5jz9um0x,8,1338,279,157,332,DNoHelmet
_r5jz9um0x,9,1396,272,145,314,DNoHelmet
_r5jz9um0x,10,1440,265,134,300,DNoHelmet
_r5jz9um0x,11,1484,258,124,286,DNoHelmet
_r5jz9um0x,12,1528,251,113,272,DNoHelmet
_r5jz9um0x,13,1557,245,111,263,DNoHelmet
_r5jz9um0x,14,1587,240,107,253,DNoHelmet
_r5jz9um0x,15,1617,234,104,244,DNoHelmet
_r5jz9um0x,16,1647,229,100,234,DNoHelmet
_r5jz9um0x,17,1671,225,97,227,DNoHelmet
_r5jz9um0x,18,1695,221,94,219,DNoHelmet
_r5jz9um0x,19,1719,217,91,211,DNoHelmet
_r5jz9um0x,20,1742,212,89,205,DNoHelmet
_r5jz9um0x,21,1763,210,84,197,DNoHelmet
_r5jz9um0x,22,1783,207,80,191,DNoHelmet
_r5jz9um0x,23,1804,204,75,185,DNoHelmet
_r5jz9um0x,24,1820,202,72,177,DNoHelmet
_r5jz9um0x,25,1836,200,70,170,DNoHelmet
_r5jz9um0x,26,1852,198,68,163,DNoHelmet
_nwr6b6hbt,2,27,534,683,546,DHelmetP0NoHelmetP1NoHelmet
_nwr6b6hbt,3,298,484,568,596,DHelmetP0NoHelmetP1NoHelmet
_nwr6b6hbt,4,516,443,478,637,DHelmetP0NoHelmetP1NoHelmet
_nwr6b6hbt,5,688,415,416,606,DHelmetP0NoHelmetP1NoHelmet
_nwr6b6hbt,6,836,387,357,557,DHelmetP0NoHelmetP1NoHelmet
_nwr6b6hbt,7,955,364,319,514,DHelmetP0NoHelmetP1NoHelmet
_nwr6b6hbt,8,1048,349,293,476,DHelmetP0NoHelmetP1NoHelmet
_nwr6b6hbt,9,1140,333,269,440,DHelmetP0NoHelmetP1NoHelmet
_nwr6b6hbt,10,1210,320,249,412,DHelmetP0NoHelmetP1NoHelmet
_nwr6b6hbt,11,1280,307,229,384,DHelmetP0NoHelmetP1NoHelmet
_nwr6b6hbt,12,1335,297,217,365,DHelmetP0NoHelmetP1NoHelmet
_nwr6b6hbt,13,1390,287,204,346,DHelmetP0NoHelmetP1NoHelmet
_nwr6b6hbt,14,1433,281,195,328,DHelmetP0NoHelmetP1NoHelmet
_nwr6b6hbt,15,1476,275,187,310,DHelmetP0NoHelmetP1NoHelmet
_nwr6b6hbt,16,1514,267,177,299,DHelmetP0NoHelmetP1NoHelmet
_nwr6b6hbt,17,1552,260,167,286,DHelmetP0NoHelmetP1NoHelmet
_nwr6b6hbt,18,1582,254,162,276,DHelmetP0NoHelmetP1NoHelmet
_nwr6b6hbt,19,1612,247,156,267,DHelmetP0NoHelmetP1NoHelmet
_nwr6b6hbt,20,1643,241,149,256,DHelmetP0NoHelmetP1NoHelmet
_nwr6b6hbt,21,1667,237,144,247,DHelmetP0NoHelmetP1NoHelmet
_nwr6b6hbt,22,1691,234,139,238,DHelmetP0NoHelmetP1NoHelmet
_nwr6b6hbt,23,1716,231,133,228,DHelmetP0NoHelmetP1NoHelmet
_nwr6b6hbt,24,1737,226,127,222,DHelmetP0NoHelmetP1NoHelmet
_nwr6b6hbt,25,1758,222,121,215,DHelmetP0NoHelmetP1NoHelmet
_nwr6b6hbt,26,1780,218,114,208,DHelmetP0NoHelmetP1NoHelmet
_nwr6b6hbt,27,1795,215,109,201,DHelmetP0NoHelmetP1NoHelmet
_nwr6b6hbt,28,1810,212,104,195,DHelmetP0NoHelmetP1NoHelmet
_nwr6b6hbt,29,1825,210,95,188,DHelmetP0NoHelmetP1NoHelmet
_nwr6b6hbt,30,1838,206,82,184,DHelmetP0NoHelmetP1NoHelmet
_rl5rt7mt1,44,1867,168,53,91,DNoHelmetP1NoHelmetP2NoHelmet
_rl5rt7mt1,45,1860,170,53,91,DNoHelmetP1NoHelmetP2NoHelmet
_rl5rt7mt1,46,1852,173,53,91,DNoHelmetP1NoHelmetP2NoHelmet
_rl5rt7mt1,47,1844,175,54,92,DNoHelmetP1NoHelmetP2NoHelmet
_rl5rt7mt1,48,1836,177,56,93,DNoHelmetP1NoHelmetP2NoHelmet
_rl5rt7mt1,49,1828,178,58,95,DNoHelmetP1NoHelmetP2NoHelmet
_rl5rt7mt1,50,1821,179,59,97,DNoHelmetP1NoHelmetP2NoHelmet
_rl5rt7mt1,51,1813,181,61,97,DNoHelmetP1NoHelmetP2NoHelmet
_rl5rt7mt1,52,1805,182,63,99,DNoHelmetP1NoHelmetP2NoHelmet
_rl5rt7mt1,53,1796,184,64,101,DNoHelmetP1NoHelmetP2NoHelmet
_rl5rt7mt1,54,1787,186,65,102,DNoHelmetP1NoHelmetP2NoHelmet
_rl5rt7mt1,55,1778,187,66,105,DNoHelmetP1NoHelmetP2NoHelmet
_rl5rt7mt1,56,1769,189,67,106,DNoHelmetP1NoHelmetP2NoHelmet
_rl5rt7mt1,57,1760,191,69,108,DNoHelmetP1NoHelmetP2NoHelmet
_rl5rt7mt1,58,1751,192,70,110,DNoHelmetP1NoHelmetP2NoHelmet
_rl5rt7mt1,59,1738,193,72,113,DNoHelmetP1NoHelmetP2NoHelmet
_rl5rt7mt1,60,1726,194,72,116,DNoHelmetP1NoHelmetP2NoHelmet
_rl5rt7mt1,61,1714,195,73,118,DNoHelmetP1NoHelmetP2NoHelmet
_rl5rt7mt1,62,1701,196,75,121,DNoHelmetP1NoHelmetP2NoHelmet
_rl5rt7mt1,63,1689,197,76,123,DNoHelmetP1NoHelmetP2NoHelmet
_rl5rt7mt1,64,1676,198,77,126,DNoHelmetP1NoHelmetP2NoHelmet
_rl5rt7mt1,65,1664,199,78,128,DNoHelmetP1NoHelmetP2NoHelmet
_rl5rt7mt1,66,1651,200,80,131,DNoHelmetP1NoHelmetP2NoHelmet
_rl5rt7mt1,67,1635,203,82,133,DNoHelmetP1NoHelmetP2NoHelmet
_rl5rt7mt1,68,1618,205,84,137,DNoHelmetP1NoHelmetP2NoHelmet
_rl5rt7mt1,69,1601,207,87,140,DNoHelmetP1NoHelmetP2NoHelmet
_rl5rt7mt1,70,1584,210,90,142,DNoHelmetP1NoHelmetP2NoHelmet
_rl5rt7mt1,71,1567,212,92,146,DNoHelmetP1NoHelmetP2NoHelmet
_rl5rt7mt1,72,1551,215,94,148,DNoHelmetP1NoHelmetP2NoHelmet
_rl5rt7mt1,73,1534,217,97,151,DNoHelmetP1NoHelmetP2NoHelmet
_rl5rt7mt1,74,1512,220,99,154,DNoHelmetP1NoHelmetP2NoHelmet
_rl5rt7mt1,75,1491,223,101,158,DNoHelmetP1NoHelmetP2NoHelmet
_rl5rt7mt1,76,1470,226,103,161,DNoHelmetP1NoHelmetP2NoHelmet
_rl5rt7mt1,77,1448,229,106,164,DNoHelmetP1NoHelmetP2NoHelmet
_rl5rt7mt1,78,1427,231,108,168,DNoHelmetP1NoHelmetP2NoHelmet
_rl5rt7mt1,79,1400,236,111,173,DNoHelmetP1NoHelmetP2NoHelmet
_rl5rt7mt1,80,1373,241,115,178,DNoHelmetP1NoHelmetP2NoHelmet
_rl5rt7mt1,81,1346,246,119,183,DNoHelmetP1NoHelmetP2NoHelmet
_rl5rt7mt1,82,1319,251,122,187,DNoHelmetP1NoHelmetP2NoHelmet
_rl5rt7mt1,83,1286,255,128,194,DNoHelmetP1NoHelmetP2NoHelmet
_rl5rt7mt1,84,1252,258,135,202,DNoHelmetP1NoHelmetP2NoHelmet
_rl5rt7mt1,85,1218,262,142,209,DNoHelmetP1NoHelmetP2NoHelmet
_rl5rt7mt1,86,1175,265,148,219,DNoHelmetP1NoHelmetP2NoHelmet
_rl5rt7mt1,87,1132,268,154,229,DNoHelmetP1NoHelmetP2NoHelmet
_rl5rt7mt1,88,1088,272,161,238,DNoHelmetP1NoHelmetP2NoHelmet
_rl5rt7mt1,89,1036,276,169,252,DNoHelmetP1NoHelmetP2NoHelmet
_rl5rt7mt1,90,984,280,176,266,DNoHelmetP1NoHelmetP2NoHelmet
_rl5rt7mt1,91,921,287,184,278,DNoHelmetP1NoHelmetP2NoHelmet
_rl5rt7mt1,92,858,294,193,291,DNoHelmetP1NoHelmetP2NoHelmet
_rl5rt7mt1,93,781,302,205,307,DNoHelmetP1NoHelmetP2NoHelmet
_rl5rt7mt1,94,704,311,218,322,DNoHelmetP1NoHelmetP2NoHelmet
_rl5rt7mt1,95,610,321,239,342,DNoHelmetP1NoHelmetP2NoHelmet
_rl5rt7mt1,96,508,328,259,364,DNoHelmetP1NoHelmetP2NoHelmet
_rl5rt7mt1,97,397,340,281,386,DNoHelmetP1NoHelmetP2NoHelmet
_rl5rt7mt1,98,267,348,304,417,DNoHelmetP1NoHelmetP2NoHelmet
_rl5rt7mt1,99,126,371,335,439,DNoHelmetP1NoHelmetP2NoHelmet
_rl5rt7mt1,100,4,385,332,476,DNoHelmetP1NoHelmetP2NoHelmet
