track_id,frame_id,x,y,w,h,label
_1rq0nbo5y,21,89,546,509,534,DHelmetP1Helmet
_1rq0nbo5y,22,419,500,387,580,DHelmetP1Helmet
_1rq0nbo5y,23,654,470,316,527,DHelmetP1Helmet
_1rq0nbo5y,24,829,445,279,468,DHelmetP1Helmet
_1rq0nbo5y,25,979,425,243,421,DHelmetP1Helmet
_1rq0nbo5y,26,1099,410,219,380,DHelmetP1Helmet
_1rq0nbo5y,27,1197,396,200,351,DHelmetP1Helmet
_1rq0nbo5y,28,1280,385,185,323,DHelmetP1Helmet
_1rq0nbo5y,29,1349,377,172,300,DHelmetP1Helmet
_1rq0nbo5y,30,1417,368,159,279,DHelmetP1Helmet
_1rq0nbo5y,31,1468,360,151,262,DHelmetP1Helmet
_1rq0nbo5y,32,1520,352,142,244,DHelmetP1Helmet
_1rq0nbo5y,33,1560,347,135,231,DHelmetP1Helmet
_1rq0nbo5y,34,1601,342,127,218,DHelmetP1Helmet
_1rq0nbo5y,35,1633,336,121,210,DHelmetP1Helmet
_1rq0nbo5y,36,1665,330,116,202,DHelmetP1Helmet
_1rq0nbo5y,37,1693,327,111,191,DHelmetP1Helmet
_1rq0nbo5y,38,1720,324,106,180,DHelmetP1Helmet
_1rq0nbo5y,39,1743,319,102,174,DHelmetP1Helmet
_1rq0nbo5y,40,1766,314,98,168,DHelmetP1Helmet
_1rq0nbo5y,41,1785,311,95,162,DHelmetP1Helmet
_1rq0nbo5y,42,1805,308,91,156,DHelmetP1Helmet
_1rq0nbo5y,43,1821,307,87,149,DHelmetP1Helmet
_1rq0nbo5y,44,1837,303,83,143,DHelmetP1Helmet
_1rq0nbo5y,45,1852,301,68,138,DHelmetP1Helmet
_tqku9neke,30,121,557,548,523,DHelmetP1Helmet
_tqku9neke,31,448,506,422,574,DHelmetP1Helmet
_tqku9neke,32,699,469,329,545,DHelmetP1Helmet
_tqku9neke,33,878,441,275,487,DHelmetP1Helmet
_tqku9neke,34,1020,422,241,432,DHelmetP1Helmet
_tqku9neke,35,1134,403,219,397,DHelmetP1Helmet
_tqku9neke,36,1231,391,198,361,DHelmetP1Helmet
_tqku9neke,37,1312,379,181,335,DHelmetP1Helmet
_tqku9neke,38,1383,369,168,311,DHelmetP1Helmet
_tqku9neke,39,1442,361,158,290,DHelmetP1Helmet
_tqku9neke,40,1490,354,148,273,DHelmetP1Helmet
_tqku9neke,41,1538,347,139,256,DHelmetP1Helmet
_tqku9neke,42,1576,340,130,243,DHelmetP1Helmet
_tqku9neke,43,1614,334,122,229,DHelmetP1Helmet
_tqku9neke,44,1644,329,116,218,DHelmetP1Helmet
_tqku9neke,45,1675,324,110,207,DHelmetP1Helmet
_tqku9neke,46,1700,321,106,197,DHelmetP1Helmet
_tqku9neke,47,1726,319,102,187,DHelmetP1Helmet
_tqku9neke,48,1747,315,97,180,DHelmetP1Helmet
_tqku9neke,49,1767,311,92,173,DHelmetP1Helmet
_tqku9neke,50,1786,307,89,168,DHelmetP1Helmet
_tqku9neke,51,1804,303,86,162,DHelmetP1Helmet
_tqku9neke,52,1820,301,82,156,DHelmetP1Helmet
_tqku9neke,53,1835,298,80,151,DHelmetP1Helmet
_tqku9neke,54,1850,295,70,146,DHelmetP1Helmet
_tqku9neke,55,1863,295,57,137,DHelmetP1Helmet
_dtc4gmxxm,37,1847,274,47,90,DNoHelmetP1NoHelmet
_dtc4gmxxm,38,1836,276,47,92,DNoHelmetP1NoHelmet
_dtc4gmxxm,39,1824,278,48,93,DNoHelmetP1NoHelmet
_dtc4gmxxm,40,1821,280,42,89,DNoHelmetP1NoHelmet
_dtc4gmxxm,41,1809,283,43,73,DNoHelmetP1NoHelmet
_dtc4gmxxm,42,1796,283,48,98,DNoHelmetP1NoHelmet
_dtc4gmxxm,43,1783,284,50,100,DNoHelmetP1NoHelmet
_dtc4gmxxm,44,1771,285,51,103,DNoHelmetP1NoHelmet
_dtc4gmxxm,45,1758,286,53,105,DNoHelmetP1NoHelmet
_dtc4gmxxm,46,1755,288,44,101,DNoHelmetP1NoHelmet
_dtc4gmxxm,47,1738,291,48,98,DNoHelmetP1NoHelmet
_dtc4gmxxm,48,1722,294,51,109,DNoHelmetP1NoHelmet
_dtc4gmxxm,49,1706,295,54,112,DNoHelmetP1NoHelmet
_dtc4gmxxm,50,1690,296,56,114,DNoHelmetP1NoHelmet
_dtc4gmxxm,51,1672,298,58,118,DNoHelmetP1NoHelmet
_dtc4gmxxm,52,1655,299,58,122,DNoHelmetP1NoHelmet
_dtc4gmxxm,53,1637,301,60,126,DNoHelmetP1NoHelmet
_dtc4gmxxm,54,1619,303,62,129,DNoHelmetP1NoHelmet
_dtc4gmxxm,55,1595,306,65,132,DNoHelmetP1NoHelmet
_dtc4gmxxm,56,1571,309,69,136,DNoHelmetP1NoHelmet
_dtc4gmxxm,57,1547,311,73,140,DNoHelmetP1NoHelmet
_dtc4gmxxm,58,1523,314,77,144,DNoHelmetP1NoHelmet
_dtc4gmxxm,59,1496,316,77,150,DNoHelmetP1NoHelmet
_dtc4gmxxm,60,1468,319,78,155,DNoHelmetP1NoHelmet
_dtc4gmxxm,61,1440,321,80,161,DNoHelmetP1NoHelmet
_dtc4gmxxm,62,1404,323,84,169,DNoHelmetP1NoHelmet
_dtc4gmxxm,63,1368,325,88,178,DNoHelmetP1NoHelmet
_dtc4gmxxm,64,1333,327,91,186,DNoHelmetP1NoHelmet
_dtc4gmxxm,65,1286,332,98,194,DNoHelmetP1NoHelmet
_dtc4gmxxm,66,1240,337,104,202,DNoHelmetP1NoHelmet
_dtc4gmxxm,67,1194,343,110,209,DNoHelmetP1NoHelmet
_dtc4gmxxm,68,1135,345,116,224,DNoHelmetP1NoHelmet
_dtc4gmxxm,69,1076,348,121,237,DNoHelmetP1NoHelmet
_dtc4gmxxm,70,999,357,135,250,DNoHelmetP1NoHelmet
_dtc4gmxxm,71,922,367,148,262,DNoHelmetP1NoHelmet
_dtc4gmxxm,72,825,373,165,285,DNoHelmetP1NoHelmet
_dtc4gmxxm,73,728,379,181,307,DNoHelmetP1NoHelmet
_dtc4gmxxm,74,607,392,203,326,DNoHelmetP1NoHelmet
_dtc4gmxxm,75,464,410,236,348,DNoHelmetP1NoHelmet
_dtc4gmxxm,76,298,416,271,382,DNoHelmetP1NoHelmet
