track_id,frame_id,x,y,w,h,label
_rieg3a6mu,3,1872,177,48,92,DHelmetP1Helmet
_rieg3a6mu,4,1865,179,50,94,DHelmetP1Helmet
_rieg3a6mu,5,1859,182,50,94,DHelmetP1Helmet
_rieg3a6mu,6,1848,183,52,96,DHelmetP1Helmet
_rieg3a6mu,7,1838,183,52,99,DHelmetP1Helmet
_rieg3a6mu,8,1827,184,54,102,DHelmetP1Helmet
_rieg3a6mu,9,1817,185,54,104,DHelmetP1Helmet
_rieg3a6mu,10,1803,186,56,108,DHelmetP1Helmet
_rieg3a6mu,11,1790,188,57,111,DHelmetP1Helmet
_rieg3a6mu,12,1776,190,59,114,DHelmetP1Helmet
_rieg3a6mu,13,1763,192,59,116,DHelmetP1Helmet
_rieg3a6mu,14,1749,194,61,119,DHelmetP1Helmet
_rieg3a6mu,15,1735,197,63,121,DHelmetP1Helmet
_rieg3a6mu,16,1721,200,64,123,DHelmetP1Helmet
_rieg3a6mu,17,1707,202,66,126,DHelmetP1Helmet
_rieg3a6mu,18,1693,205,67,128,DHelmetP1Helmet
_rieg3a6mu,19,1673,207,69,131,DHelmetP1Helmet
_rieg3a6mu,20,1653,209,71,135,DHelmetP1Helmet
_rieg3a6mu,21,1634,211,73,139,DHelmetP1Helmet
_rieg3a6mu,22,1614,212,75,144,DHelmetP1Helmet
_rieg3a6mu,23,1588,215,79,149,DHelmetP1Helmet
_rieg3a6mu,24,1562,217,83,155,DHelmetP1Helmet
_rieg3a6mu,25,1536,219,87,162,DHelmetP1Helmet
_rieg3a6mu,26,1508,223,90,168,DHelmetP1Helmet
_rieg3a6mu,27,1480,228,93,174,DHelmetP1Helmet
_rieg3a6mu,28,1452,233,96,179,DHelmetP1Helmet
_rieg3a6mu,29,1416,238,99,185,DHelmetP1Helmet
_rieg3a6mu,30,1380,242,103,193,DHelmetP1Helmet
_rieg3a6mu,31,1341,249,106,200,DHelmetP1Helmet
_rieg3a6mu,32,1294,251,112,212,DHelmetP1Helmet
_rieg3a6mu,33,1242,254,117,224,DHelmetP1Helmet
_rieg3a6mu,34,1190,257,122,236,DHelmetP1Helmet
_rieg3a6mu,35,1125,265,130,248,DHelmetP1Helmet
_rieg3a6mu,36,1061,274,137,259,DHelmetP1Helmet
_rieg3a6mu,37,982,282,148,278,DHelmetP1Helmet
_rieg3a6mu,38,903,291,159,296,DHelmetP1Helmet
_rieg3a6mu,39,810,302,171,319,DHelmetP1Helmet
_rieg3a6mu,40,699,318,192,338,DHelmetP1Helmet
_rieg3a6mu,41,568,336,222,362,DHelmetP1Helmet
_rieg3a6mu,42,417,346,257,397,DHelmetP1Helmet
_rieg3a6mu,43,227,360,309,442,DHelmetP1Helmet
_rieg3a6mu,44,2,377,368,497,DHelmetP1Helmet
_s2zk937pc,12,1874,182,46,84,DHelmet
_s2zk937pc,13,1865,183,47,88,DHelmet
_s2zk937pc,14,1856,185,48,89,DHelmet
_s2zk937pc,15,1847,188,50,89,DHelmet
_s2zk937pc,16,1838,190,52,91,DHelmet
_s2zk937pc,17,1829,192,54,92,DHelmet
_s2zk937pc,18,1818,193,53,95,DHelmet
_s2zk937pc,19,1807,195,53,97,DHelmet
_s2zk937pc,20,1796,196,52,100,DHelmet
_s2zk937pc,21,1785,198,52,102,DHelmet
_s2zk937pc,22,1774,199,52,105,DHelmet
_s2zk937pc,23,1759,202,54,107,DHelmet
_s2zk937pc,24,1744,204,57,110,DHelmet
_s2zk937pc,25,1729,207,60,112,DHelmet
_s2zk937pc,26,1715,209,62,115,DHelmet
_s2zk937pc,27,1700,212,65,117,DHelmet
_s2zk937pc,28,1684,215,67,120,DHelmet
_s2zk937pc,29,1669,218,69,124,DHelmet
_s2zk937pc,30,1648,220,71,128,DHelmet
_s2zk937pc,31,1628,223,72,131,DHelmet
_s2zk937pc,32,1607,226,74,135,DHelmet
_s2zk937pc,33,1583,228,74,139,DHelmet
_s2zk937pc,34,1559,231,75,143,DHelmet
_s2zk937pc,35,1535,234,76,146,DHelmet
_s2zk937pc,36,1507,239,80,149,DHelmet
_s2zk937pc,37,1478,244,85,152,DHelmet
_s2zk937pc,38,1446,247,88,160,DHelmet
_s2zk937pc,39,1414,250,92,168,DHelmet
_s2zk937pc,40,1380,256,95,176,DHelmet
_s2zk937pc,41,1345,261,100,184,DHelmet
_s2zk937pc,42,1306,266,102,190,DHelmet
_s2zk937pc,43,1266,270,105,197,DHelmet
_s2zk937pc,44,1216,275,111,207,DHelmet
_s2zk937pc,45,1166,280,117,218,DHelmet
_s2zk937pc,46,1106,288,124,230,DHelmet
_s2zk937pc,47,1047,297,130,241,DHelmet
_s2zk937pc,48,971,306,143,257,DHelmet
_s2zk937pc,49,895,315,155,274,DHelmet
_s2zk937pc,50,804,329,173,293,DHelmet
_s2zk937pc,51,699,344,192,311,DHelmet
_s2zk937pc,52,576,357,218,337,DHelmet
_s2zk937pc,53,431,373,252,364,DHelmet
_s2zk937pc,54,257,394,295,399,DHelmet
_s2zk937pc,55,48,417,353,443,DHelmet
_s2zk937pc,56,3,440,214,421,DHelmet
_cbpyq5ph7,22,1872,176,46,88,DHelmet
_cbpyq5ph7,23,1866,178,46,90,DHelmet
_cbpyq5ph7,24,1859,180,47,91,DHelmet
_cbpyq5ph7,25,1853,181,47,93,DHelmet
_cbpyq5ph7,26,1846,183,48,95,DHelmet
_cbpyq5ph7,27,1840,185,48,96,DHelmet
_cbpyq5ph7,28,1833,186,49,98,DHelmet
_cbpyq5ph7,29,1825,188,50,99,DHelmet
_cbpyq5ph7,30,1817,189,50,101,DHelmet
_cbpyq5ph7,31,1808,191,52,102,DHelmet
_cbpyq5ph7,32,1798,192,52,103,DHelmet
_cbpyq5ph7,33,1787,194,53,104,DHelmet
_cbpyq5ph7,34,1776,195,53,106,DHelmet
_cbpyq5ph7,35,1764,197,55,108,DHelmet
_cbpyq5ph7,36,1752,199,57,110,DHelmet
_cbpyq5ph7,37,1741,200,58,112,DHelmet
_cbpyq5ph7,38,1729,202,59,114,DHelmet
_cbpyq5ph7,39,1717,204,61,116,DHelmet
_cbpyq5ph7,40,1705,206,63,118,DHelmet
_cbpyq5ph7,41,1692,208,65,120,DHelmet
_cbpyq5ph7,42,1679,210,67,122,DHelmet
_cbpyq5ph7,43,1666,212,69,125,DHelmet
_cbpyq5ph7,44,1652,214,69,127,DHelmet
_cbpyq5ph7,45,1637,216,70,129,DHelmet
_cbpyq5ph7,46,1622,217,71,133,DHelmet
_cbpyq5ph7,47,1603,219,73,136,DHelmet
_cbpyq5ph7,48,1585,221,74,140,DHelmet
_cbpyq5ph7,49,1566,223,76,144,DHelmet
_cbpyq5ph7,50,1547,225,79,147,DHelmet
_cbpyq5ph7,51,1526,229,81,150,DHelmet
_cbpyq5ph7,52,1506,232,83,153,DHelmet
_cbpyq5ph7,53,1485,235,86,156,DHelmet
_cbpyq5ph7,54,1457,238,90,161,DHelmet
_cbpyq5ph7,55,1428,240,96,167,DHelmet
_cbpyq5ph7,56,1399,243,102,171,DHelmet
_cbpyq5ph7,57,1371,247,102,177,DHelmet
_cbpyq5ph7,58,1344,251,102,182,DHelmet
_cbpyq5ph7,59,1316,255,103,188,DHelmet
_cbpyq5ph7,60,1281,260,105,195,DHelmet
_cbpyq5ph7,61,1246,266,108,201,DHelmet
_cbpyq5ph7,62,1211,271,111,209,DHelmet
_cbpyq5ph7,63,1164,277,117,218,DHelmet
_cbpyq5ph7,64,1117,283,123,228,DHelmet
_cbpyq5ph7,65,1070,289,129,237,DHelmet
_cbpyq5ph7,66,1011,295,139,250,DHelmet
_cbpyq5ph7,67,951,300,150,264,DHelmet
_cbpyq5ph7,68,884,310,158,277,DHelmet
_cbpyq5ph7,69,817,320,166,291,DHelmet
_cbpyq5ph7,70,727,329,185,310,DHelmet
_cbpyq5ph7,71,637,339,205,329,DHelmet
_cbpyq5ph7,72,520,350,231,353,DHelmet
_cbpyq5ph7,73,404,362,257,376,DHelmet
_cbpyq5ph7,74,259,378,296,408,DHelmet
_cbpyq5ph7,75,96,393,334,440,DHelmet
_cbpyq5ph7,76,3,412,287,468,DHelmet
