track_id,frame_id,x,y,w,h,label
_b5btbkl8q,17,1869,270,50,89,DHelmetP0NoHelmetP1NoHelmet
_b5btbkl8q,18,1862,270,50,91,DHelmetP0NoHelmetP1NoHelmet
_b5btbkl8q,19,1855,271,50,92,DHelmetP0NoHelmetP1NoHelmet
_b5btbkl8q,20,1848,272,50,93,DHelmetP0NoHelmetP1NoHelmet
_b5btbkl8q,21,1839,274,53,94,DHelmetP0NoHelmetP1NoHelmet
_b5btbkl8q,22,1831,275,54,96,DHelmetP0NoHelmetP1NoHelmet
_b5btbkl8q,23,1823,277,55,97,DHelmetP0NoHelmetP1NoHelmet
_b5btbkl8q,24,1815,278,56,98,DHelmetP0NoHelmetP1NoHelmet
_b5btbkl8q,25,1807,280,56,99,DHelmetP0NoHelmetP1NoHelmet
_b5btbkl8q,26,1799,281,57,100,DHelmetP0NoHelmetP1NoHelmet
_b5btbkl8q,27,1791,283,57,101,DHelmetP0NoHelmetP1NoHelmet
_b5btbkl8q,28,1783,284,58,102,DHelmetP0NoHelmetP1NoHelmet
_b5btbkl8q,29,1775,285,58,104,DHelmetP0NoHelmetP1NoHelmet
_b5btbkl8q,30,1766,287,58,105,DHelmetP0NoHelmetP1NoHelmet
_b5btbkl8q,31,1756,288,59,107,DHelmetP0NoHelmetP1NoHelmet
_b5btbkl8q,32,1746,289,60,109,DHelmetP0NoHelmetP1NoHelmet
_b5btbkl8q,33,1736,290,60,112,DHelmetP0NoHelmetP1NoHelmet
_b5btbkl8q,34,1726,292,61,113,DHelmetP0NoHelmetP1NoHelmet
_b5btbkl8q,35,1714,293,61,115,DHelmetP0NoHelmetP1NoHelmet
_b5btbkl8q,36,1702,294,61,118,DHelmetP0NoHelmetP1NoHelmet
_b5btbkl8q,37,1690,295,60,120,DHelmetP0NoHelmetP1NoHelmet
_b5btbkl8q,38,1677,296,61,122,DHelmetP0NoHelmetP1NoHelmet
_b5btbkl8q,39,1664,298,63,125,DHelmetP0NoHelmetP1NoHelmet
_b5btbkl8q,40,1651,299,64,129,DHelmetP0NoHelmetP1NoHelmet
_b5btbkl8q,41,1638,301,66,132,DHelmetP0NoHelmetP1NoHelmet
_b5btbkl8q,42,1625,302,67,136,DHelmetP0NoHelmetP1NoHelmet
_b5btbkl8q,43,1610,304,69,138,DHelmetP0NoHelmetP1NoHelmet
_b5btbkl8q,44,1595,305,71,142,DHelmetP0NoHelmetP1NoHelmet
_b5btbkl8q,45,1580,307,73,145,DHelmetP0NoHelmetP1NoHelmet
_b5btbkl8q,46,1565,308,74,149,DHelmetP0NoHelmetP1NoHelmet
_b5btbkl8q,47,1550,310,76,152,DHelmetP0NoHelmetP1NoHelmet
_b5btbkl8q,48,1530,312,81,155,DHelmetP0NoHelmetP1NoHelmet
_b5btbkl8q,49,1510,314,86,159,DHelmetP0NoHelmetP1NoHelmet
_b5btbkl8q,50,1491,317,91,161,DHelmetP0NoHelmetP1NoHelmet
_b5btbkl8q,51,1471,319,96,165,DHelmetP0NoHelmetP1NoHelmet
_b5btbkl8q,52,1446,321,100,171,DHelmetP0NoHelmetP1NoHelmet
_b5btbkl8q,53,1421,324,105,177,DHelmetP0NoHelmetP1NoHelmet
_b5btbkl8q,54,1396,326,110,183,DHelmetP0NoHelmetP1NoHelmet
_b5btbkl8q,55,1371,328,114,190,DHelmetP0NoHelmetP1NoHelmet
_b5btbkl8q,56,1339,331,119,196,DHelmetP0NoHelmetP1NoHelmet
_b5btbkl8q,57,1306,334,124,202,DHelmetP0NoHelmetP1NoHelmet
_b5btbkl8q,58,1274,337,129,208,DHelmetP0NoHelmetP1NoHelmet
_b5btbkl8q,59,1232,340,136,218,DHelmetP0NoHelmetP1NoHelmet
_b5btbkl8q,60,1190,343,143,228,DHelmetP0NoHelmetP1NoHelmet
_b5btbkl8q,61,1149,347,150,237,DHelmetP0NoHelmetP1NoHelmet
_b5btbkl8q,62,1099,351,156,249,DHelmetP0NoHelmetP1NoHelmet
_b5btbkl8q,63,1049,356,163,259,DHelmetP0NoHelmetP1NoHelmet
_b5btbkl8q,64,999,361,169,270,DHelmetP0NoHelmetP1NoHelmet
_b5btbkl8q,65,933,368,178,285,DHelmetP0NoHelmetP1NoHelmet
_b5btbkl8q,66,868,374,186,300,DHelmetP0NoHelmetP1NoHelmet
_b5btbkl8q,67,785,381,203,316,DHelmetP0NoHelmetP1NoHelmet
_b5btbkl8q,68,703,387,220,333,DHelmetP0NoHelmetP1NoHelmet
_b5btbkl8q,69,599,395,241,357,DHelmetP0NoHelmetP1NoHelmet
_b5btbkl8q,70,495,403,261,381,DHelmetP0NoHelmetP1NoHelmet
_b5btbkl8q,71,370,412,285,413,DHelmetP0NoHelmetP1NoHelmet
_b5btbkl8q,72,220,426,331,441,DHelmetP0NoHelmetP1NoHelmet
_b5btbkl8q,73,47,437,366,483,DHelmetP0NoHelmetP1NoHelmet
_b5btbkl8q,74,3,455,260,446,DHelmetP0NoHelmetP1NoHelmet
_4ghvafsgl,23,1866,272,50,86,DNoHelmetP1NoHelmetP2NoHelmet
_4ghvafsgl,24,1857,274,51,87,DNoHelmetP1NoHelmetP2NoHelmet
_4ghvafsgl,25,1849,275,51,88,DNoHelmetP1NoHelmetP2NoHelmet
_4ghvafsgl,26,1841,276,51,90,DNoHelmetP1NoHelmetP2NoHelmet
_4ghvafsgl,27,1833,277,51,91,DNoHelmetP1NoHelmetP2NoHelmet
_4ghvafsgl,28,1825,278,51,92,DNoHelmetP1NoHelmetP2NoHelmet
_4ghvafsgl,29,1817,280,52,93,DNoHelmetP1NoHelmetP2NoHelmet
_4ghvafsgl,30,1809,281,52,94,DNoHelmetP1NoHelmetP2NoHelmet
_4ghvafsgl,31,1799,282,52,96,DNoHelmetP1NoHelmetP2NoHelmet
_4ghvafsgl,32,1789,284,52,97,DNoHelmetP1NoHelmetP2NoHelmet
_4ghvafsgl,33,1778,285,54,99,DNoHelmetP1NoHelmetP2NoHelmet
_4ghvafsgl,34,1768,287,54,100,DNoHelmetP1NoHelmetP2NoHelmet
_4ghvafsgl,35,1758,288,54,101,DNoHelmetP1NoHelmetP2NoHelmet
_4ghvafsgl,36,1748,290,54,102,DNoHelmetP1NoHelmetP2NoHelmet
_4ghvafsgl,37,1738,291,55,104,DNoHelmetP1NoHelmetP2NoHelmet
_4ghvafsgl,38,1727,293,56,105,DNoHelmetP1NoHelmetP2NoHelmet
_4ghvafsgl,39,1717,294,56,107,DNoHelmetP1NoHelmetP2NoHelmet
_4ghvafsgl,40,1707,296,57,107,DNoHelmetP1NoHelmetP2NoHelmet
_4ghvafsgl,41,1694,298,59,110,DNoHelmetP1NoHelmetP2NoHelmet
_4ghvafsgl,42,1681,300,61,112,DNoHelmetP1NoHelmetP2NoHelmet
_4ghvafsgl,43,1668,302,63,114,DNoHelmetP1NoHelmetP2NoHelmet
_4ghvafsgl,44,1656,303,64,117,DNoHelmetP1NoHelmetP2NoHelmet
_4ghvafsgl,45,1643,305,67,120,DNoHelmetP1NoHelmetP2NoHelmet
_4ghvafsgl,46,1626,307,69,122,DNoHelmetP1NoHelmetP2NoHelmet
_4ghvafsgl,47,1609,309,72,125,DNoHelmetP1NoHelmetP2NoHelmet
_4ghvafsgl,48,1593,311,74,128,DNoHelmetP1NoHelmetP2NoHelmet
_4ghvafsgl,49,1576,313,77,131,DNoHelmetP1NoHelmetP2NoHelmet
_4ghvafsgl,50,1559,314,79,134,DNoHelmetP1NoHelmetP2NoHelmet
_4ghvafsgl,51,1541,315,83,137,DNoHelmetP1NoHelmetP2NoHelmet
_4ghvafsgl,52,1524,317,85,140,DNoHelmetP1NoHelmetP2NoHelmet
_4ghvafsgl,53,1507,318,87,143,DNoHelmetP1NoHelmetP2NoHelmet
_4ghvafsgl,54,1486,320,90,148,DNoHelmetP1NoHelmetP2NoHelmet
_4ghvafsgl,55,1466,322,93,152,DNoHelmetP1NoHelmetP2NoHelmet
_4ghvafsgl,56,1446,324,95,157,DNoHelmetP1NoHelmetP2NoHelmet
_4ghvafsgl,57,1424,326,97,162,DNoHelmetP1NoHelmetP2NoHelmet
_4ghvafsgl,58,1402,328,100,166,DNoHelmetP1NoHelmetP2NoHelmet
_4ghvafsgl,59,1380,329,102,172,DNoHelmetP1NoHelmetP2NoHelmet
_4ghvafsgl,60,1351,333,105,177,DNoHelmetP1NoHelmetP2NoHelmet
_4ghvafsgl,61,1323,336,108,182,DNoHelmetP1NoHelmetP2NoHelmet
_4ghvafsgl,62,1294,340,111,187,DNoHelmetP1NoHelmetP2NoHelmet
_4ghvafsgl,63,1265,343,114,193,DNoHelmetP1NoHelmetP2NoHelmet
_4ghvafsgl,64,1225,346,123,199,DNoHelmetP1NoHelmetP2NoHelmet
_4ghvafsgl,65,1185,349,131,206,DNoHelmetP1NoHelmetP2NoHelmet
_4ghvafsgl,66,1143,351,136,216,DNoHelmetP1NoHelmetP2NoHelmet
_4ghvafsgl,67,1101,353,140,227,DNoHelmetP1NoHelmetP2NoHelmet
_4ghvafsgl,68,1051,359,148,236,DNoHelmetP1NoHelmetP2NoHelmet
_4ghvafsgl,69,1002,365,155,244,DNoHelmetP1NoHelmetP2NoHelmet
_4ghvafsgl,70,943,369,162,258,DNoHelmetP1NoHelmetP2NoHelmet
_4ghvafsgl,71,884,374,170,272,DNoHelmetP1NoHelmetP2NoHelmet
_4ghvafsgl,72,810,383,182,286,DNoHelmetP1NoHelmetP2NoHelmet
_4ghvafsgl,73,736,392,195,300,DNoHelmetP1NoHelmetP2NoHelmet
_4ghvafsgl,74,646,402,213,317,DNoHelmetP1NoHelmetP2NoHelmet
_4ghvafsgl,75,555,411,232,335,DNoHelmetP1NoHelmetP2NoHelmet
_4ghvafsgl,76,439,419,255,359,DNoHelmetP1NoHelmetP2NoHelmet
_4ghvafsgl,77,324,426,277,385,DNoHelmetP1NoHelmetP2NoHelmet
_4ghvafsgl,78,178,438,318,416,DNoHelmetP1NoHelmetP2NoHelmet
_4ghvafsgl,79,13,450,362,447,DNoHelmetP1NoHelmetP2NoHelmet
_4ghvafsgl,80,2,463,219,422,DNoHelmetP1NoHelmetP2NoHelmet
_sza1q0bnf,56,1867,273,53,85,DHelmetP1Helmet
_sza1q0bnf,57,1862,274,54,86,DHelmetP1Helmet
_sza1q0bnf,58,1857,275,55,86,DHelmetP1Helmet
_sza1q0bnf,59,1852,276,55,87,DHelmetP1Helmet
_sza1q0bnf,60,1847,276,55,89,DHelmetP1Helmet
_sza1q0bnf,61,1842,277,56,90,DHelmetP1Helmet
_sza1q0bnf,62,1837,278,56,91,DHelmetP1Helmet
_sza1q0bnf,63,1831,279,55,91,DHelmetP1Helmet
_sza1q0bnf,64,1824,279,56,93,DHelmetP1Helmet
_sza1q0bnf,65,1818,280,56,93,DHelmetP1Helmet
_sza1q0bnf,66,1811,280,56,95,DHelmetP1Helmet
_sza1q0bnf,67,1804,281,58,96,DHelmetP1Helmet
_sza1q0bnf,68,1797,282,59,97,DHelmetP1Helmet
_sza1q0bnf,69,1791,283,59,98,DHelmetP1Helmet
_sza1q0bnf,70,1784,284,60,98,DHelmetP1Helmet
_sza1q0bnf,71,1777,285,61,99,DHelmetP1Helmet
_sza1q0bnf,72,1769,286,63,101,DHelmetP1Helmet
_sza1q0bnf,73,1762,287,64,103,DHelmetP1Helmet
_sza1q0bnf,74,1754,288,65,105,DHelmetP1Helmet
_sza1q0bnf,75,1747,290,66,106,DHelmetP1Helmet
_sza1q0bnf,76,1739,291,68,108,DHelmetP1Helmet
_sza1q0bnf,77,1729,291,69,110,DHelmetP1Helmet
_sza1q0bnf,78,1719,292,70,112,DHelmetP1Helmet
_sza1q0bnf,79,1709,292,71,114,DHelmetP1Helmet
_sza1q0bnf,80,1699,293,73,115,DHelmetP1Helmet
_sza1q0bnf,81,1690,293,73,118,DHelmetP1Helmet
_sza1q0bnf,82,1678,295,74,119,DHelmetP1Helmet
_sza1q0bnf,83,1666,296,75,121,DHelmetP1Helmet
_sza1q0bnf,84,1654,298,75,122,DHelmetP1Helmet
_sza1q0bnf,85,1642,299,76,124,DHelmetP1Helmet
_sza1q0bnf,86,1630,301,77,125,DHelmetP1Helmet
_sza1q0bnf,87,1616,302,79,128,DHelmetP1Helmet
_sza1q0bnf,88,1603,303,80,131,DHelmetP1Helmet
_sza1q0bnf,89,1590,305,80,133,DHelmetP1Helmet
_sza1q0bnf,90,1576,306,82,136,DHelmetP1Helmet
_sza1q0bnf,91,1563,308,83,138,DHelmetP1Helmet
_sza1q0bnf,92,1546,309,84,142,DHelmetP1Helmet
_sza1q0bnf,93,1528,310,87,145,DHelmetP1Helmet
_sza1q0bnf,94,1511,311,88,149,DHelmetP1Helmet
_sza1q0bnf,95,1494,312,90,153,DHelmetP1Helmet
_sza1q0bnf,96,1472,314,92,157,DHelmetP1Helmet
_sza1q0bnf,97,1451,316,94,160,DHelmetP1Helmet
_sza1q0bnf,98,1429,318,96,164,DHelmetP1Helmet
_sza1q0bnf,99,1408,319,98,168,DHelmetP1Helmet
_sza1q0bnf,100,1386,321,100,172,DHelmetP1Helmet
