track_id,frame_id,x,y,w,h,label
_x4rjr84lm,17,1885,288,35,101,DHelmetP1Helmet
_x4rjr84lm,18,1868,288,52,106,DHelmetP1Helmet
_x4rjr84lm,19,1853,291,56,107,DHelmetP1Helmet
_x4rjr84lm,20,1838,294,59,109,DHelmetP1Helmet
_x4rjr84lm,21,1823,297,62,110,DHelmetP1Helmet
_x4rjr84lm,22,1804,299,64,115,DHelmetP1Helmet
_x4rjr84lm,23,1786,301,66,120,DHelmetP1Helmet
_x4rjr84lm,24,1765,304,68,123,DHelmetP1Helmet
_x4rjr84lm,25,1744,306,71,128,DHelmetP1Helmet
_x4rjr84lm,26,1720,308,73,132,DHelmetP1Helmet
_x4rjr84lm,27,1696,311,76,136,DHelmetP1Helmet
_x4rjr84lm,28,1667,313,79,142,DHelmetP1Helmet
_x4rjr84lm,29,1638,316,83,146,DHelmetP1Helmet
_x4rjr84lm,30,1604,318,84,154,DHelmetP1Helmet
_x4rjr84lm,31,1569,321,87,161,DHelmetP1Helmet
_x4rjr84lm,32,1535,324,89,167,DHelmetP1Helmet
_x4rjr84lm,33,1491,328,93,175,DHelmetP1Helmet
_x4rjr84lm,34,1447,331,97,183,DHelmetP1Helmet
_x4rjr84lm,35,1394,335,104,193,DHelmetP1Helmet
_x4rjr84lm,36,1340,339,113,203,DHelmetP1Helmet
_x4rjr84lm,37,1279,342,122,219,DHelmetP1Helmet
_x4rjr84lm,38,1211,346,129,233,DHelmetP1Helmet
_x4rjr84lm,39,1136,354,138,248,DHelmetP1Helmet
_x4rjr84lm,40,1038,363,153,268,DHelmetP1Helmet
_x4rjr84lm,41,939,371,168,289,DHelmetP1Helmet
_x4rjr84lm,42,813,383,194,317,DHelmetP1Helmet
_x4rjr84lm,43,660,396,220,344,DHelmetP1Helmet
_x4rjr84lm,44,466,409,269,391,DHelmetP1Helmet
_x4rjr84lm,45,223,425,334,440,DHelmetP1Helmet
_x4rjr84lm,46,3,441,325,486,DHelmetP1Helmet
_2eygty3lh,7,1847,296,51,82,DNoHelmetP1NoHelmet
_2eygty3lh,8,1841,297,52,82,DNoHelmetP1NoHelmet
_2eygty3lh,9,1835,299,53,81,DNoHelmetP1NoHelmet
_2eygty3lh,10,1829,301,54,81,DNoHelmetP1NoHelmet
_2eygty3lh,11,1824,301,54,83,DNoHelmetP1NoHelmet
_2eygty3lh,12,1819,301,55,86,DNoHelmetP1NoHelmet
_2eygty3lh,13,1814,302,56,87,DNoHelmetP1NoHelmet
_2eygty3lh,14,1808,303,58,89,DNoHelmetP1NoHelmet
_2eygty3lh,15,1802,305,60,89,DNoHelmetP1NoHelmet
_2eygty3lh,16,1796,306,62,91,DNoHelmetP1NoHelmet
_2eygty3lh,17,1789,307,62,92,DNoHelmetP1NoHelmet
_2eygty3lh,18,1782,308,63,93,DNoHelmetP1NoHelmet
_2eygty3lh,19,1775,309,63,94,DNoHelmetP1NoHelmet
_2eygty3lh,20,1767,311,62,95,DNoHelmetP1NoHelmet
_2eygty3lh,21,1759,312,60,97,DNoHelmetP1NoHelmet
_2eygty3lh,22,1751,314,58,98,DNoHelmetP1NoHelmet
_2eygty3lh,23,1743,315,52,100,DNoHelmetP1NoHelmet
_2eygty3lh,24,1734,316,47,102,DNoHelmetP1NoHelmet
_2eygty3lh,25,1726,317,41,103,DNoHelmetP1NoHelmet
_2eygty3lh,26,1717,318,46,104,DNoHelmetP1NoHelmet
_2eygty3lh,27,1708,319,51,105,DNoHelmetP1NoHelmet
_2eygty3lh,28,1698,320,56,106,DNoHelmetP1NoHelmet
_2eygty3lh,29,1689,321,61,107,DNoHelmetP1NoHelmet
_2eygty3lh,30,1680,322,66,108,DNoHelmetP1NoHelmet
_2eygty3lh,31,1664,324,71,111,DNoHelmetP1NoHelmet
_2eygty3lh,32,1648,326,77,114,DNoHelmetP1NoHelmet
_2eygty3lh,33,1632,328,82,117,DNoHelmetP1NoHelmet
_2eygty3lh,34,1616,329,84,120,DNoHelmetP1NoHelmet
_2eygty3lh,35,1599,331,88,122,DNoHelmetP1NoHelmet
_2eygty3lh,36,1583,332,90,126,DNoHelmetP1NoHelmet
_2eygty3lh,37,1567,333,92,129,DNoHelmetP1NoHelmet
_2eygty3lh,38,1550,336,92,130,DNoHelmetP1NoHelmet
_2eygty3lh,39,1533,339,92,132,DNoHelmetP1NoHelmet
_2eygty3lh,40,1516,342,91,133,DNoHelmetP1NoHelmet
_2eygty3lh,41,1494,343,95,138,DNoHelmetP1NoHelmet
_2eygty3lh,42,1473,345,97,142,DNoHelmetP1NoHelmet
_2eygty3lh,43,1451,346,101,147,DNoHelmetP1NoHelmet
_2eygty3lh,44,1428,349,100,149,DNoHelmetP1NoHelmet
_2eygty3lh,45,1405,352,99,151,DNoHelmetP1NoHelmet
_2eygty3lh,46,1382,354,97,154,DNoHelmetP1NoHelmet
_2eygty3lh,47,1353,357,101,160,DNoHelmetP1NoHelmet
_2eygty3lh,48,1325,360,104,165,DNoHelmetP1NoHelmet
_2eygty3lh,49,1297,363,106,170,DNoHelmetP1NoHelmet
_2eygty3lh,50,1266,366,111,176,DNoHelmetP1NoHelmet
_2eygty3lh,51,1235,369,115,183,DNoHelmetP1NoHelmet
_2eygty3lh,52,1202,371,121,188,DNoHelmetP1NoHelmet
_2eygty3lh,53,1170,372,125,195,DNoHelmetP1NoHelmet
_2eygty3lh,54,1132,376,130,202,DNoHelmetP1NoHelmet
_2eygty3lh,55,1093,379,136,210,DNoHelmetP1NoHelmet
_2eygty3lh,56,1055,383,140,217,DNoHelmetP1NoHelmet
_2eygty3lh,57,1009,388,147,228,DNoHelmetP1NoHelmet
_2eygty3lh,58,963,392,154,240,DNoHelmetP1NoHelmet
_2eygty3lh,59,911,399,161,251,DNoHelmetP1NoHelmet
_2eygty3lh,60,848,405,171,263,DNoHelmetP1NoHelmet
_2eygty3lh,61,784,411,181,276,DNoHelmetP1NoHelmet
_2eygty3lh,62,703,422,196,289,DNoHelmetP1NoHelmet
_2eygty3lh,63,621,432,213,303,DNoHelmetP1NoHelmet
_2eygty3lh,64,517,439,233,323,DNoHelmetP1NoHelmet
_2eygty3lh,65,414,445,253,344,DNoHelmetP1NoHelmet
_2eygty3lh,66,281,453,283,369,DNoHelmetP1NoHelmet
_2eygty3lh,67,148,460,314,396,DNoHelmetP1NoHelmet
_2eygty3lh,68,5,475,334,427,DNoHelmetP1NoHelmet
_2eygty3lh,69,3,491,196,394,DNoHelmetP1NoHelmet
_lozd1ttay,23,1841,301,41,80,DHelmet
_lozd1ttay,24,1833,302,44,81,DHelmet
_lozd1ttay,25,1825,304,46,81,DHelmet
_lozd1ttay,26,1819,304,47,83,DHelmet
_lozd1ttay,27,1812,305,49,84,DHelmet
_lozd1ttay,28,1806,306,49,85,DHelmet
_lozd1ttay,29,1799,306,51,87,DHelmet
_lozd1ttay,30,1792,308,51,88,DHelmet
_lozd1ttay,31,1785,309,52,89,DHelmet
_lozd1ttay,32,1778,310,52,91,DHelmet
_lozd1ttay,33,1770,310,52,93,DHelmet
_lozd1ttay,34,1762,310,52,95,DHelmet
_lozd1ttay,35,1754,311,52,96,DHelmet
_lozd1ttay,36,1746,311,52,98,DHelmet
_lozd1ttay,37,1739,312,52,100,DHelmet
_lozd1ttay,38,1731,314,53,101,DHelmet
_lozd1ttay,39,1724,316,53,102,DHelmet
_lozd1ttay,40,1716,318,54,104,DHelmet
_lozd1ttay,41,1706,318,56,106,DHelmet
_lozd1ttay,42,1697,319,57,108,DHelmet
_lozd1ttay,43,1687,320,58,110,DHelmet
_lozd1ttay,44,1677,321,60,112,DHelmet
_lozd1ttay,45,1664,323,62,114,DHelmet
_lozd1ttay,46,1650,325,64,115,DHelmet
_lozd1ttay,47,1637,327,65,116,DHelmet
_lozd1ttay,48,1624,329,66,118,DHelmet
_lozd1ttay,49,1609,330,67,121,DHelmet
_lozd1ttay,50,1594,332,69,124,DHelmet
_lozd1ttay,51,1579,334,70,126,DHelmet
_lozd1ttay,52,1564,336,72,129,DHelmet
_lozd1ttay,53,1547,337,73,133,DHelmet
_lozd1ttay,54,1530,338,75,136,DHelmet
_lozd1ttay,55,1513,340,76,139,DHelmet
_lozd1ttay,56,1496,341,78,143,DHelmet
_lozd1ttay,57,1479,342,79,146,DHelmet
_lozd1ttay,58,1459,344,81,151,DHelmet
_lozd1ttay,59,1438,346,84,155,DHelmet
_lozd1ttay,60,1418,348,86,159,DHelmet
_lozd1ttay,61,1397,350,89,163,DHelmet
_lozd1ttay,62,1368,353,94,168,DHelmet
_lozd1ttay,63,1339,356,98,172,DHelmet
_lozd1ttay,64,1310,359,103,177,DHelmet
_lozd1ttay,65,1281,361,107,183,DHelmet
_lozd1ttay,66,1249,362,108,189,DHelmet
_lozd1ttay,67,1216,363,111,195,DHelmet
_lozd1ttay,68,1179,365,116,204,DHelmet
_lozd1ttay,69,1141,367,123,214,DHelmet
_lozd1ttay,70,1100,372,129,222,DHelmet
_lozd1ttay,71,1059,377,134,230,DHelmet
_lozd1ttay,72,1011,381,142,241,DHelmet
_lozd1ttay,73,963,386,150,252,DHelmet
_lozd1ttay,74,903,392,159,263,DHelmet
_lozd1ttay,75,842,398,170,274,DHelmet
_lozd1ttay,76,777,406,185,288,DHelmet
_lozd1ttay,77,695,416,201,301,DHelmet
_lozd1ttay,78,614,427,216,314,DHelmet
_lozd1ttay,79,509,434,243,334,DHelmet
_lozd1ttay,80,405,441,268,355,DHelmet
_lozd1ttay,81,276,453,298,379,DHelmet
_lozd1ttay,82,146,466,328,403,DHelmet
_lozd1ttay,83,6,474,353,444,DHelmet
_lozd1ttay,84,1,488,222,409,DHelmet
_yvzbvk74w,38,1869,293,51,80,DNoHelmetP1NoHelmet
_yvzbvk74w,39,1865,294,52,81,DNoHelmetP1NoHelmet
_yvzbvk74w,40,1860,295,53,81,DNoHelmetP1NoHelmet
_yvzbvk74w,41,1856,296,54,82,DNoHelmetP1NoHelmet
_yvzbvk74w,42,1851,297,56,83,DNoHelmetP1NoHelmet
_yvzbvk74w,43,1844,298,58,86,DNoHelmetP1NoHelmet
_yvzbvk74w,44,1837,298,59,89,DNoHelmetP1NoHelmet
_yvzbvk74w,45,1830,299,61,91,DNoHelmetP1NoHelmet
_yvzbvk74w,46,1823,299,62,94,DNoHelmetP1NoHelmet
_yvzbvk74w,47,1814,301,63,95,DNoHelmetP1NoHelmet
_yvzbvk74w,48,1806,302,63,96,DNoHelmetP1NoHelmet
_yvzbvk74w,49,1797,304,63,97,DNoHelmetP1NoHelmet
_yvzbvk74w,50,1788,305,64,98,DNoHelmetP1NoHelmet
_yvzbvk74w,51,1779,306,65,100,DNoHelmetP1NoHelmet
_yvzbvk74w,52,1769,307,67,102,DNoHelmetP1NoHelmet
_yvzbvk74w,53,1760,308,67,104,DNoHelmetP1NoHelmet
_yvzbvk74w,54,1751,309,68,106,DNoHelmetP1NoHelmet
_yvzbvk74w,55,1741,310,70,107,DNoHelmetP1NoHelmet
_yvzbvk74w,56,1731,312,71,108,DNoHelmetP1NoHelmet
_yvzbvk74w,57,1720,313,74,111,DNoHelmetP1NoHelmet
_yvzbvk74w,58,1709,315,76,112,DNoHelmetP1NoHelmet
_yvzbvk74w,59,1698,317,78,113,DNoHelmetP1NoHelmet
_yvzbvk74w,60,1684,318,79,117,DNoHelmetP1NoHelmet
_yvzbvk74w,61,1669,320,82,119,DNoHelmetP1NoHelmet
_yvzbvk74w,62,1654,321,84,123,DNoHelmetP1NoHelmet
_yvzbvk74w,63,1639,323,86,126,DNoHelmetP1NoHelmet
_yvzbvk74w,64,1624,324,89,130,DNoHelmetP1NoHelmet
_yvzbvk74w,65,1605,325,91,133,DNoHelmetP1NoHelmet
_yvzbvk74w,66,1585,326,94,137,DNoHelmetP1NoHelmet
_yvzbvk74w,67,1566,327,96,140,DNoHelmetP1NoHelmet
_yvzbvk74w,68,1547,328,98,143,DNoHelmetP1NoHelmet
_yvzbvk74w,69,1527,329,101,146,DNoHelmetP1NoHelmet
_yvzbvk74w,70,1504,331,105,152,DNoHelmetP1NoHelmet
_yvzbvk74w,71,1481,333,108,158,DNoHelmetP1NoHelmet
_yvzbvk74w,72,1458,335,112,163,DNoHelmetP1NoHelmet
_yvzbvk74w,73,1435,337,116,169,DNoHelmetP1NoHelmet
_yvzbvk74w,74,1412,340,119,174,DNoHelmetP1NoHelmet
_yvzbvk74w,75,1379,344,124,179,DNoHelmetP1NoHelmet
_yvzbvk74w,76,1346,348,128,185,DNoHelmetP1NoHelmet
_yvzbvk74w,77,1313,352,132,190,DNoHelmetP1NoHelmet
_yvzbvk74w,78,1280,356,136,196,DNoHelmetP1NoHelmet
_yvzbvk74w,79,1247,360,141,202,DNoHelmetP1NoHelmet
_yvzbvk74w,80,1200,363,148,212,DNoHelmetP1NoHelmet
_yvzbvk74w,81,1153,367,155,221,DNoHelmetP1NoHelmet
_yvzbvk74w,82,1101,372,163,231,DNoHelmetP1NoHelmet
_yvzbvk74w,83,1050,377,170,241,DNoHelmetP1NoHelmet
_yvzbvk74w,84,988,382,181,254,DNoHelmetP1NoHelmet
_yvzbvk74w,85,926,387,193,268,DNoHelmetP1NoHelmet
_yvzbvk74w,86,856,396,201,281,DNoHelmetP1NoHelmet
_yvzbvk74w,87,787,404,208,296,DNoHelmetP1NoHelmet
_yvzbvk74w,88,699,412,227,314,DNoHelmetP1NoHelmet
_yvzbvk74w,89,611,421,247,331,DNoHelmetP1NoHelmet
_yvzbvk74w,90,496,430,275,356,DNoHelmetP1NoHelmet
_yvzbvk74w,91,382,438,302,382,DNoHelmetP1NoHelmet
_yvzbvk74w,92,228,450,345,412,DNoHelmetP1NoHelmet
_yvzbvk74w,93,75,462,387,442,DNoHelmetP1NoHelmet
_yvzbvk74w,94,1,478,326,413,DNoHelmetP1NoHelmet
