track_id,frame_id,x,y,w,h,label
_kt1bmgw3b,1,1577,316,71,136,DHelmet
_kt1bmgw3b,2,1555,319,74,140,DHelmet
_kt1bmgw3b,3,1533,322,76,144,DHelmet
_kt1bmgw3b,4,1511,325,79,148,DHelmet
_kt1bmgw3b,5,1487,329,80,152,DHelmet
_kt1bmgw3b,6,1463,332,81,156,DHelmet
_kt1bmgw3b,7,1439,335,82,161,DHelmet
_kt1bmgw3b,8,1408,336,85,168,DHelmet
_kt1bmgw3b,9,1378,337,88,174,DHelmet
_kt1bmgw3b,10,1348,338,90,181,DHelmet
_kt1bmgw3b,11,1308,343,96,187,DHelmet
_kt1bmgw3b,12,1269,347,101,195,DHelmet
_kt1bmgw3b,13,1229,352,107,201,DHelmet
_kt1bmgw3b,14,1180,357,112,212,DHelmet
_kt1bmgw3b,15,1131,362,116,223,DHelmet
_kt1bmgw3b,16,1082,368,121,232,DHelmet
_kt1bmgw3b,17,1014,374,133,247,DHelmet
_kt1bmgw3b,18,946,381,144,261,DHelmet
_kt1bmgw3b,19,857,389,162,278,DHelmet
_kt1bmgw3b,20,767,398,180,295,DHelmet
_kt1bmgw3b,21,653,409,203,313,DHelmet
_kt1bmgw3b,22,538,421,228,330,DHelmet
_kt1bmgw3b,23,397,428,257,362,DHelmet
_kt1bmgw3b,24,234,440,299,398,DHelmet
_kt1bmgw3b,25,34,459,349,434,DHelmet
_kt1bmgw3b,26,3,472,208,410,DHelmet
_t9zvhk9vf,5,1876,282,43,81,DHelmet
_t9zvhk9vf,6,1870,284,44,83,DHelmet
_t9zvhk9vf,7,1863,286,46,85,DHelmet
_t9zvhk9vf,8,1854,286,47,87,DHelmet
_t9zvhk9vf,9,1844,287,49,89,DHelmet
_t9zvhk9vf,10,1835,288,50,90,DHelmet
_t9zvhk9vf,11,1826,288,51,92,DHelmet
_t9zvhk9vf,12,1816,289,53,93,DHelmet
_t9zvhk9vf,13,1807,289,54,95,DHelmet
_t9zvhk9vf,14,1797,292,55,98,DHelmet
_t9zvhk9vf,15,1787,295,56,100,DHelmet
_t9zvhk9vf,16,1777,297,56,103,DHelmet
_t9zvhk9vf,17,1767,300,57,105,DHelmet
_t9zvhk9vf,18,1752,301,59,107,DHelmet
_t9zvhk9vf,19,1737,301,61,110,DHelmet
_t9zvhk9vf,20,1722,302,63,112,DHelmet
_t9zvhk9vf,21,1707,302,65,115,DHelmet
_t9zvhk9vf,22,1691,305,66,118,DHelmet
_t9zvhk9vf,23,1676,307,67,121,DHelmet
_t9zvhk9vf,24,1660,310,69,124,DHelmet
_t9zvhk9vf,25,1645,312,69,127,DHelmet
_t9zvhk9vf,26,1627,315,71,130,DHelmet
_t9zvhk9vf,27,1608,317,73,134,DHelmet
_t9zvhk9vf,28,1590,320,74,137,DHelmet
_t9zvhk9vf,29,1572,323,76,140,DHelmet
_t9zvhk9vf,30,1545,325,79,145,DHelmet
_t9zvhk9vf,31,1519,327,82,150,DHelmet
_t9zvhk9vf,32,1493,328,84,156,DHelmet
_t9zvhk9vf,33,1467,330,87,161,DHelmet
_t9zvhk9vf,34,1435,333,88,167,DHelmet
_t9zvhk9vf,35,1403,335,90,175,DHelmet
_t9zvhk9vf,36,1372,338,91,181,DHelmet
_t9zvhk9vf,37,1334,342,97,189,DHelmet
_t9zvhk9vf,38,1296,347,103,195,DHelmet
_t9zvhk9vf,39,1258,351,109,203,DHelmet
_t9zvhk9vf,40,1210,357,115,211,DHelmet
_t9zvhk9vf,41,1163,362,119,221,DHelmet
_t9zvhk9vf,42,1115,367,125,231,DHelmet
_t9zvhk9vf,43,1047,371,136,248,DHelmet
_t9zvhk9vf,44,979,375,146,265,DHelmet
_t9zvhk9vf,45,911,379,157,282,DHelmet
_t9zvhk9vf,46,823,388,172,298,DHelmet
_t9zvhk9vf,47,735,396,188,315,DHelmet
_t9zvhk9vf,48,618,406,210,342,DHelmet
_t9zvhk9vf,49,501,415,232,370,DHelmet
_t9zvhk9vf,50,346,426,272,403,DHelmet
_t9zvhk9vf,51,159,441,323,447,DHelmet
_t9zvhk9vf,52,2,463,316,490,DHelmet
_kuik17hjd,27,1854,285,40,85,DHelmet
_kuik17hjd,28,1844,286,40,86,DHelmet
_kuik17hjd,29,1834,287,41,88,DHelmet
_kuik17hjd,30,1825,289,41,88,DHelmet
_kuik17hjd,31,1815,290,41,90,DHelmet
_kuik17hjd,32,1806,292,41,90,DHelmet
_kuik17hjd,33,1796,293,41,91,DHelmet
_kuik17hjd,34,1785,294,43,94,DHelmet
_kuik17hjd,35,1774,296,44,96,DHelmet
_kuik17hjd,36,1763,297,46,99,DHelmet
_kuik17hjd,37,1752,298,47,102,DHelmet
_kuik17hjd,38,1741,300,49,104,DHelmet
_kuik17hjd,39,1730,301,50,107,DHelmet
_kuik17hjd,40,1718,302,53,110,DHelmet
_kuik17hjd,41,1704,303,53,113,DHelmet
_kuik17hjd,42,1690,305,54,115,DHelmet
_kuik17hjd,43,1675,306,55,118,DHelmet
_kuik17hjd,44,1661,307,56,120,DHelmet
_kuik17hjd,45,1646,308,58,123,DHelmet
_kuik17hjd,46,1632,309,58,126,DHelmet
_kuik17hjd,47,1609,311,62,130,DHelmet
_kuik17hjd,48,1586,313,65,135,DHelmet
_kuik17hjd,49,1563,315,69,139,DHelmet
_kuik17hjd,50,1540,317,73,143,DHelmet
_kuik17hjd,51,1517,319,77,148,DHelmet
_kuik17hjd,52,1494,321,80,152,DHelmet
_kuik17hjd,53,1467,324,82,158,DHelmet
_kuik17hjd,54,1440,327,83,164,DHelmet
_kuik17hjd,55,1413,330,84,169,DHelmet
_kuik17hjd,56,1386,332,85,176,DHelmet
_kuik17hjd,57,1345,337,90,184,DHelmet
_kuik17hjd,58,1304,341,95,193,DHelmet
_kuik17hjd,59,1263,346,100,200,DHelmet
_kuik17hjd,60,1211,349,105,210,DHelmet
_kuik17hjd,61,1158,353,110,219,DHelmet
_kuik17hjd,62,1091,358,122,233,DHelmet
_kuik17hjd,63,1024,363,134,247,DHelmet
_kuik17hjd,64,942,371,148,263,DHelmet
_kuik17hjd,65,861,380,162,278,DHelmet
_kuik17hjd,66,753,389,187,300,DHelmet
_kuik17hjd,67,646,399,211,321,DHelmet
_kuik17hjd,68,511,413,240,346,DHelmet
_kuik17hjd,69,353,424,277,377,DHelmet
_kuik17hjd,70,159,436,325,418,DHelmet
_kuik17hjd,71,4,454,312,462,DHelmet
_tznq2ttca,61,1841,285,43,87,DHelmetP1Helmet
_tznq2ttca,62,1832,287,44,87,DHelmetP1Helmet
_tznq2ttca,63,1823,288,46,88,DHelmetP1Helmet
_tznq2ttca,64,1814,290,47,89,DHelmetP1Helmet
_tznq2ttca,65,1805,292,48,89,DHelmetP1Helmet
_tznq2ttca,66,1796,293,49,91,DHelmetP1Helmet
_tznq2ttca,67,1787,295,50,91,DHelmetP1Helmet
_tznq2ttca,68,1778,297,51,93,DHelmetP1Helmet
_tznq2ttca,69,1769,299,52,95,DHelmetP1Helmet
_tznq2ttca,70,1760,300,52,98,DHelmetP1Helmet
_tznq2ttca,71,1751,302,53,100,DHelmetP1Helmet
_tznq2ttca,72,1742,304,54,102,DHelmetP1Helmet
_tznq2ttca,73,1729,304,55,105,DHelmetP1Helmet
_tznq2ttca,74,1716,305,56,108,DHelmetP1Helmet
_tznq2ttca,75,1702,305,58,111,DHelmetP1Helmet
_tznq2ttca,76,1689,305,59,114,DHelmetP1Helmet
_tznq2ttca,77,1675,305,61,117,DHelmetP1Helmet
_tznq2ttca,78,1659,308,62,119,DHelmetP1Helmet
_tznq2ttca,79,1642,311,65,121,DHelmetP1Helmet
_tznq2ttca,80,1626,314,66,123,DHelmetP1Helmet
_tznq2ttca,81,1610,317,67,125,DHelmetP1Helmet
_tznq2ttca,82,1591,320,70,128,DHelmetP1Helmet
_tznq2ttca,83,1573,322,71,132,DHelmetP1Helmet
_tznq2ttca,84,1554,325,73,135,DHelmetP1Helmet
_tznq2ttca,85,1536,328,75,138,DHelmetP1Helmet
_tznq2ttca,86,1511,330,78,143,DHelmetP1Helmet
_tznq2ttca,87,1486,333,81,146,DHelmetP1Helmet
_tznq2ttca,88,1460,335,85,151,DHelmetP1Helmet
_tznq2ttca,89,1435,337,88,155,DHelmetP1Helmet
_tznq2ttca,90,1402,340,91,162,DHelmetP1Helmet
_tznq2ttca,91,1368,342,96,170,DHelmetP1Helmet
_tznq2ttca,92,1334,345,100,177,DHelmetP1Helmet
_tznq2ttca,93,1301,347,104,185,DHelmetP1Helmet
_tznq2ttca,94,1257,351,108,193,DHelmetP1Helmet
_tznq2ttca,95,1213,355,112,201,DHelmetP1Helmet
_tznq2ttca,96,1169,359,116,209,DHelmetP1Helmet
_tznq2ttca,97,1125,363,119,218,DHelmetP1Helmet
_tznq2ttca,98,1063,369,127,230,DHelmetP1Helmet
_tznq2ttca,99,1000,375,135,243,DHelmetP1Helmet
_tznq2ttca,100,937,381,143,255,DHelmetP1Helmet
