track_id,frame_id,x,y,w,h,label
_pvko6ydmt,1,1629,250,119,263,DHelmet
_pvko6ydmt,2,1659,243,116,252,DHelmet
_pvko6ydmt,3,1690,237,112,239,DHelmet
_pvko6ydmt,4,1721,230,108,228,DHelmet
_pvko6ydmt,5,1744,226,104,219,DHelmet
_pvko6ydmt,6,1766,223,101,209,DHelmet
_pvko6ydmt,7,1789,219,97,200,DHelmet
_pvko6ydmt,8,1812,215,93,191,DHelmet
_pvko6ydmt,9,1832,211,88,184,DHelmet
_pvko6ydmt,10,1852,206,68,179,DHelmet
_n1vqlq5wn,30,2,557,547,523,DHelmet
_n1vqlq5wn,31,246,491,516,589,DHelmet
_n1vqlq5wn,32,522,444,401,611,DHelmet
_n1vqlq5wn,33,732,410,326,539,DHelmet
_n1vqlq5wn,34,898,380,273,485,DHelmet
_n1vqlq5wn,35,1027,359,245,439,DHelmet
_n1vqlq5wn,36,1143,341,213,400,DHelmet
_n1vqlq5wn,37,1229,326,199,374,DHelmet
_n1vqlq5wn,38,1314,310,185,348,DHelmet
_n1vqlq5wn,39,1381,301,172,325,DHelmet
_n1vqlq5wn,40,1448,291,159,303,DHelmet
_n1vqlq5wn,41,1499,281,149,288,DHelmet
_n1vqlq5wn,42,1550,272,138,272,DHelmet
_n1vqlq5wn,43,1590,265,132,257,DHelmet
_n1vqlq5wn,44,1630,258,126,242,DHelmet
_n1vqlq5wn,45,1664,251,121,233,DHelmet
_n1vqlq5wn,46,1698,244,117,224,DHelmet
_n1vqlq5wn,47,1725,239,112,215,DHelmet
_n1vqlq5wn,48,1752,234,108,206,DHelmet
_n1vqlq5wn,49,1775,229,104,200,DHelmet
_n1vqlq5wn,50,1799,225,100,193,DHelmet
_n1vqlq5wn,51,1819,221,95,186,DHelmet
_n1vqlq5wn,52,1838,215,82,180,DHelmet
_n1vqlq5wn,53,1857,214,63,168,DHelmet
_eveyq6xfz,47,1,566,533,514,DHelmet
_eveyq6xfz,48,213,492,556,588,DHelmet
_eveyq6xfz,49,522,441,426,639,DHelmet
_eveyq6xfz,50,753,403,341,577,DHelmet
_eveyq6xfz,51,931,371,280,516,DHelmet
_eveyq6xfz,52,1074,348,240,462,DHelmet
_eveyq6xfz,53,1187,325,210,424,DHelmet
_eveyq6xfz,54,1288,309,180,393,DHelmet
_eveyq6xfz,55,1366,297,173,361,DHelmet
_eveyq6xfz,56,1434,288,160,336,DHelmet
_eveyq6xfz,57,1502,279,147,311,DHelmet
_eveyq6xfz,58,1551,269,140,296,DHelmet
_eveyq6xfz,59,1601,259,133,281,DHelmet
_eveyq6xfz,60,1640,251,127,266,DHelmet
_eveyq6xfz,61,1680,244,121,251,DHelmet
_eveyq6xfz,62,1713,238,117,239,DHelmet
_eveyq6xfz,63,1745,232,113,228,DHelmet
_eveyq6xfz,64,1773,225,106,220,DHelmet
_eveyq6xfz,65,1800,219,100,211,DHelmet
_eveyq6xfz,66,1824,214,93,203,DHelmet
_eveyq6xfz,67,1841,213,79,190,DHelmet
_eveyq6xfz,68,1862,212,58,182,DHelmet
_1xrkupkpb,55,1821,182,72,114,DHelmetP1Helmet
_1xrkupkpb,56,1804,185,75,117,DHelmetP1Helmet
_1xrkupkpb,57,1787,187,79,121,DHelmetP1Helmet
_1xrkupkpb,58,1770,190,82,124,DHelmetP1Helmet
_1xrkupkpb,59,1753,193,86,127,DHelmetP1Helmet
_1xrkupkpb,60,1732,196,86,131,DHelmetP1Helmet
_1xrkupkpb,61,1712,199,86,135,DHelmetP1Helmet
_1xrkupkpb,62,1691,201,87,140,DHelmetP1Helmet
_1xrkupkpb,63,1670,204,88,143,DHelmetP1Helmet
_1xrkupkpb,64,1637,207,93,149,DHelmetP1Helmet
_1xrkupkpb,65,1605,211,96,154,DHelmetP1Helmet
_1xrkupkpb,66,1572,214,101,160,DHelmetP1Helmet
_1xrkupkpb,67,1540,217,105,166,DHelmetP1Helmet
_1xrkupkpb,68,1498,222,112,174,DHelmetP1Helmet
_1xrkupkpb,69,1457,228,118,181,DHelmetP1Helmet
_1xrkupkpb,70,1415,234,125,187,DHelmetP1Helmet
_1xrkupkpb,71,1374,239,130,195,DHelmetP1Helmet
_1xrkupkpb,72,1321,243,138,208,DHelmetP1Helmet
_1xrkupkpb,73,1268,247,145,220,DHelmetP1Helmet
_1xrkupkpb,74,1206,255,156,230,DHelmetP1Helmet
_1xrkupkpb,75,1145,263,165,241,DHelmetP1Helmet
_1xrkupkpb,76,1066,273,178,256,DHelmetP1Helmet
_1xrkupkpb,77,986,283,192,272,DHelmetP1Helmet
_1xrkupkpb,78,881,296,206,292,DHelmetP1Helmet
_1xrkupkpb,79,776,309,220,312,DHelmetP1Helmet
_1xrkupkpb,80,643,323,242,340,DHelmetP1Helmet
_1xrkupkpb,81,489,340,270,371,DHelmetP1Helmet
_1xrkupkpb,82,298,357,317,413,DHelmetP1Helmet
_1xrkupkpb,83,63,381,374,465,DHelmetP1Helmet
_1xrkupkpb,84,2,412,222,437,DHelmetP1Helmet
_w7ffasnan,47,1793,182,53,105,DHelmetP1Helmet
_w7ffasnan,48,1784,183,56,107,DHelmetP1Helmet
_w7ffasnan,49,1776,183,57,109,DHelmetP1Helmet
_w7ffasnan,50,1767,184,60,111,DHelmetP1Helmet
_w7ffasnan,51,1759,185,62,113,DHelmetP1Helmet
_w7ffasnan,52,1750,185,65,115,DHelmetP1Helmet
_w7ffasnan,53,1741,186,67,117,DHelmetP1Helmet
_w7ffasnan,54,1733,187,69,119,DHelmetP1Helmet
_w7ffasnan,55,1722,188,70,121,DHelmetP1Helmet
_w7ffasnan,56,1712,189,69,124,DHelmetP1Helmet
_w7ffasnan,57,1702,191,69,125,DHelmetP1Helmet
_w7ffasnan,58,1692,192,69,128,DHelmetP1Helmet
_w7ffasnan,59,1682,193,68,130,DHelmetP1Helmet
_w7ffasnan,60,1669,194,69,133,DHelmetP1Helmet
_w7ffasnan,61,1656,195,70,136,DHelmetP1Helmet
_w7ffasnan,62,1642,197,72,139,DHelmetP1Helmet
_w7ffasnan,63,1625,199,74,141,DHelmetP1Helmet
_w7ffasnan,64,1608,202,75,143,DHelmetP1Helmet
_w7ffasnan,65,1592,204,76,146,DHelmetP1Helmet
_w7ffasnan,66,1575,206,78,148,DHelmetP1Helmet
_w7ffasnan,67,1558,208,80,151,DHelmetP1Helmet
_w7ffasnan,68,1541,210,81,154,DHelmetP1Helmet
_w7ffasnan,69,1524,212,83,156,DHelmetP1Helmet
_w7ffasnan,70,1508,214,84,159,DHelmetP1Helmet
_w7ffasnan,71,1491,216,86,161,DHelmetP1Helmet
_w7ffasnan,72,1471,218,88,166,DHelmetP1Helmet
_w7ffasnan,73,1450,220,91,170,DHelmetP1Helmet
_w7ffasnan,74,1430,222,93,175,DHelmetP1Helmet
_w7ffasnan,75,1410,223,95,180,DHelmetP1Helmet
_w7ffasnan,76,1384,226,97,184,DHelmetP1Helmet
_w7ffasnan,77,1358,229,100,189,DHelmetP1Helmet
_w7ffasnan,78,1332,231,102,194,DHelmetP1Helmet
_w7ffasnan,79,1306,234,104,198,DHelmetP1Helmet
_w7ffasnan,80,1275,238,108,204,DHelmetP1Helmet
_w7ffasnan,81,1244,241,111,211,DHelmetP1Helmet
_w7ffasnan,82,1213,245,114,216,DHelmetP1Helmet
_w7ffasnan,83,1176,249,118,223,DHelmetP1Helmet
_w7ffasnan,84,1138,253,122,230,DHelmetP1Helmet
_w7ffasnan,85,1100,258,127,236,DHelmetP1Helmet
_w7ffasnan,86,1055,263,133,246,DHelmetP1Helmet
_w7ffasnan,87,1010,268,139,257,DHelmetP1Helmet
_w7ffasnan,88,965,272,146,268,DHelmetP1Helmet
_w7ffasnan,89,910,279,150,280,DHelmetP1Helmet
_w7ffasnan,90,854,286,156,293,DHelmetP1Helmet
_w7ffasnan,91,787,295,168,304,DHelmetP1Helmet
_w7ffasnan,92,719,304,180,315,DHelmetP1Helmet
_w7ffasnan,93,639,310,198,332,DHelmetP1Helmet
_w7ffasnan,94,551,320,218,348,DHelmetP1Helmet
_w7ffasnan,95,455,327,238,371,DHelmetP1Helmet
_w7ffasnan,96,344,339,268,392,DHelmetP1Helmet
_w7ffasnan,97,218,349,304,422,DHelmetP1Helmet
_w7ffasnan,98,75,363,340,451,DHelmetP1Helmet
_w7ffasnan,99,1,376,297,473,DHelmetP1Helmet
