track_id,frame_id,x,y,w,h,label
_dddrosziw,1,1831,186,58,100,DHelmetP1NoHelmetP2Helmet
_dddrosziw,2,1819,187,61,102,DHelmetP1NoHelmetP2Helmet
_dddrosziw,3,1808,188,62,104,DHelmetP1NoHelmetP2Helmet
_dddrosziw,4,1796,190,65,106,DHelmetP1NoHelmetP2Helmet
_dddrosziw,5,1784,191,68,108,DHelmetP1NoHelmetP2Helmet
_dddrosziw,6,1773,192,69,111,DHelmetP1NoHelmetP2Helmet
_dddrosziw,7,1760,195,71,112,DHelmetP1NoHelmetP2Helmet
_dddrosziw,8,1747,197,72,114,DHelmetP1NoHelmetP2Helmet
_dddrosziw,9,1735,199,72,116,DHelmetP1NoHelmetP2Helmet
_dddrosziw,10,1722,201,74,118,DHelmetP1NoHelmetP2Helmet
_dddrosziw,11,1709,204,75,119,DHelmetP1NoHelmetP2Helmet
_dddrosziw,12,1696,206,76,122,DHelmetP1NoHelmetP2Helmet
_dddrosziw,13,1678,208,78,125,DHelmetP1NoHelmetP2Helmet
_dddrosziw,14,1660,209,80,129,DHelmetP1NoHelmetP2Helmet
_dddrosziw,15,1642,211,82,132,DHelmetP1NoHelmetP2Helmet
_dddrosziw,16,1623,213,84,135,DHelmetP1NoHelmetP2Helmet
_dddrosziw,17,1603,214,87,139,DHelmetP1NoHelmetP2Helmet
_dddrosziw,18,1583,218,90,143,DHelmetP1NoHelmetP2Helmet
_dddrosziw,19,1563,221,92,147,DHelmetP1NoHelmetP2Helmet
_dddrosziw,20,1539,225,95,151,DHelmetP1NoHelmetP2Helmet
_dddrosziw,21,1515,228,98,156,DHelmetP1NoHelmetP2Helmet
_dddrosziw,22,1492,232,100,160,DHelmetP1NoHelmetP2Helmet
_dddrosziw,23,1464,235,104,166,DHelmetP1NoHelmetP2Helmet
_dddrosziw,24,1437,238,107,173,DHelmetP1NoHelmetP2Helmet
_dddrosziw,25,1410,242,110,178,DHelmetP1NoHelmetP2Helmet
_dddrosziw,26,1372,247,113,185,DHelmetP1NoHelmetP2Helmet
_dddrosziw,27,1335,252,115,191,DHelmetP1NoHelmetP2Helmet
_dddrosziw,28,1297,257,118,197,DHelmetP1NoHelmetP2Helmet
_dddrosziw,29,1251,261,126,209,DHelmetP1NoHelmetP2Helmet
_dddrosziw,30,1205,266,133,220,DHelmetP1NoHelmetP2Helmet
_dddrosziw,31,1159,270,141,231,DHelmetP1NoHelmetP2Helmet
_dddrosziw,32,1098,278,148,243,DHelmetP1NoHelmetP2Helmet
_dddrosziw,33,1037,286,156,254,DHelmetP1NoHelmetP2Helmet
_dddrosziw,34,975,293,164,266,DHelmetP1NoHelmetP2Helmet
_dddrosziw,35,896,304,182,285,DHelmetP1NoHelmetP2Helmet
_dddrosziw,36,816,314,202,305,DHelmetP1NoHelmetP2Helmet
_dddrosziw,37,717,330,222,316,DHelmetP1NoHelmetP2Helmet
_dddrosziw,38,602,342,247,340,DHelmetP1NoHelmetP2Helmet
_dddrosziw,39,464,354,285,368,DHelmetP1NoHelmetP2Helmet
_dddrosziw,40,308,367,319,404,DHelmetP1NoHelmetP2Helmet
_dddrosziw,41,116,388,373,442,DHelmetP1NoHelmetP2Helmet
_dddrosziw,42,2,411,321,474,DHelmetP1NoHelmetP2Helmet
_gys710ivz,61,1860,176,54,93,DHelmetP1Helmet
_gys710ivz,62,1851,178,56,94,DHelmetP1Helmet
_gys710ivz,63,1842,180,57,95,DHelmetP1Helmet
_gys710ivz,64,1834,182,57,96,DHelmetP1Helmet
_gys710ivz,65,1825,184,58,97,DHelmetP1Helmet
_gys710ivz,66,1816,186,60,98,DHelmetP1Helmet
_gys710ivz,67,1807,188,61,98,DHelmetP1Helmet
_gys710ivz,68,1798,190,62,99,DHelmetP1Helmet
_gys710ivz,69,1786,192,63,101,DHelmetP1Helmet
_gys710ivz,70,1774,194,64,103,DHelmetP1Helmet
_gys710ivz,71,1762,196,66,104,DHelmetP1Helmet
_gys710ivz,72,1750,198,67,106,DHelmetP1Helmet
_gys710ivz,73,1738,199,68,109,DHelmetP1Helmet
_gys710ivz,74,1726,201,69,110,DHelmetP1Helmet
_gys710ivz,75,1710,203,71,114,DHelmetP1Helmet
_gys710ivz,76,1695,205,73,117,DHelmetP1Helmet
_gys710ivz,77,1679,207,75,121,DHelmetP1Helmet
_gys710ivz,78,1663,209,77,124,DHelmetP1Helmet
_gys710ivz,79,1648,210,79,129,DHelmetP1Helmet
_gys710ivz,80,1630,213,81,132,DHelmetP1Helmet
_gys710ivz,81,1612,215,83,135,DHelmetP1Helmet
_gys710ivz,82,1595,217,84,139,DHelmetP1Helmet
_gys710ivz,83,1573,220,85,142,DHelmetP1Helmet
_gys710ivz,84,1551,223,87,146,DHelmetP1Helmet
_gys710ivz,85,1529,226,89,149,DHelmetP1Helmet
_gys710ivz,86,1505,230,85,151,DHelmetP1Helmet
_gys710ivz,87,1480,234,83,153,DHelmetP1Helmet
_gys710ivz,88,1457,238,80,142,DHelmetP1Helmet
_gys710ivz,89,1431,238,78,120,DHelmetP1Helmet
_gys710ivz,90,1400,242,79,104,DHelmetP1Helmet
_gys710ivz,91,1370,247,81,64,DHelmetP1Helmet
_gys710ivz,92,1359,252,55,46,DHelmetP1Helmet
_gys710ivz,93,1315,256,75,57,DHelmetP1Helmet
_gys710ivz,94,1271,261,95,68,DHelmetP1Helmet
_gys710ivz,95,1218,266,128,105,DHelmetP1Helmet
_gys710ivz,96,1176,271,134,162,DHelmetP1Helmet
_gys710ivz,97,1124,278,140,205,DHelmetP1Helmet
_gys710ivz,98,1070,285,150,232,DHelmetP1Helmet
_gys710ivz,99,1010,289,157,250,DHelmetP1Helmet
_gys710ivz,100,942,298,164,267,DHelmetP1Helmet
_w7mf0cnzr,16,1863,175,53,93,DHelmetP1Helmet
_w7mf0cnzr,17,1854,177,55,94,DHelmetP1Helmet
_w7mf0cnzr,18,1845,178,56,96,DHelmetP1Helmet
_w7mf0cnzr,19,1837,180,57,97,DHelmetP1Helmet
_w7mf0cnzr,20,1828,182,58,98,DHelmetP1Helmet
_w7mf0cnzr,21,1818,183,60,101,DHelmetP1Helmet
_w7mf0cnzr,22,1807,185,63,104,DHelmetP1Helmet
_w7mf0cnzr,23,1797,187,65,106,DHelmetP1Helmet
_w7mf0cnzr,24,1787,188,66,109,DHelmetP1Helmet
_w7mf0cnzr,25,1777,190,68,111,DHelmetP1Helmet
_w7mf0cnzr,26,1764,191,69,113,DHelmetP1Helmet
_w7mf0cnzr,27,1751,193,70,114,DHelmetP1Helmet
_w7mf0cnzr,28,1739,194,70,117,DHelmetP1Helmet
_w7mf0cnzr,29,1726,195,71,119,DHelmetP1Helmet
_w7mf0cnzr,30,1711,198,72,121,DHelmetP1Helmet
_w7mf0cnzr,31,1695,200,74,124,DHelmetP1Helmet
_w7mf0cnzr,32,1679,202,76,126,DHelmetP1Helmet
_w7mf0cnzr,33,1664,204,77,129,DHelmetP1Helmet
_w7mf0cnzr,34,1648,207,78,131,DHelmetP1Helmet
_w7mf0cnzr,35,1630,209,80,136,DHelmetP1Helmet
_w7mf0cnzr,36,1611,212,83,140,DHelmetP1Helmet
_w7mf0cnzr,37,1592,215,86,144,DHelmetP1Helmet
_w7mf0cnzr,38,1571,217,89,149,DHelmetP1Helmet
_w7mf0cnzr,39,1550,220,92,153,DHelmetP1Helmet
_w7mf0cnzr,40,1524,223,95,157,DHelmetP1Helmet
_w7mf0cnzr,41,1498,226,97,162,DHelmetP1Helmet
_w7mf0cnzr,42,1467,230,101,166,DHelmetP1Helmet
_w7mf0cnzr,43,1437,234,104,171,DHelmetP1Helmet
_w7mf0cnzr,44,1402,236,108,179,DHelmetP1Helmet
_w7mf0cnzr,45,1368,237,112,189,DHelmetP1Helmet
_w7mf0cnzr,46,1328,244,115,193,DHelmetP1Helmet
_w7mf0cnzr,47,1289,250,118,199,DHelmetP1Helmet
_w7mf0cnzr,48,1245,255,122,207,DHelmetP1Helmet
_w7mf0cnzr,49,1202,260,125,215,DHelmetP1Helmet
_w7mf0cnzr,50,1150,264,132,226,DHelmetP1Helmet
_w7mf0cnzr,51,1099,267,139,238,DHelmetP1Helmet
_w7mf0cnzr,52,1037,277,149,248,DHelmetP1Helmet
_w7mf0cnzr,53,975,286,160,258,DHelmetP1Helmet
_w7mf0cnzr,54,900,294,170,275,DHelmetP1Helmet
_w7mf0cnzr,55,825,301,181,293,DHelmetP1Helmet
_w7mf0cnzr,56,725,315,205,307,DHelmetP1Helmet
_w7mf0cnzr,57,625,329,229,322,DHelmetP1Helmet
_w7mf0cnzr,58,503,342,255,347,DHelmetP1Helmet
_w7mf0cnzr,59,364,352,284,377,DHelmetP1Helmet
_w7mf0cnzr,60,198,365,323,413,DHelmetP1Helmet
_w7mf0cnzr,61,4,387,367,449,DHelmetP1Helmet
_w7mf0cnzr,62,4,409,197,421,DHelmetP1Helmet
_0rhbsj41h,36,1860,185,56,89,DHelmetP1Helmet
_0rhbsj41h,37,1849,186,57,91,DHelmetP1Helmet
_0rhbsj41h,38,1839,188,58,93,DHelmetP1Helmet
_0rhbsj41h,39,1828,190,60,95,DHelmetP1Helmet
_0rhbsj41h,40,1817,191,61,98,DHelmetP1Helmet
_0rhbsj41h,41,1807,193,62,100,DHelmetP1Helmet
_0rhbsj41h,42,1793,195,64,102,DHelmetP1Helmet
_0rhbsj41h,43,1779,196,67,106,DHelmetP1Helmet
_0rhbsj41h,44,1766,197,68,109,DHelmetP1Helmet
_0rhbsj41h,45,1752,199,70,111,DHelmetP1Helmet
_0rhbsj41h,46,1738,200,72,115,DHelmetP1Helmet
_0rhbsj41h,47,1725,201,73,118,DHelmetP1Helmet
_0rhbsj41h,48,1706,204,76,121,DHelmetP1Helmet
_0rhbsj41h,49,1688,208,78,123,DHelmetP1Helmet
_0rhbsj41h,50,1670,211,80,126,DHelmetP1Helmet
_0rhbsj41h,51,1651,214,83,128,DHelmetP1Helmet
_0rhbsj41h,52,1633,217,85,131,DHelmetP1Helmet
_0rhbsj41h,53,1614,220,88,134,DHelmetP1Helmet
_0rhbsj41h,54,1590,223,91,138,DHelmetP1Helmet
_0rhbsj41h,55,1565,226,94,142,DHelmetP1Helmet
_0rhbsj41h,56,1540,229,98,146,DHelmetP1Helmet
_0rhbsj41h,57,1511,234,100,150,DHelmetP1Helmet
_0rhbsj41h,58,1483,238,100,154,DHelmetP1Helmet
_0rhbsj41h,59,1455,243,100,158,DHelmetP1Helmet
_0rhbsj41h,60,1420,246,108,167,DHelmetP1Helmet
_0rhbsj41h,61,1385,250,115,174,DHelmetP1Helmet
_0rhbsj41h,62,1345,256,121,180,DHelmetP1Helmet
_0rhbsj41h,63,1306,262,126,186,DHelmetP1Helmet
_0rhbsj41h,64,1261,267,130,193,DHelmetP1Helmet
_0rhbsj41h,65,1216,271,135,201,DHelmetP1Helmet
_0rhbsj41h,66,1163,277,142,213,DHelmetP1Helmet
_0rhbsj41h,67,1110,283,148,225,DHelmetP1Helmet
_0rhbsj41h,68,1043,293,161,237,DHelmetP1Helmet
_0rhbsj41h,69,976,303,175,249,DHelmetP1Helmet
_0rhbsj41h,70,897,312,185,268,DHelmetP1Helmet
_0rhbsj41h,71,818,321,195,287,DHelmetP1Helmet
_0rhbsj41h,72,715,340,221,299,DHelmetP1Helmet
_0rhbsj41h,73,599,356,244,318,DHelmetP1Helmet
_0rhbsj41h,74,463,370,274,345,DHelmetP1Helmet
_0rhbsj41h,75,299,383,318,381,DHelmetP1Helmet
_0rhbsj41h,76,104,404,369,422,DHelmetP1Helmet
_0rhbsj41h,77,4,431,294,385,DHelmetP1Helmet
