track_id,frame_id,x,y,w,h,label
_gqqukuxor,1,1414,306,88,182,DHelmet
_gqqukuxor,2,1383,310,91,187,DHelmet
_gqqukuxor,3,1351,314,96,191,DHelmet
_gqqukuxor,4,1319,317,100,197,DHelmet
_gqqukuxor,5,1279,320,105,206,DHelmet
_gqqukuxor,6,1239,324,109,214,DHelmet
_gqqukuxor,7,1199,327,114,222,DHelmet
_gqqukuxor,8,1153,331,120,234,DHelmet
_gqqukuxor,9,1101,339,124,151,DHelmet
_gqqukuxor,10,1043,344,135,249,DHelmet
_gqqukuxor,11,980,349,146,265,DHelmet
_gqqukuxor,12,908,355,158,283,DHelmet
_gqqukuxor,13,827,364,177,293,DHelmet
_gqqukuxor,14,740,373,188,311,DHelmet
_gqqukuxor,15,643,380,197,334,DHelmet
_gqqukuxor,16,526,391,232,354,DHelmet
_gqqukuxor,17,392,401,264,379,DHelmet
_gqqukuxor,18,234,414,305,412,DHelmet
_gqqukuxor,19,52,429,347,445,DHelmet
_gqqukuxor,20,2,441,244,420,DHelmet
_qpzj9t88q,1,1666,290,66,119,DHelmetP1Helmet
_qpzj9t88q,2,1652,292,67,121,DHelmetP1Helmet
_qpzj9t88q,3,1638,293,68,125,DHelmetP1Helmet
_qpzj9t88q,4,1624,295,69,127,DHelmetP1Helmet
_qpzj9t88q,5,1608,296,71,130,DHelmetP1Helmet
_qpzj9t88q,6,1591,297,73,134,DHelmetP1Helmet
_qpzj9t88q,7,1575,298,75,137,DHelmetP1Helmet
_qpzj9t88q,8,1558,301,76,138,DHelmetP1Helmet
_qpzj9t88q,9,1536,303,78,143,DHelmetP1Helmet
_qpzj9t88q,10,1513,306,82,147,DHelmetP1Helmet
_qpzj9t88q,11,1491,308,84,152,DHelmetP1Helmet
_qpzj9t88q,12,1480,311,73,150,DHelmetP1Helmet
_qpzj9t88q,13,1442,314,77,158,DHelmetP1Helmet
_qpzj9t88q,14,1416,315,93,164,DHelmetP1Helmet
_qpzj9t88q,15,1387,318,96,170,DHelmetP1Helmet
_qpzj9t88q,16,1358,322,99,175,DHelmetP1Helmet
_qpzj9t88q,17,1328,326,104,180,DHelmetP1Helmet
_qpzj9t88q,18,1293,329,109,164,DHelmetP1Helmet
_qpzj9t88q,19,1256,330,102,196,DHelmetP1Helmet
_qpzj9t88q,20,1217,334,118,199,DHelmetP1Helmet
_qpzj9t88q,21,1173,336,123,211,DHelmetP1Helmet
_qpzj9t88q,22,1129,338,128,222,DHelmetP1Helmet
_qpzj9t88q,23,1075,345,136,230,DHelmetP1Helmet
_qpzj9t88q,24,1021,352,144,238,DHelmetP1Helmet
_qpzj9t88q,25,956,359,156,252,DHelmetP1Helmet
_qpzj9t88q,26,891,365,169,266,DHelmetP1Helmet
_qpzj9t88q,27,813,374,181,280,DHelmetP1Helmet
_qpzj9t88q,28,735,382,194,296,DHelmetP1Helmet
_qpzj9t88q,29,645,395,213,310,DHelmetP1Helmet
_qpzj9t88q,30,536,403,239,328,DHelmetP1Helmet
_qpzj9t88q,31,417,411,263,356,DHelmetP1Helmet
_qpzj9t88q,32,276,420,296,382,DHelmetP1Helmet
_qpzj9t88q,33,111,439,336,414,DHelmetP1Helmet
_qpzj9t88q,34,2,452,302,445,DHelmetP1Helmet
_3j60joaqk,5,157,527,542,553,DNoHelmetP1NoHelmet
_3j60joaqk,6,503,473,415,607,DNoHelmetP1NoHelmet
_3j60joaqk,7,747,433,335,531,DNoHelmetP1NoHelmet
_3j60joaqk,8,936,401,277,476,DNoHelmetP1NoHelmet
_3j60joaqk,9,1081,383,246,422,DNoHelmetP1NoHelmet
_3j60joaqk,10,1192,369,227,376,DNoHelmetP1NoHelmet
_3j60joaqk,11,1287,352,210,352,DNoHelmetP1NoHelmet
_3j60joaqk,12,1372,351,188,318,DNoHelmetP1NoHelmet
_3j60joaqk,13,1438,342,173,295,DNoHelmetP1NoHelmet
_3j60joaqk,14,1503,334,159,272,DNoHelmetP1NoHelmet
_3j60joaqk,15,1547,325,151,257,DNoHelmetP1NoHelmet
_3j60joaqk,16,1591,317,143,240,DNoHelmetP1NoHelmet
_3j60joaqk,17,1632,311,132,227,DNoHelmetP1NoHelmet
_3j60joaqk,18,1672,304,122,214,DNoHelmetP1NoHelmet
_3j60joaqk,19,1703,301,119,203,DNoHelmetP1NoHelmet
_3j60joaqk,20,1734,298,115,192,DNoHelmetP1NoHelmet
_3j60joaqk,21,1758,294,110,184,DNoHelmetP1NoHelmet
_3j60joaqk,22,1783,290,104,176,DNoHelmetP1NoHelmet
_3j60joaqk,23,1804,287,100,168,DNoHelmetP1NoHelmet
_3j60joaqk,24,1826,285,94,160,DNoHelmetP1NoHelmet
_dlxytngs2,13,2,583,611,497,DNoHelmetP1NoHelmet
_dlxytngs2,14,341,508,541,572,DNoHelmetP1NoHelmet
_dlxytngs2,15,664,460,403,609,DNoHelmetP1NoHelmet
_dlxytngs2,16,894,424,320,530,DNoHelmetP1NoHelmet
_dlxytngs2,17,1068,398,265,464,DNoHelmetP1NoHelmet
_dlxytngs2,18,1200,380,235,418,DNoHelmetP1NoHelmet
_dlxytngs2,19,1309,364,208,377,DNoHelmetP1NoHelmet
_dlxytngs2,20,1394,352,192,344,DNoHelmetP1NoHelmet
_dlxytngs2,21,1464,344,174,318,DNoHelmetP1NoHelmet
_dlxytngs2,22,1533,337,158,292,DNoHelmetP1NoHelmet
_dlxytngs2,23,1584,329,146,273,DNoHelmetP1NoHelmet
_dlxytngs2,24,1634,321,136,253,DNoHelmetP1NoHelmet
_dlxytngs2,25,1675,315,126,238,DNoHelmetP1NoHelmet
_dlxytngs2,26,1716,308,117,225,DNoHelmetP1NoHelmet
_dlxytngs2,27,1745,303,112,214,DNoHelmetP1NoHelmet
_dlxytngs2,28,1775,298,106,203,DNoHelmetP1NoHelmet
_dlxytngs2,29,1802,291,102,193,DNoHelmetP1NoHelmet
_dlxytngs2,30,1829,285,91,188,DNoHelmetP1NoHelmet
_dlxytngs2,31,1852,286,68,178,DNoHelmetP1NoHelmet
_rv4eq0e2m,76,1843,261,47,90,DHelmet
_rv4eq0e2m,77,1837,263,47,91,DHelmet
_rv4eq0e2m,78,1830,264,48,92,DHelmet
_rv4eq0e2m,79,1824,265,49,94,DHelmet
_rv4eq0e2m,80,1817,267,50,94,DHelmet
_rv4eq0e2m,81,1811,268,50,95,DHelmet
_rv4eq0e2m,82,1804,270,51,97,DHelmet
_rv4eq0e2m,83,1796,272,52,99,DHelmet
_rv4eq0e2m,84,1789,274,53,101,DHelmet
_rv4eq0e2m,85,1782,277,53,102,DHelmet
_rv4eq0e2m,86,1775,279,54,103,DHelmet
_rv4eq0e2m,87,1763,279,55,106,DHelmet
_rv4eq0e2m,88,1751,280,56,108,DHelmet
_rv4eq0e2m,89,1738,281,57,110,DHelmet
_rv4eq0e2m,90,1726,282,58,112,DHelmet
_rv4eq0e2m,91,1714,282,59,115,DHelmet
_rv4eq0e2m,92,1696,284,61,117,DHelmet
_rv4eq0e2m,93,1679,285,62,119,DHelmet
_rv4eq0e2m,94,1661,287,63,121,DHelmet
_rv4eq0e2m,95,1643,289,65,123,DHelmet
_rv4eq0e2m,96,1628,291,66,127,DHelmet
_rv4eq0e2m,97,1613,293,67,131,DHelmet
_rv4eq0e2m,98,1598,295,69,134,DHelmet
_rv4eq0e2m,99,1583,297,70,138,DHelmet
_rv4eq0e2m,100,1569,299,70,142,DHelmet
