track_id,frame_id,x,y,w,h,label
_91hhwgpkj,1,1654,332,113,219,DHelmet
_91hhwgpkj,2,1688,326,108,210,DHelmet
_91hhwgpkj,3,1722,320,102,201,DHelmet
_91hhwgpkj,4,1750,316,97,192,DHelmet
_91hhwgpkj,5,1779,312,91,183,DHelmet
_91hhwgpkj,6,1802,310,87,173,DHelmet
_91hhwgpkj,7,1826,307,81,165,DHelmet
_91hhwgpkj,8,1844,306,76,156,DHelmet
_91hhwgpkj,9,1866,303,54,150,DHelmet
_6imx44p5f,9,1820,282,46,89,DHelmet
_6imx44p5f,10,1811,284,46,90,DHelmet
_6imx44p5f,11,1803,286,44,91,DHelmet
_6imx44p5f,12,1794,287,46,92,DHelmet
_6imx44p5f,13,1786,288,47,93,DHelmet
_6imx44p5f,14,1778,288,47,95,DHelmet
_6imx44p5f,15,1770,289,48,96,DHelmet
_6imx44p5f,16,1762,290,48,98,DHelmet
_6imx44p5f,17,1754,292,49,98,DHelmet
_6imx44p5f,18,1746,293,49,100,DHelmet
_6imx44p5f,19,1738,294,50,101,DHelmet
_6imx44p5f,20,1729,296,51,101,DHelmet
_6imx44p5f,21,1720,297,53,103,DHelmet
_6imx44p5f,22,1711,298,55,104,DHelmet
_6imx44p5f,23,1702,299,57,105,DHelmet
_6imx44p5f,24,1693,300,57,106,DHelmet
_6imx44p5f,25,1683,302,59,107,DHelmet
_6imx44p5f,26,1673,303,61,108,DHelmet
_6imx44p5f,27,1662,304,62,110,DHelmet
_6imx44p5f,28,1652,305,62,113,DHelmet
_6imx44p5f,29,1641,306,63,116,DHelmet
_6imx44p5f,30,1631,307,62,118,DHelmet
_6imx44p5f,31,1618,309,63,120,DHelmet
_6imx44p5f,32,1605,310,64,124,DHelmet
_6imx44p5f,33,1592,312,65,126,DHelmet
_6imx44p5f,34,1579,314,65,128,DHelmet
_6imx44p5f,35,1566,315,66,131,DHelmet
_6imx44p5f,36,1548,317,68,134,DHelmet
_6imx44p5f,37,1530,319,69,137,DHelmet
_6imx44p5f,38,1512,321,71,140,DHelmet
_6imx44p5f,39,1494,323,72,143,DHelmet
_6imx44p5f,40,1476,324,74,147,DHelmet
_6imx44p5f,41,1454,327,75,150,DHelmet
_6imx44p5f,42,1431,329,77,153,DHelmet
_6imx44p5f,43,1409,331,78,156,DHelmet
_6imx44p5f,44,1386,334,80,159,DHelmet
_6imx44p5f,45,1359,337,82,164,DHelmet
_6imx44p5f,46,1331,340,85,169,DHelmet
_6imx44p5f,47,1304,343,87,174,DHelmet
_6imx44p5f,48,1276,346,90,179,DHelmet
_6imx44p5f,49,1240,347,100,186,DHelmet
_6imx44p5f,50,1207,352,98,175,DHelmet
_6imx44p5f,51,1212,356,38,39,DHelmet
_6imx44p5f,52,1179,359,37,39,DHelmet
_6imx44p5f,53,1093,362,112,210,DHelmet
_6imx44p5f,54,1043,367,121,218,DHelmet
_6imx44p5f,55,993,371,130,227,DHelmet
_6imx44p5f,56,941,377,135,238,DHelmet
_6imx44p5f,57,889,382,140,249,DHelmet
_6imx44p5f,58,824,389,149,262,DHelmet
_6imx44p5f,59,758,396,158,274,DHelmet
_6imx44p5f,60,675,406,175,286,DHelmet
_6imx44p5f,61,592,415,192,298,DHelmet
_6imx44p5f,62,490,423,213,319,DHelmet
_6imx44p5f,63,388,431,234,340,DHelmet
_6imx44p5f,64,260,440,269,363,DHelmet
_6imx44p5f,65,119,450,303,390,DHelmet
_6imx44p5f,66,2,464,302,418,DHelmet
_pneba8946,24,1867,270,46,96,DNoHelmet
_pneba8946,25,1858,272,47,97,DNoHelmet
_pneba8946,26,1850,273,48,100,DNoHelmet
_pneba8946,27,1841,274,49,102,DNoHelmet
_pneba8946,28,1833,276,49,103,DNoHelmet
_pneba8946,29,1825,277,50,106,DNoHelmet
_pneba8946,30,1814,278,52,108,DNoHelmet
_pneba8946,31,1804,280,53,109,DNoHelmet
_pneba8946,32,1794,281,55,110,DNoHelmet
_pneba8946,33,1784,283,56,111,DNoHelmet
_pneba8946,34,1772,284,57,114,DNoHelmet
_pneba8946,35,1761,285,57,117,DNoHelmet
_pneba8946,36,1749,286,58,119,DNoHelmet
_pneba8946,37,1736,287,59,123,DNoHelmet
_pneba8946,38,1723,288,60,127,DNoHelmet
_pneba8946,39,1710,290,61,131,DNoHelmet
_pneba8946,40,1693,291,64,134,DNoHelmet
_pneba8946,41,1677,293,65,137,DNoHelmet
_pneba8946,42,1660,295,68,140,DNoHelmet
_pneba8946,43,1644,297,70,143,DNoHelmet
_pneba8946,44,1627,299,70,147,DNoHelmet
_pneba8946,45,1610,301,71,151,DNoHelmet
_pneba8946,46,1593,303,71,155,DNoHelmet
_pneba8946,47,1575,305,72,159,DNoHelmet
_pneba8946,48,1551,307,75,164,DNoHelmet
_pneba8946,49,1527,309,77,168,DNoHelmet
_pneba8946,50,1502,311,80,173,DNoHelmet
_pneba8946,51,1478,313,82,178,DNoHelmet
_pneba8946,52,1464,314,72,107,DNoHelmet
_pneba8946,53,1446,320,56,52,DNoHelmet
_pneba8946,54,1417,323,48,42,DNoHelmet
_pneba8946,55,1352,323,95,215,DNoHelmet
_pneba8946,56,1313,326,101,223,DNoHelmet
_pneba8946,57,1270,329,107,235,DNoHelmet
_pneba8946,58,1227,332,113,246,DNoHelmet
_pneba8946,59,1175,337,121,261,DNoHelmet
_pneba8946,60,1123,343,129,274,DNoHelmet
_pneba8946,61,1060,349,141,292,DNoHelmet
_pneba8946,62,989,356,153,309,DNoHelmet
_pneba8946,63,910,364,169,326,DNoHelmet
_pneba8946,64,817,372,188,351,DNoHelmet
_pneba8946,65,710,377,215,385,DNoHelmet
_pneba8946,66,578,385,242,420,DNoHelmet
_pneba8946,67,418,396,288,462,DNoHelmet
_pneba8946,68,213,412,350,515,DNoHelmet
_pneba8946,69,5,431,389,585,DNoHelmet
_0jiemz6kc,69,1847,281,46,86,DHelmetP1Helmet
_0jiemz6kc,70,1837,283,45,88,DHelmetP1Helmet
_0jiemz6kc,71,1827,285,45,90,DHelmetP1Helmet
_0jiemz6kc,72,1817,287,45,92,DHelmetP1Helmet
_0jiemz6kc,73,1807,289,44,94,DHelmetP1Helmet
_0jiemz6kc,74,1793,291,47,96,DHelmetP1Helmet
_0jiemz6kc,75,1779,292,49,99,DHelmetP1Helmet
_0jiemz6kc,76,1765,293,52,102,DHelmetP1Helmet
_0jiemz6kc,77,1751,294,54,105,DHelmetP1Helmet
_0jiemz6kc,78,1736,296,54,107,DHelmetP1Helmet
_0jiemz6kc,79,1721,297,54,110,DHelmetP1Helmet
_0jiemz6kc,80,1706,299,54,112,DHelmetP1Helmet
_0jiemz6kc,81,1691,301,54,114,DHelmetP1Helmet
_0jiemz6kc,82,1671,304,57,117,DHelmetP1Helmet
_0jiemz6kc,83,1652,307,59,120,DHelmetP1Helmet
_0jiemz6kc,84,1633,310,61,122,DHelmetP1Helmet
_0jiemz6kc,85,1610,313,63,126,DHelmetP1Helmet
_0jiemz6kc,86,1586,315,66,131,DHelmetP1Helmet
_0jiemz6kc,87,1563,317,68,136,DHelmetP1Helmet
_0jiemz6kc,88,1532,321,71,140,DHelmetP1Helmet
_0jiemz6kc,89,1501,325,75,144,DHelmetP1Helmet
_0jiemz6kc,90,1470,328,78,149,DHelmetP1Helmet
_0jiemz6kc,91,1439,332,81,154,DHelmetP1Helmet
_0jiemz6kc,92,1405,335,82,163,DHelmetP1Helmet
_0jiemz6kc,93,1366,337,83,173,DHelmetP1Helmet
_0jiemz6kc,94,1323,340,84,182,DHelmetP1Helmet
_0jiemz6kc,95,1273,345,93,192,DHelmetP1Helmet
_0jiemz6kc,96,1218,349,101,204,DHelmetP1Helmet
_0jiemz6kc,97,1158,353,109,215,DHelmetP1Helmet
_0jiemz6kc,98,1091,357,122,229,DHelmetP1Helmet
_0jiemz6kc,99,1011,367,134,243,DHelmetP1Helmet
_0jiemz6kc,100,926,377,146,257,DHelmetP1Helmet
_vgz6ielrf,83,1873,276,39,82,DNoHelmet
_vgz6ielrf,84,1864,277,40,84,DNoHelmet
_vgz6ielrf,85,1854,279,42,86,DNoHelmet
_vgz6ielrf,86,1844,280,44,88,DNoHelmet
_vgz6ielrf,87,1834,282,46,89,DNoHelmet
_vgz6ielrf,88,1824,284,48,91,DNoHelmet
_vgz6ielrf,89,1812,286,49,92,DNoHelmet
_vgz6ielrf,90,1801,288,49,94,DNoHelmet
_vgz6ielrf,91,1789,290,51,95,DNoHelmet
_vgz6ielrf,92,1777,292,52,96,DNoHelmet
_vgz6ielrf,93,1766,294,52,98,DNoHelmet
_vgz6ielrf,94,1752,295,53,102,DNoHelmet
_vgz6ielrf,95,1738,297,54,105,DNoHelmet
_vgz6ielrf,96,1724,298,55,108,DNoHelmet
_vgz6ielrf,97,1708,301,56,111,DNoHelmet
_vgz6ielrf,98,1692,303,57,115,DNoHelmet
_vgz6ielrf,99,1674,305,57,118,DNoHelmet
_vgz6ielrf,100,1655,308,59,121,DNoHelmet
