track_id,frame_id,x,y,w,h,label
_odwok08c5,1,847,299,164,285,DHelmetP1Helmet
_odwok08c5,2,756,314,179,297,DHelmetP1Helmet
_odwok08c5,3,665,328,195,310,DHelmetP1Helmet
_odwok08c5,4,550,340,218,331,DHelmetP1Helmet
_odwok08c5,5,435,351,242,353,DHelmetP1Helmet
_odwok08c5,6,287,367,271,383,DHelmetP1Helmet
_odwok08c5,7,139,382,300,415,DHelmetP1Helmet
_odwok08c5,8,4,406,297,449,DHelmetP1Helmet
_4f2cye2pf,1,1177,259,157,253,DHelmetP1Helmet
_4f2cye2pf,2,1120,265,166,268,DHelmetP1Helmet
_4f2cye2pf,3,1063,272,174,282,DHelmetP1Helmet
_4f2cye2pf,4,992,283,186,298,DHelmetP1Helmet
_4f2cye2pf,5,921,294,198,313,DHelmetP1Helmet
_4f2cye2pf,6,828,303,212,336,DHelmetP1Helmet
_4f2cye2pf,7,734,313,228,358,DHelmetP1Helmet
_4f2cye2pf,8,604,324,258,393,DHelmetP1Helmet
_4f2cye2pf,9,474,335,288,428,DHelmetP1Helmet
_4f2cye2pf,10,307,352,337,469,DHelmetP1Helmet
_4f2cye2pf,11,101,376,387,521,DHelmetP1Helmet
_4f2cye2pf,12,3,402,313,493,DHelmetP1Helmet
_tkvisrwgt,1,1651,207,86,147,DHelmetP1NoHelmet
_tkvisrwgt,2,1627,209,89,153,DHelmetP1NoHelmet
_tkvisrwgt,3,1602,211,93,160,DHelmetP1NoHelmet
_tkvisrwgt,4,1571,213,93,167,DHelmetP1NoHelmet
_tkvisrwgt,5,1539,219,98,173,DHelmetP1NoHelmet
_tkvisrwgt,6,1506,225,104,180,DHelmetP1NoHelmet
_tkvisrwgt,7,1473,231,106,187,DHelmetP1NoHelmet
_tkvisrwgt,8,1433,236,111,197,DHelmetP1NoHelmet
_tkvisrwgt,9,1392,241,117,208,DHelmetP1NoHelmet
_tkvisrwgt,10,1345,247,122,219,DHelmetP1NoHelmet
_tkvisrwgt,11,1298,253,127,230,DHelmetP1NoHelmet
_tkvisrwgt,12,1241,263,138,244,DHelmetP1NoHelmet
_tkvisrwgt,13,1185,273,147,258,DHelmetP1NoHelmet
_tkvisrwgt,14,1116,283,156,274,DHelmetP1NoHelmet
_tkvisrwgt,15,1039,292,165,296,DHelmetP1NoHelmet
_tkvisrwgt,16,948,304,175,318,DHelmetP1NoHelmet
_tkvisrwgt,17,839,318,200,346,DHelmetP1NoHelmet
_tkvisrwgt,18,708,332,226,375,DHelmetP1NoHelmet
_tkvisrwgt,19,550,346,269,424,DHelmetP1NoHelmet
_tkvisrwgt,20,352,367,312,475,DHelmetP1NoHelmet
_tkvisrwgt,21,101,401,383,544,DHelmetP1NoHelmet
_tkvisrwgt,22,1,443,268,519,DHelmetP1NoHelmet
